gsis_id,season,games_played,att_mean,att_std,epa_mean,epa_std,epa_per_att_mean,epa_per_att_std,ypa_mean,ypa_std,cmp_pct_mean,td_rate_mean,int_rate_mean,epa_min,epa_max,att_cv,epa_cv,epa_per_att_cv,games_positive_epa,pct_games_positive_epa
00-0019596,2018,19,36.578947368421055,6.167259336147478,6.126838158947368,8.941569691786468,0.1450973952903066,0.2747837753233116,7.593768104938327,1.2368207095995576,0.6577597703715684,0.045660858242690054,0.021520449738413126,-12.241975,19.845913,0.1686013343694994,1.4594101328967841,1.8937884775500782,15.0,0.7894736842105263
00-0019596,2019,17,38.23529411764706,6.210167185397526,1.6694505229411765,10.388688161289778,0.05090703108939102,0.2921481728723455,6.626170269180511,1.7750437186771815,0.6045289390835116,0.038835005226277676,0.013433312069421683,-19.551674,17.000393,0.1624197571565507,6.222818836815463,5.738857022703666,10.0,0.5882352941176471
00-0019596,2020,20,37.4,6.80866321217624,8.727546535,13.0433591244592,0.24477563917331593,0.35500587077708773,7.670081926615363,1.8503948785069286,0.647054539254937,0.06876907233136773,0.019149210734506823,-23.323347,28.041578,0.1820498185073861,1.4945046780503017,1.4503317077469549,17.0,0.85
00-0019596,2021,19,42.63157894736842,7.387756585623341,7.367671891578947,11.226881188578279,0.1773468782416804,0.2531641691936552,7.326679006324983,1.2936715781447787,0.6730671206663189,0.05886117161609711,0.015933875965845275,-16.39122,28.323593,0.17329305571215248,1.5238030891970509,1.4275084608405362,15.0,0.7894736842105263
00-0019596,2022,18,44.388888888888886,11.961403069819728,3.2345268355555556,7.241790521841912,0.0933492693789491,0.17571308872533412,6.4155139527300635,1.400782656074262,0.6646582032759558,0.03598080182094234,0.012704148767367158,-9.466742,17.324783,0.2694684045766647,2.23890259380027,1.8823188429256053,12.0,0.6666666666666666
00-0020531,2018,17,33.35294117647059,7.390375298915714,10.0408803,11.328707292087635,0.3023178142555393,0.36673139233327795,7.986532078214511,2.2824181956334195,0.7374160969556768,0.06712557635795165,0.013928963211743424,-9.376036,28.463793,0.22158091725144116,1.1282583751235074,1.2130657706571404,15.0,0.8823529411764706
00-0020531,2019,12,34.25,10.66110176806745,6.626986266666667,12.74158117851112,0.155803434788769,0.405800474123097,7.74296898333771,1.262228553611982,0.7365525587450312,0.06498612481629618,0.02520464032091939,-17.636839,21.453377,0.31127304432313724,1.9226810899851248,2.604566931873243,8.0,0.6666666666666666
00-0020531,2020,14,33.07142857142857,8.156774303176903,4.626641871214287,9.262506522990146,0.14185915763161308,0.27974705909238273,7.267506235384146,1.9448072567492265,0.6912606730056817,0.06046647254338973,0.020154465783212245,-19.410814,14.998207,0.2466411236381785,2.0019934070581415,1.97200564110809,10.0,0.7142857142857143
00-0021206,2018,4,27.5,18.77054430040145,-8.096721075000001,9.06843961565168,-0.43307753913398694,0.33628775580963965,3.5926470588235295,2.5793630737958586,0.4111111111111111,0.005555555555555556,0.028594771241830064,-21.17874,-0.8017319,0.6825652472873255,1.1200138341991335,0.7765070349344482,0.0,0.0
00-0021206,2019,2,14.5,13.435028842544403,-1.5020265000000002,3.7207339400495814,0.026789163749999997,0.28142393984127423,6.025,1.7324116139070411,0.675,0.0,0.0,-4.1329827,1.1289297,0.9265537132789243,2.4771426736143343,10.505140902028876,1.0,0.5
00-0022787,2018,1,7.0,,-2.4365082,,-0.3480726,,2.857142857142857,,0.7142857142857143,0.0,0.0,-2.4365082,-2.4365082,,,,0.0,0.0
00-0022787,2019,3,22.333333333333332,25.73583752927682,8.592335333333335,6.460726417534822,0.561900910968661,0.29439700596861884,8.596866096866096,2.3709605575527957,0.7685185185185185,0.099002849002849,0.006410256410256411,4.432924,16.035385,1.1523509341467235,0.7519173969468939,0.5239304657134437,3.0,1.0
00-0022803,2018,16,36.0,7.99166232186187,1.7395839499999999,10.505899187652371,0.09588641982894773,0.3140609843194344,7.769744263508235,2.206502074766149,0.6729592795575378,0.043635118085906886,0.017588161909789395,-15.449424,18.503647,0.22199062005171863,6.0393171526170795,3.2753437335515225,10.0,0.625
00-0022803,2019,4,36.75,8.995369179009089,-1.7450775,4.9254455972689,-0.03749581463924964,0.11700453207804246,7.345977633477633,1.942375260384399,0.6184704184704184,0.04576118326118326,0.037896825396825394,-8.681276,1.8245274,0.2447719504492269,2.8224795731243453,3.1204691297882925,2.0,0.5
00-0022824,2019,1,1.0,,4.2406874,,4.2406874,,26.0,,1.0,0.0,0.0,4.2406874,4.2406874,,,,1.0,1.0
00-0022824,2020,1,1.0,,4.0140114,,4.0140114,,26.0,,1.0,0.0,0.0,4.0140114,4.0140114,,,,1.0,1.0
00-0022824,2022,1,1.0,,2.864477,,2.864477,,4.0,,1.0,0.0,0.0,2.864477,2.864477,,,,1.0,1.0
00-0022921,2018,1,1.0,,3.0880427,,3.0880427,,32.0,,1.0,1.0,0.0,3.0880427,3.0880427,,,,1.0,1.0
00-0022924,2018,16,42.1875,9.785831594708748,8.92788655625,10.717701520705209,0.24959116020884814,0.3343227644879396,7.828643775464515,1.8332290728809553,0.6798265861828819,0.057048525567266035,0.024114731258042935,-7.5653358,27.658562,0.23196045261531847,1.2004746535676176,1.3394815914481562,12.0,0.75
00-0022924,2019,2,31.0,22.627416997969522,-6.5826293499999995,2.2659118716290454,-0.25308601907801415,0.11163777478726614,5.4361702127659575,0.6168378303967755,0.5539007092198582,0.0,0.010638297872340425,-8.184871,-4.9803877,0.7299166773538556,0.3442259545768053,0.4411060523768151,0.0,0.0
00-0022924,2020,16,42.25,10.79814798935447,3.93993971875,8.521901707535763,0.10135105128767183,0.2287556216870286,6.376815616845948,1.0044626202707567,0.6576746623203297,0.05591981990186159,0.017813937796137484,-13.884794,15.8451,0.2555774672036561,2.1629523078691806,2.257062149634101,12.0,0.75
00-0022924,2021,17,38.1764705882353,8.323425482618672,-2.8360815729411764,8.162738992971999,-0.056570308109817405,0.22765498372368642,6.26678191533145,1.6282298281378245,0.6455100682747135,0.038244139940437565,0.013605945774061861,-17.46314,9.348527,0.2180250126417834,2.8781749688908906,4.024283963271864,7.0,0.4117647058823529
00-0022942,2018,18,32.833333333333336,8.893156655210658,7.997882883888888,8.12766929692459,0.2591961400742806,0.26256361918646903,8.325576590296777,2.012701978906405,0.6726873402905736,0.061749315662611944,0.02165826914548925,-10.293822,19.144842,0.2708575631028627,1.0162275960926044,1.0129920110354398,15.0,0.8333333333333334
00-0022942,2019,16,36.9375,8.543759906114715,4.230068504375,10.79768523297391,0.15698625524700632,0.37256315646766774,8.184234315720529,2.2925085372322367,0.6671758501158037,0.04307152769094477,0.031710930006897356,-16.390259,25.134481,0.23130314466638824,2.552602923996685,2.3732215019809666,11.0,0.6875
00-0022942,2020,17,34.64705882352941,7.721246470539813,6.946552345882353,9.179618221156376,0.20937412572504518,0.2617038106938072,7.706127490684492,1.1529854704841622,0.6781946301152957,0.045261900880665895,0.018123735969800464,-13.752143,18.386179,0.22285431239249034,1.3214639095892942,1.2499338673656484,13.0,0.7647058823529411
00-0023436,2018,10,32.8,8.804039476916895,-0.6617012980000005,9.66109383476879,-0.0008642935564892263,0.3416948487085528,6.835415242165242,1.8525277621236633,0.6175790288616375,0.03522483896940419,0.017145423014988233,-20.095694,13.331767,0.26841583771088096,14.600385194905243,34.16948487085528,5.0,0.5
00-0023436,2020,8,31.5,13.103979766249859,-4.08598370375,10.844471441240444,-0.2671949260060327,0.466381618339374,5.786460189826158,2.4862222415156583,0.6454444701801765,0.024243833612040133,0.03591788967611336,-20.42017,16.134172,0.4159993576587257,2.6540662487928413,1.7454733340589115,3.0,0.375
00-0023459,2018,16,37.3125,12.381269455646839,3.3011311,6.075143328045226,0.03294062352148645,0.29055939879459314,7.423916727126093,1.7657436948560725,0.6244700505878937,0.04174704745246328,0.003050595238095238,-5.2512136,15.912008,0.331826317069262,1.8403217394320468,8.820701241586018,11.0,0.6875
00-0023459,2019,18,35.27777777777778,7.759666120436728,4.5239835500000005,11.48329736642413,0.1326492928094333,0.3531380604481358,7.289673270251672,2.2419693830949297,0.6323607225015712,0.04864892183432426,0.007720712201844278,-18.084644,31.815393,0.21995903963442695,2.538315455727979,2.6621933141811858,11.0,0.6111111111111112
00-0023459,2020,18,33.888888888888886,6.076849889141856,11.746892927777777,10.008546627086709,0.36217259993981143,0.3229245166596026,8.163424019842328,1.528245541659924,0.7062075790201169,0.09035773475380374,0.009650208036430945,-15.289743,25.907597,0.17931688197467774,0.8520165024590958,0.8916315500213672,16.0,0.8888888888888888
00-0023459,2021,17,32.94117647058823,6.485277444289624,7.5692836,9.03699794061567,0.22911510653513809,0.29665533251492726,7.781194812746905,1.6676375913234,0.6943248030885707,0.06851961932873372,0.007299801417448476,-15.949715,23.260366,0.19687449384450645,1.1939039964912492,1.2947873101917482,15.0,0.8823529411764706
00-0023459,2022,17,31.88235294117647,7.557135311587789,-0.3711731776470587,6.676628416365565,0.01343814948912776,0.20837545859245002,7.063369101188094,1.519825851105533,0.6518877044623402,0.05375978173777167,0.02419656216979956,-13.293249,11.532071,0.23703191936714468,17.987906504155426,15.506261391201058,11.0,0.6470588235294118
00-0023459,2023,1,1.0,,-2.0319598,,-2.0319598,,0.0,,0.0,0.0,0.0,-2.0319598,-2.0319598,,,,0.0,0.0
00-0023534,2019,1,1.0,,-2.3052912,,-2.3052912,,0.0,,0.0,0.0,0.0,-2.3052912,-2.3052912,,,,0.0,0.0
00-0023645,2018,2,35.0,5.656854249492381,-19.2988935,4.923166617294248,-0.5702118200992555,0.2328220507123859,6.540529363110009,1.2662416718518403,0.6046319272125724,0.0,0.061207609594706364,-22.780098,-15.817689,0.16162440712835374,0.25510097857653075,0.4083080050354955,0.0,0.0
00-0023662,2018,2,8.5,3.5355339059327378,-7.9834898,0.07197102524544122,-1.0301044136363635,0.4369341301538548,3.212121212121212,1.2427937366309016,0.3939393939393939,0.0,0.08333333333333333,-8.034381,-7.9325986,0.4159451654038515,0.009014983052328972,0.42416489471337865,0.0,0.0
00-0023682,2018,8,30.75,12.418304462135147,7.446027775,12.674104733874564,0.25485163447018094,0.5288890291560062,9.894728579347483,3.139437082741556,0.6659849804666877,0.06967532467532467,0.04843702706507584,-8.175059,29.170437,0.4038472995816308,1.7021296611903336,2.075282076395273,6.0,0.75
00-0023682,2019,15,33.46666666666667,12.182344758277194,1.6877702093333333,11.882058171232767,0.07447521539325903,0.5474056940017601,7.368688722635687,2.387598373313302,0.6400372816525787,0.03593770282188627,0.027881250862995286,-31.65814,18.073566,0.3640142856058922,7.040092368928684,7.35017268646003,9.0,0.6
00-0023682,2020,9,29.666666666666668,11.937336386313323,5.176357655555555,9.402991065887871,0.23568970978637768,0.41287773310684733,8.334356414971072,2.8515521588179378,0.699713945104016,0.0543346986609398,0.030452674897119343,-8.427611,23.528559,0.40238212538134793,1.8165265407802835,1.7517851478584607,7.0,0.7777777777777778
00-0023682,2021,1,6.0,,-4.274623,,-0.7124371666666667,,2.1666666666666665,,0.5,0.0,0.0,-4.274623,-4.274623,,,,0.0,0.0
00-0023853,2018,1,1.0,,4.0709276,,4.0709276,,8.0,,1.0,1.0,0.0,4.0709276,4.0709276,,,,1.0,1.0
00-0024417,2018,1,1.0,,4.4907236,,4.4907236,,21.0,,1.0,0.0,0.0,4.4907236,4.4907236,,,,1.0,1.0
00-0024417,2019,1,1.0,,-2.6248016,,-2.6248016,,-2.0,,1.0,0.0,0.0,-2.6248016,-2.6248016,,,,0.0,0.0
00-0024417,2020,1,1.0,,3.3933275,,3.3933275,,15.0,,1.0,0.0,0.0,3.3933275,3.3933275,,,,1.0,1.0
00-0024417,2021,1,1.0,,-2.7787173,,-2.7787173,,0.0,,0.0,0.0,0.0,-2.7787173,-2.7787173,,,,0.0,0.0
00-0025708,2019,4,22.75,16.45954636879968,1.7497542950000002,4.43520451070075,-0.04255485203111947,0.22856340388751217,5.357926065162907,3.643799255036555,0.47681704260651625,0.03418964076858814,0.0,-2.9121602,7.4008927,0.7234965436835024,2.5347584648739208,5.371030399080428,2.0,0.5
00-0025825,2019,3,1.0,0.0,1.8128108333333335,3.453525332757541,1.8128108333333335,3.453525332757541,13.0,14.106735979665885,0.6666666666666666,0.0,0.0,-2.171806,3.94281,0.0,1.9050665790689914,1.9050665790689914,2.0,0.6666666666666666
00-0025825,2020,1,1.0,,-1.8763287,,-1.8763287,,0.0,,0.0,0.0,0.0,-1.8763287,-1.8763287,,,,0.0,0.0
00-0026035,2018,1,1.0,,2.5017896,,2.5017896,,28.0,,1.0,1.0,0.0,2.5017896,2.5017896,,,,1.0,1.0
00-0026035,2019,1,1.0,,1.9585356,,1.9585356,,19.0,,1.0,1.0,0.0,1.9585356,1.9585356,,,,1.0,1.0
00-0026035,2021,1,1.0,,-0.36169755,,-0.36169755,,0.0,,0.0,0.0,0.0,-0.36169755,-0.36169755,,,,0.0,0.0
00-0026143,2018,16,38.0,7.220341635499897,7.6537897,10.304645892239918,0.19620388067029443,0.2946071808887444,8.154406553923117,1.7564432371525347,0.6919750824239287,0.05989442605419774,0.011406940383051126,-12.8366995,19.785025,0.19000899040789201,1.3463455746948363,1.5015359527154775,13.0,0.8125
00-0026143,2019,15,41.06666666666667,7.923443214976201,1.3647021866666667,12.051795220734224,0.04955872556814367,0.33726884132361673,7.337242522137547,1.6273094668967543,0.6638433455020976,0.04394307113169437,0.022412575890559196,-16.7606,21.298214,0.1929409873776672,8.831080757752106,6.80543814347827,8.0,0.5333333333333333
00-0026143,2020,16,39.125,5.998610950322861,4.2756808625,11.4475481447103,0.10800990813287138,0.2999210451877548,7.329532399140012,1.2661826131414478,0.6490744803802839,0.040998919778877485,0.01920069853869196,-15.592277,30.441586,0.1533191297207121,2.677362626643022,2.776791966333298,10.0,0.625
00-0026143,2021,17,32.94117647058823,7.733616458644155,0.48381132941176475,11.477736870999683,-0.018110482145330516,0.37172537108173254,7.093961753733016,1.6088477234863252,0.6623217891259848,0.03328451771270803,0.023279054174635796,-15.975289,21.30798,0.23477049963741187,23.72358019179652,20.525426551251464,8.0,0.47058823529411764
00-0026143,2022,12,38.416666666666664,8.691253004479778,-2.0633338416666667,10.368557730598651,-0.07287905861949395,0.2822777845606274,6.6469506735896715,1.1545446573471785,0.6666842526787704,0.029336887795305647,0.029312908839451163,-20.349194,17.657375,0.22623652072398556,5.025147904433829,3.873235877461276,4.0,0.3333333333333333
00-0026158,2018,9,42.111111111111114,7.912718313646147,2.1310871000000002,8.806232383504783,0.07272029178975561,0.20775489424846033,6.52708321090674,1.13197089289328,0.6197532844591669,0.03346312022782611,0.014725539725539725,-10.237718,11.536174,0.18790096259318026,4.132272389760504,2.856904024107994,5.0,0.5555555555555556
00-0026158,2019,8,32.75,8.6972902183874,-2.9101512375,9.316202294371484,-0.11499170294941863,0.27564645936890225,7.115913442604663,1.3556315418558618,0.6539407621692784,0.022650679117147708,0.020814104226082448,-20.40842,7.573604,0.26556611353854653,3.2012777117297446,2.3970986801556524,3.0,0.375
00-0026158,2020,5,26.8,15.514509338035799,-1.833018646,11.47071841722368,-0.09039836542424243,0.41463021663742344,7.089939393939394,2.343919339398253,0.6485454545454545,0.043393939393939394,0.019212121212121215,-18.157492,14.237413,0.5788996021655148,6.257829641970636,4.5867003755162,1.0,0.2
00-0026158,2021,2,21.0,25.45584412271571,3.14705955,3.1280557743887183,0.90514445,1.2461558001014268,11.564102564102564,5.801901794351158,0.8076923076923077,0.1923076923076923,0.0,0.9351901,5.358929,1.212183053462653,0.9939614184894335,1.3767479876846473,2.0,1.0
00-0026158,2022,5,38.2,21.924871721403527,-5.072340848,12.998124685975473,-0.5389614466799415,1.0761947979158173,4.508762988424006,2.5001669431205666,0.5270554304452609,0.02157164869029276,0.011082138200782268,-23.438705,12.344181,0.5739495215027101,2.5625495359012738,1.99679365666188,2.0,0.4
00-0026158,2023,6,41.666666666666664,6.3456021516217564,-3.2278134666666674,14.279196858095403,-0.054719690193770355,0.33795565285072404,7.879138100502419,1.7718760256257053,0.6290047797169236,0.0590319558835301,0.0397852300401026,-17.759293,19.032988,0.15229445163892216,4.423798650558762,6.176125114268266,2.0,0.3333333333333333
00-0026197,2018,1,3.0,,0.37695605,,0.12565201666666667,,9.666666666666666,,0.6666666666666666,0.0,0.0,0.37695605,0.37695605,,,,1.0,1.0
00-0026197,2020,4,11.5,13.892443989449806,3.49018132325,6.4403631295740515,0.29972919665625003,0.5895285355022749,6.453125,1.6546769259183698,0.8046875,0.015625,0.03125,-1.1292893,12.932486,1.208038607778244,1.8452803831913496,1.966870568763398,3.0,0.75
00-0026197,2021,1,16.0,,4.0479846,,0.2529990375,,5.125,,0.6875,0.0,0.0,4.0479846,4.0479846,,,,1.0,1.0
00-0026197,2022,2,4.5,3.5355339059327378,0.4077190999999999,3.2516063502344217,-0.2795247357142857,0.9421945624220371,1.6428571428571428,2.3233508524700848,0.35714285714285715,0.07142857142857142,0.0,-1.8915138,2.706952,0.7856742013183862,7.975114117132169,3.3707019166457415,1.0,0.5
00-0026300,2018,4,22.75,4.787135538781691,-3.0585498,11.04085108533655,-0.07446307958937198,0.4630567008006073,7.062511070853462,3.7018607910588166,0.584290458937198,0.036494565217391306,0.04662338969404187,-18.604551,6.4922576,0.2104235401662282,3.609832046984015,6.218607977995833,2.0,0.5
00-0026300,2021,3,28.333333333333332,21.07921567168317,9.129158966666667,9.069762569194229,0.12453825243902439,0.39872595648605785,6.527235772357724,1.9732432127140112,0.6195121951219512,0.04105691056910569,0.016463414634146342,-1.3434381,14.429692,0.7439723178241119,0.9934937711470122,3.2016344269908514,2.0,0.6666666666666666
00-0026300,2022,2,7.5,7.7781745930520225,-1.43070805,0.8412575947890188,-0.28686869807692306,0.18534096321797544,5.346153846153847,0.4895354638983789,0.5192307692307692,0.0,0.0,-2.025567,-0.8358491,1.0370899457402696,0.5880008816536811,0.6460829099181702,0.0,0.0
00-0026498,2018,16,34.6875,8.203403765104662,0.6410269749999999,10.62462264267067,0.042150663053942355,0.3374876861198486,6.8788306410857665,1.7153307451607558,0.6664131742294579,0.03877057235274206,0.01689299727414716,-15.735497,17.518835,0.23649452295797224,16.57437683128806,8.00669934154887,9.0,0.5625
00-0026498,2019,8,36.375,6.254998001598402,8.70106155,5.468231186540138,0.2339461098606005,0.14948237075055373,8.56529670811414,1.3079567159485266,0.644755425035868,0.06357853100589829,0.01806614159891599,0.9877928,16.98674,0.1719587079477224,0.6284556378687078,0.6389607027003977,8.0,1.0
00-0026498,2020,16,33.0,9.13600934033381,3.49043115,8.137765954661537,0.07960631757519272,0.26241003462563695,7.598407094845514,1.2726415207904767,0.645033832967449,0.04700021657001021,0.01780095744309454,-11.072867,17.361822,0.27684876788890334,2.331450071622681,3.2963468556094893,10.0,0.625
00-0026498,2021,21,35.285714285714285,7.079144419651694,7.884874180952382,10.861897521325464,0.2632143474187185,0.32537424533996145,8.446960882003285,1.7749343154917532,0.683930548341238,0.07202983938318416,0.025936035856626866,-20.003672,18.848577,0.2006235260630035,1.3775612992740867,1.236156951666315,16.0,0.7619047619047619
00-0026498,2022,9,33.666666666666664,9.354143466934852,-2.67081633,9.899556329148833,-0.027773449155169588,0.2843138872743786,7.1413324299909675,1.5655485341869888,0.6730876059602346,0.03780970108883388,0.022630241634306672,-16.745453,10.104671,0.2778458455525204,3.7065657484387304,10.236895161487643,5.0,0.5555555555555556
00-0026498,2023,16,34.8125,7.458496273825354,4.60051013375,9.201972862617893,0.12364357735001695,0.2637127175446329,7.875408764528916,1.35392146396351,0.6288605347983935,0.047578861379794744,0.02020572657974101,-8.40479,20.679981,0.21424764879929203,2.0002070629321964,2.132846066060517,10.0,0.625
00-0026544,2018,2,38.0,1.4142135623730951,-2.4135159999999996,6.580494097640997,-0.06033298406098406,0.17092553614009245,6.761954261954262,0.7717901457857326,0.6981981981981982,0.039847539847539845,0.02564102564102564,-7.066628,2.239596,0.03721614637823935,2.726517701826298,2.83303633659695,1.0,0.5
00-0026544,2019,3,21.333333333333332,15.011106998930272,1.5712935000000001,5.871353697743583,-0.2978390722222222,0.7944238905006354,5.483333333333333,2.8637097152702706,0.5722222222222222,0.03333333333333333,0.022222222222222223,-4.849138,6.667335,0.7036456405748566,3.7366371704227013,2.667292389051977,2.0,0.6666666666666666
00-0026544,2020,4,10.75,5.852349955359813,-3.7392404399999997,6.458789190260408,-0.171377031025641,0.43705542157543525,6.502136752136752,2.112576915949272,0.6677350427350428,0.019230769230769232,0.060897435897435896,-12.516651,1.5689687,0.5444046470102152,1.7272997802356909,2.5502566998610456,2.0,0.5
00-0026544,2022,3,4.0,2.6457513110645907,0.4586803000000001,1.5214543854946063,-0.0020993063492063166,0.5761212459124386,4.190476190476191,4.531822477324812,0.5714285714285715,0.047619047619047616,0.0,-1.2977716,1.368227,0.6614378277661477,3.317025792244851,57.61212459124386,2.0,0.6666666666666666
00-0026625,2018,2,1.0,0.0,-1.5009689499999999,1.8871655392143012,-1.5009689499999999,1.8871655392143012,3.5,4.949747468305833,0.5,0.0,0.0,-2.8353965,-0.1665414,0.0,1.257298186757495,1.257298186757495,0.0,0.0
00-0026625,2019,2,32.5,9.192388155425117,-13.047069500000001,6.304542140749041,-0.3895984807692308,0.08379082094628751,5.846153846153847,0.8702852691526742,0.5576923076923077,0.07051282051282051,0.057692307692307696,-17.505054,-8.589085,0.282842712474619,0.48321518795841784,0.21506968092085288,0.0,0.0
00-0026625,2020,1,24.0,,-9.247645,,-0.3853185416666667,,5.416666666666667,,0.625,0.0,0.041666666666666664,-9.247645,-9.247645,,,,0.0,0.0
00-0026625,2021,3,3.6666666666666665,0.5773502691896258,6.959045,1.6428474495689973,1.9538058999999999,0.6526697757663882,21.277777777777775,6.429280531144067,0.8333333333333334,0.1111111111111111,0.0,5.0754886,8.096039,0.15745916432444343,0.2360736925208843,0.3340504682509088,3.0,1.0
00-0026625,2022,1,6.0,,-2.126524,,-0.35442066666666666,,6.166666666666667,,0.8333333333333334,0.0,0.0,-2.126524,-2.126524,,,,0.0,0.0
00-0026625,2023,2,21.0,15.556349186104045,-4.3903858499999995,12.9296527670946,0.02615935562500002,0.6350760398895512,7.115625,4.361964956444514,0.565625,0.0,0.03125,-13.533031,4.7522593,0.7407785326716212,2.944992355761761,24.277205027276,1.0,0.5
00-0026898,2018,2,17.5,4.949747468305833,-15.8437895,10.242612138221407,-1.029304380952381,0.8764233652546606,3.738095238095238,1.4478853138581687,0.5238095238095238,0.0,0.09523809523809523,-23.08641,-8.601169,0.282842712474619,0.6464748940410631,0.851471519477781,0.0,0.0
00-0027114,2023,1,1.0,,2.6709,,2.6709,,18.0,,1.0,0.0,0.0,2.6709,2.6709,,,,1.0,1.0
00-0027150,2018,2,1.0,0.0,1.587602615,2.5571642545497912,1.587602615,2.5571642545497912,21.5,21.920310216782973,1.0,0.0,0.0,-0.22058557,3.3957908,0.0,1.6107080136988758,1.6107080136988758,1.0,0.5
00-0027150,2019,2,1.0,0.0,2.7680332500000002,1.1939231421078345,2.7680332500000002,1.1939231421078345,23.5,12.020815280171307,1.0,0.5,0.0,1.9238021,3.6122644,0.0,0.4313254337200734,0.4313254337200734,2.0,1.0
00-0027150,2020,1,2.0,,3.4443047,,1.72215235,,19.0,,1.0,0.0,0.0,3.4443047,3.4443047,,,,1.0,1.0
00-0027685,2018,1,1.0,,2.5614738,,2.5614738,,28.0,,1.0,1.0,0.0,2.5614738,2.5614738,,,,1.0,1.0
00-0027685,2019,1,1.0,,3.320115,,3.320115,,35.0,,1.0,1.0,0.0,3.320115,3.320115,,,,1.0,1.0
00-0027688,2018,3,18.0,17.776388834631177,-1.9872420233333334,2.9294379630853147,-0.04839340612573099,0.1108204152188121,8.017543859649123,4.086354338782528,0.7105263157894738,0.045321637426900575,0.02631578947368421,-5.2889876,0.30039123,0.9875771574795098,1.4741223910772445,2.2899899819179788,1.0,0.3333333333333333
00-0027688,2019,1,27.0,,-22.01641,,-0.8154225925925926,,4.518518518518518,,0.6666666666666666,0.0,0.037037037037037035,-22.01641,-22.01641,,,,0.0,0.0
00-0027688,2020,4,16.5,12.449899597988733,-2.41601315,4.908634499032703,-0.3985143673655914,0.5068894159332207,5.250439882697947,1.7266104278864054,0.6176197458455523,0.011363636363636364,0.011363636363636364,-7.652139,4.206808,0.7545393695750747,2.0317085190669197,1.27194765720506,1.0,0.25
00-0027688,2021,4,24.75,14.637281168304447,3.5783729624999996,14.305021044158764,0.04297973768453768,0.5729959654557233,7.150922688422688,1.8333459170515387,0.7145687645687646,0.02097902097902098,0.0125,-15.439857,15.774334,0.5914052997294726,3.997632777262179,13.331769720452794,3.0,0.75
00-0027688,2022,4,33.0,8.366600265340756,-7.520995274999999,9.709237845513101,-0.23697966992296915,0.2616551681740753,5.677120713150125,1.3148553332390405,0.6756581686728746,0.006756756756756757,0.025507703081232493,-20.419024,2.8018472,0.2535333413739623,1.2909511960188145,1.1041249583102508,1.0,0.25
00-0027793,2018,1,1.0,,-0.45709214,,-0.45709214,,0.0,,0.0,0.0,0.0,-0.45709214,-0.45709214,,,,0.0,0.0
00-0027854,2018,3,26.666666666666668,7.505553499465136,-10.358797000000001,5.416634353057901,-0.36979215223789325,0.13766164075477397,5.365497076023392,2.5763552633532716,0.6340251500210221,0.03508771929824561,0.05723731987921874,-13.88566,-4.122016,0.2814582562299426,0.5229018729740433,0.3722676101201142,0.0,0.0
00-0027891,2020,2,1.0,0.0,0.93269913,2.426884051543653,0.93269913,2.426884051543653,9.0,12.727922061357855,0.5,0.0,0.0,-0.78336704,2.6487653,0.0,2.6020009813278726,2.6020009813278726,1.0,0.5
00-0027939,2018,14,33.642857142857146,7.012155850402192,2.2952398357142854,7.693842734272383,0.07410011220654981,0.23994174834470805,7.203095249920613,1.4070935399210456,0.6818522771820862,0.0516345841757352,0.025361532599007065,-11.520204,13.977297,0.20842926094613734,3.3520866162023704,3.238075371274529,8.0,0.5714285714285714
00-0027939,2019,2,44.5,9.192388155425117,-3.3542572,1.0627322774914105,-0.07449944355005161,0.008492235393621433,6.409442724458204,0.16966184378315002,0.574045407636739,0.0,0.013157894736842105,-4.1057224,-2.602792,0.20657052034663184,0.31683088508877927,0.11399058823729362,0.0,0.0
00-0027939,2020,15,24.533333333333335,9.6796300598338,-0.30266926000000016,11.035267042775526,-0.14288415660182555,0.4864406994115016,6.771838036614611,1.766710961827569,0.6445518502634086,0.019659777786712775,0.03413684463684464,-17.413664,20.789547,0.3945501383084429,36.45982100321493,3.404441128956397,7.0,0.4666666666666667
00-0027939,2021,6,21.0,11.679041056525147,-6.796903733333333,7.361815463374888,-0.346186719794582,0.3137055460972016,4.98627561098957,2.087110630182892,0.5716987796507248,0.058398310591293044,0.0403258704174036,-16.217415,2.6437895,0.5561448122154832,1.0831130985820967,0.9061744086640473,1.0,0.16666666666666666
00-0027948,2018,6,16.833333333333332,9.064583093924764,-3.8792274916666667,6.55422691776523,-0.3013617088384927,0.5243758791882636,6.0135536398467435,2.1775348810711925,0.5713144374782306,0.039648641588296764,0.02948667711598746,-15.34206,2.7666645,0.5384900847876097,1.68957013525115,1.7400215880421945,2.0,0.3333333333333333
00-0027948,2020,2,8.0,9.899494936611665,-0.295262793,0.2588748289089135,-0.24289782486666667,0.3329300770363084,4.766666666666667,6.7410846473117525,0.3,0.06666666666666667,0.0,-0.47831494,-0.112210646,1.2374368670764582,0.8767607536277471,1.370658947724472,0.0,0.0
00-0027948,2021,5,2.2,0.8366600265340756,0.038367006,2.339720710180324,-0.1986895936666667,0.9913102367724531,4.833333333333333,5.595136777198173,0.5333333333333333,0.0,0.0,-2.1694596,3.947539,0.3803000120609434,23.39720710180324,4.989240847890269,2.0,0.4
00-0027948,2022,1,8.0,,0.2152442,,0.026905525,,3.625,,0.75,0.125,0.0,0.2152442,0.2152442,,,,1.0,1.0
00-0027948,2023,2,17.5,17.67766952966369,-8.0716438,1.9312474951922853,-0.8278919266666667,0.7259401366112921,5.666666666666667,0.7542472332656506,0.55,0.0,0.21666666666666667,-9.437242,-6.7060456,1.0101525445522108,0.23926322110401915,0.8768537453120698,0.0,0.0
00-0027973,2018,11,33.18181818181818,9.378893131048907,2.488820509090909,8.816588411414552,0.030285478852358348,0.31828425614991906,7.028275946464091,1.3148854477275491,0.6177996566319621,0.056541219381427685,0.03397278842924026,-14.5920725,16.202278,0.28265157381243283,3.5424765985374274,10.509467514169224,9.0,0.8181818181818182
00-0027973,2019,13,40.61538461538461,8.150035393976944,-1.2314416615384616,10.802710835965618,-0.04550544442794736,0.2813242191052501,6.540248231291065,0.9591558673148088,0.5913145364685509,0.028935278652998032,0.030220223626621783,-26.178446,12.566937,0.20066375023049296,8.772409748156159,6.182210121048145,6.0,0.46153846153846156
00-0027973,2020,11,30.272727272727273,16.118876568116708,-1.0182609309090909,10.196316703527527,-0.03409218630955766,0.3510742068930882,6.320298018483316,3.2431183023651764,0.5991708241415008,0.03909719964561862,0.02044848245156196,-21.698116,12.631039,0.5324553821299813,10.013461573571698,10.297790927965961,5.0,0.45454545454545453
00-0027973,2021,8,29.5,16.318263212907013,-3.90163165,11.827714380154786,0.14366591033941367,0.6637847599851898,6.5847942019155985,1.5279071305738918,0.6822857093337817,0.037711485999860864,0.027469485745320148,-22.153126,11.954448,0.5531614648443055,3.03147899165591,4.62033587798932,4.0,0.5
00-0027973,2022,14,27.0,7.493587001820033,1.2850427890357143,5.434694584580799,0.041414147362913364,0.2294353831959398,7.647833466219588,1.3706132664049315,0.6672989267536832,0.04609179587299173,0.023298178479763215,-5.012543,10.676714,0.27754025932666787,4.229193479743153,5.540024310663478,8.0,0.5714285714285714
00-0027973,2023,1,58.0,,4.5483294,,0.0784194724137931,,6.224137931034483,,0.5862068965517241,0.034482758620689655,0.0,4.5483294,4.5483294,,,,1.0,1.0
00-0028002,2019,1,1.0,,-0.39894006,,-0.39894006,,0.0,,0.0,0.0,0.0,-0.39894006,-0.39894006,,,,0.0,0.0
00-0028002,2020,1,1.0,,-0.5173711,,-0.5173711,,0.0,,0.0,0.0,0.0,-0.5173711,-0.5173711,,,,0.0,0.0
00-0028064,2019,1,1.0,,-0.5224095,,-0.5224095,,0.0,,0.0,0.0,0.0,-0.5224095,-0.5224095,,,,0.0,0.0
00-0028118,2018,4,21.25,17.23127002477376,-7.0814941000000005,9.832008666753495,0.33838184571428576,1.6016039012126249,6.370535714285714,4.1634345031770215,0.5985119047619047,0.014583333333333334,0.014583333333333334,-18.477764,2.6865234,0.810883295283471,1.3884087916917836,4.733125968480432,1.0,0.25
00-0028118,2019,2,3.0,2.8284271247461903,1.8261869,1.0060266977022925,0.81116482,0.4294312939418561,6.1,1.272792206135785,0.8,0.1,0.0,1.1148186,2.5375552,0.9428090415820635,0.5508892313827749,0.5294007868115583,2.0,1.0
00-0028118,2020,1,30.0,,-0.19123305,,-0.0063744349999999995,,6.933333333333334,,0.5333333333333333,0.0,0.0,-0.19123305,-0.19123305,,,,0.0,0.0
00-0028118,2021,6,25.0,12.083045973594572,-2.4792693383333333,11.997391184925641,-0.06472566787222629,0.5959779133640348,6.626668067075044,2.9446947791240268,0.6208981586888563,0.03807303807303807,0.030858676207513414,-14.54744,14.053602,0.4833218389437829,4.8390834345536575,9.207752240433324,2.0,0.3333333333333333
00-0028118,2022,2,4.0,1.4142135623730951,-2.1926685,2.074958887451147,-0.48689709999999997,0.3465956012877544,6.533333333333333,4.054078878802873,0.6666666666666666,0.1,0.16666666666666666,-3.659886,-0.725451,0.3535533905932738,0.9463167311662237,0.7118456883143367,0.0,0.0
00-0028118,2023,10,18.0,15.173075568988056,0.21160159600000003,5.143512348968479,-0.17067112804269963,0.5343578633595781,5.511000682512983,3.459536956810949,0.5923571478633505,0.018710576114381833,0.011814024390243903,-10.349501,9.550549,0.8429486427215587,24.307530974239338,3.130921260600615,5.0,0.5
00-0028664,2020,1,1.0,,-3.3216047,,-3.3216047,,0.0,,0.0,0.0,0.0,-3.3216047,-3.3216047,,,,0.0,0.0
00-0028872,2018,5,1.0,0.0,0.68004672,3.2108880611086477,0.68004672,3.2108880611086477,6.2,6.016643582596529,0.6,0.0,0.0,-2.925404,3.3471262,0.0,4.721569807892975,4.721569807892975,3.0,0.6
00-0028872,2019,3,1.0,0.0,1.0816533666666668,4.01266610154352,1.0816533666666668,4.01266610154352,9.333333333333334,12.096831541082704,0.6666666666666666,0.0,0.3333333333333333,-3.512393,3.9007328,0.0,3.709752333974941,3.709752333974941,2.0,0.6666666666666666
00-0028872,2021,1,1.0,,-2.5820916,,-2.5820916,,2.0,,1.0,0.0,0.0,-2.5820916,-2.5820916,,,,0.0,0.0
00-0028872,2023,1,1.0,,-1.9410884,,-1.9410884,,7.0,,1.0,0.0,0.0,-1.9410884,-1.9410884,,,,0.0,0.0
00-0028986,2018,16,36.625,8.80056816347672,-1.04692239125,3.57114088612431,-0.025282710453922965,0.10199831595327476,6.708197094652999,1.0924175684163262,0.6194456526218766,0.0320572426304582,0.025174515870131007,-7.077342,6.5769873,0.24028855053861353,3.4110846381463427,4.034310962788735,4.0,0.25
00-0028986,2019,9,27.444444444444443,13.106402167558333,-0.3568034211111109,11.394913895979448,-0.06533416662529706,0.36996769683933256,6.624995069064837,1.5823288366839185,0.651267673593255,0.035692119180491276,0.020855951088509225,-18.784487,21.749092,0.4775612125830972,31.936111656370574,5.6626986452764045,5.0,0.5555555555555556
00-0028986,2020,1,10.0,,-4.156521,,-0.41565209999999997,,4.6,,0.5,0.0,0.0,-4.156521,-4.156521,,,,0.0,0.0
00-0028986,2021,4,18.0,13.19090595827292,-2.069063375,4.569043086664558,-0.43114491875,0.6217816909496442,5.528409090909091,2.411887511837603,0.5861742424242424,0.028409090909090908,0.010416666666666666,-4.781158,4.764441,0.73282810879294,2.20826637882204,1.4421640239953406,1.0,0.25
00-0028986,2022,2,3.5,2.1213203435596424,-2.8931369499999997,1.4142082590722362,-0.862598495,0.11875413619862706,0.8,1.1313708498984762,0.2,0.0,0.0,-3.8931332,-1.8931407,0.6060915267313264,0.48881483438668066,0.13767023347128268,0.0,0.0
00-0028986,2023,2,26.5,13.435028842544403,-10.32566475,11.01900088827522,-0.5680562308006536,0.7038057635195873,5.004084967320261,1.919124777043881,0.6429738562091503,0.013888888888888888,0.07271241830065359,-18.117275,-2.5340545,0.5069822204733737,1.067146876744688,1.2389719984720526,0.0,0.0
00-0029000,2018,1,1.0,,-0.48140335,,-0.48140335,,0.0,,0.0,0.0,0.0,-0.48140335,-0.48140335,,,,0.0,0.0
00-0029000,2020,1,1.0,,2.913771,,2.913771,,20.0,,1.0,1.0,0.0,2.913771,2.913771,,,,1.0,1.0
00-0029000,2021,1,1.0,,-0.47759083,,-0.47759083,,0.0,,0.0,0.0,0.0,-0.47759083,-0.47759083,,,,0.0,0.0
00-0029263,2018,17,26.705882352941178,6.381268544364366,3.917379323529412,10.299232476498794,0.17254407599354393,0.4345533869745636,8.312091077130162,2.474908322958233,0.6570658114112863,0.08569198641279466,0.015007186618439815,-14.0938015,21.50564,0.2389461789739961,2.629112890507517,2.5185065582363038,12.0,0.7058823529411765
00-0029263,2019,18,32.05555555555556,8.03281667852875,6.329386205555555,9.803129059876463,0.21749925724936026,0.32574677919773687,8.377201222717726,1.7778508187216246,0.6641556279975835,0.06085096790053236,0.00854654727234601,-12.846737,18.2019,0.25059046830765597,1.548827760150244,1.4976914556736722,13.0,0.7222222222222222
00-0029263,2020,17,34.411764705882355,6.510173034657105,3.69080445,9.929612297579718,0.1107496705992068,0.3107108984431799,7.467357822709685,1.6674907669989412,0.6764863627754755,0.07413685487617043,0.02315161866727645,-15.527875,19.570175,0.18918451553704405,2.6903653206497347,2.8055243574277973,12.0,0.7058823529411765
00-0029263,2021,14,28.571428571428573,5.996335877520868,1.1790023535714285,9.935166776765525,0.055701273825391036,0.32751214085971475,7.993552295856832,2.09986164086601,0.6502373374543928,0.06689458376471293,0.015017616428906751,-20.466978,15.2365465,0.20987175571323036,8.4267573738678,5.879796248221897,8.0,0.5714285714285714
00-0029263,2022,15,32.2,6.383013171132983,-3.733134056,8.0410394845665,-0.10925613185102186,0.22541271498406373,7.4801043466583925,1.7989875486084521,0.6074950083557893,0.03527882130655192,0.023170287864685148,-14.1914,15.161885,0.19823022270599325,2.1539648359647603,2.063158480582392,6.0,0.4
00-0029263,2023,15,29.8,5.621387729022079,-1.0890798600000002,8.369341662620702,-0.05641411108719049,0.3320385178441973,6.7778137440527155,1.2435935222477905,0.6607047709442699,0.06104956602446073,0.01961083507136139,-18.298592,14.218062,0.18863717211483486,7.68478232865375,5.885735172375883,8.0,0.5333333333333333
00-0029567,2018,7,38.0,7.788880963698614,2.959694057142857,9.990686727137962,0.06749179791313865,0.2464935656791516,6.936038969421032,1.9521723266759667,0.6900856383609162,0.035047158788106776,0.032413878831800844,-11.164289,19.461933,0.2049705516762793,3.3755808993252767,3.6522003161982237,4.0,0.5714285714285714
00-0029567,2019,4,29.25,21.219095173922945,-3.395285975,9.519705583799233,-0.12101201300816872,0.8001609906100126,6.995599037487335,1.6369544459800245,0.6234485815602837,0.04188829787234043,0.02317629179331307,-16.524363,6.107098,0.7254391512452288,2.8038008149811984,6.612244278227146,1.0,0.25
00-0029567,2020,9,34.666666666666664,14.730919862656233,-3.739462621111111,7.967453597056174,-0.19683264014468368,0.32670887595363324,5.216927169176959,2.126879971451983,0.5696620732785578,0.02932781948761764,0.024510512693860047,-17.926327,5.130042,0.4249303806535452,2.1306413258621624,1.6598307867713546,3.0,0.3333333333333333
00-0029567,2021,1,35.0,,4.486182,,0.12817662857142859,,7.142857142857143,,0.6857142857142857,0.02857142857142857,0.0,4.486182,4.486182,,,,1.0,1.0
00-0029567,2022,2,21.0,11.313708498984761,-17.085614,10.783970968577483,-0.7899059469496021,0.08796215919881736,5.598143236074271,0.8946682616073823,0.6007957559681698,0.0,0.09018567639257294,-24.711033,-9.460195,0.5387480237611791,0.6311725741069348,0.11135776295709995,0.0,0.0
00-0029604,2018,16,37.875,9.528028827272372,-0.7538548975,11.99680222418368,-0.022515224498979233,0.3102229705415413,7.219884735770257,1.801616621778033,0.7012099941403307,0.05161777794174647,0.01717647247007354,-22.892393,14.962537,0.2515651175517458,15.913940818012236,13.778364526438802,9.0,0.5625
00-0029604,2019,17,29.647058823529413,6.827711700037101,4.956619723529411,13.025443210934458,0.20679124535995394,0.4569411545814142,8.148576312977385,2.1002685942752195,0.7003034083766908,0.05650862759225868,0.013531727719481915,-22.88603,25.224983,0.2302997994060133,2.627888346790413,2.209673595156475,13.0,0.7647058823529411
00-0029604,2020,16,32.25,9.05906544112949,5.730588878124999,7.139803407216016,0.20543232722141824,0.28796900124726443,8.606319937934906,2.1966752400215848,0.6765641582119177,0.06980874328559382,0.02612737929598395,-13.038895,18.675098,0.28090125398851135,1.2459109454650148,1.4017706226775442,13.0,0.8125
00-0029604,2021,16,35.0625,7.279823715814369,4.4770979425,9.770057457731024,0.11741299988750242,0.2819265068422384,7.518581784661216,1.8071632547248313,0.6537472499960552,0.0621586548189052,0.013717258709510969,-9.925638,20.69339,0.20762420579862728,2.182230003276508,2.401152403161168,11.0,0.6875
00-0029604,2022,18,37.888888888888886,8.770866808654855,1.706248442222222,11.2414056908012,0.03985267694007869,0.37681794434541943,7.100786634705967,1.77394730711052,0.6702730928776355,0.044694170064869344,0.01898676012738457,-18.254179,22.573524,0.23148915330760617,6.588375650711432,9.455273102782826,9.0,0.5
00-0029604,2023,8,38.875,10.682930309610748,4.6378807250000005,10.981753682910247,0.0788632033381307,0.3696824484138569,7.483333888865172,1.0850832020313907,0.6925347868746344,0.0606748279675708,0.021276581605528973,-10.878063,19.499933,0.2748020658420771,2.3678387466314685,4.687641799545236,6.0,0.75
00-0029623,2019,1,1.0,,-0.04524401,,-0.04524401,,1.0,,1.0,0.0,0.0,-0.04524401,-0.04524401,,,,0.0,0.0
00-0029632,2018,2,1.0,0.0,0.4688517499999999,3.1796435981383206,0.4688517499999999,3.1796435981383206,2.5,3.5355339059327378,0.5,0.5,0.0,-1.7794958,2.7171993,0.0,6.781767580345645,6.781767580345645,1.0,0.5
00-0029664,2019,1,1.0,,-2.8734639,,-2.8734639,,0.0,,0.0,0.0,1.0,-2.8734639,-2.8734639,,,,0.0,0.0
00-0029665,2018,2,3.0,1.4142135623730951,0.029984050000000012,0.7366613697664112,-0.0538682625,0.27094753239179503,2.625,3.7123106012293743,0.25,0.0,0.0,-0.4909142,0.5508823,0.47140452079103173,7.3666136976641114,5.029817555221779,1.0,0.5
00-0029665,2019,6,6.333333333333333,7.420691791650336,-0.05143799333333332,5.411004345080071,0.13654677531746032,0.7952741327486168,6.3730158730158735,4.527333631513755,0.5761904761904763,0.027777777777777776,0.04126984126984127,-7.2721286,8.93726,1.1716881776290005,54.11004345080071,5.824188311292362,3.0,0.5
00-0029665,2020,3,4.666666666666667,6.3508529610858835,-6.7765377566666665,9.407681457987369,-1.3903703399999998,0.44973962253108773,3.9166666666666665,4.61203136734057,0.5277777777777778,0.0,0.3611111111111111,-17.627457,-0.90651757,1.360897063089832,1.3882725656965784,0.3234675032920278,0.0,0.0
00-0029668,2018,18,39.27777777777778,11.333477507733477,5.558418694444445,10.2887531693785,0.17135517365669117,0.2976343559421628,7.240107496175235,1.7305011176926195,0.6662112420952817,0.06453496851002012,0.022239202812768456,-15.196594,21.505083,0.2885468106636529,1.8510216187315924,1.7369440886475425,14.0,0.7777777777777778
00-0029682,2018,6,29.666666666666668,13.822686666009133,-1.5447624333333334,9.959928080345717,0.13543449350875802,0.6549312280011976,6.901329665442568,1.128300074295283,0.6600383741512773,0.05544965786901271,0.016584766584766587,-14.723644,8.651353,0.4659332584048022,6.447546797764815,4.83577861912147,3.0,0.5
00-0029692,2018,1,1.0,,-2.9034433,,-2.9034433,,0.0,,0.0,0.0,0.0,-2.9034433,-2.9034433,,,,0.0,0.0
00-0029692,2021,1,1.0,,3.8561704,,3.8561704,,16.0,,1.0,0.0,0.0,3.8561704,3.8561704,,,,1.0,1.0
00-0029701,2018,11,24.90909090909091,4.742458127480842,-4.893073881818181,11.535434353979305,-0.17624462031521426,0.4767963152238433,7.460324190182897,3.16081750622646,0.6471164185137422,0.06597641696767971,0.030018979065899887,-24.138565,11.693694,0.1903906547528805,2.357502590926123,2.705309894685529,4.0,0.36363636363636365
00-0029701,2019,14,24.714285714285715,8.13755369996292,4.716322659328571,7.680323699436327,0.17460820444494468,0.34708811450287624,9.022530164396441,2.866325802452268,0.6820186828898994,0.08175833643144857,0.019981877956015887,-5.286027,20.897636,0.3292651786112164,1.628455950579454,1.9878110287327067,9.0,0.6428571428571429
00-0029701,2020,17,29.823529411764707,7.350470173036952,7.392905423529411,8.691191127707036,0.24653569792853147,0.31992375590780053,7.868298723005961,1.569818127205115,0.6524280392089704,0.07023293193647655,0.015354456635060142,-8.300374,23.80768,0.2464654693128761,1.1756123783276828,1.2976772069761013,12.0,0.7058823529411765
00-0029701,2021,18,30.833333333333332,8.873291053360477,1.119960876111111,9.405498648955247,0.04586662549793883,0.30707160556755364,7.184445079797279,1.5973033978693936,0.6710283548557335,0.04477258738342482,0.030700028916025086,-19.695787,18.735546,0.2877824125414209,8.398060012251829,6.694881130536907,11.0,0.6111111111111112
00-0029701,2022,12,27.083333333333332,6.570710952723641,1.6430960199999998,8.600221748569117,0.03307785936735161,0.34560655504856563,7.718415416139874,1.8089313690308264,0.6570846742028372,0.04083405930155156,0.020487034083525313,-11.536095,16.866169,0.24261086594671907,5.23415652152156,10.44827451529965,6.0,0.5
00-0029701,2023,9,25.555555555555557,5.79031758868007,-2.540707563333333,8.280352040173755,-0.1268338282600134,0.33811062052787283,7.006214177978884,2.121332492873413,0.6518384447796213,0.017621082621082623,0.02873428858722977,-14.025612,9.329528,0.2265776447744375,3.259073243876276,2.665776356089601,4.0,0.4444444444444444
00-0029747,2021,1,1.0,,3.7315283,,3.7315283,,23.0,,1.0,0.0,0.0,3.7315283,3.7315283,,,,1.0,1.0
00-0029857,2019,1,4.0,,-0.6239215,,-0.155980375,,4.5,,0.5,0.0,0.0,-0.6239215,-0.6239215,,,,0.0,0.0
00-0030085,2018,1,1.0,,1.2839273,,1.2839273,,3.0,,1.0,1.0,0.0,1.2839273,1.2839273,,,,1.0,1.0
00-0030140,2018,1,1.0,,2.7343886,,2.7343886,,7.0,,1.0,0.0,0.0,2.7343886,2.7343886,,,,1.0,1.0
00-0030151,2020,1,5.0,,-1.1256111,,-0.22512221999999998,,3.6,,0.2,0.0,0.0,-1.1256111,-1.1256111,,,,0.0,0.0
00-0030279,2020,1,1.0,,-0.517419,,-0.517419,,0.0,,0.0,0.0,0.0,-0.517419,-0.517419,,,,0.0,0.0
00-0030279,2021,1,1.0,,-0.49345556,,-0.49345556,,0.0,,0.0,0.0,0.0,-0.49345556,-0.49345556,,,,0.0,0.0
00-0030279,2023,2,1.0,0.0,1.757438465,3.1267610406591624,1.757438465,3.1267610406591624,24.5,34.64823227814083,0.5,0.5,0.0,-0.45351547,3.9683924,0.0,1.7791581912708179,1.7791581912708179,1.0,0.5
00-0030288,2021,1,1.0,,-0.49312064,,-0.49312064,,0.0,,0.0,0.0,0.0,-0.49312064,-0.49312064,,,,0.0,0.0
00-0030288,2022,1,1.0,,-0.4519726,,-0.4519726,,0.0,,0.0,0.0,0.0,-0.4519726,-0.4519726,,,,0.0,0.0
00-0030465,2019,1,1.0,,-0.14810775,,-0.14810775,,3.0,,1.0,0.0,0.0,-0.14810775,-0.14810775,,,,0.0,0.0
00-0030506,2020,2,1.0,0.0,0.22654658000000003,0.9222492802370067,0.22654658000000003,0.9222492802370067,2.0,2.8284271247461903,0.5,0.0,0.0,-0.42558214,0.8786753,0.0,4.070903565337454,4.070903565337454,1.0,0.5
00-0030506,2021,1,1.0,,0.70204556,,0.70204556,,2.0,,1.0,1.0,0.0,0.70204556,0.70204556,,,,1.0,1.0
00-0030520,2018,2,10.5,4.949747468305833,4.37075885,0.9059722902459237,0.44541633571428574,0.12368819902837354,8.464285714285715,0.7576144084141572,0.7142857142857143,0.03571428571428571,0.0,3.7301397,5.011378,0.4714045207910317,0.20728031935368016,0.27769120508349265,2.0,1.0
00-0030520,2019,2,5.0,2.8284271247461903,0.5232177499999999,5.916546639504342,0.5230166309523809,1.479172213036685,7.428571428571429,6.464976285134148,0.6190476190476191,0.16666666666666666,0.0,-3.6604125,4.706848,0.565685424949238,11.308000616386472,2.8281552162943724,1.0,0.5
00-0030520,2020,5,35.8,7.791020472312983,-3.55977866,7.163096753564203,-0.1112173583890101,0.20682779654178698,5.798718594370769,1.244628504688809,0.6142017794191708,0.03652509652509652,0.029030272508533378,-12.600024,5.461373,0.21762627017634031,2.0122309384157617,1.859671903178601,2.0,0.4
00-0030520,2021,6,27.833333333333332,11.267948645013725,-13.473493916666664,11.710344312632715,-0.7844580471722783,1.211179438497523,4.524469696969697,1.9231337254429623,0.5283136924803592,0.022098765432098766,0.07906004489337823,-35.56482,-2.8583272,0.4048364782639662,0.8691393921325085,1.5439696780005503,0.0,0.0
00-0030533,2018,1,25.0,,14.352385,,0.5740954,,9.28,,0.6,0.12,0.0,14.352385,14.352385,,,,1.0,1.0
00-0030533,2019,2,25.5,13.435028842544403,-5.185068749999999,4.211036195980762,-0.18559206562499997,0.06735691926907816,7.283035714285715,0.9255522689459631,0.5383928571428571,0.0,0.05982142857142857,-8.162721,-2.2074165,0.5268638761782118,0.8121466462678557,0.362929950923532,0.0,0.0
00-0030533,2020,3,7.0,5.291502622129181,0.5862951433333333,4.389398728636781,-0.09322684589743589,0.5620686566006912,6.894017094017094,4.968398049710167,0.5760683760683761,0.025641025641025644,0.025641025641025644,-3.5239272,5.2097473,0.7559289460184545,7.486670798057804,6.029042934897257,2.0,0.6666666666666666
00-0030564,2018,1,1.0,,-0.44559604,,-0.44559604,,0.0,,0.0,0.0,0.0,-0.44559604,-0.44559604,,,,0.0,0.0
00-0030564,2019,2,1.0,0.0,-2.78924125,5.787818557096112,-2.78924125,5.787818557096112,3.0,4.242640687119285,0.5,0.5,0.5,-6.881847,1.3033645,0.0,2.075051255281741,2.075051255281741,1.0,0.5
00-0030564,2023,1,1.0,,-0.41801506,,-0.41801506,,0.0,,0.0,0.0,0.0,-0.41801506,-0.41801506,,,,0.0,0.0
00-0030565,2018,2,2.0,1.4142135623730951,-1.220542255,2.078882120934136,-0.3236976216666667,0.8105522771326106,4.0,5.656854249492381,0.5,0.0,0.0,-2.6905339,0.24944939,0.7071067811865476,1.7032446950672233,2.5040414969971296,1.0,0.5
00-0030565,2020,1,5.0,,0.6387939,,0.12775878000000002,,6.6,,0.8,0.0,0.0,0.6387939,0.6387939,,,,1.0,1.0
00-0030565,2021,4,23.75,6.238322424070967,-0.30918507500000003,6.779489592134688,0.022966521259469685,0.27551293055984877,7.488260360962567,0.6780369439451894,0.6714432932263814,0.054715352049910876,0.014705882352941176,-7.984437,6.3083687,0.26266620732930385,21.926962652174225,11.996284828998546,2.0,0.5
00-0030565,2022,18,33.72222222222222,5.50727385913186,1.807414838888889,9.324743374121102,0.0630647115288802,0.2779977505168961,7.54977174623192,1.5692444156528407,0.6993251108228352,0.0542378418328639,0.019378920757267794,-18.171165,21.017963,0.16331289862335008,5.159160572043052,4.408134815452034,10.0,0.5555555555555556
00-0030565,2023,15,33.266666666666666,7.5919757137450885,2.1627023733333335,8.898435957181793,0.032296498802476675,0.2986921083536569,7.129239282926056,1.337187120165008,0.6450882340869825,0.04032200244142001,0.017961370197142553,-14.661982,14.86927,0.22821570281798864,4.114498632313792,9.248436190574054,10.0,0.6666666666666666
00-0030578,2021,1,1.0,,-0.59963995,,-0.59963995,,0.0,,0.0,0.0,0.0,-0.59963995,-0.59963995,,,,0.0,0.0
00-0030669,2018,1,1.0,,4.3519764,,4.3519764,,52.0,,1.0,1.0,0.0,4.3519764,4.3519764,,,,1.0,1.0
00-0030669,2019,1,2.0,,0.94252115,,0.471260575,,10.0,,0.5,0.0,0.0,0.94252115,0.94252115,,,,1.0,1.0
00-0030669,2021,1,1.0,,-0.9979545,,-0.9979545,,0.0,,0.0,0.0,0.0,-0.9979545,-0.9979545,,,,0.0,0.0
00-0031051,2019,2,1.0,0.0,2.77132465,0.5884631021382095,2.77132465,0.5884631021382095,22.0,8.48528137423857,1.0,1.0,0.0,2.3552184,3.1874309,0.0,0.21234000936635467,0.21234000936635467,2.0,1.0
00-0031062,2019,1,1.0,,2.000194,,2.000194,,35.0,,1.0,0.0,0.0,2.000194,2.000194,,,,1.0,1.0
00-0031136,2018,1,1.0,,3.991391,,3.991391,,2.0,,1.0,1.0,0.0,3.991391,3.991391,,,,1.0,1.0
00-0031136,2021,1,1.0,,-3.0074847,,-3.0074847,,0.0,,0.0,0.0,0.0,-3.0074847,-3.0074847,,,,0.0,0.0
00-0031235,2018,2,1.0,0.0,4.74075485,1.2546230266825191,4.74075485,1.2546230266825191,53.0,5.656854249492381,1.0,1.0,0.0,3.8536024,5.6279073,0.0,0.2646462570580968,0.2646462570580968,2.0,1.0
00-0031235,2019,2,1.0,0.0,0.45146244999999996,1.2768565852033678,0.45146244999999996,1.2768565852033678,10.0,14.142135623730951,0.5,0.0,0.0,-0.4514115,1.3543364,0.0,2.8282675230318,2.8282675230318,1.0,0.5
00-0031235,2020,1,1.0,,0.5891707,,0.5891707,,18.0,,1.0,0.0,0.0,0.5891707,0.5891707,,,,1.0,1.0
00-0031235,2021,1,1.0,,2.278347,,2.278347,,40.0,,1.0,0.0,0.0,2.278347,2.278347,,,,1.0,1.0
00-0031237,2018,2,11.5,14.849242404917497,-4.1406146,4.205709065623337,-0.7450577818181818,0.5963334384578242,2.6818181818181817,3.7926636445460273,0.3181818181818182,0.022727272727272728,0.022727272727272728,-7.1145,-1.1667292,1.2912384699928259,1.0157209670330913,0.8003854909112925,0.0,0.0
00-0031237,2019,7,28.0,12.503332889007368,3.42226325,6.875380350311362,0.21723311206087112,0.35010693930554715,7.969369502186839,2.899838197524499,0.7248103919930545,0.03887578423182138,0.008963585434173669,-7.7481894,10.772286,0.4465476031788346,2.0090156273955144,1.6116647042622274,5.0,0.7142857142857143
00-0031237,2020,15,32.8,7.5422618812737,2.2341285466666667,8.715937145868445,0.04366700865488236,0.27472687502489196,7.594178670202949,0.9051874448377424,0.6868518130178897,0.031818947712261555,0.02528034031032532,-9.576291,16.785227,0.2299470085754177,3.901269315444125,6.291405880264598,8.0,0.5333333333333333
00-0031237,2021,14,30.428571428571427,9.171144427490503,4.139683678571429,9.436606752078728,0.1262636533583086,0.34073843975922596,7.076713389765532,1.6631918962767378,0.6592739604122843,0.041862328146289096,0.011988807826616635,-10.708317,23.347826,0.301399112640533,2.279547783065208,2.6986264906519444,10.0,0.7142857142857143
00-0031237,2022,5,15.8,14.166862743741115,0.07663648999999999,2.3188375372722247,-0.4838619975164894,0.7584795710634128,5.30829182931754,4.8724117507799445,0.38334903755552563,0.030986673845739665,0.030986673845739665,-1.856158,3.821711,0.8966368825152604,23.188375372722245,1.5675535069016548,2.0,0.4
00-0031260,2018,1,1.0,,3.8066323,,3.8066323,,15.0,,1.0,0.0,0.0,3.8066323,3.8066323,,,,1.0,1.0
00-0031260,2020,1,1.0,,1.8633734,,1.8633734,,28.0,,1.0,0.0,0.0,1.8633734,1.8633734,,,,1.0,1.0
00-0031280,2018,16,34.5625,8.02470144823677,-0.07536551812499992,9.955946469297224,-0.0008373917954449632,0.2970569133721157,7.3064008405022465,1.3910623839475549,0.6968365375212915,0.03258231321080839,0.01572961880073949,-16.247288,12.681608,0.23217942707375827,99.55946469297224,29.70569133721157,9.0,0.5625
00-0031280,2019,16,32.0625,4.878097306669203,6.19518130125,8.822590703261955,0.20602097792299665,0.29517701570754945,7.959817418388495,1.7662976387477127,0.708768550162168,0.04161310089174283,0.015996505730745614,-12.779048,18.080336,0.15214338578305509,1.4241053286821201,1.432752230784363,13.0,0.8125
00-0031280,2020,16,32.3125,10.202736561008194,3.760699608375,10.557626478702996,0.10459374460208358,0.3131579546052685,8.017171637837366,1.7278951728135217,0.6673039704079596,0.04926749709992475,0.015003643165775744,-26.274723,16.93093,0.3157520018880679,2.8073570287803316,2.9940409514607835,11.0,0.6875
00-0031280,2021,18,37.77777777777778,8.516803843720854,2.236438715388889,9.353585465703508,0.05919323326793556,0.280834043853709,7.669376813446137,1.9690774913951703,0.6818669388594493,0.03691285006192955,0.022731516695474352,-8.895418,20.622717,0.22544480762790498,4.182357156197341,4.7443606025460054,8.0,0.4444444444444444
00-0031280,2022,15,33.46666666666667,6.1860057118197584,1.953038926666667,7.2120082712362645,0.04857830355530261,0.23472842663310267,6.99792961045799,1.3457649067434398,0.6070780917530143,0.045267749653714565,0.030498304708831026,-11.870315,13.628719,0.18484080812210432,3.6927109709714285,4.831960143809523,8.0,0.5333333333333333
00-0031280,2023,17,32.23529411764706,10.05938250940823,1.5246503958823525,8.718448268718154,0.07185498382244908,0.2723649286992974,7.193838944180639,2.0735894272885314,0.6968489046808114,0.049631688636878946,0.013617323508964375,-16.850712,14.978746,0.31206113624076626,5.718326176456062,3.790480690557258,11.0,0.6470588235294118
00-0031288,2018,1,3.0,,-2.6052306,,-0.8684102,,2.6666666666666665,,0.3333333333333333,0.0,0.0,-2.6052306,-2.6052306,,,,0.0,0.0
00-0031288,2019,2,18.5,24.748737341529164,-4.12404085,0.6892490115597159,-2.3562160305555557,3.1893308471178172,3.125,4.419417382415922,0.2916666666666667,0.0,0.013888888888888888,-4.6114135,-3.6366682,1.3377695860286034,0.16712953063006536,1.3535816774686094,0.0,0.0
00-0031288,2020,1,1.0,,3.6769702,,3.6769702,,20.0,,1.0,0.0,0.0,3.6769702,3.6769702,,,,1.0,1.0
00-0031288,2023,2,2.5,2.1213203435596424,-2.6255359499999997,1.3186184531216014,-1.29130845,0.5682641726695473,2.0,4.242640687119285,0.875,0.0,0.0,-3.55794,-1.6931319,0.8485281374238569,0.5022282986152223,0.4400685000315357,0.0,0.0
00-0031325,2020,1,1.0,,-1.9586511,,-1.9586511,,0.0,,0.0,0.0,1.0,-1.9586511,-1.9586511,,,,0.0,0.0
00-0031326,2018,1,1.0,,-0.44012234,,-0.44012234,,0.0,,0.0,0.0,0.0,-0.44012234,-0.44012234,,,,0.0,0.0
00-0031345,2018,3,29.666666666666668,3.511884584284246,-0.5123713333333333,11.404935612802044,0.004108066822066825,0.3616401714211514,8.066278166278167,0.26023804587539323,0.6045066045066045,0.05796425796425797,0.030303030303030304,-13.54858,7.622985,0.11837813205452515,22.259121209231154,36.16401714211514,2.0,0.6666666666666666
00-0031345,2019,19,28.105263157894736,9.29692145486944,4.345421190000001,9.808854836855192,0.16266490224035302,0.3034250384552316,8.466338820283312,2.217134158723894,0.6892153236263676,0.05158636735423503,0.028888970837790347,-21.350147,21.886934,0.3307893401545306,2.257285176274291,1.8653380924601177,13.0,0.6842105263157895
00-0031345,2020,6,23.333333333333332,8.2138095100061,4.145929083333333,11.8950415216002,0.13733044596999402,0.6203743471624715,7.502768122400475,2.3530087516973857,0.6744986631016042,0.046085858585858584,0.0433578431372549,-12.654165,15.679654,0.35202040757169006,2.8690894809123386,4.517383911343447,4.0,0.6666666666666666
00-0031345,2021,18,28.61111111111111,6.852555460546765,5.101314835555556,7.634199516741721,0.19227795271078432,0.332209416638686,8.512464350185105,1.8178515281796905,0.6688364884926847,0.04299421828247261,0.02879379497196685,-9.726978,20.32355,0.23950679279580928,1.496516047888725,1.727756156933812,15.0,0.8333333333333334
00-0031345,2022,11,28.0,9.85900603509299,6.864220172727273,7.557364068149614,0.27781727288988206,0.2701545042295175,8.46696177352191,2.059955645421483,0.6569319926679053,0.04850891939201443,0.01002638849569043,-5.718365,18.338089,0.35210735839617824,1.1009792631909332,0.9724179545042116,10.0,0.9090909090909091
00-0031345,2023,7,24.142857142857142,12.876704695283022,-2.7373764285714293,11.601214865970302,-0.40654439868604897,0.9198016025770566,6.119655881752656,2.766006016411885,0.5563560863100033,0.034536699859280505,0.045044049652344584,-24.156507,13.086085,0.5333546323490009,4.238078016922465,2.262487456597248,2.0,0.2857142857142857
00-0031363,2019,1,1.0,,3.8044436,,3.8044436,,12.0,,1.0,0.0,0.0,3.8044436,3.8044436,,,,1.0,1.0
00-0031376,2023,1,1.0,,1.1053475,,1.1053475,,4.0,,1.0,1.0,0.0,1.1053475,1.1053475,,,,1.0,1.0
00-0031382,2018,2,1.0,0.0,1.7849987500000002,3.128007832548954,1.7849987500000002,3.128007832548954,31.5,44.54772721475249,0.5,0.0,0.0,-0.4268368,3.9968343,0.0,1.7523865675250214,1.7523865675250214,1.0,0.5
00-0031382,2020,4,1.0,0.0,1.790105925,1.181853273343744,1.790105925,1.181853273343744,18.5,13.428824718989125,1.0,0.25,0.0,0.7341105,3.4451046,0.0,0.6602141565135281,0.6602141565135281,4.0,1.0
00-0031387,2018,1,1.0,,-1.6242492,,-1.6242492,,0.0,,0.0,0.0,0.0,-1.6242492,-1.6242492,,,,0.0,0.0
00-0031395,2018,1,3.0,,-0.35654914,,-0.11884971333333333,,13.333333333333334,,0.6666666666666666,0.0,0.0,-0.35654914,-0.35654914,,,,0.0,0.0
00-0031395,2019,2,1.5,0.7071067811865476,-0.5299396279999999,0.6707031874368093,-0.516019414,0.6903893428667452,0.0,0.0,0.0,0.0,0.0,-1.0041984,-0.055680856,0.47140452079103173,1.2656218784167041,1.33791350506581,0.0,0.0
00-0031395,2020,1,38.0,,-5.1597886,,-0.13578391052631578,,6.394736842105263,,0.5526315789473685,0.02631578947368421,0.02631578947368421,-5.1597886,-5.1597886,,,,0.0,0.0
00-0031395,2021,1,31.0,,-2.7503932,,-0.08872236129032259,,6.258064516129032,,0.6451612903225806,0.0,0.0,-2.7503932,-2.7503932,,,,0.0,0.0
00-0031407,2018,13,31.0,14.605934866804429,-1.7240400846153843,12.849954933676791,-0.08903583946497201,0.3602437757046423,6.410702268721476,1.7726382769355686,0.6080407163040076,0.0267060433033192,0.023503627569668818,-21.013685,19.470377,0.47115918925175576,7.453396848683762,4.046053565276569,4.0,0.3076923076923077
00-0031407,2019,1,2.0,,-1.4286358,,-0.7143179,,1.5,,0.5,0.0,0.0,-1.4286358,-1.4286358,,,,0.0,0.0
00-0031503,2018,11,34.36363636363637,11.038774635553779,4.230580954545455,10.393229379483277,0.16096787917393368,0.39612447693858904,8.134502157021414,1.9229346415197552,0.6519810164161897,0.05528920694196689,0.04171954169065851,-11.900253,16.44053,0.32123418251611524,2.456690816498027,2.460891445991887,7.0,0.6363636363636364
00-0031503,2019,16,39.125,9.50701495388186,2.6804468687500003,13.058050472657065,0.07591709291843242,0.33504925887885767,8.264602254877317,1.6859746895420535,0.6071021370630733,0.05540400799794255,0.045157768284342724,-23.019777,25.197536,0.24299079754330632,4.871594593011484,4.4133573349396364,10.0,0.625
00-0031503,2020,3,4.0,5.196152422706632,1.8147203666666665,2.865421318782162,2.140349816666667,2.386549471198071,24.766666666666666,27.19859064976223,0.8666666666666667,0.3333333333333333,0.0,-1.0854315,4.6441,1.299038105676658,1.5789877996715576,1.1150277644403146,2.0,0.6666666666666666
00-0031503,2021,7,23.0,7.916228058025277,3.1157697885714284,11.193438949963001,0.1459888650798849,0.517005767608418,7.08709096286736,1.844557417919753,0.6001478852410529,0.09294587400177463,0.017748917748917747,-18.644943,16.496807,0.3441838286097947,3.5925115491588233,3.5414054854492716,5.0,0.7142857142857143
00-0031503,2022,3,38.333333333333336,3.785938897200182,-2.3376412666666675,12.440543392526699,-0.058234519416547115,0.30984371487663265,7.473840267814443,1.4069569599529483,0.6370755619320899,0.036071257771401244,0.041260162601626016,-16.173836,7.9251394,0.09876362340522213,5.321835976255736,5.320619419220136,2.0,0.6666666666666666
00-0031503,2023,4,11.75,10.874281585465774,-2.44725491,1.9294661681493976,-0.784825786375,1.361221511255773,4.848125,3.5064128007361974,0.38625,0.02,0.27,-4.560713,0.11323756,0.9254707732311297,0.7884205933207823,1.7344250595320827,1.0,0.25
00-0031543,2021,1,1.0,,-2.7671607,,-2.7671607,,0.0,,0.0,0.0,0.0,-2.7671607,-2.7671607,,,,0.0,0.0
00-0031544,2022,1,1.0,,-4.9805026,,-4.9805026,,0.0,,0.0,0.0,1.0,-4.9805026,-4.9805026,,,,0.0,0.0
00-0031549,2018,1,1.0,,1.9314804,,1.9314804,,15.0,,1.0,0.0,0.0,1.9314804,1.9314804,,,,1.0,1.0
00-0031588,2019,1,1.0,,-1.8194127,,-1.8194127,,0.0,,0.0,0.0,0.0,-1.8194127,-1.8194127,,,,0.0,0.0
00-0031589,2019,3,3.6666666666666665,4.618802153517007,-1.1220177666666666,0.6794421848103365,-0.8222772925925925,0.9112865015123516,1.8148148148148149,3.143351465587963,0.48148148148148145,0.0,0.0,-1.849897,-0.5045322,1.2596733145955474,0.6055538557369277,1.1082471931568463,0.0,0.0
00-0031800,2018,5,11.4,23.255106965997815,-3.438230276,7.461589680373449,-0.1691040873207547,1.0258712232659815,10.233962264150943,13.793631057229602,0.5245283018867924,0.0037735849056603774,0.011320754716981133,-16.65997,1.4484938,2.039921663684019,2.17018322840615,6.066507554723504,1.0,0.2
00-0031800,2020,2,31.5,17.67766952966369,1.33721573,1.4673384524172335,0.0658993512200957,0.08356461604778809,7.082535885167464,0.18100580283961876,0.611244019138756,0.037679425837320576,0.011363636363636364,0.29965076,2.3747807,0.5611958580845615,1.0973086985876492,1.2680643208260516,2.0,1.0
00-0031800,2021,16,30.875,8.973107971414736,-1.6572698475,12.034146235336943,-0.06052140737654019,0.4705860467990627,7.00730229047501,1.3765329852554822,0.6395666479039027,0.04443766919650072,0.029899667882170532,-23.942326,19.025005,0.2906269788312465,7.261428338595862,7.775530464307662,8.0,0.5
00-0031800,2022,9,28.77777777777778,6.379219736334879,-1.4123324855555555,5.449210823060545,-0.04143559159320755,0.19787254915929817,7.25311333303577,1.400402850806309,0.6223482426740947,0.0495137306473967,0.025754661731028385,-11.005841,2.6136997,0.221671728289629,3.858305943389132,4.7754247387585265,5.0,0.5555555555555556
00-0031800,2023,5,27.2,9.23038460737146,-0.3286558799999998,6.950569295760049,-0.04787127335933879,0.3263828638476002,6.322543034702744,1.7679853926696574,0.5398381533771733,0.04107745853662369,0.025952813067150637,-7.530448,7.642199,0.3393523752710096,21.14847084360716,6.81792734857196,2.0,0.4
00-0031941,2020,1,1.0,,3.8461673,,3.8461673,,43.0,,1.0,1.0,0.0,3.8461673,3.8461673,,,,1.0,1.0
00-0031972,2018,1,1.0,,1.2712852,,1.2712852,,21.0,,1.0,0.0,0.0,1.2712852,1.2712852,,,,1.0,1.0
00-0032156,2019,1,6.0,,-5.561113,,-0.9268521666666666,,0.5,,0.5,0.0,0.0,-5.561113,-5.561113,,,,0.0,0.0
00-0032156,2021,6,31.333333333333332,9.521904571390468,-1.1173842333333333,5.438416599672613,-0.003852177389826128,0.18566059256892203,6.004109703875944,1.4203669005231283,0.5760851102425831,0.0641504779652259,0.014080459770114942,-7.3081036,6.693474,0.30389057142735537,4.867096239087748,18.566059256892203,2.0,0.3333333333333333
00-0032156,2022,2,13.0,16.97056274847714,-3.5771957199999997,4.909660566646602,-0.19374771999999998,0.12474251746247866,6.08,1.5273506473629428,0.78,0.02,0.02,-7.04885,-0.10554144,1.3054279037290106,1.3724886617740342,0.6438399247355203,0.0,0.0
00-0032156,2023,5,30.6,15.725775020646836,-10.91894076,3.1285871601541344,-0.4113296032234432,0.1489613403600553,4.607252747252747,0.8721971860819373,0.5170416884702599,0.008526077097505668,0.023910692482121056,-15.9729395,-7.5649433,0.5139142163610076,0.28652844895131885,0.36214592675241086,0.0,0.0
00-0032208,2022,1,1.0,,-0.5361111,,-0.5361111,,0.0,,0.0,0.0,0.0,-0.5361111,-0.5361111,,,,0.0,0.0
00-0032245,2018,1,3.0,,1.2564425,,0.41881416666666665,,7.666666666666667,,0.6666666666666666,0.0,0.0,1.2564425,1.2564425,,,,1.0,1.0
00-0032245,2019,1,21.0,,-4.060896,,-0.193376,,6.0,,0.5714285714285714,0.0,0.09523809523809523,-4.060896,-4.060896,,,,0.0,0.0
00-0032245,2021,1,36.0,,-10.911595,,-0.3030998611111111,,5.25,,0.6111111111111112,0.027777777777777776,0.0,-10.911595,-10.911595,,,,0.0,0.0
00-0032268,2018,14,23.642857142857142,8.828338486915895,0.6544164814285713,8.14363529741486,-0.032252597715543174,0.3956702681509591,7.522697284762904,2.1630179401491847,0.6920846955086584,0.026725704097405496,0.02608060889829993,-12.363003,10.365345,0.3734040447638143,12.444117054689013,12.267857356503029,8.0,0.5714285714285714
00-0032268,2019,8,20.125,13.410417059669909,-0.9411823125000001,6.480167072787861,0.13483697734232203,0.7079257497744363,8.95736531986532,6.514152483675499,0.685421176046176,0.0339781746031746,0.013888888888888888,-11.536861,7.970273,0.6663561271885668,6.885134778590371,5.250234495965936,3.0,0.375
00-0032268,2020,1,28.0,,8.426394,,0.30094264285714284,,8.071428571428571,,0.6071428571428571,0.03571428571428571,0.03571428571428571,8.426394,8.426394,,,,1.0,1.0
00-0032268,2021,2,1.0,0.0,-0.36021421,0.28432444059245976,-0.36021421,0.28432444059245976,2.0,2.8284271247461903,0.5,0.0,0.0,-0.56126195,-0.15916647,0.0,0.7893204451663908,0.7893204451663908,0.0,0.0
00-0032268,2022,13,23.076923076923077,5.823251360731083,0.4656642492307694,6.181805468683622,0.03965586216702828,0.2882353350877745,7.597299465482004,1.7155227620052214,0.6187160539396062,0.05324457593688363,0.028152555946078215,-7.5052695,14.931651,0.25234089229834694,13.275241719533645,7.268416807425427,6.0,0.46153846153846156
00-0032268,2023,2,11.5,12.020815280171307,-2.55504805,3.1217414522540783,-0.17700189833333332,0.08643776766516668,6.366666666666667,1.4613540144521984,0.6583333333333333,0.025,0.025,-4.7624526,-0.3476435,1.0452882852322876,1.2217936379920833,0.48834373235017764,0.0,0.0
00-0032434,2019,3,28.0,9.848857801796104,-7.182779733333334,9.80832846563301,-0.25095900982905983,0.40909809961759414,6.361282051282051,3.190062262505041,0.47863247863247865,0.04188034188034188,0.02188034188034188,-17.465256,2.0701878,0.351744921492718,1.365533794683306,1.630139120712384,1.0,0.3333333333333333
00-0032434,2020,5,28.4,8.294576541331088,-1.9013338000000004,18.88874018960136,-0.2042327240205204,0.6949956135246621,6.21656116837605,2.9878689277026207,0.5969304668941693,0.03378923387997798,0.03647048656123066,-24.306059,22.745382,0.2920625542722214,9.934468208371069,3.4029591333014393,2.0,0.4
00-0032434,2021,5,6.8,12.417729261020309,-2.12901706,4.693995253076843,-0.08909095741379311,1.0408660331701318,2.9379310344827587,3.034619902856978,0.40344827586206894,0.20689655172413796,0.0,-10.3138895,1.6770281,1.8261366560323984,2.2047710848671374,11.683183831280552,1.0,0.2
00-0032434,2022,1,3.0,,-0.68825394,,-0.22941798,,7.333333333333333,,1.0,0.0,0.0,-0.68825394,-0.68825394,,,,0.0,0.0
00-0032436,2018,8,22.0,12.637811745483699,-1.782526675,6.312799488725111,0.10974428925323092,0.4582728885582676,7.208403691701106,3.653868729405039,0.6504586070148684,0.029264126360315106,0.0071662571662571665,-12.280904,5.2206726,0.5744459884310772,3.5414894920016335,4.175824470472625,5.0,0.625
00-0032436,2019,3,35.0,10.14889156509222,-2.8536318,8.231815811768957,-0.04022774675686632,0.22928676547744217,6.719671632715111,1.1616971920605434,0.5899800682409378,0.04298841255362995,0.037549407114624504,-10.97981,5.4799037,0.28996833043120623,2.884680431360821,5.699716836322832,1.0,0.3333333333333333
00-0032436,2020,2,32.0,2.8284271247461903,-7.2963928000000005,4.7297724883756604,-0.23546419411764707,0.16861768131014113,6.698039215686274,1.1757383342082202,0.5480392156862746,0.04607843137254902,0.03137254901960784,-10.640847,-3.9519386,0.08838834764831845,0.6482343560746429,0.7161075251462359,0.0,0.0
00-0032436,2022,5,4.0,1.4142135623730951,-0.4022681919999999,2.7557360742599157,-0.09873996333333332,0.6876180987881935,5.416666666666666,3.343733774623147,0.7333333333333333,0.03333333333333333,0.0,-3.8118267,2.9926758,0.3535533905932738,6.850494593069681,6.963929047318803,3.0,0.6
00-0032436,2023,1,26.0,,-10.957208,,-0.4214310769230769,,6.384615384615385,,0.5,0.07692307692307693,0.07692307692307693,-10.957208,-10.957208,,,,0.0,0.0
00-0032496,2021,1,1.0,,3.0622718,,3.0622718,,6.0,,1.0,0.0,0.0,3.0622718,3.0622718,,,,1.0,1.0
00-0032543,2019,1,1.0,,1.7389607,,1.7389607,,26.0,,1.0,0.0,0.0,1.7389607,1.7389607,,,,1.0,1.0
00-0032543,2020,1,1.0,,-0.48907274,,-0.48907274,,0.0,,0.0,0.0,0.0,-0.48907274,-0.48907274,,,,0.0,0.0
00-0032764,2018,3,1.0,0.0,0.15398547,0.4959677737486236,0.15398547,0.4959677737486236,4.666666666666667,4.163331998932265,0.6666666666666666,0.0,0.0,-0.41870755,0.44136214,0.0,3.22087385094596,3.22087385094596,2.0,0.6666666666666666
00-0032764,2019,1,1.0,,2.3090034,,2.3090034,,3.0,,1.0,1.0,0.0,2.3090034,2.3090034,,,,1.0,1.0
00-0032764,2021,1,1.0,,1.0320903,,1.0320903,,5.0,,1.0,1.0,0.0,1.0320903,1.0320903,,,,1.0,1.0
00-0032764,2022,1,2.0,,0.4664566,,0.2332283,,2.0,,1.0,0.5,0.0,0.4664566,0.4664566,,,,1.0,1.0
00-0032764,2023,3,1.0,0.0,1.5074702766666668,1.8205098013932033,1.5074702766666668,1.8205098013932033,4.666666666666667,6.429100507328637,0.6666666666666666,0.6666666666666666,0.0,-0.47603247,3.1021674,0.0,1.2076588371737138,1.2076588371737138,2.0,0.6666666666666666
00-0032792,2018,2,1.0,0.0,1.38063685,2.3467285198644188,1.38063685,2.3467285198644188,11.0,15.556349186104045,0.5,0.5,0.0,-0.2787508,3.0400245,0.0,1.6997435059511985,1.6997435059511985,1.0,0.5
00-0032792,2020,1,12.0,,-4.7248907,,-0.3937408916666667,,2.6666666666666665,,0.4166666666666667,0.0,0.08333333333333333,-4.7248907,-4.7248907,,,,0.0,0.0
00-0032943,2020,1,1.0,,-2.573928,,-2.573928,,0.0,,0.0,0.0,0.0,-2.573928,-2.573928,,,,0.0,0.0
00-0032943,2021,1,1.0,,-2.8510377,,-2.8510377,,0.0,,0.0,0.0,0.0,-2.8510377,-2.8510377,,,,0.0,0.0
00-0032943,2022,2,1.0,0.0,2.69337685,0.1093449420330224,2.69337685,0.1093449420330224,9.0,4.242640687119285,1.0,0.0,0.0,2.6160583,2.7706954,0.0,0.04059771362222201,0.04059771362222201,2.0,1.0
00-0032950,2018,11,36.45454545454545,6.2827324686578265,3.292008742727272,10.245951455954318,0.09392004388756262,0.3001185307955822,7.6982142086687535,1.2798586889311532,0.6955951549133368,0.05343255945528673,0.018148886330704512,-19.630945,18.981247,0.17234428218263365,3.112370669910808,3.195468383243861,7.0,0.6363636363636364
00-0032950,2019,17,35.94117647058823,11.053679185203983,2.1861228462352944,8.404838447810668,-0.011676802309000053,0.399857563664283,6.337672780876623,1.6674263014638848,0.6144711384237961,0.042900270724716916,0.010362161249867193,-15.8229885,17.38984,0.30754917536574095,3.8446322731975364,34.24375553194793,11.0,0.6470588235294118
00-0032950,2020,12,36.416666666666664,9.238834374858152,-7.249861208333335,7.563943393299878,-0.2163416772976118,0.22092372023002615,5.976478558947015,1.1758308191044584,0.5660383960513847,0.03616048248243531,0.033852998105430895,-19.575956,6.350457,0.2536979691036564,1.0433225100372296,1.0211796589064577,2.0,0.16666666666666666
00-0032950,2021,17,30.352941176470587,9.39375574830555,0.7556900335294118,9.057257980216022,0.02187558868330322,0.3270506211928566,6.9599564246108985,2.0624963835958865,0.6190433952915243,0.05471748064689361,0.013808493423482782,-13.00845,17.466276,0.3094842010100666,11.985414096193065,14.950483204252306,9.0,0.5294117647058824
00-0032950,2022,8,34.5,11.058287131636357,-4.6615815875,10.645721785969856,-0.11720198379562502,0.308257192697855,6.332105045998217,1.9395242851183732,0.6265152245262323,0.03771493370887452,0.031449664059406204,-20.692163,8.543848,0.32053006178656107,2.2837145690029943,2.6301363058443537,4.0,0.5
00-0032950,2023,1,24.0,,7.064853,,0.29436887500000003,,6.791666666666667,,0.7083333333333334,0.08333333333333333,0.041666666666666664,7.064853,7.064853,,,,1.0,1.0
00-0033009,2018,1,1.0,,-0.51259434,,-0.51259434,,0.0,,0.0,0.0,0.0,-0.51259434,-0.51259434,,,,0.0,0.0
00-0033009,2020,2,1.0,0.0,0.36795634999999993,1.2277839402744462,0.36795634999999993,1.2277839402744462,8.0,11.313708498984761,0.5,0.0,0.0,-0.500218,1.2361307,0.0,3.336765190421218,3.336765190421218,1.0,0.5
00-0033009,2021,1,1.0,,3.1924436,,3.1924436,,46.0,,1.0,0.0,0.0,3.1924436,3.1924436,,,,1.0,1.0
00-0033009,2022,1,1.0,,3.2179458,,3.2179458,,23.0,,1.0,0.0,0.0,3.2179458,3.2179458,,,,1.0,1.0
00-0033009,2023,1,1.0,,-6.5270686,,-6.5270686,,0.0,,0.0,0.0,1.0,-6.5270686,-6.5270686,,,,0.0,0.0
00-0033045,2021,1,1.0,,-0.793114,,-0.793114,,4.0,,1.0,0.0,0.0,-0.793114,-0.793114,,,,0.0,0.0
00-0033077,2018,18,32.833333333333336,7.188634820898561,1.5931309055555554,9.11908787079333,0.035102319394170335,0.2446773109086794,7.364246973265864,1.3426948188619163,0.6730524201795567,0.04006422768724473,0.014057122452798113,-13.209464,24.692783,0.21894319251467698,5.724004122318704,6.970402957170816,10.0,0.5555555555555556
00-0033077,2019,16,37.25,8.17720408615724,7.7831898375,10.147909674179628,0.22567071911555733,0.28108580180160475,8.307840066266406,1.7461198825601503,0.6602883734191964,0.053470861472608364,0.018820435714360404,-6.4862185,30.217525,0.21952225734650307,1.3038239958231814,1.2455572566225195,13.0,0.8125
00-0033077,2020,5,44.4,15.224979474534605,6.403558896,9.174597612731743,0.11580637033163584,0.19751299329417132,8.247123395712036,1.0101861902079452,0.6774231843506276,0.033702943514890844,0.019989629245527614,-5.0304756,18.298685,0.34290494312014874,1.4327341657562767,1.7055451503103969,3.0,0.6
00-0033077,2021,17,37.588235294117645,9.46083257124744,5.589005802352941,13.543559676773505,0.17780494405221653,0.3840954479778345,7.562021154514774,1.7849115711563406,0.6846978502859983,0.06632190347889111,0.016283928133422283,-15.437384,25.24415,0.25169664117559704,2.423250244448081,2.160206793040783,11.0,0.6470588235294118
00-0033077,2022,14,33.142857142857146,6.273965043147544,4.261276385714285,11.432313847103682,0.1608006475973452,0.3716819119985748,7.443189680423224,2.1967302041376637,0.6766094479356838,0.061525721890818084,0.03509855513809983,-13.168291,23.883806,0.18930066940531382,2.682837913407809,2.3114453676162388,9.0,0.6428571428571429
00-0033077,2023,18,36.111111111111114,8.013876853447538,6.406636627500001,9.693691840174637,0.175911347986508,0.2931693592219807,7.600732291751923,1.9047021662871502,0.6909509447378561,0.05954834367669531,0.018203786576568626,-12.449003,22.099422,0.2219227436339318,1.5130703368699265,1.6665744568364407,13.0,0.7222222222222222
00-0033104,2018,5,26.2,10.848963084092414,-7.96248774,8.100134233348623,-0.3712072261080711,0.4972186945735829,5.323926128590971,1.1889737374085878,0.6533378932968537,0.01131782945736434,0.01843137254901961,-21.317297,-1.3263962,0.4140825604615425,1.017286870365545,1.3394639425171793,0.0,0.0
00-0033106,2018,19,35.10526315789474,7.915489293798199,5.696439957894737,11.647388522908116,0.18413942977701672,0.32812517915766765,8.208826708209648,2.1913127452481764,0.637393482547937,0.051880669455857426,0.019665152563482675,-22.330967,27.641033,0.2254787055204884,2.0446785376480476,1.7819387165204659,14.0,0.7368421052631579
00-0033106,2019,16,39.125,11.870832602082578,3.92448444375,12.869281822605307,0.102846015968257,0.3785036727037248,7.521588607110825,2.261636826927512,0.6263041374713781,0.0339228357568848,0.025440725933206683,-18.18959,23.92763,0.3034078620340595,3.279228649536498,3.6802949452174056,10.0,0.625
00-0033106,2020,17,35.1764705882353,10.357577504643928,1.4533973057058822,11.956930525853862,0.05909710239241444,0.32782517197526756,7.299948428041578,1.674504409190018,0.6675220851174022,0.03939712532392785,0.020726086266775693,-25.533203,21.196814,0.29444618324238586,8.22688364627637,5.547229199131537,10.0,0.5882352941176471
00-0033106,2021,14,35.285714285714285,8.44373751941066,-2.056863274285714,8.748437576350932,-0.04444384331257377,0.2826117129325578,6.630117903453142,1.1616865361470685,0.6785504346895271,0.03924710933054964,0.014520672493348085,-15.135028,13.537594,0.239296205003541,4.253290768385662,6.358849547392836,6.0,0.42857142857142855
00-0033106,2022,17,34.529411764705884,5.767556318091134,5.939098594117647,10.120424564982114,0.1607775063854467,0.2950574315846159,7.539688566227551,1.3142355240087922,0.6533363750927349,0.04835396219424124,0.01300084356038445,-20.695974,21.616482,0.16703314720195786,1.7040337695363135,1.835190992931857,13.0,0.7647058823529411
00-0033106,2023,20,35.8,6.817933009814323,5.400243735,7.9994677978915325,0.16635478862084002,0.2137762310872444,7.707270694574673,1.4830807501056975,0.6787795440007751,0.05018059243920493,0.017108218420649052,-12.379357,17.925804,0.1904450561400649,1.4813160646889825,1.2850620824296708,15.0,0.75
00-0033119,2018,3,1.3333333333333333,0.5773502691896257,-0.22601258999999999,2.354008220398894,0.20955399333333333,1.729425213417833,1.0,2.6457513110645907,0.5,0.0,0.0,-2.6133995,2.093133,0.4330127018922193,10.415385357067473,8.25288597896997,1.0,0.3333333333333333
00-0033119,2019,15,29.8,9.622889378975527,0.7296466866666668,8.377949591920201,0.03573547149593118,0.30153386828938944,6.79004527189226,1.9247629520038665,0.6197653936635622,0.03501831342411053,0.012240189429094975,-9.298494,18.440418,0.3229157509723331,11.48220055681223,8.437942908455032,7.0,0.4666666666666667
00-0033119,2020,4,2.0,1.4142135623730951,-1.6136210524999999,2.4086369127138796,-0.88247517125,1.1644580936736453,1.0625,2.125,0.125,0.0,0.0,-5.224857,-0.31587583,0.7071067811865476,1.4926905601424532,1.3195363808640925,0.0,0.0
00-0033119,2021,7,32.142857142857146,16.17022543059281,-3.165146557142857,5.219072691038051,0.22813804742136704,0.889161700882802,8.53634254099422,7.34782857825089,0.6707068022600099,0.020172075986029474,0.013878950506857484,-14.200013,2.2277987,0.5030736800628874,1.6489197567360832,3.8974722144462635,1.0,0.14285714285714285
00-0033119,2022,12,30.75,11.258330249197702,1.6410527691666665,9.401998101359933,-0.24098117443434017,1.1983448525864049,6.757541092925074,3.026529656201472,0.6022184689044194,0.029735220871966683,0.013874308482151619,-10.664609,17.766224,0.36612456094951873,5.7292478816109655,4.972773725579615,6.0,0.5
00-0033119,2023,2,11.5,2.1213203435596424,8.1878672,1.7537984827680964,0.7386204384615385,0.2887520908735218,10.046153846153846,3.3288411545089773,0.7846153846153847,0.13846153846153847,0.0,6.9477444,9.42799,0.18446263857040368,0.2141947884509041,0.3909343362809717,2.0,1.0
00-0033132,2018,1,1.0,,7.646471,,7.646471,,66.0,,1.0,1.0,0.0,7.646471,7.646471,,,,1.0,1.0
00-0033251,2019,1,1.0,,-0.7042251,,-0.7042251,,0.0,,0.0,0.0,0.0,-0.7042251,-0.7042251,,,,0.0,0.0
00-0033251,2020,1,1.0,,-0.5561132,,-0.5561132,,0.0,,0.0,0.0,0.0,-0.5561132,-0.5561132,,,,0.0,0.0
00-0033275,2020,4,14.0,14.142135623730951,-5.61162494,6.303384075685746,-0.7130733805882352,0.4944577182595676,4.530987394957983,3.218195465016958,0.4532563025210084,0.007352941176470588,0.06827731092436974,-14.778995,-0.54502076,1.0101525445522108,1.1232725178681928,0.6934177207003224,0.0,0.0
00-0033275,2021,5,13.2,10.134100848126586,-3.10042531,6.655922526606406,-0.33446655322249585,0.4249062192237249,4.613152709359606,3.4301765660438255,0.39458128078817734,0.016666666666666666,0.0435632183908046,-13.290194,4.375347,0.7677349127368626,2.1467772518623924,1.2703997309442963,1.0,0.2
00-0033275,2022,6,17.666666666666668,10.538817137927134,-3.3219852999999997,7.210260662088696,-0.33223392916666666,0.5784509111964118,6.375168350168351,3.4306127303157097,0.6063973063973064,0.01978114478114478,0.03796296296296297,-13.386811,5.2688746,0.596536819127951,2.1704673594096566,1.741095235659177,2.0,0.3333333333333333
00-0033275,2023,5,22.2,14.549914089093448,-6.9929466520000005,5.755608128855168,-0.37272819537231794,0.305487925611145,4.703450226244344,2.9485026907891325,0.38871423879725586,0.0064516129032258064,0.030917931688804558,-14.264403,-0.27942556,0.65540153554475,0.8230590644087138,0.8195997228113997,0.0,0.0
00-0033280,2018,1,1.0,,6.5492015,,6.5492015,,50.0,,1.0,1.0,0.0,6.5492015,6.5492015,,,,1.0,1.0
00-0033280,2019,2,1.0,0.0,-0.95760745,0.6439690045623663,-0.95760745,0.6439690045623663,0.0,0.0,0.0,0.0,0.0,-1.4129623,-0.5022526,0.0,0.6724770202679253,0.6724770202679253,0.0,0.0
00-0033280,2022,2,1.0,0.0,1.616903135,3.0465457584569178,1.616903135,3.0465457584569178,17.0,24.041630560342615,0.5,0.5,0.0,-0.53733003,3.7711363,0.0,1.8841856957973662,1.8841856957973662,1.0,0.5
00-0033307,2021,1,1.0,,2.347831,,2.347831,,25.0,,1.0,1.0,0.0,2.347831,2.347831,,,,1.0,1.0
00-0033319,2018,8,34.25,7.667184247539268,3.8896776375,8.226985579759436,0.1513914333632978,0.33180841360784047,8.535190226156935,1.9491598167129207,0.6473391579306961,0.05261490485089623,0.035267911912648754,-8.337385,18.61388,0.22385939408873776,2.1150815945372634,2.1917251606409693,5.0,0.625
00-0033319,2020,10,32.6,9.582391258043174,0.30183684400000016,14.56908206385945,-0.015319088945155717,0.47543272294082994,7.517259185259185,1.350242773470046,0.6585445081234556,0.03558273889852837,0.04066664329822224,-24.40027,24.949303,0.2939383821485636,48.26807049393692,31.035313173188,5.0,0.5
00-0033319,2021,1,30.0,,2.1646621,,0.07215540333333334,,4.9,,0.6666666666666666,0.03333333333333333,0.0,2.1646621,2.1646621,,,,1.0,1.0
00-0033319,2022,4,6.25,5.123475382979799,3.109373775,3.204085664094582,0.28823851565934067,1.0020129995979976,6.97184065934066,7.228825564821213,0.8901098901098901,0.0625,0.019230769230769232,-1.012537,5.7132344,0.8197560612767678,1.0304601170358112,3.476332777061074,3.0,0.75
00-0033319,2023,5,29.6,12.177848742696716,2.4593738600000004,6.466250112998888,0.07854231866744367,0.2105330973575937,8.223892773892775,2.4814081754994444,0.6728049728049728,0.04141414141414142,0.043434343434343436,-4.1967072,11.740159,0.41141380887488904,2.6292261693790984,2.6805052477380085,3.0,0.6
00-0033357,2018,6,1.3333333333333333,0.5163977794943222,-0.01917142500000002,3.020690148381684,-0.2729711333333332,2.8330678424552604,9.0,17.320508075688775,0.3333333333333333,0.0,0.16666666666666666,-5.287774,3.202314,0.38729833462074165,30.20690148381684,10.378635307916301,3.0,0.5
00-0033357,2019,6,1.1666666666666667,0.408248290463863,0.31547995,1.934835399188432,0.37628225000000004,1.9008581423595825,15.833333333333334,18.486932321687846,0.5833333333333334,0.0,0.0,-2.269322,3.2679589,0.34992710611188255,6.13299006541757,5.051681662793242,3.0,0.5
00-0033357,2020,9,13.444444444444445,15.740958604156793,0.5885513566666666,3.779283196586075,0.36490945687758125,1.1936487603058132,10.548177754413452,12.54479219387049,0.7568533922938957,0.011853959222380275,0.009868421052631578,-8.220689,4.9730883,1.1708151027885219,6.421331212267546,3.2710820117392982,6.0,0.6666666666666666
00-0033357,2021,9,14.88888888888889,14.743171677461776,-1.270515872222222,8.585142139104791,0.17774989380403922,0.6546945526471147,7.588169082749029,4.329013298909095,0.7456410146112042,0.021733987181141654,0.04787714543812105,-22.099218,8.639663,0.9902130231131043,6.757209671130492,3.683234564229244,6.0,0.6666666666666666
00-0033357,2022,11,1.7272727272727273,1.009049958219026,1.144198319090909,2.3541021020872264,0.735308835,1.3921393374882203,12.96969696969697,12.670573560160342,0.712121212121212,0.13636363636363635,0.0,-1.6168677,6.2532315,0.5841868179162782,2.057424891130423,1.8932716040168622,7.0,0.6363636363636364
00-0033357,2023,8,1.375,0.5175491695067657,0.2769270525,1.1864005090515537,0.173140448125,0.7039417443147316,6.9375,7.437537514911389,0.625,0.125,0.0,-1.4256791,2.5955791,0.3763993960049205,4.28416255595525,4.065726708796062,5.0,0.625
00-0033400,2019,2,1.0,0.0,-0.29237115000000014,3.6242467448829423,-0.29237115000000014,3.6242467448829423,0.5,0.7071067811865476,0.5,0.5,0.0,-2.8551006,2.2703583,0.0,12.396047779963723,12.396047779963723,1.0,0.5
00-0033466,2020,1,1.0,,2.2947237,,2.2947237,,12.0,,1.0,1.0,0.0,2.2947237,2.2947237,,,,1.0,1.0
00-0033537,2018,17,32.588235294117645,8.551745607837995,2.8549821588235296,9.091765964464114,0.10264825009794767,0.32320888970514283,8.103668089236185,1.8961826989968664,0.6783343133518264,0.0560393337491702,0.01858470928478343,-17.725382,15.493073,0.2624181865221046,3.1845263678322304,3.148703357307452,12.0,0.7058823529411765
00-0033537,2019,17,33.64705882352941,7.913131305546719,4.988169735294117,12.626487766526289,0.15249134401324924,0.3955798739673944,7.976915464919283,2.17625499488757,0.6785260132940899,0.052972097747184255,0.020759769199543688,-17.663477,32.19703,0.23518047586415075,2.531286711674376,2.5941136300367607,12.0,0.7058823529411765
00-0033537,2020,16,34.0,4.546060565661952,8.340247261875,7.017833427962527,0.2469329111482644,0.21466200514454012,8.90177384911078,1.5630115726416645,0.6984577757863821,0.062415358370007765,0.012822780442023863,-0.60069597,21.82711,0.13370766369593975,0.8414418910626906,0.8693130621849428,15.0,0.9375
00-0033537,2022,6,28.333333333333332,8.262364471909157,-3.9817752,7.435477799614616,-0.10364611237691417,0.304475725349297,6.658456017883158,1.7725534411713164,0.5744004481490578,0.049192665571975915,0.028414608503596266,-15.472528,7.915033,0.29161286371444084,1.8673775957052061,2.9376473305825126,1.0,0.16666666666666666
00-0033537,2023,6,28.5,12.144957801491119,-3.15836002,10.058916178183258,-0.2546101709765505,0.5362063071758688,5.75127107791915,2.6261891043746965,0.5569124305939722,0.036027875099883214,0.04814908722109534,-15.953177,12.508117,0.42613887022775854,3.1848542010683314,2.1059893448846285,2.0,0.3333333333333333
00-0033550,2022,1,40.0,,-1.5163256,,-0.03790814,,4.2,,0.575,0.025,0.0,-1.5163256,-1.5163256,,,,0.0,0.0
00-0033555,2022,1,1.0,,0.051149596,,0.051149596,,4.0,,1.0,0.0,0.0,0.051149596,0.051149596,,,,1.0,1.0
00-0033556,2018,1,1.0,,3.1576967,,3.1576967,,1.0,,1.0,1.0,0.0,3.1576967,3.1576967,,,,1.0,1.0
00-0033557,2023,1,1.0,,4.1430035,,4.1430035,,31.0,,1.0,0.0,0.0,4.1430035,4.1430035,,,,1.0,1.0
00-0033572,2020,1,1.0,,-0.4681625,,-0.4681625,,0.0,,0.0,0.0,0.0,-0.4681625,-0.4681625,,,,0.0,0.0
00-0033662,2021,4,11.75,18.85691738681944,2.00642355,3.066662605756264,0.6199829958333333,1.0521162162681965,11.78125,7.903159163810287,0.8166666666666667,0.09583333333333333,0.00625,-1.0704912,6.13948,1.6048440329208034,1.5284223541715625,1.697008181416368,3.0,0.75
00-0033662,2022,8,20.25,13.44565782272159,-1.175177275,5.93390831704434,-0.23323613968674572,0.5421815548510256,5.629577888666386,2.5704443190607686,0.5353779856485714,0.020613249072502043,0.009868421052631578,-8.382048,8.252576,0.6639831023566217,5.049372927198869,2.3246035351949215,4.0,0.5
00-0033662,2023,7,3.4285714285714284,2.6367367999823097,-0.7485639728571429,1.5717420864795875,-0.49516842674603173,1.0770958898762495,5.007936507936508,3.646469143350027,0.6944444444444444,0.0,0.015873015873015872,-2.601654,1.576988,0.7690482333281737,2.0996763716539975,2.17521116391511,2.0,0.2857142857142857
00-0033681,2021,1,1.0,,-0.7408588,,-0.7408588,,0.0,,0.0,0.0,0.0,-0.7408588,-0.7408588,,,,0.0,0.0
00-0033733,2020,1,1.0,,0.86806905,,0.86806905,,15.0,,1.0,0.0,0.0,0.86806905,0.86806905,,,,1.0,1.0
00-0033733,2021,2,1.0,0.0,-1.67691455,1.5943223569547174,-1.67691455,1.5943223569547174,1.0,1.4142135623730951,0.5,0.0,0.0,-2.8042707,-0.5495584,0.0,0.9507475243474495,0.9507475243474495,0.0,0.0
00-0033787,2019,1,1.0,,-2.4030688,,-2.4030688,,0.0,,0.0,0.0,1.0,-2.4030688,-2.4030688,,,,0.0,0.0
00-0033839,2018,1,1.0,,-0.46382263,,-0.46382263,,0.0,,0.0,0.0,0.0,-0.46382263,-0.46382263,,,,0.0,0.0
00-0033856,2021,1,1.0,,-0.66330147,,-0.66330147,,0.0,,0.0,0.0,0.0,-0.66330147,-0.66330147,,,,0.0,0.0
00-0033856,2022,1,1.0,,-4.7260165,,-4.7260165,,0.0,,0.0,0.0,1.0,-4.7260165,-4.7260165,,,,0.0,0.0
00-0033858,2023,1,1.0,,-0.86183035,,-0.86183035,,0.0,,0.0,0.0,0.0,-0.86183035,-0.86183035,,,,0.0,0.0
00-0033869,2018,15,31.8,7.203173903614593,3.730521993333333,10.002514602811855,0.13694958687014264,0.3469259390594171,7.524857347832266,2.6530573613358532,0.6672531249188822,0.05600606752153158,0.024944610102105358,-14.511609,23.282019,0.22651490262938972,2.681264075292131,2.533238303145644,8.0,0.5333333333333333
00-0033869,2019,15,34.4,12.965889314439089,-2.405080390666667,7.300329130538368,-0.056539980883569554,0.20997287982343743,5.9861659439883175,1.6302148239784453,0.6369584717732076,0.033765437169852586,0.016759848007637548,-14.581127,11.145416,0.37691538704764793,3.0353784259638745,3.713706240117518,4.0,0.26666666666666666
00-0033869,2020,10,32.6,7.947046970765655,2.51227913,6.293951998694524,0.07860545016176404,0.19848142096845411,7.058338331470883,1.275097880537182,0.6687404489759194,0.052499936051836574,0.026036137775268208,-4.9347477,13.883746,0.24377444695600167,2.5052757567963893,2.525033831114693,6.0,0.6
00-0033869,2021,4,2.0,2.0,-0.4152834575,2.0250902497188226,0.2417326225,0.894239194437156,6.95,6.089061230326616,0.9,0.0,0.05,-3.2850804,1.3690553,1.0,4.87640481012616,3.69929050199733,2.0,0.5
00-0033869,2022,7,25.714285714285715,10.20970593298824,1.1043239999999999,7.7411108086554945,0.09549828908013039,0.4575533854397486,7.494689192386561,2.4908206052593744,0.658359622833307,0.024755069491911596,0.029603729603729607,-6.63285,10.363566,0.3970441196162093,7.009818503134492,4.791220762665457,3.0,0.42857142857142855
00-0033869,2023,5,21.4,11.260550608207398,-3.92990638,9.01638673477206,-0.12240009132383389,0.357868788384744,5.673972313563107,1.49502221395715,0.6253675963138878,0.03358205117795911,0.03792040487692662,-16.507744,8.028603,0.5261939536545513,2.2943006430529933,2.9237624295388036,1.0,0.2
00-0033873,2018,18,36.22222222222222,7.408703590297622,12.741073338888889,7.009732734911174,0.37795741244169423,0.2470239537262828,8.894733876090568,1.6967990571951395,0.6535064305225646,0.08597050793655407,0.017791217074952688,-0.7167118,28.596642,0.20453476169533313,0.5501681489828448,0.6535761585688972,17.0,0.9444444444444444
00-0033873,2019,17,35.05882352941177,8.583928210872443,10.249462511764706,9.241356704434756,0.2880652291012379,0.2424669745772176,8.160864192137012,1.597811184236735,0.6648244066632385,0.06185391117603861,0.011873661229197563,-2.140624,25.752728,0.24484358990743543,0.9016430562897507,0.8417085787608362,15.0,0.8823529411764706
00-0033873,2020,18,39.166666666666664,8.19074082694097,11.178766805555556,11.213592196501397,0.2981253411414613,0.2690471192499535,8.039321352702453,1.562965949745653,0.6682193274018481,0.060356320872225803,0.010958718308402369,-14.088996,31.37785,0.20912529770913119,1.0031153159871384,0.9024630989765138,16.0,0.8888888888888888
00-0033873,2021,20,39.0,8.045920836378095,8.686808085,11.74604416603884,0.2408819770478162,0.3262327466659124,7.714469290426297,1.9102734780646116,0.6793378138504076,0.0632738573545883,0.019987519602532144,-9.874957,24.89288,0.2063056624712332,1.3521703312775375,1.3543260922387468,14.0,0.7
00-0033873,2022,20,37.4,9.218973569991972,11.072458565,8.74080064693001,0.3080844731224363,0.24375085843886682,8.019504097955352,1.412987282029554,0.6783030350511833,0.06650748213859221,0.014866757513816336,1.0105886,33.188526,0.24649661951850194,0.7894182304334512,0.7911818988099326,20.0,1.0
00-0033873,2023,20,37.3,6.027131638638207,4.3469051774,9.972817143407466,0.1306424372808102,0.2748410158365578,7.103020128170984,1.4427655184586772,0.6792643357958253,0.04553071760842152,0.019673707719657,-14.331735,22.319954,0.16158529862300824,2.2942338828224624,2.1037652202231887,14.0,0.7
00-0033891,2018,1,1.0,,-1.4740564,,-1.4740564,,0.0,,0.0,0.0,0.0,-1.4740564,-1.4740564,,,,0.0,0.0
00-0033891,2020,1,1.0,,2.2214208,,2.2214208,,29.0,,1.0,0.0,0.0,2.2214208,2.2214208,,,,1.0,1.0
00-0033897,2021,1,1.0,,1.8504547,,1.8504547,,6.0,,1.0,1.0,0.0,1.8504547,1.8504547,,,,1.0,1.0
00-0033899,2018,2,21.0,19.79898987322333,-13.456784,7.852297768496684,-0.8361578857142857,0.41441827348458526,5.814285714285714,2.8890362774193226,0.5142857142857142,0.0,0.08571428571428572,-19.009197,-7.904371,0.9428090415820634,0.5835196409852966,0.49562203570031454,0.0,0.0
00-0033906,2019,1,1.0,,0.9648147,,0.9648147,,13.0,,1.0,0.0,0.0,0.9648147,0.9648147,,,,1.0,1.0
00-0033908,2019,1,1.0,,-1.3150116,,-1.3150116,,0.0,,0.0,0.0,0.0,-1.3150116,-1.3150116,,,,0.0,0.0
00-0033908,2021,2,1.0,0.0,-0.958884975,0.787462431155926,-0.958884975,0.787462431155926,0.0,0.0,0.0,0.0,0.0,-1.515705,-0.40206495,0.0,0.8212272083582558,0.8212272083582558,0.0,0.0
00-0033908,2022,1,1.0,,-0.46752027,,-0.46752027,,0.0,,0.0,0.0,0.0,-0.46752027,-0.46752027,,,,0.0,0.0
00-0033921,2023,1,1.0,,-0.71117306,,-0.71117306,,0.0,,0.0,0.0,0.0,-0.71117306,-0.71117306,,,,0.0,0.0
00-0033936,2018,5,33.8,12.397580409095962,-4.85629328,11.867184521053083,-0.14686125542878284,0.4615201643903471,7.650240302414216,1.8141711630016624,0.60049179614397,0.05015978711630885,0.04172868520694607,-23.402594,9.623563,0.36679231979573856,2.4436713017161686,3.142559029901193,1.0,0.2
00-0033936,2020,6,17.333333333333332,12.53262409340784,1.6941996833333335,5.471676883013334,-0.016720466414911133,0.6568208902504914,7.070366675629834,4.626979028513463,0.5362854310222731,0.0603005603005603,0.0,-7.880295,6.657749,0.7230360053889139,3.229652877899153,39.28245025896799,4.0,0.6666666666666666
00-0033936,2021,1,2.0,,1.8290544,,0.9145272,,16.5,,1.0,0.0,0.0,1.8290544,1.8290544,,,,1.0,1.0
00-0033936,2022,2,5.5,3.5355339059327378,-5.8005705,2.2852614951428256,-1.160972,0.330798977217403,2.8125,1.1490485194281397,0.6458333333333333,0.0,0.0625,-7.4164944,-4.1846466,0.6428243465332251,0.39397185072448054,0.2849327780664848,0.0,0.0
00-0033936,2023,5,10.6,9.316651759081694,1.11614297,2.395665673225184,-0.0036343212666666734,0.31701716522021145,5.3966666666666665,1.9266551326067671,0.7683333333333333,0.013333333333333332,0.0,-1.0978969,5.1910768,0.878929411234122,2.146378857921028,31.701716522021144,4.0,0.8
00-0033949,2018,3,4.0,4.358898943540674,-3.5513762,6.752420305633183,0.038726696296296215,2.0703915099690495,7.722222222222222,12.53919780055652,0.6481481481481481,0.0,0.037037037037037035,-10.874359,2.428654,1.0897247358851685,1.9013531446297305,53.461609379963036,1.0,0.3333333333333333
00-0033949,2020,1,5.0,,-2.6230881,,-0.52461762,,0.4,,0.8,0.0,0.0,-2.6230881,-2.6230881,,,,0.0,0.0
00-0033949,2022,2,34.0,7.0710678118654755,-4.48731815,5.547064395872635,-0.11755701401414677,0.1387003170005348,6.060565870910699,0.15817684848823738,0.601237842617153,0.030061892130857647,0.030061892130857647,-8.409685,-0.5649513,0.20797258270192576,1.2361647225465024,1.1798557335238513,0.0,0.0
00-0033949,2023,13,32.07692307692308,5.794559782841408,-6.211512115384616,10.430184937633436,-0.19332569807882155,0.3342158991575204,5.904536519183594,1.6440202028859277,0.6302052485086842,0.031060775797435214,0.02286109984280716,-23.790539,8.314626,0.1806457486257513,1.6791700223525365,1.728771200511874,5.0,0.38461538461538464
00-0033958,2018,4,20.25,20.27107956342401,-11.271370925,10.43035938118096,-0.5925170889172335,0.496976509931127,5.438350340136054,4.3315113212568,0.6026077097505669,0.020833333333333332,0.08475056689342403,-23.950865,-0.5690811,1.0010409660950128,0.9253851594969988,0.8387547283054781,0.0,0.0
00-0033958,2020,1,5.0,,-3.5255508,,-0.70511016,,5.0,,0.6,0.0,0.0,-3.5255508,-3.5255508,,,,0.0,0.0
00-0033958,2022,3,8.333333333333334,9.451631252505218,-1.6978235333333334,1.7338106016076629,-0.39481796912280703,0.42834762378038665,3.6666666666666665,3.214550253664318,0.39298245614035093,0.017543859649122806,0.06666666666666667,-3.688526,-0.51827955,1.134195750300626,1.0211960003897909,1.0849243379982798,0.0,0.0
00-0034052,2021,1,1.0,,-1.3167127,,-1.3167127,,0.0,,0.0,0.0,0.0,-1.3167127,-1.3167127,,,,0.0,0.0
00-0034064,2018,1,1.0,,3.3937395,,3.3937395,,12.0,,1.0,0.0,0.0,3.3937395,3.3937395,,,,1.0,1.0
00-0034162,2018,1,1.0,,-0.6521801,,-0.6521801,,0.0,,0.0,0.0,0.0,-0.6521801,-0.6521801,,,,0.0,0.0
00-0034177,2019,1,4.0,,-0.45442072,,-0.11360518,,3.75,,0.75,0.0,0.0,-0.45442072,-0.45442072,,,,0.0,0.0
00-0034177,2021,3,31.333333333333332,7.371114795831994,-1.6328369,9.552639711967144,-0.1103602976682565,0.3714311612507631,5.309635722679201,1.8738935752461752,0.6508836201930831,0.027821939586645472,0.06581645584203129,-12.218957,6.3441515,0.23524834454782959,5.850333068763416,3.365623046498902,2.0,0.6666666666666666
00-0034177,2022,1,8.0,,-4.509479,,-0.563684875,,4.125,,0.25,0.0,0.25,-4.509479,-4.509479,,,,0.0,0.0
00-0034177,2023,3,25.666666666666668,12.013880860626733,-10.329192666666666,7.3720843011186945,-0.4080929786616541,0.19336864321300187,4.329223057644111,1.8117758929034915,0.5901754385964912,0.008771929824561403,0.05468671679197995,-18.667585,-4.6764073,0.4680732802841584,0.7137135049198129,0.47383477129931684,0.0,0.0
00-0034253,2018,1,1.0,,-6.4183683,,-6.4183683,,0.0,,0.0,0.0,1.0,-6.4183683,-6.4183683,,,,0.0,0.0
00-0034331,2019,2,2.5,0.7071067811865476,-1.75572945,5.286924619400216,-1.0430889583333334,2.4097999580874117,6.166666666666667,5.892556509887896,0.75,0.0,0.25,-5.4941497,1.9826908,0.282842712474619,3.0112410653020696,2.3102535395809713,1.0,0.5
00-0034343,2018,14,28.071428571428573,9.84857885659172,-10.834693668571429,11.086006108551194,-0.37578350726447907,0.343691839779252,5.788204056767429,1.0489459975006583,0.5473449844532466,0.029311602283738504,0.042589374952664176,-38.89661,4.4645195,0.3508399592678984,1.0231951587804236,0.914600649403592,1.0,0.07142857142857142
00-0034343,2019,5,21.8,13.026895255585652,-9.89302646,6.320845229387935,-0.7624600303888889,0.7825077167627698,4.616752136752137,2.1996810911181064,0.4984188034188034,0.008333333333333333,0.10211111111111111,-20.292883,-3.7953293,0.5975640025498006,0.6389192685316981,1.0262934259828094,0.0,0.0
00-0034343,2021,3,3.6666666666666665,2.0816659994661326,-6.234958866666666,2.952247694732651,-1.8106907666666665,0.8040314064515398,1.3333333333333333,1.2018504251546631,0.16666666666666666,0.0,0.16666666666666666,-8.206126,-2.8407156,0.5677270907634907,0.47349914536180115,0.44404678107001994,0.0,0.0
00-0034348,2019,1,1.0,,2.5538151,,2.5538151,,38.0,,1.0,0.0,0.0,2.5538151,2.5538151,,,,1.0,1.0
00-0034348,2021,1,1.0,,1.001634,,1.001634,,16.0,,1.0,0.0,0.0,1.001634,1.001634,,,,1.0,1.0
00-0034353,2018,1,1.0,,1.5813229,,1.5813229,,8.0,,1.0,0.0,0.0,1.5813229,1.5813229,,,,1.0,1.0
00-0034369,2018,1,5.0,,-6.7054243,,-1.34108486,,0.0,,0.0,0.0,0.2,-6.7054243,-6.7054243,,,,0.0,0.0
00-0034401,2021,4,33.0,15.811388300841896,0.7350446575000005,9.44882413550885,0.12325739003077651,0.35983417434800286,7.4133522727272725,1.6477362525878614,0.657260101010101,0.0472064393939394,0.04946338383838384,-12.202814,8.991357,0.4791329788133908,12.854762005407602,2.9193720089169077,2.0,0.5
00-0034401,2022,4,43.75,11.954775893619532,-1.906966475,15.4532908474141,0.02849704425633004,0.4384695598847187,7.257996151445808,2.7127722779727503,0.6108025746183641,0.026785714285714284,0.019641495041952707,-18.90303,17.472248,0.2732520204255893,8.103598594943366,15.386492575886061,2.0,0.5
00-0034401,2023,4,1.5,0.5773502691896257,-1.8102255,5.6030047652730675,-2.160242175,4.811236368619018,9.625,15.965457504667173,0.75,0.125,0.25,-8.976948,4.690234,0.38490017945975047,3.0951971261442663,2.2271745382524153,1.0,0.25
00-0034411,2020,2,1.0,0.0,1.0681500000000002,4.356603672829558,1.0681500000000002,4.356603672829558,19.5,27.577164466275352,0.5,0.5,0.0,-2.012434,4.148734,0.0,4.078644078855552,4.078644078855552,1.0,0.5
00-0034412,2019,3,24.333333333333332,2.081665999466133,-18.316422333333332,14.173354558567086,-0.7461831500233101,0.5391782173194926,5.663310023310022,1.9560047410690546,0.6407925407925408,0.0,0.04079254079254079,-33.18706,-4.962313,0.08554791778627945,0.7738058394063976,0.7225816038631387,0.0,0.0
00-0034418,2020,2,1.0,0.0,1.41147019,1.7776202172616264,1.41147019,1.7776202172616264,11.5,0.7071067811865476,1.0,0.5,0.0,0.15450288,2.6684375,0.0,1.2594103863161479,1.2594103863161479,2.0,1.0
00-0034418,2021,3,1.0,0.0,1.9163465000000002,0.6605448159703244,1.9163465000000002,0.6605448159703244,29.333333333333332,6.658328118479393,1.0,0.0,0.0,1.2565496,2.5776367,0.0,0.34468965605662877,0.34468965605662877,3.0,1.0
00-0034419,2022,1,1.0,,1.1844527,,1.1844527,,2.0,,1.0,1.0,0.0,1.1844527,1.1844527,,,,1.0,1.0
00-0034437,2018,1,1.0,,2.7448695,,2.7448695,,4.0,,1.0,0.0,0.0,2.7448695,2.7448695,,,,1.0,1.0
00-0034437,2019,2,1.0,0.0,3.0799724,0.0695728018863692,3.0799724,0.0695728018863692,8.0,1.4142135623730951,1.0,0.0,0.0,3.030777,3.1291678,0.0,0.02258877445991698,0.02258877445991698,2.0,1.0
00-0034437,2023,1,1.0,,2.564376,,2.564376,,13.0,,1.0,0.0,0.0,2.564376,2.564376,,,,1.0,1.0
00-0034438,2020,2,1.5,0.7071067811865476,0.7674023,3.184639661100794,1.1385218,2.659797430939672,3.5,4.949747468305833,0.5,0.0,0.0,-1.484478,3.0192826,0.47140452079103173,4.1498959034925935,2.336184894254701,1.0,0.5
00-0034438,2023,1,4.0,,-10.079576,,-2.519894,,6.75,,0.75,0.0,0.25,-10.079576,-10.079576,,,,0.0,0.0
00-0034577,2018,2,15.5,16.263455967290593,6.5468095,6.187015336861586,0.4737446435185185,0.0979167621123624,8.972222222222221,0.746390491252466,0.7962962962962963,0.037037037037037035,0.0,2.171929,10.92169,1.0492552236961672,0.9450428238154152,0.20668679520074587,2.0,1.0
00-0034577,2019,13,37.61538461538461,6.825667995862644,-2.1644925384615386,12.283214388531473,-0.030680694824942702,0.34138943794041654,6.877002291164708,1.252983270716799,0.6209637684312711,0.03930979870313478,0.029512883760306634,-31.149303,13.6543865,0.18145947637262655,5.674870284959283,11.127174266694727,7.0,0.5384615384615384
00-0034577,2020,4,21.75,15.435349040433131,1.92189987,4.7265282965025825,0.10303040804945056,0.26143277035409174,7.244029304029304,1.3674244244375842,0.6861721611721612,0.03190476190476191,0.005952380952380952,-2.8740487,8.318661,0.7096712202497991,2.459299972012893,2.5374331258458596,3.0,0.75
00-0034577,2021,2,9.5,0.7071067811865476,0.6698011999999998,6.015287808246691,0.047070955555555516,0.6296845911975186,6.294444444444444,0.573542166962422,0.6222222222222222,0.05,0.0,-3.5836496,4.923252,0.0744322927564787,8.980706227828037,13.377348808105948,1.0,0.5
00-0034577,2022,2,39.0,0.0,-17.0022825,1.7387324414240686,-0.4359559615384615,0.0445828831134377,5.333333333333334,0.25383320350286326,0.5897435897435896,0.02564102564102564,0.05128205128205128,-18.231752,-15.772813,0.0,0.10226464837436201,0.10226464837436211,0.0,0.0
00-0034721,2018,1,1.0,,-2.9638326,,-2.9638326,,0.0,,0.0,0.0,0.0,-2.9638326,-2.9638326,,,,0.0,0.0
00-0034721,2019,1,1.0,,-0.2105546,,-0.2105546,,0.0,,0.0,0.0,0.0,-0.2105546,-0.2105546,,,,0.0,0.0
00-0034771,2019,10,28.3,9.557428756964105,-1.7355914609999998,11.384117149080215,-0.035579776453765734,0.3337811710751805,6.265076611984506,0.9165448886509949,0.625732766259082,0.048393584972532336,0.02994269132427027,-29.076826,15.115513,0.337718330634774,6.559214771960794,9.381204840027976,5.0,0.5
00-0034771,2020,3,14.333333333333334,21.385353243127252,3.397391633333333,7.48352789529041,-0.24230628803418805,0.4907871185591065,5.0256410256410255,3.637683551019385,0.7435897435897436,0.017094017094017092,0.008547008547008546,-1.2069862,12.032271,1.4920013890553896,2.20272747535673,2.0254823865316247,1.0,0.3333333333333333
00-0034771,2021,2,29.0,29.698484809834994,-4.37669015,2.917017492801894,-0.20902128625,0.11346889661468634,4.6075,0.3288046532517445,0.6125,0.01,0.01,-6.439333,-2.3140473,1.0240856830977585,0.666489377321329,0.5428580918738192,0.0,0.0
00-0034771,2023,5,22.6,13.049904214207857,2.636857488,6.923952297521029,-0.2245994374689458,0.9544522667724422,7.325840455840455,4.2012519720875705,0.7020797720797721,0.03507122507122507,0.005128205128205128,-5.6805058,11.09758,0.5774293900091971,2.625834854189522,4.249575499958273,3.0,0.6
00-0034775,2021,1,1.0,,3.0305774,,3.0305774,,33.0,,1.0,0.0,0.0,3.0305774,3.0305774,,,,1.0,1.0
00-0034775,2022,1,1.0,,-0.3268064,,-0.3268064,,0.0,,0.0,0.0,0.0,-0.3268064,-0.3268064,,,,0.0,0.0
00-0034775,2023,2,1.0,0.0,-0.8782986,0.5113543097313448,-0.8782986,0.5113543097313448,-0.5,0.7071067811865476,0.5,0.0,0.0,-1.2398807,-0.5167165,0.0,0.5822100931634694,0.5822100931634694,0.0,0.0
00-0034796,2018,13,15.307692307692308,10.919284281983378,-0.9671055490769229,4.785900277398853,-0.018166118522723065,0.5006054396575353,6.800652749759512,2.7864922589357315,0.5867344550817288,0.03701781976144795,0.012854949043696775,-13.105216,6.658533,0.7133200787225322,4.948684538070194,27.557094215330242,5.0,0.38461538461538464
00-0034796,2019,16,28.75,10.773424092026948,8.33651831,11.859305003496214,0.4029659629356051,0.5542184599324343,8.02674668873878,2.923505540708838,0.6645228291967237,0.09745075381035401,0.014991543227460475,-11.565358,29.052437,0.37472779450528515,1.4225728970415004,1.3753480713233335,12.0,0.75
00-0034796,2020,17,24.941176470588236,5.43680269362534,2.6778050411764704,9.05024692886382,0.13065509044653525,0.3757671917689904,7.4657702403723425,1.9617639852857887,0.6510403414149205,0.06499229213881404,0.02665506665625983,-14.926028,15.386891,0.21798501365950657,3.3797258537117667,2.8760241218673093,12.0,0.7058823529411765
00-0034796,2021,12,31.833333333333332,10.54715242339961,1.5976418875,11.161312746659215,0.0031610915491645055,0.30986380725435725,7.320466671033305,1.8639807255911047,0.6661844841663805,0.037341824449414994,0.03394321202488946,-10.955327,30.368288,0.33132415989736996,6.986116747429868,30.986380725435723,6.0,0.5
00-0034796,2022,12,27.166666666666668,9.183318209303941,0.7856112166666666,7.70210486352329,-0.08469668874484981,0.5141741005522414,6.614810136299474,1.955976563008575,0.6268252511503419,0.04730818278061926,0.019132053291536052,-9.215596,17.830528,0.33803625310321256,9.803964989455183,6.070769804250547,6.0,0.5
00-0034796,2023,18,28.666666666666668,6.659800385632484,3.1603835944444443,11.226392428706868,0.13392480221066153,0.4456766137742361,8.202399196766143,2.5643577360940832,0.6776060600626761,0.05686724219312589,0.015778316535993084,-13.225237,28.995928,0.23231861810345872,3.5522246250238263,3.3278123724475925,9.0,0.5
00-0034827,2020,1,1.0,,-0.40847093,,-0.40847093,,0.0,,0.0,0.0,0.0,-0.40847093,-0.40847093,,,,0.0,0.0
00-0034829,2021,1,1.0,,-0.58645344,,-0.58645344,,0.0,,0.0,0.0,0.0,-0.58645344,-0.58645344,,,,0.0,0.0
00-0034855,2018,14,34.714285714285715,8.870249076622295,2.7097886357142857,11.82558278272146,0.151747956750307,0.4037128636255008,7.923071530189228,1.9121254124731848,0.6586002326571545,0.060382561398258226,0.024325424430028487,-23.239529,22.392036,0.25552157833891387,4.3640240522317715,2.66041713029315,7.0,0.5
00-0034855,2019,16,33.4375,5.95503988231817,-0.31053821249999985,10.405792752840776,-0.03463176736551188,0.36600663719848336,7.294410217820839,1.9230658926581814,0.5819309159635876,0.042100550467056824,0.0425634160494077,-23.26943,15.834906,0.17809465068615088,33.508896277429244,10.56852320979067,9.0,0.5625
00-0034855,2020,18,30.944444444444443,9.251214370030642,5.75802109,11.04078388638316,0.18087270286345403,0.3895258704350133,7.376637230869954,1.845692165396899,0.6303796790555595,0.05566288678286471,0.017683464453430536,-13.481387,24.863516,0.29896204427388073,1.9174615225980634,2.1535912510196606,13.0,0.7222222222222222
00-0034855,2021,14,29.857142857142858,5.68205194324324,-0.46831517857142846,7.936438573245335,0.007668287372571854,0.28309765846703405,7.35431611197931,2.3815257236383673,0.6179130946566517,0.042061410469395114,0.030758919569037535,-15.7457695,10.770013,0.19030795982154394,16.946789120641007,28.309765846703403,5.0,0.35714285714285715
00-0034855,2022,12,27.916666666666668,6.111960455210799,-4.19514145,9.354322082801135,-0.13855566834533767,0.3653816502857956,6.52584876948912,1.1959944507305575,0.5995393118230384,0.03224305175454601,0.022254751421418088,-14.267775,13.938192,0.21893589690307338,2.2297989696631406,2.637074719852777,3.0,0.25
00-0034855,2023,19,33.8421052631579,5.500132906421816,3.5263473884210526,8.851802343811892,0.11645458953638113,0.2800225022731036,7.439943837690823,2.2808537478455633,0.6409486972768778,0.05465754420273333,0.018736535370759175,-9.188732,23.4666,0.16252336737482814,2.510190111410252,2.4045639024439036,13.0,0.6842105263157895
00-0034857,2018,12,26.583333333333332,8.371578903249574,-3.3804464000000003,6.940365643283501,-0.11872810951991676,0.2596588240454292,6.440949500385263,1.6910880051319919,0.5267188299322021,0.03068154856304728,0.031595106831788476,-17.663813,6.2445054,0.3149183286488868,2.0530914625013725,2.1870037777521523,4.0,0.3333333333333333
00-0034857,2019,17,29.823529411764707,9.41564717715707,-0.9744354541176473,9.143271575601343,-0.044909391568108505,0.3630677563302435,6.494656101823864,2.0162065930518875,0.590125392414794,0.04067791791840235,0.017660275822040526,-22.218468,12.1091795,0.31571203552597665,9.383147479871397,8.084450571538554,7.0,0.4117647058823529
00-0034857,2020,19,36.421052631578945,8.34875765524218,9.001198256315789,10.590661330482593,0.24759040743942043,0.28879856398437304,7.83995329911878,1.9935159337075223,0.683816494254923,0.06187072837532041,0.01780253953603166,-7.7577515,28.711475,0.22922889515838357,1.1765834979861198,1.1664368057354373,14.0,0.7368421052631579
00-0034857,2021,19,37.26315789473684,9.379896382175598,6.365746915789474,10.753844848969313,0.19694098922895784,0.33438466989700777,7.439133762515897,2.6383833129463423,0.6445921439464776,0.06911336064025396,0.02395088230342825,-8.697118,22.969223,0.25172038313748074,1.6893296248230805,1.6978927099236916,12.0,0.631578947368421
00-0034857,2022,18,36.0,8.96398020839351,4.839150882777778,9.604351441616966,0.1412002159886825,0.2860301733232847,7.65318263891554,1.923346867672886,0.6254732662736069,0.061209375704370066,0.028776076054733955,-12.699219,24.854641,0.24899945023315306,1.9847183264729822,2.025706344147594,13.0,0.7222222222222222
00-0034857,2023,19,34.10526315789474,8.562805464735291,5.263197178947368,7.090266393460628,0.1619505907176171,0.2526121655730959,7.394753944188228,2.059408732355178,0.6627104033355599,0.05401470191307524,0.02755971064138835,-5.041388,22.197313,0.2510699133178557,1.3471405597003818,1.5598100905575552,14.0,0.7368421052631579
00-0034860,2019,1,1.0,,1.2418056,,1.2418056,,16.0,,1.0,0.0,0.0,1.2418056,1.2418056,,,,1.0,1.0
00-0034860,2021,1,1.0,,0.98088473,,0.98088473,,16.0,,1.0,0.0,0.0,0.98088473,0.98088473,,,,1.0,1.0
00-0034869,2018,13,31.846153846153847,7.03380117535028,-1.0131238999999999,12.90792480746553,0.0070897135061798,0.3677023657523948,7.059416431328319,1.842197702460766,0.5839575243726285,0.04541347851040415,0.03502791414641563,-27.9814,20.112297,0.22086815284916336,12.740716912773978,36.77023657523948,7.0,0.5384615384615384
00-0034869,2019,13,33.92307692307692,5.96463939202724,-1.3441718692307691,12.340905822517144,-0.03400991251250367,0.3892184154177255,7.046533407539749,2.3884734785022936,0.6192091349091413,0.04608653783946532,0.030925378040762657,-31.661474,15.295621,0.17582837210057625,9.181047531949533,11.444263941420909,7.0,0.5384615384615384
00-0034869,2020,12,30.333333333333332,5.365433699886599,-6.4135962517500005,7.327366401373872,-0.22284006668965062,0.25708385384319626,6.09054169721388,1.1451638521735967,0.5948094054519776,0.025452544846105003,0.03294600754400266,-22.881012,3.6488407,0.17688242966659118,1.142473912257034,1.1536697940466738,2.0,0.16666666666666666
00-0034869,2021,12,33.833333333333336,6.132378054724009,-6.48054835,11.76890666210451,-0.2036123093018424,0.3561218969204483,6.1487719853631555,1.5523547655698626,0.5979042730565469,0.019293448112446827,0.03135410990995073,-24.502827,11.996257,0.18125255334159632,1.8160356232979125,1.7490194877782173,4.0,0.3333333333333333
00-0034869,2022,6,23.333333333333332,7.447594690010102,3.5121141333333328,9.80112986594462,0.0959169669744128,0.5313848994798103,7.810117814923307,3.2095045363978536,0.5679582484502393,0.04405202216987114,0.026726726726726727,-12.89567,14.305658,0.31918262957186155,2.7906638263610213,5.540051111307186,4.0,0.6666666666666666
00-0034869,2023,5,9.2,10.756393447619885,0.2892760648000001,3.06076510607242,-0.4167240543340659,0.6621472512808951,4.744322344322344,2.656015704138101,0.6706959706959708,0.021978021978021976,0.014285714285714285,-2.416892,5.523996,1.1691732008282485,10.580775523853223,1.5889345584790415,2.0,0.4
00-0034899,2020,2,22.0,22.627416997969522,-2.39829285,1.3406469506759058,-0.16488927149122806,0.10865324335670543,5.456140350877193,0.8807821309516644,0.5394736842105263,0.0,0.013157894736842105,-3.3462734,-1.4503123,1.02851895445316,0.5590005201724659,0.6589467123850181,0.0,0.0
00-0034899,2021,2,2.0,0.0,-3.1802396,0.5766846123519511,-1.5901198,0.28834230617597556,1.25,1.7677669529663689,0.25,0.0,0.25,-3.5880172,-2.772462,0.0,0.18133369962186216,0.18133369962186216,0.0,0.0
00-0034899,2022,2,31.0,7.0710678118654755,-9.8743695,2.691977436287403,-0.31686738995726493,0.014560859178411656,6.367521367521368,0.6768885426743011,0.6025641025641025,0.013888888888888888,0.05235042735042735,-11.777885,-7.970854,0.22809896167307986,0.2726227164465947,0.04595253295195646,0.0,0.0
00-0034928,2019,1,1.0,,-0.35981807,,-0.35981807,,0.0,,0.0,0.0,0.0,-0.35981807,-0.35981807,,,,0.0,0.0
00-0034955,2020,2,20.0,15.556349186104045,-0.84279645,2.8947044554788395,-0.14111629265232978,0.25449793899134654,6.847670250896058,1.3559216055010856,0.7508960573476702,0.03225806451612903,0.1039426523297491,-2.8896616,1.2040687,0.7778174593052023,3.434642440032631,1.8034624791224976,1.0,0.5
00-0034955,2021,1,2.0,,-2.0591178,,-1.0295589,,0.0,,0.0,0.0,0.0,-2.0591178,-2.0591178,,,,0.0,0.0
00-0034955,2022,4,22.0,18.110770276274835,-7.30721205,4.596428005080097,-0.453570187395485,0.41618306867899824,5.023306856187291,2.3123436488404914,0.5823578595317725,0.040865384615384616,0.07755016722408027,-12.780682,-1.8287858,0.8232168307397653,0.629026224178084,0.9175714812052065,0.0,0.0
00-0034955,2023,2,19.0,12.727922061357855,-9.862645650000001,6.693761785253329,-0.5171122435714286,0.005894602742225645,4.421428571428572,0.3131472888111855,0.48214285714285715,0.0,0.017857142857142856,-14.59585,-5.1294413,0.6698906348083081,0.6786983962313732,0.011399077889772348,0.0,0.0
00-0034959,2019,1,1.0,,2.351546,,2.351546,,6.0,,1.0,0.0,0.0,2.351546,2.351546,,,,1.0,1.0
00-0034960,2020,2,1.0,0.0,2.8156711000000003,0.9944850179770534,2.8156711000000003,0.9944850179770534,21.5,3.5355339059327378,1.0,1.0,0.0,2.112464,3.5188782,0.0,0.3531964432838243,0.3531964432838243,2.0,1.0
00-0034960,2021,1,2.0,,1.7869173,,0.89345865,,22.5,,1.0,0.0,0.0,1.7869173,1.7869173,,,,1.0,1.0
00-0034960,2023,2,1.5,0.7071067811865476,0.43391594999999994,1.7817401607800742,0.010466824999999957,1.1828926652300542,3.0,4.242640687119285,0.5,0.25,0.0,-0.8259646,1.6937965,0.47140452079103173,4.10618729452115,113.01351319335701,1.0,0.5
00-0035040,2019,5,34.8,7.981227975693966,-8.73313546,8.836121664663981,-0.2577797937929628,0.24601760617753185,5.524365846452539,1.2237310003561457,0.5301760013506099,0.023859649122807018,0.03146203520027012,-17.774517,4.3543487,0.2293456314854588,1.0117925806986143,0.9543711807571783,1.0,0.2
00-0035040,2020,1,10.0,,-9.727418,,-0.9727418,,4.9,,0.6,0.0,0.1,-9.727418,-9.727418,,,,0.0,0.0
00-0035040,2022,2,29.0,15.556349186104045,-2.4135144,5.890340342954754,-0.16084446277777775,0.2893963093302475,7.775,3.1466251762801365,0.6888888888888889,0.04027777777777777,0.05555555555555555,-6.578614,1.7515852,0.5364258340035878,2.4405656510500844,1.7992307868880548,1.0,0.5
00-0035100,2023,9,27.0,13.46291201783626,2.4776753411111114,8.75286820191085,-0.08135928284465534,0.5190512893346134,6.97488734988735,3.2753919354203904,0.6222181222181222,0.04966467466467466,0.024114774114774112,-8.63925,19.505068,0.49862637103097257,3.5326937539708627,6.379742681922018,5.0,0.5555555555555556
00-0035146,2020,2,5.0,1.4142135623730951,1.09227615,2.3086052820208147,0.15953959583333335,0.4165964443715585,8.041666666666668,6.776439986371082,0.29166666666666663,0.08333333333333333,0.0,-0.5401543,2.7247066,0.282842712474619,2.113572911045265,2.611241693295785,1.0,0.5
00-0035146,2022,5,16.6,16.349311912126456,-7.27763582,5.523741449301306,-0.5032582032222221,0.30647093984978624,4.655555555555556,1.5154757228892406,0.5533333333333333,0.0,0.07333333333333333,-14.991944,-1.5098753,0.984898307959425,0.7590021795431507,0.6089735604656579,0.0,0.0
00-0035156,2021,3,1.0,0.0,1.7307864333333332,4.113160790169801,1.7307864333333332,4.113160790169801,12.666666666666666,11.150485789118488,0.6666666666666666,0.0,0.0,-3.0166337,4.225299,0.0,2.3764692806426946,2.3764692806426946,2.0,0.6666666666666666
00-0035156,2022,1,1.0,,2.9525986,,2.9525986,,6.0,,1.0,0.0,0.0,2.9525986,2.9525986,,,,1.0,1.0
00-0035228,2019,16,33.6875,9.60360175489731,0.03835529375000002,11.232074039764996,0.017284143421844183,0.32118699748299423,7.095066926700604,2.057838077173816,0.6485330940967483,0.037002923340132644,0.021343298558265215,-24.736149,20.655579,0.2850790873438905,112.32074039764996,18.58275470435342,10.0,0.625
00-0035228,2020,16,34.875,9.3157572603269,2.1127369875000004,8.109441317372047,0.07902032845748672,0.20934686338925929,7.27277185447376,2.1596416502456286,0.6726373520475719,0.047573418897299415,0.019935687729563504,-15.659717,13.498881,0.2671184877513089,3.8383581890938263,2.649278577750899,11.0,0.6875
00-0035228,2021,15,34.333333333333336,7.69662882293899,2.957249869333333,10.449770250909332,0.12252878134146833,0.3236471068979648,7.7243701711727795,1.7358867942350324,0.6885927568195888,0.05352130560688717,0.022437851095106678,-21.975805,14.576907,0.22417365503705797,3.5336108589515547,2.6413966037580305,10.0,0.6666666666666666
00-0035228,2022,11,35.45454545454545,14.473172674736084,-1.6588038763636364,6.078212148405935,0.0391002969037689,0.29999914874113764,6.38129422116524,1.1220856756721889,0.6958052003583931,0.03584674251575808,0.01658472892519019,-11.672776,7.6762686,0.40821769082588955,3.6642138561493773,7.672554238641102,5.0,0.45454545454545453
00-0035228,2023,8,33.5,6.824326235712107,-1.6098084625000002,9.323006688580463,-0.022275769608114157,0.2788016414682667,6.823489042323528,1.1492352644752422,0.6579580772803326,0.038426743486904405,0.018515431141439206,-13.31704,14.697531,0.2037112309167793,5.791376369150167,12.515915111938964,3.0,0.375
00-0035232,2019,9,22.555555555555557,9.001543077593851,-5.709988633333333,8.201211750217572,-0.3740865389726417,0.7026612046126481,6.810839976224245,1.3498632592176238,0.5992807747349104,0.03321575543797766,0.05295131249604993,-14.218382,10.157755,0.3990831906322397,1.4362921324118174,1.878338650041712,2.0,0.2222222222222222
00-0035232,2020,7,34.42857142857143,13.53830544365558,-5.653164424285714,5.407590672509096,-0.215909192696804,0.20854084880125776,5.806425633844989,0.9178462995410207,0.5967236822075532,0.019256709579290227,0.026981898410469836,-16.32608,-0.19756187,0.39322878881987156,0.9565599488453501,0.9658729496251999,0.0,0.0
00-0035250,2023,1,1.0,,1.8422966,,1.8422966,,6.0,,1.0,1.0,0.0,1.8422966,1.8422966,,,,1.0,1.0
00-0035251,2019,2,26.0,25.45584412271571,-14.0896655,1.034191043639665,-1.0781091079545455,1.0953218631927177,2.7954545454545454,3.2462629499927864,0.3693181818181818,0.0,0.09659090909090909,-14.820949,-13.358382,0.9790709277967581,0.07340068106227682,1.0159656894753717,0.0,0.0
00-0035264,2019,2,2.0,1.4142135623730951,-5.0749328,5.873021317984508,-1.9990041333333333,1.523001280692316,2.3333333333333335,3.299831645537222,0.3333333333333333,0.0,0.16666666666666666,-9.227786,-0.9220796,0.7071067811865476,1.1572609036290111,0.7618800057970446,0.0,0.0
00-0035264,2020,5,8.8,3.8987177379235853,-3.8139058599999998,5.830594505753638,-0.13131832275457875,1.155308256608701,7.841172161172162,7.056271435876654,0.5458408258408258,0.08205128205128205,0.05076923076923077,-9.688365,5.6077886,0.4430361065822256,1.5287725286836624,8.797768905165354,1.0,0.2
00-0035264,2022,3,27.666666666666668,12.741009902410928,-1.7100412333333332,7.853415887877118,-0.07509463500083793,0.23137923707631042,7.452362996480644,2.856124800836604,0.6343221049103402,0.03867102396514161,0.02886710239651416,-9.471091,6.2325916,0.4605184302076239,4.592530130147028,3.0811686756814067,1.0,0.3333333333333333
00-0035264,2023,2,33.0,1.4142135623730951,2.52671064,3.073824092526396,0.07863508545955883,0.096516087783687,7.5,0.7071067811865476,0.6066176470588236,0.030330882352941176,0.014705882352941176,0.35318878,4.7002325,0.04285495643554834,1.2165318987719131,1.2273921649557331,2.0,1.0
00-0035282,2020,1,1.0,,-0.2389741,,-0.2389741,,4.0,,1.0,0.0,0.0,-0.2389741,-0.2389741,,,,0.0,0.0
00-0035282,2023,5,34.8,8.46758525200662,-6.802397072,6.17686765980586,-0.1953900940483559,0.15602804223900352,6.6567140469646064,1.0801388638347273,0.6369419983711697,0.01875,0.00625,-15.18635,-0.69904876,0.24332141528754656,0.9080427964476021,0.7985463285584432,0.0,0.0
00-0035289,2019,14,33.57142857142857,6.272213272893337,-0.9806067585714288,8.692241980489687,-0.021914876651819855,0.26665192124283826,6.981110753529589,1.6248186997827452,0.6087463734599154,0.04605187999232853,0.012836715199151002,-14.160624,12.33872,0.1868318847244824,8.86414651389182,12.167621359652735,7.0,0.5
00-0035289,2020,9,36.333333333333336,9.848857801796104,2.0632425333333333,7.400200847775441,0.07669907522574607,0.21432326811641866,7.012664792899004,1.216588897964789,0.6738412922025225,0.05616754686179267,0.012886804553471222,-9.569949,11.379202,0.271069480783379,3.5866849040863,2.794339664273754,5.0,0.5555555555555556
00-0035289,2021,3,20.0,16.09347693943108,5.609532333333333,7.701194205331426,0.11050578949494949,0.45238443274524776,6.9387878787878785,2.374938247711037,0.791919191919192,0.04686868686868687,0.010101010101010102,-0.673088,14.201063,0.8046738469715541,1.372876337581456,4.093762279902297,2.0,0.6666666666666666
00-0035289,2022,4,19.0,19.8997487421324,1.8563832000000002,11.535689241885924,0.2632471640625,0.4254290865833884,8.609375,2.45605915289107,0.540625,0.0203125,0.0203125,-11.347491,16.797714,1.0473551969543369,6.214066816531157,1.6160823160183533,3.0,0.75
00-0035289,2023,16,30.625,13.10915710486376,-0.35948165312500013,6.402125994401435,-0.10393275509239175,0.6506692575312883,6.77161260614833,2.939948616973306,0.5989755517409945,0.03015419319104367,0.014699158850139761,-11.561453,11.49222,0.42805410954657175,17.80932611928116,6.260483107109701,6.0,0.375
00-0035290,2020,1,1.0,,3.1153674,,3.1153674,,13.0,,1.0,0.0,0.0,3.1153674,3.1153674,,,,1.0,1.0
00-0035297,2019,1,1.0,,0.9028712,,0.9028712,,11.0,,1.0,0.0,0.0,0.9028712,0.9028712,,,,1.0,1.0
00-0035544,2021,1,1.0,,5.069598,,5.069598,,75.0,,1.0,1.0,0.0,5.069598,5.069598,,,,1.0,1.0
00-0035577,2019,8,20.0,8.960229588895269,-2.7428490125,8.765453956098803,-0.058911807852471534,0.3778037621674776,7.129379040292353,2.45307709851087,0.6379271429464928,0.03343443836864889,0.040066158042164235,-15.777383,6.4242077,0.44801147944476344,3.1957478943069613,6.413039693393614,5.0,0.625
00-0035652,2019,3,29.0,2.6457513110645907,-17.54558666666667,8.257919459073472,-0.5915265686517784,0.24805764434266311,5.553653156878963,1.8375035444063987,0.4714088778604908,0.02393162393162393,0.021863799283154118,-23.893515,-8.209554,0.09123280382981347,0.4706550778813212,0.4193516529748479,0.0,0.0
00-0035652,2020,4,8.0,4.69041575982343,-6.03415595,6.136935011950283,-1.1399973489010988,1.086421757237207,4.5151098901098905,2.0998424092158534,0.548901098901099,0.019230769230769232,0.060714285714285714,-14.816099,-0.6164618,0.5863019699779287,1.017032881284794,0.9530037576705455,0.0,0.0
00-0035676,2021,2,1.0,0.0,-0.6257291650000001,0.16386657303097066,-0.6257291650000001,0.16386657303097066,0.0,0.0,0.0,0.0,0.0,-0.74160033,-0.509858,0.0,0.26188098972655466,0.26188098972655466,0.0,0.0
00-0035685,2021,1,1.0,,-3.17675,,-3.17675,,0.0,,0.0,0.0,1.0,-3.17675,-3.17675,,,,0.0,0.0
00-0035704,2019,5,31.2,5.449770637375485,2.7449854,10.95284400163472,0.12245002160413661,0.3601512389287341,6.713953823953824,2.708513843819115,0.6544781144781144,0.049711399711399706,0.01955026455026455,-11.684358,18.062159,0.17467213581331684,3.990128326961127,2.9412100889051,3.0,0.6
00-0035704,2020,13,34.07692307692308,11.954507786197489,-2.593759669230769,7.913059203572952,-0.17208284717239736,0.49290918264450767,6.58320730351737,1.8562223099643527,0.5528123976294708,0.0358480178310225,0.03161372229223812,-16.44461,9.9900465,0.3508094835678721,3.050806633106346,2.8643713812492746,6.0,0.46153846153846156
00-0035704,2021,6,18.5,7.286974680894672,-1.5364738666666664,5.035141809370689,-0.14491924660569983,0.37590137937362755,6.65551948051948,2.0357263969941974,0.5907792207792207,0.020555555555555553,0.031746031746031744,-9.433019,2.8207467,0.3938905232916039,3.27707611473684,2.5938678828243575,3.0,0.5
00-0035704,2023,4,19.0,15.033296378372908,-0.16343072749999987,3.8255968824810704,-0.13061992332111436,0.5374076040307499,6.495112414467253,4.350473405442263,0.510752688172043,0.02370478983382209,0.05779569892473118,-5.4822874,3.2654476,0.7912261251775214,23.40806371605409,4.114285098067268,2.0,0.5
00-0035710,2019,13,35.30769230769231,10.395388523961122,-3.1817584123076923,11.911626830883304,-0.08765187481405554,0.3199575855961138,6.408447623196175,1.6423663883329742,0.6268659030879924,0.04767822457846184,0.026378881642612224,-17.757883,25.374578,0.29442276865249367,3.743724471602462,3.6503222124440695,6.0,0.46153846153846156
00-0035710,2020,14,32.0,7.400623674341965,-1.677192102142857,7.154129536348397,-0.05128850665715751,0.26625061808698347,6.6423628857249515,1.150655675490091,0.6251132933074943,0.025047230702293755,0.021968118976302544,-14.106277,12.428664,0.2312694898231864,4.265539723927841,5.191233581175583,5.0,0.35714285714285715
00-0035710,2021,11,32.81818181818182,9.988174826445338,-1.131989187272727,10.245314518110805,-0.017137208139481577,0.25734190152943587,6.786191920077017,1.581885326800442,0.6358289003729477,0.028248107285188628,0.015245918941739376,-21.36183,16.378666,0.3043488174263122,9.050717651106352,15.016559257196535,5.0,0.45454545454545453
00-0035710,2022,18,29.666666666666668,7.933547533770012,1.058744068888889,8.486122672723718,0.046432712286718664,0.33097955398100043,6.901869919740992,1.7112795995656007,0.6739245804638225,0.03525465796180534,0.010052621163732274,-14.503513,13.611657,0.26742295057651727,8.015272927695904,7.128154649619119,10.0,0.5555555555555556
00-0035710,2023,6,26.666666666666668,10.462631918722298,-10.07583385,13.564993179473586,-0.39814778564472036,0.4033158460114513,5.228262900505547,2.1047776070972453,0.644079846653376,0.009009009009009009,0.03142152131122719,-29.01369,8.180348,0.3923486969520862,1.3462898834396306,1.0129802564602044,1.0,0.16666666666666666
00-0035719,2021,2,1.0,0.0,1.00886678,2.0746523142350957,1.00886678,2.0746523142350957,12.0,16.97056274847714,0.5,0.5,0.0,-0.45813394,2.4758675,0.0,2.056418503774201,2.056418503774201,1.0,0.5
00-0035719,2023,1,1.0,,-0.44318777,,-0.44318777,,0.0,,0.0,0.0,0.0,-0.44318777,-0.44318777,,,,0.0,0.0
00-0035752,2020,1,16.0,,-13.418105,,-0.8386315625,,6.5625,,0.6875,0.0625,0.0625,-13.418105,-13.418105,,,,0.0,0.0
00-0035752,2021,1,9.0,,-4.256556,,-0.47295066666666663,,4.0,,0.6666666666666666,0.0,0.0,-4.256556,-4.256556,,,,0.0,0.0
00-0035752,2022,1,15.0,,1.7202607,,0.11468404666666668,,6.0,,0.6666666666666666,0.0,0.0,1.7202607,1.7202607,,,,1.0,1.0
00-0035859,2021,1,1.0,,-2.3642862,,-2.3642862,,0.0,,0.0,0.0,0.0,-2.3642862,-2.3642862,,,,0.0,0.0
00-0035864,2020,1,9.0,,-11.930539,,-1.3256154444444443,,1.4444444444444444,,0.1111111111111111,0.0,0.2222222222222222,-11.930539,-11.930539,,,,0.0,0.0
00-0035864,2021,1,1.0,,-3.1306643,,-3.1306643,,1.0,,1.0,0.0,0.0,-3.1306643,-3.1306643,,,,0.0,0.0
00-0035889,2020,1,1.0,,3.4530158,,3.4530158,,13.0,,1.0,0.0,0.0,3.4530158,3.4530158,,,,1.0,1.0
00-0035889,2021,1,1.0,,4.030698,,4.030698,,16.0,,1.0,0.0,0.0,4.030698,4.030698,,,,1.0,1.0
00-0035889,2022,1,1.0,,-3.517586,,-3.517586,,0.0,,0.0,0.0,0.0,-3.517586,-3.517586,,,,0.0,0.0
00-0035889,2023,1,1.0,,2.4396408,,2.4396408,,11.0,,1.0,0.0,0.0,2.4396408,2.4396408,,,,1.0,1.0
00-0035939,2022,3,11.333333333333334,11.06044001535804,-6.216977433333334,6.186540262828761,-0.7108507231884058,0.35983295327232945,2.582608695652174,4.94236727984905,0.6884057971014492,0.014492753623188406,0.028985507246376812,-13.100038,-1.1198843,0.9759211778257093,0.9951041851396503,0.5062004462179583,0.0,0.0
00-0035993,2020,3,6.0,6.244997998398398,-3.3538336666666666,3.6111568354104904,-0.31810773012820515,0.81664807847652,4.788461538461538,3.1285926094613745,0.6538461538461539,0.0,0.0,-6.5283246,0.5748663,1.0408329997330663,1.07672508368597,2.5672060158594414,1.0,0.3333333333333333
00-0035993,2021,6,31.333333333333332,10.538817137927134,-4.800535283333333,6.270875024650522,-0.19228186220717003,0.21291977071862142,5.4689480222428015,1.2714925360304954,0.6214038374692025,0.012719298245614035,0.020590651135005973,-14.694727,4.7950873,0.33634522780618514,1.306286623165122,1.1073315406588662,1.0,0.16666666666666666
00-0035993,2022,6,23.5,8.068457101577723,-0.6242209999999998,5.86827619839161,0.002849192735750912,0.21820959106383406,6.420894809073054,1.1432894157047218,0.643228110209601,0.0292346823786986,0.024447523262178434,-11.694025,4.6052136,0.3433386000671371,9.400959273064526,21.820959106383405,3.0,0.5
00-0035993,2023,4,9.25,12.816005617976296,0.9501136425000001,4.610045253011917,0.9676247549999999,2.276656115790323,7.4107142857142865,8.123698221199238,0.5625,0.29464285714285715,0.0,-4.6742754,5.1768413,1.3855141208623023,4.852098787763608,2.3528295488785043,2.0,0.5
00-0036133,2022,1,1.0,,-4.0428915,,-4.0428915,,0.0,,0.0,0.0,1.0,-4.0428915,-4.0428915,,,,0.0,0.0
00-0036142,2020,1,1.0,,-0.5597911,,-0.5597911,,0.0,,0.0,0.0,0.0,-0.5597911,-0.5597911,,,,0.0,0.0
00-0036197,2021,3,20.0,9.848857801796104,-11.718860033333334,9.817085764772115,-0.5237048432268606,0.43099987876791435,3.8755007379295807,2.723793167326785,0.44560404807084125,0.01075268817204301,0.041113219481340925,-19.281744,-0.6246031,0.4924428900898052,0.8377167861761486,0.8229824190898537,0.0,0.0
00-0036212,2020,10,29.0,15.762120556715853,-1.3510191029999998,8.618608017869018,-0.029380359003060148,0.347186765677657,5.874128078817734,1.6151283166234405,0.680514657756037,0.03768867339556995,0.011101900972590627,-12.797882,10.75971,0.5435213985074432,6.379338381471442,11.816968119466999,5.0,0.5
00-0036212,2021,13,29.846153846153847,11.998931576367912,1.6043054230769231,7.863471094196782,-0.07230218318489061,0.5904061273296909,6.867997360512659,2.118331991700397,0.6460221153007699,0.03686346149566341,0.023316083902697737,-15.093401,16.51953,0.4020260579710898,4.901480092933491,8.165813275927073,8.0,0.6153846153846154
00-0036212,2022,13,30.76923076923077,8.852060458389015,7.489864146153847,11.92600271752306,0.21619815460314687,0.34457016081165437,8.878229686979687,1.7775651445880531,0.6398308635808636,0.05709831834831835,0.022464202464202464,-11.288043,26.893469,0.287691964897643,1.592285585533248,1.5937701292786104,9.0,0.6923076923076923
00-0036212,2023,18,33.27777777777778,6.341326225692351,6.090195484444444,11.262945557106786,0.20275559318468095,0.3634623865052809,8.184103171980874,1.9248241796998844,0.6913835727346567,0.05139660707072377,0.024940013554779636,-13.944826,27.078331,0.19055738240811737,1.8493569846607654,1.7926133666469035,12.0,0.6666666666666666
00-0036226,2021,1,5.0,,-3.102543,,-0.6205086,,5.0,,0.4,0.0,0.2,-3.102543,-3.102543,,,,0.0,0.0
00-0036226,2022,1,5.0,,-2.2612817,,-0.45225634000000003,,11.8,,0.6,0.0,0.2,-2.2612817,-2.2612817,,,,0.0,0.0
00-0036259,2023,1,1.0,,2.9465134,,2.9465134,,21.0,,1.0,1.0,0.0,2.9465134,2.9465134,,,,1.0,1.0
00-0036264,2021,4,15.5,13.527749258468683,-1.5307298999999999,1.3686152686024002,-0.1313248473739496,0.12155879969409987,6.983718487394958,2.250956306827725,0.5903361344537815,0.022058823529411763,0.03676470588235294,-3.2692115,-0.1468964,0.8727580166753989,0.8940932483270891,0.9256344258140218,0.0,0.0
00-0036264,2022,4,5.25,2.6299556396765835,0.8827150050000001,4.4630638776029965,-0.036862565888888865,0.6480577922834244,7.638888888888889,5.950671712265809,0.6583333333333333,0.027777777777777776,0.0,-3.0663896,7.2954736,0.5009439313669682,5.0560643608896125,17.580376641083532,1.0,0.25
00-0036264,2023,19,33.36842105263158,6.255757581938147,5.719465088421053,10.430382958334937,0.2072572807900698,0.37270083121756337,7.479590269422012,1.8477292524703874,0.6496879468268157,0.0626057272565988,0.019441878513378245,-14.767113,23.940233,0.18747538494767316,1.8236640659720165,1.7982520555939878,13.0,0.6842105263157895
00-0036275,2021,1,1.0,,-0.91251945,,-0.91251945,,0.0,,0.0,0.0,0.0,-0.91251945,-0.91251945,,,,0.0,0.0
00-0036312,2020,3,36.666666666666664,1.5275252316519468,-11.727028499999998,14.746152205663897,-0.32396518560590665,0.3977802454036615,5.636550836550836,2.080649998451019,0.543642891011312,0.018295739348370924,0.054331775384406956,-26.258131,3.225154,0.041659779045053094,1.2574500186184334,1.2278487414000978,1.0,0.3333333333333333
00-0036313,2022,2,1.0,0.0,0.44602205000000006,4.7574205756520875,0.44602205000000006,4.7574205756520875,8.5,12.020815280171307,0.5,0.0,0.0,-2.9179823,3.8100264,0.0,10.666334939387161,10.666334939387161,1.0,0.5
00-0036313,2023,1,1.0,,4.2093267,,4.2093267,,28.0,,1.0,0.0,0.0,4.2093267,4.2093267,,,,1.0,1.0
00-0036320,2020,1,1.0,,4.732203,,4.732203,,28.0,,1.0,0.0,0.0,4.732203,4.732203,,,,1.0,1.0
00-0036322,2021,4,1.0,0.0,0.31333395249999996,1.1379167186024277,0.31333395249999996,1.1379167186024277,8.75,11.412712210513327,0.5,0.0,0.0,-0.7470791,1.7298753,0.0,3.6316419255663903,3.6316419255663903,2.0,0.5
00-0036322,2022,3,1.0,0.0,0.22429593333333356,2.4229211005746065,0.22429593333333356,2.4229211005746065,10.666666666666666,12.503332889007368,1.0,0.0,0.0,-2.3801987,2.4114175,0.0,10.802340749414409,10.802340749414409,2.0,0.6666666666666666
00-0036322,2023,1,1.0,,-0.39332578,,-0.39332578,,0.0,,0.0,0.0,0.0,-0.39332578,-0.39332578,,,,0.0,0.0
00-0036326,2022,1,1.0,,2.5532115,,2.5532115,,1.0,,1.0,1.0,0.0,2.5532115,2.5532115,,,,1.0,1.0
00-0036355,2020,15,39.666666666666664,8.780389404533153,5.967682473333334,12.17227438325679,0.18126165818362766,0.3130547973790657,7.593181143245767,1.9681833489562135,0.6704483147825573,0.05689994747096627,0.016544447499330595,-27.43501,22.069279,0.22135435473612994,2.0396987335785295,1.7270877940547396,12.0,0.8
00-0036355,2021,17,39.529411764705884,7.657656683500047,6.952041299999999,10.284549530948965,0.17690664426553027,0.27417915151564975,7.526677942219195,1.520587285179604,0.6656073076495594,0.05773151418762275,0.02233838797554579,-14.1430025,21.81048,0.1937204815766381,1.479356794233798,1.5498521983386735,12.0,0.7058823529411765
00-0036355,2022,18,41.22222222222222,8.207281957151404,1.7280096405555558,9.380361563511233,0.06665050024120069,0.23715251750781535,6.901377036526281,1.236497418466702,0.6811507401887976,0.03693408851922158,0.013624719240853345,-15.727187,16.720196,0.19909848413574835,5.428419693593517,3.5581506012646114,10.0,0.5555555555555556
00-0036355,2023,13,35.07692307692308,8.260967845451871,2.066450287692308,11.582761535955814,-0.011448276446443076,0.4148820917319386,6.793184899897559,1.3192801291177694,0.6353278442391358,0.04040386059067948,0.01860855096149214,-19.543573,21.501616,0.23551004822560156,5.6051488898340605,36.23969893396839,7.0,0.5384615384615384
00-0036364,2020,2,1.0,0.0,0.9253366799999999,2.0092056218383054,0.9253366799999999,2.0092056218383054,16.0,22.627416997969522,0.5,0.0,0.0,-0.49538624,2.3460596,0.0,2.1713238708297022,2.1713238708297022,1.0,0.5
00-0036384,2020,2,21.5,26.16295090390226,-13.78880355,15.958771362741224,-0.7307916708333333,0.14701838336055692,8.75,6.010407640085654,0.5958333333333333,0.0,0.0,-25.073359,-2.5042481,1.2168814373908028,1.157371725898671,0.20117687328443348,0.0,0.0
00-0036389,2020,8,18.5,17.59058189567848,-0.5776467399999999,5.335909634934596,0.19311519384615383,0.532397631655822,8.462631118881118,4.316669639742417,0.6771561771561772,0.02631118881118881,0.023076923076923078,-12.573129,5.5868626,0.9508422646312692,9.237323203684307,2.7568914752505655,6.0,0.75
00-0036389,2021,16,29.6875,9.206655201537634,0.5771840662500002,8.398160033064011,0.036542647180317925,0.2644012412131683,7.270639673261203,1.8385621476217435,0.6068387550715969,0.03452568702147551,0.02137476484731777,-17.631607,13.820485,0.310118912051794,14.550228469797105,7.235415647599178,11.0,0.6875
00-0036389,2022,18,30.38888888888889,5.15796230728751,5.0190959188888895,7.8400489479302236,0.15181932723928152,0.25485826591528205,7.726617418183277,1.6673603972830757,0.6643251392635943,0.04746353023753514,0.01074139364461945,-11.143294,18.354393,0.16973184923432388,1.5620440562661786,1.6786944755301245,14.0,0.7777777777777778
00-0036389,2023,18,31.833333333333332,8.161963431602933,3.3464516580555554,8.103841859082513,0.08369162607727897,0.28878701754686475,7.100281482649401,1.5229027087149851,0.6581515071249884,0.04246970050222923,0.02762753471812673,-10.873214,23.611319,0.25639675701370473,2.421622269538841,3.4506082756739045,13.0,0.7222222222222222
00-0036425,2022,1,1.0,,-4.8671126,,-4.8671126,,0.0,,0.0,0.0,1.0,-4.8671126,-4.8671126,,,,0.0,0.0
00-0036442,2020,10,40.4,8.70759566253637,4.89667255,11.603605248508439,0.10228677754380863,0.311381042555519,6.675493826721128,1.3001915313148293,0.6538237516582888,0.029470825709515463,0.013580651027459537,-14.021018,18.225355,0.2155345461023854,2.3696918938368543,3.0441964253117364,7.0,0.7
00-0036442,2021,20,33.1,6.889351050333903,4.9836163749999995,11.911045742472457,0.14388040256308934,0.32234207319506836,8.56115180364335,1.818084631360744,0.7021821671734221,0.06149380939373037,0.024670346523527904,-14.341417,32.462337,0.2081374939677916,2.3900406544579704,2.240347312440458,13.0,0.65
00-0036442,2022,19,37.63157894736842,6.4653824009599985,5.415944173684211,10.956760450710894,0.16061635950824912,0.28678464721532715,7.300737599901873,1.587768286347376,0.6808315980406733,0.05459349294166178,0.017214878355188864,-17.178692,27.02564,0.17180736450103495,2.0230563867237072,1.7855257589784814,12.0,0.631578947368421
00-0036442,2023,10,36.5,9.489760563657839,0.6095034699999999,10.131922136145256,0.008284996568781991,0.30011801965281415,6.239154573559785,1.8850613259413787,0.6677355659597612,0.04191688111183932,0.014510896617395633,-18.635628,13.392601,0.25999344010021475,16.623239464322094,30.011801965281414,6.0,0.6
00-0036626,2023,1,1.0,,-0.30589396,,-0.30589396,,4.0,,1.0,0.0,0.0,-0.30589396,-0.30589396,,,,0.0,0.0
00-0036825,2021,1,1.0,,-3.8404934,,-3.8404934,,0.0,,0.0,0.0,1.0,-3.8404934,-3.8404934,,,,0.0,0.0
00-0036879,2022,4,25.25,8.958236433584458,-10.145933375,14.438318386786342,-0.3219158924957164,0.5027670280778616,5.636999357464125,2.3028536070385055,0.6390929535232384,0.03214285714285714,0.0229064039408867,-29.429152,1.2021074,0.35478164093403797,1.4230645770218595,1.5617962324881232,2.0,0.5
00-0036893,2022,1,1.0,,-0.06479256,,-0.06479256,,4.0,,1.0,0.0,0.0,-0.06479256,-0.06479256,,,,0.0,0.0
00-0036898,2021,13,30.307692307692307,9.595004041901316,-3.518023687692308,12.632290697202682,-0.15717494630255788,0.5114394016070617,6.5723146356016375,2.232820350744448,0.6456662655119403,0.040819822384185876,0.029495576672749255,-22.929134,17.912046,0.3165864277784698,3.590734974695123,3.2539499051111718,5.0,0.38461538461538464
00-0036898,2022,15,31.933333333333334,6.818741679755737,-4.9556923,8.848470961703462,-0.14534877072577074,0.26503158571310254,6.509123387816618,1.3052420951112818,0.6123023603796921,0.03610941753515123,0.032868196699257744,-22.472155,6.285439,0.2135305327689688,1.7855166192831349,1.8234181437498165,5.0,0.3333333333333333
00-0036898,2023,5,8.0,13.527749258468683,-1.2058889799999999,4.818163882294271,-0.45854611875,1.3170172479531301,6.29125,6.863336128480086,0.73375,0.0125,0.0,-9.069208,3.632157,1.6909686573085854,3.995528578670875,2.8721587515413467,2.0,0.4
00-0036900,2023,1,1.0,,-2.102857,,-2.102857,,-7.0,,1.0,0.0,0.0,-2.102857,-2.102857,,,,0.0,0.0
00-0036913,2021,3,1.0,0.0,0.012138980000000002,1.1017614454082179,0.012138980000000002,1.1017614454082179,6.333333333333333,10.96965511460289,0.3333333333333333,0.0,0.0,-0.74654096,1.2758894,0.0,11.017614454082178,90.76227536483441,1.0,0.3333333333333333
00-0036913,2023,1,1.0,,-0.44609344,,-0.44609344,,0.0,,0.0,0.0,0.0,-0.44609344,-0.44609344,,,,0.0,0.0
00-0036919,2023,1,1.0,,1.2345059,,1.2345059,,17.0,,1.0,0.0,0.0,1.2345059,1.2345059,,,,1.0,1.0
00-0036928,2022,1,9.0,,-5.3325596,,-0.5925066222222222,,2.5555555555555554,,0.3333333333333333,0.0,0.0,-5.3325596,-5.3325596,,,,0.0,0.0
00-0036928,2023,1,1.0,,-1.8803029,,-1.8803029,,0.0,,0.0,0.0,0.0,-1.8803029,-1.8803029,,,,0.0,0.0
00-0036929,2021,1,20.0,,-29.72981,,-1.4864905,,6.75,,0.6,0.0,0.1,-29.72981,-29.72981,,,,0.0,0.0
00-0036945,2021,12,22.5,10.621590362002378,-5.410731125000001,10.027016006009067,-0.2315085281625897,0.4516929725802838,6.737275018698278,2.402065324629282,0.5961965044727892,0.020400326578487497,0.033221624969638826,-25.489264,4.611811,0.4720706827556612,1.8531721082350152,1.951085673453279,5.0,0.4166666666666667
00-0036945,2022,15,21.2,4.161043825085925,-4.384749926666666,8.414704641151548,-0.2225850645209338,0.4007456212971719,7.055233505845611,1.823803249626393,0.5996337220292889,0.051865068088426995,0.038484923935904324,-26.995167,8.444082,0.1962756521266946,1.9190842766142644,1.8004155946387965,4.0,0.26666666666666666
00-0036945,2023,13,28.46153846153846,8.780806574715339,-2.7920366615384613,8.503563163644277,-0.1361608424133583,0.35412498765759565,6.980833031919989,1.829941380449395,0.6124468616035332,0.04048072369848981,0.02746581194857057,-15.4800205,11.508824,0.3085148255981065,3.0456488200117917,2.600784347254109,5.0,0.38461538461538464
00-0036946,2021,1,3.0,,-1.7575525,,-0.5858508333333333,,1.6666666666666667,,0.6666666666666666,0.0,0.0,-1.7575525,-1.7575525,,,,0.0,0.0
00-0036971,2021,17,35.411764705882355,8.595484450638981,-3.530168194117647,7.711710236382372,-0.09640849331180573,0.23063081695996662,6.113484552600706,1.4241845393255668,0.6008870467001455,0.018535098705366237,0.027176194304221985,-16.265787,9.386407,0.2427296273436257,2.184516377784058,2.3922250938416507,5.0,0.29411764705882354
00-0036971,2022,19,35.26315789473684,8.047374349322185,4.08570407631579,9.476306779537522,0.10764647748791302,0.27746929136205223,6.9226132446819255,1.0847826554046394,0.6655700057861561,0.04401735181625406,0.01876489922363312,-13.948518,19.108679,0.22820912333898732,2.3193815808810636,2.5775975009791434,14.0,0.7368421052631579
00-0036971,2023,16,35.25,6.567597226789514,0.048581981250000045,9.824183864148837,0.008659540696559598,0.2953645385566141,7.218137911590258,1.3374152770110324,0.6632725713386369,0.03764320580274594,0.024474486574797057,-17.344053,16.510561,0.1863148149443834,98.24183864148837,29.53645385566141,9.0,0.5625
00-0036972,2021,18,31.055555555555557,10.789276932771081,3.0143443047222225,9.242504264220772,0.10152870806345463,0.2936108412224777,7.375983304055582,1.5663453273262986,0.6818468885611446,0.04426317145867781,0.02509457561702144,-16.882364,17.211687,0.3474185774416448,3.0661740431382096,2.8918997081985256,10.0,0.5555555555555556
00-0036972,2022,14,31.571428571428573,8.159131606453506,-2.029013557857143,4.867682090033078,-0.12232217032506186,0.2759044041420292,6.508582698343643,2.2132556295051278,0.6441632857243456,0.02850581957724815,0.03246173469387755,-10.462503,5.7999535,0.2584340327835952,2.3990387206549153,2.255555173758234,5.0,0.35714285714285715
00-0036972,2023,11,31.363636363636363,11.102006370676675,-4.886781990909091,8.64342914363335,-0.2011729421250571,0.35784323889783143,6.258439598251511,1.5057745987709943,0.6457299521562845,0.024746117692826156,0.04192967139675603,-18.676954,13.239484,0.3539770147172273,1.7687363912924234,1.7787841402417919,2.0,0.18181818181818182
00-0037012,2021,4,17.75,12.0381338531629,2.6712317,7.1326864196397715,0.4309051058845577,0.5680691016049101,7.792249708479093,2.532339413594619,0.678223388305847,0.2995169082125604,0.019490254872563718,-6.802043,8.458,0.6782047241218535,2.67018634873185,1.3183160140068044,3.0,0.75
00-0037012,2022,2,15.5,17.67766952966369,-4.86285615,6.023822657806291,-0.26346068095238095,0.08815818102386706,7.928571428571429,2.929442379201411,0.5654761904761905,0.0,0.017857142857142856,-9.122342,-0.6033703,1.1404948083653992,1.2387416925352175,0.33461608276872695,0.0,0.0
00-0037013,2021,13,29.46153846153846,8.968606214785966,-7.287091051538462,10.937661848582238,-0.25474344756627243,0.3662264606683442,6.000805230617453,1.308341951286399,0.5568360280779516,0.0224051337054433,0.025694325094479893,-24.10539,9.091256,0.3044174433217169,1.5009640707416523,1.437628579526345,4.0,0.3076923076923077
00-0037013,2022,9,26.88888888888889,8.432740427115679,-4.023450566666667,5.145072414587409,-0.18471877960099792,0.2323792978228344,6.694638646508565,2.178343203417919,0.5520875932258046,0.01930012474727922,0.02365036348776186,-12.396902,1.1628689,0.3136143134051285,1.2787711267569963,1.258016636558479,3.0,0.3333333333333333
00-0037013,2023,12,30.666666666666668,10.982079065735258,-8.441679166666667,8.435589101627512,-0.34822800389561054,0.3811743426067279,5.983223830842879,1.558478661001813,0.579277072134215,0.02382817799484466,0.024124949124949124,-19.132708,7.829824,0.35811127388267144,0.9992785718434785,1.0946113992629776,2.0,0.16666666666666666
00-0037077,2022,1,19.0,,-7.4617844,,-0.3927254947368421,,8.894736842105264,,0.5789473684210527,0.05263157894736842,0.05263157894736842,-7.4617844,-7.4617844,,,,0.0,0.0
00-0037077,2023,17,36.0,10.28955781362834,-6.097716264705882,11.29772163826676,-0.23820044980096586,0.38635442666305897,6.198066841732034,1.3501945300263718,0.6136984437066627,0.034020178196825034,0.038988525443261014,-26.450666,11.658418,0.285821050378565,1.8527791631858908,1.6219718601954225,6.0,0.35294117647058826
00-0037175,2022,2,24.5,27.577164466275352,-8.2326098,9.510925901056746,-0.32071252818181817,0.027207500611909297,4.85,2.333452377915607,0.5159090909090909,0.0,0.022727272727272728,-14.95785,-1.5073696,1.1255985496438918,1.1552747102209004,0.08483454252989094,0.0,0.0
00-0037238,2023,1,1.0,,1.8440146,,1.8440146,,22.0,,1.0,0.0,0.0,1.8440146,1.8440146,,,,1.0,1.0
00-0037304,2023,1,1.0,,-0.25261006,,-0.25261006,,0.0,,0.0,0.0,0.0,-0.25261006,-0.25261006,,,,0.0,0.0
00-0037327,2022,8,18.75,16.47292150339893,-5.426395005,5.642957438020117,-0.49723155623424964,1.1225510683481434,5.602619065522291,5.126513475334617,0.4913511219962833,0.00873015873015873,0.14029581529581528,-16.290222,0.91623616,0.8785558135146095,1.0399090801205169,2.2576022263142543,1.0,0.125
00-0037500,2022,2,1.0,0.0,-0.20460659999999997,5.044490726018031,-0.20460659999999997,5.044490726018031,6.5,9.192388155425117,0.5,0.0,0.0,-3.7716002,3.362387,0.0,24.65458458338114,24.65458458338114,1.0,0.5
00-0037740,2022,1,1.0,,-0.4925385,,-0.4925385,,0.0,,0.0,0.0,0.0,-0.4925385,-0.4925385,,,,0.0,0.0
00-0037740,2023,1,1.0,,-0.4334826,,-0.4334826,,0.0,,0.0,0.0,0.0,-0.4334826,-0.4334826,,,,0.0,0.0
00-0037834,2022,10,23.3,10.56251232740898,5.684039005,6.946945785138439,0.11690262416937117,0.5035522518579341,8.201131302683027,1.7901960110994142,0.685143306005375,0.062426717426717425,0.021216411216411216,-4.7760963,21.4617,0.4533267093308575,1.2221847490890747,4.307450371074443,9.0,0.9
00-0037834,2023,19,29.05263157894737,4.847378262874874,8.617792005263157,10.845190250468299,0.3281263544465684,0.4170432347521577,9.380516348619231,2.5831610426647527,0.6859075368860094,0.0656061759193278,0.02083411934855059,-18.069515,22.844091,0.1668481648453308,1.2584650736342673,1.2709836594977573,16.0,0.8421052631578947
00-0038102,2022,13,29.923076923076923,13.726261559880625,-0.8512082769230769,6.447301482489913,-0.29768932555371475,1.0977712632026277,5.808023494181528,2.130310048817517,0.5823696895035719,0.018074419931183857,0.028472202561271386,-15.697459,9.126905,0.4587182526438255,7.574293692015582,3.6876406675339357,5.0,0.38461538461538464
00-0038102,2023,12,27.0,8.984835709531518,-3.3534576541666667,9.208897950662756,-0.13139802782827303,0.3026343390140833,6.381409004642701,1.75154339860713,0.6225026272037142,0.015923697377501725,0.01002415458937198,-20.120926,11.777033,0.33277169294561176,2.7460904237811716,2.3031878333029683,5.0,0.4166666666666667
00-0038108,2022,4,23.0,7.9582242575422155,1.9212543750000002,6.530280780880216,0.03191506746880571,0.2990856297627023,8.262426788897377,1.1464684364892397,0.7046091163738223,0.054640947288006114,0.03463203463203463,-4.759013,8.408839,0.3460097503279224,3.39896729233484,9.371298683765383,2.0,0.5
00-0038108,2023,10,21.2,10.261037417770625,-8.17954536,9.314261968597437,-0.40425720566322926,0.34309597714934276,5.495360002005163,2.2142070406635046,0.5562673634609119,0.020000698226504677,0.046430934656741106,-27.74902,3.1802256,0.4840111989514446,1.1387261221322253,0.8487071407582095,2.0,0.2
00-0038122,2022,4,28.75,3.4034296427770228,1.1342994475000001,5.412283928221,0.027131253388694643,0.19141240546826302,6.075874125874126,1.622220835916479,0.6326923076923077,0.016666666666666666,0.0,-5.821057,6.6037936,0.11838016148789644,4.771477179284265,7.055052073194042,2.0,0.5
00-0038122,2023,15,25.866666666666667,12.494951361402315,-2.22664952,8.788725830081598,-0.12088148570095207,0.39774030652434056,7.0528571886224745,1.766937464603015,0.6556852203902469,0.02766443932738831,0.040877822989181946,-19.31931,14.121647,0.48305224335318225,3.947062953168129,3.290332710737091,6.0,0.4
00-0038128,2022,6,10.166666666666666,7.909909396868379,-6.472948166666666,6.3631159379784545,-0.5861250934782608,0.34369259375704136,4.217391304347826,1.435902066577492,0.5035326086956522,0.0,0.031159420289855074,-17.224499,-0.4028946,0.7780238751018078,0.9830321167634545,0.5863809578898175,0.0,0.0
00-0038128,2023,1,5.0,,-0.068276934,,-0.013655386799999999,,14.8,,0.8,0.0,0.0,-0.068276934,-0.068276934,,,,0.0,0.0
00-0038391,2023,1,1.0,,2.143627,,2.143627,,37.0,,1.0,0.0,0.0,2.143627,2.143627,,,,1.0,1.0
00-0038393,2023,1,1.0,,0.8892823,,0.8892823,,14.0,,1.0,0.0,0.0,0.8892823,0.8892823,,,,1.0,1.0
00-0038416,2023,5,28.6,8.73498712076898,-5.08354946,8.192208882303545,-0.2824790273438149,0.5278456670105547,6.005494567563533,0.8968113323481104,0.6640319854112958,0.020229885057471263,0.0450965250965251,-16.589481,5.508855,0.3054191300968175,1.6115135589343796,1.868618962526006,1.0,0.2
00-0038476,2023,9,19.77777777777778,10.096754153907305,-5.480248044444444,7.472343879899248,-0.380953121690427,0.4180235532585602,5.7845620422908,3.12236944822333,0.6540888444646614,0.03634197078641523,0.015226337448559672,-14.882968,5.1811852,0.5105100414896951,1.3635046843316287,1.0973096936537448,2.0,0.2222222222222222
00-0038579,2023,11,31.181818181818183,9.537485851294164,-1.5320549999999997,11.161107489793437,-0.04652541291211773,0.38284649863554476,6.349662510928079,1.4863311910982944,0.623278128471663,0.03576088795552113,0.022183806482586967,-19.20355,11.441886,0.30586689319019184,7.285056665585399,8.228760900170988,6.0,0.5454545454545454
00-0038582,2023,2,10.5,13.435028842544403,-17.37477015,21.770841773243728,-1.80945715,0.24183497393852071,3.45,0.7778174593052025,0.775,0.0,0.05,-32.76908,-1.9804603,1.2795265564328002,1.2530146635202382,0.1336505669330278,0.0,0.0
00-0038583,2023,6,18.666666666666668,19.500427345744672,-6.4300219567,11.113125249445282,-0.062212320157376245,1.4111928560702467,4.803168344768184,2.18858214976761,0.6781126555585256,0.005747126436781609,0.01776485788113695,-27.36172,2.0642242,1.044665750664893,1.7283183983323025,22.683495045682324,2.0,0.3333333333333333
00-0038598,2023,3,6.666666666666667,3.055050463303893,-4.225347666666667,10.045562813672978,-0.4427663388888889,1.1708278063089996,8.483333333333333,3.9402834077428155,0.6944444444444445,0.0,0.03333333333333333,-14.991691,4.896503,0.45825756949558394,2.377452367510818,2.644346924039354,1.0,0.3333333333333333
00-0039150,2023,16,32.9375,5.938223640113262,-10.0204024969375,10.422233484603685,-0.305932556648066,0.2955254543722956,5.491719137322212,1.4550771922228913,0.6023779189598306,0.01900267158069473,0.01727037292575888,-31.291697,10.878575,0.1802876247472717,1.0401012821380176,0.9659823642511433,1.0,0.0625
00-0039152,2023,9,28.333333333333332,11.045361017187261,-1.5429433644444446,6.661849011765827,-0.18152900282699433,0.564254242147235,6.849147182524998,2.005494837407067,0.5768120689119942,0.0346885458981114,0.012895486579697106,-11.563322,7.7120724,0.38983627119484454,4.3176238125658655,3.108342101592415,4.0,0.4444444444444444
00-0039163,2023,17,32.529411764705884,7.600309591217517,4.410155548823529,10.238787322165159,0.13561163839424545,0.3403209413151903,8.272421044309478,2.378153474467177,0.6373228113201993,0.048288090504924046,0.008456420221126103,-16.433462,28.418964,0.2336442369813703,2.321638592746802,2.5095260653500926,13.0,0.7647058823529411
00-0039164,2023,4,21.0,12.569805089976535,1.146947875,3.984191537597106,0.10924132582207206,0.15248397509419742,6.948423423423423,1.3237757796345953,0.6096621621621622,0.026756756756756758,0.006756756756756757,-4.387141,5.105916,0.5985621471417397,3.473733745395453,1.3958451524339541,3.0,0.75
