gsis_id,season,carries,rushing_yards,rushing_tds,rushing_epa,rushing_first_downs,rushing_fumbles,rushing_fumbles_lost,games,ryoe_total,ryoe_per_att,rush_pct_oe,pct_box_8plus,avg_time_to_los,ngs_efficiency,display_name,position,birth_date,rookie_season,draft_round,draft_pick,has_ngs,age,age_c,age_c2,experience,log_carries,rushing_epa_per_att,rushing_epa_lag1,carries_lag1,log_carries_lag1,ryoe_per_att_lag1,rushing_epa_per_att_lag1,pct_box_8plus_lag1,delta_rushing_epa,delta_carries,delta_ryoe_per_att
00-0023500,2016,263,1025.0,4,-24.409346072387304,50.0,2.0,1.0,16,,-0.18539554373262201,,20.912547528517113,2.3430564516129038,3.7029941291585113,Frank Gore,RB,1983-05-14,2005,3.0,65.0,0,33.30321697467488,7.820649431621568,61.16255753232276,11,5.572154032177765,-0.09281120179614945,,,,,,,,,
00-0023500,2017,261,961.0,3,-24.00169583165191,49.0,3.0,0.0,16,,-0.18539554373262201,,26.053639846743295,2.5531659574468093,3.7317065556711766,Frank Gore,RB,1983-05-14,2005,3.0,65.0,0,34.3025325119781,8.819964968924786,77.7917820530604,12,5.564520407322694,-0.0919605204277851,-24.409346072387304,263.0,5.572154032177765,-0.18539554373262201,-0.09281120179614945,20.912547528517113,0.4076502407353928,-2.0,0.0
00-0023500,2018,156,722.0,0,-3.905759742305973,25.0,1.0,0.0,14,53.095801252269894,0.3447779302095448,0.38961038961038963,12.179487179487179,2.4656164383561663,3.1297645429362877,Frank Gore,RB,1983-05-14,2005,3.0,65.0,1,35.30184804928131,9.819280506227997,96.41826965998915,13,5.049856007249537,-0.02503692142503829,-24.00169583165191,261.0,5.564520407322694,-0.18539554373262201,-0.0919605204277851,26.053639846743295,20.09593608934594,-105.0,0.5301734739421669
00-0023500,2019,166,599.0,2,-32.828230663755676,30.0,0.0,0.0,15,-64.73292994559199,-0.4020678878608198,0.32298136645962733,37.34939759036144,2.580168918918919,3.7677295492487484,Frank Gore,RB,1983-05-14,2005,3.0,65.0,1,36.30116358658453,10.818596043531215,117.04202035310927,14,5.111987788356544,-0.19776042568527516,-3.905759742305973,156.0,5.049856007249537,0.3447779302095448,-0.02503692142503829,12.179487179487179,-28.9224709214497,10.0,-0.7468458180703645
00-0023500,2020,187,653.0,2,-41.30601822136877,32.0,1.0,1.0,15,-91.79698793257273,-0.49889667354659095,0.3804347826086957,12.834224598930483,2.6082117647058833,4.132343032159266,Frank Gore,RB,1983-05-14,2005,3.0,65.0,1,37.30321697467488,11.820649431621568,139.7277529852953,15,5.231108616854587,-0.22088779797523406,-32.828230663755676,166.0,5.111987788356544,-0.4020678878608198,-0.19776042568527516,37.34939759036144,-8.477787557613091,21.0,-0.09682878568577113
00-0023564,2016,94,438.0,2,-2.6776500830653873,22.0,0.0,0.0,15,,0.09198216852442154,,10.638297872340425,2.8127926829268297,3.9798858447488596,Darren Sproles,RB,1983-06-20,2005,4.0,130.0,0,33.20191649555099,7.7193489524976755,59.58834825042696,11,4.543294782270004,-0.028485639181546674,,,,,,,,,
00-0024242,2016,98,343.0,4,-6.638351520436117,20.0,0.0,0.0,8,,0.09198216852442154,,24.489795918367346,3.0757142857142856,4.957172011661808,DeAngelo Williams,RB,1983-04-25,2006,1.0,27.0,0,33.35523613963039,7.872668596577078,61.978910831530904,10,4.584967478670572,-0.06773828082077671,,,,,,,,,
00-0025394,2017,156,529.0,2,-41.092379595956885,20.0,3.0,2.0,10,,0.07730769306389229,,39.743589743589745,2.7797819548872176,4.813100189035917,Adrian Peterson,RB,1985-03-21,2007,1.0,7.0,0,32.44900752908966,6.966439986036349,48.531286079046126,10,5.049856007249537,-0.26341268971767234,,,,,,,,,
00-0025394,2018,251,1042.0,7,-24.2657921242776,47.0,2.0,1.0,16,61.11962657804611,0.2484537665774232,0.35772357723577236,16.733067729083665,2.9177559808612443,4.30589251439539,Adrian Peterson,RB,1985-03-21,2007,1.0,7.0,1,33.44832306639288,7.965755523339567,63.45326105761482,11,5.5254529391317835,-0.0966764626465243,-41.092379595956885,156.0,5.049856007249537,0.07730769306389229,-0.26341268971767234,39.743589743589745,16.826587471679286,95.0,0.17114607351353092
00-0025394,2019,211,898.0,5,-25.582746157393558,41.0,2.0,1.0,15,101.41724292783658,0.48524996616189753,0.42105263157894735,29.383886255924168,2.8557277486910997,3.892694877505567,Adrian Peterson,RB,1985-03-21,2007,1.0,7.0,1,34.4476386036961,8.965071060642785,80.37249912237475,12,5.351858133476067,-0.12124524245210216,-24.2657921242776,251.0,5.5254529391317835,0.2484537665774232,-0.0966764626465243,16.733067729083665,-1.3169540331159588,-40.0,0.23679619958447432
00-0025394,2020,156,604.0,7,-12.136177927282521,34.0,0.0,0.0,16,-77.7760012998848,-0.5017806535476439,0.27741935483870966,29.48717948717949,2.6730689655172406,4.042135761589403,Adrian Peterson,RB,1985-03-21,2007,1.0,7.0,1,35.449691991786445,9.96712444873313,99.34356977653371,13,5.049856007249537,-0.07779601235437514,-25.582746157393558,211.0,5.351858133476067,0.48524996616189753,-0.12124524245210216,29.383886255924168,13.446568230111037,-55.0,-0.9870306197095414
00-0025399,2017,207,891.0,7,-15.315699038124793,44.0,1.0,1.0,15,,-0.033124596609955745,,33.81642512077295,2.7203817204301064,3.81117117117117,Marshawn Lynch,RB,1986-04-22,2007,1.0,12.0,0,31.362080766598222,5.879513223544908,34.568675745839435,10,5.332718793265369,-0.07398888424214875,,,,,,,,,
00-0025399,2018,90,376.0,3,-2.75941792973246,20.0,0.0,0.0,6,-2.9480890982860615,-0.033124596609955745,0.4943820224719101,23.333333333333332,2.8322926829268296,4.1075531914893615,Marshawn Lynch,RB,1986-04-22,2007,1.0,12.0,1,32.36139630390144,6.878828760848123,47.31828512107132,11,4.499809670330265,-0.030660199219249555,-15.315699038124793,207.0,5.332718793265369,-0.033124596609955745,-0.07398888424214875,33.81642512077295,12.556281108392334,-117.0,0.0
00-0026153,2016,218,824.0,9,-16.840434240642935,47.0,3.0,2.0,13,,0.09198216852442154,,38.07339449541284,2.834389743589743,4.37992718446602,Jonathan Stewart,RB,1987-03-21,2008,1.0,13.0,0,29.451060917180012,3.968493374126698,15.748939660487505,8,5.384495062789089,-0.0772496983515731,,,,,,,,,
00-0026153,2017,198,680.0,6,-39.09691578509003,41.0,3.0,3.0,15,,0.09198216852442154,,51.010101010101,2.837988636363636,4.63205882352941,Jonathan Stewart,RB,1987-03-21,2008,1.0,13.0,0,30.45037645448323,4.967808911429916,24.67912538048249,9,5.288267030694535,-0.19745917063176785,-16.840434240642935,218.0,5.384495062789089,0.09198216852442154,-0.0772496983515731,38.07339449541284,-22.256481544447098,-20.0,0.0
00-0026184,2016,218,813.0,7,-18.978297370893415,35.0,1.0,1.0,14,,0.09198216852442154,,14.678899082568808,2.6368564102564105,4.21070110701107,Matt Forte,RB,1985-12-10,2008,2.0,44.0,0,30.72689938398357,5.244331840930258,27.503016457794946,8,5.384495062789089,-0.08705640995822668,,,,,,,,,
00-0026184,2017,103,381.0,2,-18.91290384437889,12.0,1.0,1.0,12,,0.09198216852442154,,18.446601941747574,2.7216808510638297,3.9266315789473683,Matt Forte,RB,1985-12-10,2008,2.0,44.0,0,31.72621492128679,6.243647378233476,38.983132583721755,9,4.634728988229636,-0.18362042567358144,-18.978297370893415,218.0,5.384495062789089,0.09198216852442154,-0.08705640995822668,14.678899082568808,0.06539352651452646,-115.0,0.0
00-0026289,2016,133,548.0,4,-2.0469529531604436,32.0,0.0,0.0,15,,0.09198216852442154,,27.819548872180448,2.553854838709678,3.7370437956204365,Tim Hightower,RB,1986-05-23,2008,5.0,149.0,0,30.27789185489391,4.795324311840595,22.995135255729476,8,4.890349128221754,-0.01539062370797326,,,,,,,,,
00-0026373,2016,87,291.0,1,-28.157562304171734,10.0,2.0,1.0,9,,0.09198216852442154,,8.045977011494253,2.806716216216217,5.292508591065294,Justin Forsett,RB,1985-10-14,2008,7.0,233.0,0,30.882956878850102,5.400389335796788,29.164204978187676,8,4.465908118654584,-0.3236501414272613,,,,,,,,,
00-0027029,2016,234,1267.0,13,14.077443695205597,55.0,3.0,0.0,15,,-0.6386249983789627,,26.923076923076923,3.003444444444444,3.9576400947119184,LeSean McCoy,RB,1988-07-12,2009,2.0,53.0,0,28.139630390143736,2.6570628470904225,7.059982973388262,7,5.455321115357702,0.06016001579147691,,,,,,,,,
00-0027029,2017,287,1138.0,6,-40.21447004962522,56.0,3.0,1.0,16,,-0.6386249983789627,,35.88850174216028,2.953293103448276,4.297196836555361,LeSean McCoy,RB,1988-07-12,2009,2.0,53.0,0,29.138945927446954,3.6563783843936406,13.369102889861049,8,5.659482215759621,-0.1401201047025269,14.077443695205597,234.0,5.455321115357702,-0.6386249983789627,0.06016001579147691,26.923076923076923,-54.291913744830815,53.0,0.0
00-0027029,2018,161,514.0,3,-35.960032575028414,22.0,0.0,0.0,14,-164.70024369855037,-1.0490461382073273,0.3057324840764331,18.012422360248447,2.9653649635036494,5.050992217898834,LeSean McCoy,RB,1988-07-12,2009,2.0,53.0,1,30.138261464750173,4.655693921696859,21.675485892525074,9,5.081404364984463,-0.2233542395964498,-40.21447004962522,287.0,5.659482215759621,-0.6386249983789627,-0.1401201047025269,35.88850174216028,4.254437474596806,-126.0,-0.4104211398283646
00-0027029,2019,101,465.0,4,-5.831186089431867,24.0,2.0,1.0,13,-22.36397813795861,-0.22820385855059808,0.2857142857142857,10.891089108910892,2.7107311827957004,3.6535268817204307,LeSean McCoy,RB,1988-07-12,2009,2.0,53.0,1,31.137577002053387,5.655009459000073,31.979131981380302,10,4.61512051684126,-0.057734515736949175,-35.960032575028414,161.0,5.081404364984463,-1.0490461382073273,-0.2233542395964498,18.012422360248447,30.128846485596547,-60.0,0.8208422796567292
00-0027155,2016,181,593.0,3,-31.892868811963126,29.0,0.0,0.0,13,,0.09198216852442154,,6.666666666666667,2.5109565217391308,4.270439189189188,Rashad Jennings,RB,1985-03-26,2009,7.0,250.0,0,31.43600273785079,5.953435194797475,35.44339061865325,7,5.198497031265826,-0.17620369509371892,,,,,,,,,
00-0027325,2016,299,1161.0,18,-18.614842558136168,67.0,2.0,1.0,16,,-0.9849196939376189,,43.47826086956522,2.6807575757575774,4.074013781223086,LeGarrette Blount,RB,1986-12-05,2010,,,0,29.741273100616016,4.258705557562703,18.13657302601545,6,5.700443573390687,-0.06225699852219454,,,,,,,,,
00-0027325,2017,173,766.0,2,-24.477676209432587,30.0,1.0,1.0,16,,-0.9849196939376189,,26.011560693641616,2.635813333333333,3.5785248041775457,LeGarrette Blount,RB,1986-12-05,2010,,,0,30.740588637919235,5.258021094865921,27.646785834055017,7,5.153291594497779,-0.14148945785799183,-18.614842558136168,299.0,5.700443573390687,-0.9849196939376189,-0.06225699852219454,43.47826086956522,-5.86283365129642,-126.0,0.0
00-0027325,2018,154,418.0,5,-36.81721685609195,25.0,1.0,0.0,16,-151.6776328663933,-0.9849196939376189,0.2662337662337662,38.961038961038966,2.8273153846153853,5.058684210526318,LeGarrette Blount,RB,1986-12-05,2010,,,1,31.73990417522245,6.257336632169135,39.154261728285775,8,5.0369526024136295,-0.23907283672786983,-24.477676209432587,173.0,5.153291594497779,-0.9849196939376189,-0.14148945785799183,26.011560693641616,-12.339540646659366,-19.0,0.0
00-0027531,2016,117,439.0,3,-33.90565683084424,21.0,5.0,3.0,11,,-0.46777956999131565,,21.1864406779661,2.8285,4.812850574712643,Chris Ivory,RB,1988-03-22,2010,,,0,28.44626967830253,2.9637021352492177,8.783530346480772,6,4.762173934797756,-0.2897919387251644,,,,,,,,,
00-0027531,2017,112,382.0,1,-27.11216804070864,16.0,2.0,2.0,14,,-0.46777956999131565,,50.89285714285714,2.6619622641509433,4.4984554973821975,Chris Ivory,RB,1988-03-22,2010,,,0,29.44558521560575,3.9630176725524358,15.705509072962926,7,4.718498871295094,-0.24207292893489857,-33.90565683084424,117.0,4.762173934797756,-0.46777956999131565,-0.2897919387251644,21.1864406779661,6.793488790135598,-5.0,0.0
00-0027531,2018,115,385.0,1,-18.688140954764094,25.0,1.0,0.0,13,-53.32687097900998,-0.46777956999131565,0.3684210526315789,20.869565217391305,2.778851485148515,4.611350649350649,Chris Ivory,RB,1988-03-22,2010,,,1,30.444900752908968,4.962333209855654,24.624750885636317,8,4.74493212836325,-0.16250557351968778,-27.11216804070864,112.0,4.718498871295094,-0.46777956999131565,-0.24207292893489857,50.89285714285714,8.424027085944545,3.0,0.0
00-0027864,2016,155,661.0,8,-10.979501784007326,38.0,3.0,2.0,13,,0.09198216852442154,,21.935483870967744,2.6877058823529403,4.391981845688351,Ryan Mathews,RB,1987-10-10,2010,1.0,12.0,0,28.895277207392198,3.412709664338884,11.646587253072017,6,5.043425116919247,-0.07083549538069242,,,,,,,,,
00-0027966,2016,205,1043.0,6,-5.29390313064231,49.0,2.0,2.0,16,,0.10121435292836845,,18.536585365853657,2.5829790575916234,3.456490891658675,Mark Ingram,RB,1989-12-21,2011,1.0,28.0,0,26.69678302532512,1.2142154822718076,1.4743192373885585,5,5.3230099791384085,-0.02582391771045029,,,,,,,,,
00-0027966,2017,230,1124.0,12,-6.60897309250402,50.0,2.0,2.0,16,,0.10121435292836845,,42.173913043478265,2.655408256880734,3.4052804986642915,Mark Ingram,RB,1989-12-21,2011,1.0,28.0,0,27.696098562628336,2.213531019575022,4.899719574620837,6,5.438079308923196,-0.028734665619582697,-5.29390313064231,205.0,5.3230099791384085,0.10121435292836845,-0.02582391771045029,18.536585365853657,-1.3150699618617105,25.0,0.0
00-0027966,2018,138,645.0,6,-8.624336839967423,34.0,2.0,1.0,12,68.05326088906008,0.5078601558885081,0.3656716417910448,31.88405797101449,2.5523129770992363,3.470186046511628,Mark Ingram,RB,1989-12-21,2011,1.0,28.0,1,28.695414099931554,3.2128465568782403,10.322382998044363,7,4.927253685157205,-0.06249519449251756,-6.60897309250402,230.0,5.438079308923196,0.10121435292836845,-0.028734665619582697,42.173913043478265,-2.015363747463403,-92.0,0.40664580296013964
00-0027966,2019,202,1018.0,10,14.428682004530007,53.0,2.0,2.0,15,29.336508828810338,0.14816418600409262,0.35858585858585856,22.277227722772277,2.7435706521739123,3.336227897838901,Mark Ingram,RB,1989-12-21,2011,1.0,28.0,1,29.694729637234772,4.212162094181458,17.74230950765913,8,5.308267697401205,0.07142911883430697,-8.624336839967423,138.0,4.927253685157205,0.5078601558885081,-0.06249519449251756,31.88405797101449,23.05301884449743,64.0,-0.35969596988441543
00-0027966,2021,160,554.0,2,-31.323440707754344,22.0,1.0,1.0,14,-55.323861447876766,-0.35238128310749534,0.3248407643312102,38.75,2.8126026490066227,4.407039711191334,Mark Ingram,RB,1989-12-21,2011,1.0,28.0,1,31.696098562628336,6.213531019575022,38.60796773122102,10,5.075173815233827,-0.19577150442346464,14.428682004530007,202.0,5.308267697401205,0.14816418600409262,0.07142911883430697,22.277227722772277,-45.75212271228435,-42.0,-0.5005454691115879
00-0028009,2016,293,1287.0,9,-12.736655521872425,64.0,3.0,1.0,16,,0.09198216852442154,,46.75767918088737,2.9033038461538467,4.187264224473888,DeMarco Murray,RB,1988-02-12,2011,3.0,71.0,0,28.553045859000683,3.070478315947369,9.427837088702992,5,5.680172609017068,-0.04346981406782398,,,,,,,,,
00-0028009,2017,184,659.0,6,-31.70611505094137,29.0,1.0,1.0,15,,0.09198216852442154,,35.32608695652174,2.7859580838323357,4.350713201820944,DeMarco Murray,RB,1988-02-12,2011,3.0,71.0,0,29.5523613963039,4.069793853250587,16.563222007956263,6,5.214935757608986,-0.17231584266815964,-12.736655521872425,293.0,5.680172609017068,0.09198216852442154,-0.04346981406782398,46.75767918088737,-18.969459529068946,-109.0,0.0
00-0028064,2016,131,722.0,3,8.089774354109057,46.0,0.0,0.0,16,,0.09198216852442154,,9.16030534351145,2.716583333333332,3.2576038781163446,Bilal Powell,RB,1988-10-27,2011,4.0,126.0,0,27.8466803559206,2.364112812867287,5.589029391963275,5,4.875197323201151,0.06175400270312257,,,,,,,,,
00-0028064,2017,178,772.0,5,-17.93714591540473,30.0,0.0,0.0,15,,0.09198216852442154,,33.70786516853933,2.9672987012987013,3.9939766839378255,Bilal Powell,RB,1988-10-27,2011,4.0,126.0,0,28.84599589322382,3.363428350170505,11.312650266730685,6,5.181783550292085,-0.1007704826708131,8.089774354109057,131.0,4.875197323201151,0.09198216852442154,0.06175400270312257,9.16030534351145,-26.026920269513788,47.0,0.0
00-0028064,2018,80,343.0,0,-10.991366525779675,16.0,2.0,1.0,7,,0.09198216852442154,,21.502689616064217,,,Bilal Powell,RB,1988-10-27,2011,4.0,126.0,0,29.845311430527037,4.362743887473723,19.033534227689334,7,4.382026634673881,-0.13739208157224594,-17.93714591540473,178.0,5.181783550292085,0.09198216852442154,-0.1007704826708131,33.70786516853933,6.945779389625056,-98.0,0.0
00-0028083,2016,129,560.0,2,-4.344336914364829,29.0,0.0,0.0,10,,0.09198216852442154,,24.8062015503876,2.680044642857143,3.6650178571428587,Jacquizz Rodgers,RB,1990-02-06,2011,5.0,145.0,0,26.56810403832991,1.085536495276596,1.178389482577395,5,4.859812404361672,-0.03367703034391341,,,,,,,,,
00-0028087,2017,180,896.0,6,18.602263120147175,48.0,0.0,0.0,16,,-0.41340693874482176,,28.333333333333332,2.6915155279503096,3.304776785714285,Dion Lewis,RB,1990-09-27,2011,5.0,149.0,0,26.92950034223135,1.446932799178036,2.0936145253371867,6,5.19295685089021,0.10334590622303987,,,,,,,,,
00-0028087,2018,155,517.0,1,-37.46334746646517,22.0,1.0,1.0,16,-64.07807550544737,-0.41340693874482176,0.3419354838709677,27.09677419354839,2.8167244094488186,4.5762282398452605,Dion Lewis,RB,1990-09-27,2011,5.0,149.0,1,27.928815879534564,2.4462483364812506,5.984130923737286,7,5.043425116919247,-0.24169901591267853,18.602263120147175,180.0,5.19295685089021,-0.41340693874482176,0.10334590622303987,28.333333333333332,-56.06561058661235,-25.0,0.0
00-0028198,2016,121,402.0,6,-26.75095858500572,27.0,1.0,1.0,16,,0.09198216852442154,,38.84297520661157,2.256415929203541,3.999452736318411,Matt Asiata,RB,1987-07-24,2012,,,0,29.1088295687885,3.626262025735187,13.149776279289062,4,4.795790545596741,-0.22108230235541917,,,,,,,,,
00-0029141,2017,115,547.0,1,1.092400204355938,25.0,0.0,0.0,13,,-0.534216790823484,,38.26086956521739,2.8056990291262136,3.5065447897623394,Alfred Morris,RB,1988-12-12,2012,6.0,173.0,0,28.720054757015742,3.237487213962428,10.481323460570204,5,4.74493212836325,0.009499132211790766,,,,,,,,,
00-0029141,2018,111,428.0,2,-17.318682814168127,24.0,2.0,1.0,11,-58.229630199759754,-0.534216790823484,0.3577981651376147,36.03603603603604,2.711387096774194,4.2728738317757005,Alfred Morris,RB,1988-12-12,2012,6.0,173.0,1,29.71937029431896,4.236802751265646,17.95049755313215,6,4.709530201312334,-0.15602416949701015,1.092400204355938,115.0,4.74493212836325,-0.534216790823484,0.009499132211790766,38.26086956521739,-18.411083018524067,-4.0,0.0
00-0029613,2016,144,421.0,3,-36.23706489134929,23.0,1.0,1.0,8,,0.030787430475202146,,33.33333333333333,2.8401652892561984,5.17163895486936,Doug Martin,RB,1989-01-13,2012,1.0,31.0,0,27.633127994524298,2.1505604514709837,4.6249102554310815,4,4.969813299576001,-0.2516462839677034,,,,,,,,,
00-0029613,2017,138,406.0,3,-30.236382112549716,21.0,1.0,1.0,11,,0.030787430475202146,,33.33333333333333,2.9158474576271196,5.111403940886699,Doug Martin,RB,1989-01-13,2012,1.0,31.0,0,28.632443531827516,3.149875988774202,9.921718744656255,5,4.927253685157205,-0.219104218206882,-36.23706489134929,144.0,4.969813299576001,0.030787430475202146,-0.2516462839677034,33.33333333333333,6.000682778799575,-6.0,0.0
00-0029613,2018,172,723.0,4,-15.040640990540851,37.0,3.0,3.0,16,5.295438041734769,0.030787430475202146,0.38372093023255816,23.25581395348837,2.685944444444445,3.724564315352697,Doug Martin,RB,1989-01-13,2012,1.0,31.0,1,29.631759069130734,4.14919152607742,17.215790320072667,6,5.147494476813453,-0.08744558715430727,-30.236382112549716,138.0,4.927253685157205,0.030787430475202146,-0.219104218206882,33.33333333333333,15.195741122008865,34.0,0.0
00-0029615,2016,268,1073.0,5,-37.944428306227486,52.0,2.0,1.0,14,,0.6198326699463378,,26.591760299625467,2.5244837398373976,4.027347703842548,Lamar Miller,RB,1991-04-25,2012,4.0,97.0,0,25.35523613963039,-0.12733140342292515,0.016213286297651713,4,5.5909869805108565,-0.14158368770980406,,,,,,,,,
00-0029615,2017,238,888.0,3,-28.405613267115044,43.0,1.0,0.0,16,,0.6198326699463378,,24.369747899159663,2.5906203703703703,3.7298761261261277,Lamar Miller,RB,1991-04-25,2012,4.0,97.0,0,26.354551676933607,0.8719841338802929,0.7603563297389646,5,5.472270673671475,-0.11935131624838254,-37.944428306227486,268.0,5.5909869805108565,0.6198326699463378,-0.14158368770980406,26.591760299625467,9.538815039112443,-30.0,0.0
00-0029615,2018,210,973.0,5,-12.071009396262887,36.0,0.0,0.0,14,129.5450280187846,0.6198326699463378,0.3827751196172249,23.333333333333332,2.750461538461539,3.5045015416238443,Lamar Miller,RB,1991-04-25,2012,4.0,97.0,1,27.353867214236825,1.871299671183511,3.5017624593715166,6,5.3471075307174685,-0.05748099712506137,-28.405613267115044,238.0,5.472270673671475,0.6198326699463378,-0.11935131624838254,24.369747899159663,16.334603870852156,-28.0,0.0
00-0029854,2016,110,437.0,4,-14.681209916254163,22.0,0.0,0.0,7,,0.09198216852442154,,22.727272727272727,2.49030612244898,4.113478260869565,C.J. Anderson,RB,1991-02-10,2013,,,0,25.557837097878167,0.0752695548248532,0.005665505883531582,3,4.700480365792417,-0.13346554469321967,,,,,,,,,
00-0029854,2017,245,1007.0,3,-24.017994105334537,47.0,1.0,1.0,16,,0.09198216852442154,,22.040816326530614,2.551026785714285,3.6432571996027803,C.J. Anderson,RB,1991-02-10,2013,,,0,26.55715263518138,1.0745850921280677,1.1547331202238877,4,5.501258210544727,-0.09803262900136546,-14.681209916254163,110.0,4.700480365792417,0.09198216852442154,-0.13346554469321967,22.727272727272727,-9.336784189080374,135.0,0.0
00-0030107,2016,92,357.0,1,-7.757485941222949,19.0,0.0,0.0,10,,0.09198216852442154,,13.043478260869565,2.7401351351351346,4.525714285714288,Theo Riddick,RB,1991-05-04,2013,6.0,199.0,0,25.3305954825462,-0.15197206050711287,0.023095507174777576,3,4.5217885770490405,-0.08432049936111902,,,,,,,,,
00-0030107,2017,84,286.0,3,-17.628303262405097,11.0,1.0,1.0,16,,0.09198216852442154,,21.502689616064217,,,Theo Riddick,RB,1991-05-04,2013,6.0,199.0,0,26.32991101984942,0.8473434767961052,0.7179909676689117,4,4.430816798843313,-0.2098607531238702,-7.757485941222949,92.0,4.5217885770490405,0.09198216852442154,-0.08432049936111902,13.043478260869565,-9.870817321182148,-8.0,0.0
00-0030117,2017,120,426.0,1,-18.154371734631276,20.0,0.0,0.0,15,,0.09198216852442154,,35.833333333333336,2.683718181818183,4.12249411764706,Kerwynn Williams,RB,1991-06-09,2013,7.0,230.0,0,26.23134839151266,0.7487808484593472,0.5606727590194999,4,4.787491742782046,-0.1512864311219273,,,,,,,,,
00-0030288,2021,122,427.0,3,-5.235464330791729,30.0,1.0,0.0,14,-26.47813988548802,-0.22065116571240015,0.3333333333333333,29.508196721311474,2.7468962264150942,4.0285714285714285,Rex Burkhead,RB,1990-07-02,2013,6.0,190.0,1,31.16769336071184,5.685125817658527,32.320655562607534,8,4.804021044733257,-0.04291364205566991,,,,,,,,,
00-0030414,2016,214,921.0,3,-26.414856297836643,47.0,3.0,2.0,14,,0.09198216852442154,,21.962616822429908,2.820456852791878,3.966449511400651,Spencer Ware,RB,1991-11-23,2013,6.0,194.0,0,24.774811772758383,-0.7077557702949306,0.5009182303857707,3,5.365976015021851,-0.12343390793381609,,,,,,,,,
00-0030432,2016,148,583.0,7,-11.180408711726734,32.0,1.0,0.0,15,,0.09198216852442154,,20.945945945945947,2.6025859374999993,4.576466552315608,Christine Michael,RB,1990-11-09,2013,2.0,62.0,0,25.812457221081452,0.3298896780281382,0.10882719966950867,3,4.997212273764115,-0.07554330210626171,,,,,,,,,
00-0030433,2016,101,577.0,8,23.7090571502049,39.0,0.0,0.0,15,,0.09198216852442154,,45.54455445544555,2.6981170212765955,3.4515944540727914,Mike Gillislee,RB,1990-11-01,2013,5.0,164.0,0,25.83436002737851,0.3517924843251947,0.12375795202769237,3,4.61512051684126,0.2347431401010386,,,,,,,,,
00-0030433,2017,104,383.0,5,-15.689354419019377,25.0,1.0,1.0,9,,0.09198216852442154,,50.96153846153846,2.5775729166666665,4.206187989556136,Mike Gillislee,RB,1990-11-01,2013,5.0,164.0,0,26.833675564681723,1.3511080216284093,1.8254928861086341,4,4.6443908991413725,-0.15085917710595556,23.7090571502049,101.0,4.61512051684126,0.09198216852442154,0.2347431401010386,45.54455445544555,-39.39841156922428,3.0,0.0
00-0030456,2016,91,337.0,2,-9.981379444652703,15.0,0.0,0.0,10,,-0.7998083398352052,,6.593406593406594,2.7615421686746995,4.864451038575669,Giovani Bernard,RB,1991-11-22,2013,2.0,37.0,0,24.777549623545518,-0.7050179195077959,0.497050266827101,3,4.51085950651685,-0.10968548840277695,,,,,,,,,
00-0030456,2017,105,458.0,2,-9.810816668788902,20.0,0.0,0.0,16,,-0.7998083398352052,,12.380952380952381,2.732787234042554,3.758733624454148,Giovani Bernard,RB,1991-11-22,2013,2.0,37.0,0,25.776865160848732,0.29429761779541863,0.0866110878400583,4,4.653960350157523,-0.09343634922656098,-9.981379444652703,91.0,4.51085950651685,-0.7998083398352052,-0.10968548840277695,6.593406593406594,0.1705627758638002,14.0,0.0
00-0030456,2020,124,416.0,3,-20.29637234826958,23.0,1.0,1.0,16,-97.57661745989503,-0.7998083398352052,0.3360655737704918,12.096774193548388,2.6349824561403508,4.452908653846156,Giovani Bernard,RB,1991-11-22,2013,2.0,37.0,1,28.777549623545518,3.294982080492204,10.856906910764733,7,4.820281565605037,-0.16368042216346435,-9.810816668788902,105.0,4.653960350157523,-0.7998083398352052,-0.09343634922656098,12.380952380952381,-10.485555679480676,19.0,0.0
00-0030496,2016,261,1268.0,7,5.253504687663746,69.0,3.0,1.0,12,,-0.5199275167596167,,24.521072796934863,3.072778225806453,3.9478785488958983,Le'Veon Bell,RB,1992-02-18,2013,2.0,48.0,0,24.536618754277892,-0.9459487887754214,0.8948191109856869,3,5.564520407322694,0.02012837045081895,,,,,,,,,
00-0030496,2017,321,1291.0,9,-17.15512411845283,74.0,2.0,2.0,15,,-0.5199275167596167,,19.937694704049843,3.0933664383561643,4.16745933384973,Le'Veon Bell,RB,1992-02-18,2013,2.0,48.0,0,25.53593429158111,0.05336674852779666,0.002848009848429087,4,5.771441123130016,-0.053442754263092924,5.253504687663746,261.0,5.564520407322694,-0.5199275167596167,0.02012837045081895,24.521072796934863,-22.408628806116575,60.0,0.0
00-0030496,2019,245,789.0,3,-46.753727778921316,36.0,0.0,0.0,15,-126.34238657258686,-0.5199275167596167,0.39094650205761317,17.142857142857142,2.845286995515694,4.479898605830164,Le'Veon Bell,RB,1992-02-18,2013,2.0,48.0,1,27.534565366187543,2.0519978231342293,4.210695066147616,6,5.501258210544727,-0.1908315419547809,-17.15512411845283,321.0,5.771441123130016,-0.5199275167596167,-0.053442754263092924,19.937694704049843,-29.598603660468488,-76.0,0.0
00-0030496,2020,82,328.0,2,-15.833120424795197,22.0,0.0,0.0,11,,-0.5199275167596167,,17.142857142857142,,,Le'Veon Bell,RB,1992-02-18,2013,2.0,48.0,0,28.536618754277892,3.0540512112245786,9.327228800782315,7,4.406719247264253,-0.1930868344487219,-46.753727778921316,245.0,5.501258210544727,-0.5199275167596167,-0.1908315419547809,17.142857142857142,30.92060735412612,-163.0,0.0
00-0030513,2016,195,788.0,12,-5.117100961532724,52.0,2.0,1.0,14,,0.07339025255369376,,45.64102564102564,2.5891712707182335,3.9130710659898473,Latavius Murray,RB,1990-01-18,2013,6.0,181.0,0,26.62012320328542,1.1375556602321062,1.294032880126103,3,5.272999558563747,-0.02624154339247551,,,,,,,,,
00-0030513,2017,216,842.0,8,-19.494881261801684,42.0,1.0,0.0,16,,0.07339025255369376,,38.88888888888889,2.6756718750000004,3.8630760095011882,Latavius Murray,RB,1990-01-18,2013,6.0,181.0,0,27.619438740588638,2.1368711975353243,4.566218514856051,4,5.375278407684165,-0.09025407991574853,-5.117100961532724,195.0,5.272999558563747,0.07339025255369376,-0.02624154339247551,45.64102564102564,-14.37778030026896,21.0,0.0
00-0030513,2018,140,578.0,6,-20.443325072170104,23.0,0.0,0.0,16,37.31627825323619,0.27040781342924775,0.391304347826087,27.857142857142858,2.8025813953488377,3.756297577854671,Latavius Murray,RB,1990-01-18,2013,6.0,181.0,1,28.618754277891856,3.1361867348385424,9.835667235777239,5,4.941642422609304,-0.14602375051550073,-19.494881261801684,216.0,5.375278407684165,0.07339025255369376,-0.09025407991574853,38.88888888888889,-0.9484438103684205,-76.0,0.197017560875554
00-0030513,2019,146,637.0,5,-4.318560145213269,38.0,0.0,0.0,16,-0.4593121661780515,-0.003145973740945558,0.3767123287671233,35.61643835616438,2.630397058823528,3.523249607535321,Latavius Murray,RB,1990-01-18,2013,6.0,181.0,1,29.61806981519507,4.135502272141757,17.102379042889634,6,4.983606621708336,-0.02957917907680321,-20.443325072170104,140.0,4.941642422609304,0.27040781342924775,-0.14602375051550073,27.857142857142858,16.124764926956836,6.0,-0.2735537871701933
00-0030513,2020,146,656.0,4,3.2498641531565227,36.0,1.0,0.0,15,13.708945257838309,0.09520100873498825,0.375,36.3013698630137,2.5766258992805757,3.329085365853658,Latavius Murray,RB,1990-01-18,2013,6.0,181.0,1,30.62012320328542,5.137555660232106,26.394478161982953,7,4.983606621708336,0.022259343514770703,-4.318560145213269,146.0,4.983606621708336,-0.003145973740945558,-0.02957917907680321,35.61643835616438,7.568424298369791,0.0,0.09834698247593382
00-0030513,2021,119,501.0,6,-6.842852562328158,36.0,0.0,0.0,14,8.127011832558935,0.07006044683240462,0.33620689655172414,31.092436974789916,2.662072727272727,3.5747105788423172,Latavius Murray,RB,1990-01-18,2013,6.0,181.0,1,31.619438740588638,6.136871197535324,37.66118809513865,8,4.77912349311153,-0.057502962708639985,3.2498641531565227,146.0,4.983606621708336,0.09520100873498825,0.022259343514770703,36.3013698630137,-10.09271671548468,-27.0,-0.02514056190258364
00-0030513,2022,171,760.0,6,-5.9284636285571946,44.0,1.0,0.0,13,-11.016101457854006,-0.06557203248722623,0.35119047619047616,21.052631578947366,2.6692049689440993,3.3840921052631585,Latavius Murray,RB,1990-01-18,2013,6.0,181.0,1,32.61875427789185,7.136186734838539,50.925161114485526,9,5.14166355650266,-0.034669377944778916,-6.842852562328158,119.0,4.77912349311153,0.07006044683240462,-0.057502962708639985,31.092436974789916,0.9143889337709634,52.0,-0.13563247931963085
00-0030513,2023,79,300.0,4,-2.5622984387688468,27.0,0.0,0.0,15,,0.07339025255369376,,30.384003926011644,,,Latavius Murray,RB,1990-01-18,2013,6.0,181.0,0,33.61806981519507,8.135502272141757,66.1863972200237,10,4.3694478524670215,-0.032434157452770215,-5.9284636285571946,171.0,5.14166355650266,-0.06557203248722623,-0.034669377944778916,21.052631578947366,3.366165189788348,-92.0,0.13896228504092
00-0030578,2021,153,618.0,6,-15.485663559607929,29.0,1.0,0.0,16,-9.081731887562341,-0.06014391978518107,0.3576158940397351,37.254901960784316,2.8469790209790204,4.362524271844662,Cordarrelle Patterson,RB,1991-03-17,2013,1.0,29.0,1,30.46132785763176,4.9787603145784445,24.788054270021252,8,5.030437921392435,-0.10121348731769889,,,,,,,,,
00-0030578,2022,144,695.0,8,-0.25217030422188547,39.0,1.0,1.0,13,86.87087013247913,0.6249702887228714,0.45323741007194246,36.80555555555556,2.8816718749999994,4.010129496402881,Cordarrelle Patterson,RB,1991-03-17,2013,1.0,29.0,1,31.460643394934976,5.978075851881663,35.73739089085066,9,4.969813299576001,-0.001751182668207538,-15.485663559607929,153.0,5.030437921392435,-0.06014391978518107,-0.10121348731769889,37.254901960784316,15.233493255386044,-9.0,0.6851142085080525
00-0030656,2016,198,952.0,7,-19.783149650956105,45.0,2.0,2.0,16,,0.9351070592325522,,26.767676767676768,2.751632530120481,3.512090336134455,Isaiah Crowell,RB,1993-01-08,2014,,,0,23.64681724845996,-1.8357502945933533,3.369979144099583,2,5.288267030694535,-0.09991489722705103,,,,,,,,,
00-0030656,2017,206,853.0,2,-30.005888022657018,38.0,1.0,1.0,16,,0.9351070592325522,,29.126213592233007,2.7402270270270273,3.7337866354044555,Isaiah Crowell,RB,1993-01-08,2014,,,0,24.646132785763175,-0.8364347572901387,0.6996231032030132,3,5.327876168789581,-0.1456596505954224,-19.783149650956105,198.0,5.288267030694535,0.9351070592325522,-0.09991489722705103,26.767676767676768,-10.222738371700913,8.0,0.0
00-0030656,2018,143,685.0,6,-9.516173206495022,26.0,0.0,0.0,13,133.72030947025496,0.9351070592325522,0.32167832167832167,26.573426573426573,2.940309523809524,3.6241459854014613,Isaiah Crowell,RB,1993-01-08,2014,,,1,25.645448323066393,0.16288078001307937,0.026530148497669156,4,4.962844630259907,-0.06654666577968547,-30.005888022657018,206.0,5.327876168789581,0.9351070592325522,-0.1456596505954224,29.126213592233007,20.489714816161996,-63.0,0.0
00-0030668,2016,88,293.0,1,-16.6357324941699,14.0,0.0,0.0,15,,0.09198216852442154,,27.27272727272727,2.8742368421052626,4.908395904436858,Charcandrick West,RB,1991-06-02,2014,,,0,25.251197809719372,-0.23136973333394195,0.05353195350301941,2,4.477336814478207,-0.18904241470647615,,,,,,,,,
00-0030860,2017,171,751.0,5,-9.492953483787364,33.0,1.0,0.0,15,,0.09198216852442154,,44.44444444444444,2.5939999999999985,3.3385543766578274,Orleans Darkwa,RB,1992-02-28,2014,,,0,25.508555783709788,0.025988240656474204,0.0006753886524188188,3,5.14166355650266,-0.05551434785840564,,,,,,,,,
00-0030874,2019,111,498.0,5,-13.631632244668948,22.0,1.0,1.0,11,58.88811225809144,0.5353464750735586,0.33636363636363636,9.00900900900901,2.8921414141414146,3.995642570281124,Damien Williams,RB,1992-04-03,2014,,,1,27.411362080766597,1.9287945377132836,3.7202483687125993,5,4.709530201312334,-0.12280749769972026,,,,,,,,,
00-0031045,2016,217,988.0,6,-18.415620767234564,48.0,4.0,2.0,13,,-0.06704670424240974,,12.903225806451612,2.675216931216931,3.8389676113360314,Carlos Hyde,RB,1990-09-20,2014,2.0,57.0,0,25.949349760438057,0.46678221738474335,0.2178856384666178,2,5.37989735354046,-0.08486461183057403,,,,,,,,,
00-0031045,2017,240,938.0,8,-28.77726703707387,44.0,2.0,1.0,16,,-0.06704670424240974,,37.916666666666664,2.8121787439613555,4.492354188759282,Carlos Hyde,RB,1990-09-20,2014,2.0,57.0,0,26.94866529774127,1.4660977546879579,2.1494426263010715,3,5.480638923341991,-0.11990527932114112,-18.415620767234564,217.0,5.37989735354046,-0.06704670424240974,-0.08486461183057403,12.903225806451612,-10.361646269839305,23.0,0.0
00-0031045,2018,172,571.0,5,-39.06264835494832,27.0,2.0,1.0,14,-94.00696836655379,-0.5767298672794711,0.4049079754601227,34.30232558139535,2.9328627450980393,4.805078809106829,Carlos Hyde,RB,1990-09-20,2014,2.0,57.0,1,27.94798083504449,2.465413291991176,6.078262700326768,4,5.147494476813453,-0.2271084206683042,-28.77726703707387,240.0,5.480638923341991,-0.06704670424240974,-0.11990527932114112,37.916666666666664,-10.285381317874453,-68.0,-0.5096831630370613
00-0031045,2019,245,1070.0,6,-13.75208536098944,55.0,4.0,2.0,16,107.56065948710034,0.4426364587946516,0.3868312757201646,14.69387755102041,2.7390357142857136,3.5483551401869153,Carlos Hyde,RB,1990-09-20,2014,2.0,57.0,1,28.947296372347708,3.464728829294394,12.004345860543703,5,5.501258210544727,-0.05613096065709976,-39.06264835494832,172.0,5.147494476813453,-0.5767298672794711,-0.2271084206683042,34.30232558139535,25.310562993958882,73.0,1.0193663260741226
00-0031045,2020,81,356.0,4,0.6652354206636408,20.0,0.0,0.0,10,,-0.06704670424240974,,24.49810156620788,,,Carlos Hyde,RB,1990-09-20,2014,2.0,57.0,0,29.949349760438057,4.466782217384743,19.952143377544566,6,4.394449154672439,0.00821278297115606,-13.75208536098944,245.0,5.501258210544727,0.4426364587946516,-0.05613096065709976,14.69387755102041,14.417320781653082,-164.0,-0.5096831630370613
00-0031062,2018,94,425.0,5,-4.8545658303600785,22.0,0.0,0.0,16,-7.077818623934945,-0.07693281112972766,0.33695652173913043,11.702127659574469,2.668510869565218,3.5154823529411754,James White,RB,1992-02-03,2014,4.0,130.0,1,26.576317590691307,1.093750047637993,1.1962891667081121,4,4.543294782270004,-0.05164431734425615,,,,,,,,,
00-0031075,2016,100,420.0,1,-9.725475721593792,23.0,2.0,1.0,14,,-0.3479933837783845,,20.0,2.400329787234043,3.7713333333333314,Alfred Blue,RB,1991-04-27,2014,6.0,181.0,0,25.349760438056126,-0.1328071049971875,0.017637727137733986,2,4.605170185988092,-0.09725475721593792,,,,,,,,,
00-0031075,2018,150,499.0,2,-32.49448738550424,25.0,0.0,0.0,16,-51.15502741542252,-0.3479933837783845,0.36054421768707484,22.666666666666664,2.6837014925373133,4.385531062124249,Alfred Blue,RB,1991-04-27,2014,6.0,181.0,1,27.34839151266256,1.8658239696092451,3.481299085568401,4,5.0106352940962555,-0.21662991590336161,-9.725475721593792,100.0,4.605170185988092,-0.3479933837783845,-0.09725475721593792,20.0,-22.76901166391045,50.0,0.0
00-0031285,2016,227,1079.0,11,4.889815129386044,61.0,1.0,1.0,16,,-0.8578595671208605,,33.03964757709251,2.681221649484536,4.0473401297497675,Devonta Freeman,RB,1992-03-15,2014,4.0,103.0,0,24.465434633812457,-1.017132909240857,1.0345593550607695,2,5.424950017481403,0.02154103581227332,,,,,,,,,
00-0031285,2017,196,865.0,7,-11.79781300862239,49.0,4.0,1.0,14,,-0.8578595671208605,,27.55102040816326,2.8622707182320437,4.102231213872832,Devonta Freeman,RB,1992-03-15,2014,4.0,103.0,0,25.464750171115675,-0.01781737193763888,0.0003174587427641615,3,5.278114659230517,-0.060192923513379536,4.889815129386044,227.0,5.424950017481403,-0.8578595671208605,0.02154103581227332,33.03964757709251,-16.687628138008435,-31.0,0.0
00-0031285,2019,184,656.0,2,-41.300076512474334,31.0,2.0,1.0,14,-218.77376293862403,-1.222199792953207,0.2737430167597765,22.82608695652174,2.8706012658227844,4.588018292682927,Devonta Freeman,RB,1992-03-15,2014,4.0,103.0,1,27.463381245722108,1.9808137026687938,3.9236229246804566,5,5.214935757608986,-0.2244569375677953,-11.79781300862239,196.0,5.278114659230517,-0.8578595671208605,-0.060192923513379536,27.55102040816326,-29.502263503851943,-12.0,-0.3643402258323464
00-0031285,2021,133,576.0,5,-2.9614123813637194,31.0,0.0,0.0,16,-64.65103370879535,-0.49351934128851416,0.366412213740458,28.57142857142857,2.8761794871794883,3.843038194444443,Devonta Freeman,RB,1992-03-15,2014,4.0,103.0,1,29.464750171115675,3.982182628062361,15.857778483241653,7,4.890349128221754,-0.022266258506494132,-41.300076512474334,184.0,5.214935757608986,-1.222199792953207,-0.2244569375677953,22.82608695652174,38.33866413111061,-51.0,0.7286804516646928
00-0031301,2016,222,839.0,9,-7.632344080489183,42.0,0.0,0.0,15,,0.09198216852442154,,19.81981981981982,2.613369999999999,4.382038140643624,Jeremy Hill,RB,1992-10-20,2014,2.0,55.0,0,23.865845311430526,-1.6167222316227878,2.613790774223367,2,5.402677381872279,-0.034379928290491815,,,,,,,,,
00-0031375,2016,193,774.0,5,-22.69855926922857,35.0,2.0,0.0,16,,0.09198216852442154,,21.875,2.804792899408283,4.158560311284045,Terrance West,RB,1991-01-28,2014,3.0,94.0,0,25.593429158110883,0.1108616150575692,0.012290297693172653,2,5.262690188904886,-0.117609115384604,,,,,,,,,
00-0031376,2016,159,539.0,2,-32.15974708296968,21.0,0.0,0.0,15,,0.09198216852442154,,25.78616352201258,2.640301470588236,4.868923933209647,Jerick McKinnon,RB,1992-05-03,2014,3.0,96.0,0,24.331279945242983,-1.151287597810331,1.3254631328718824,2,5.0689042022202315,-0.20226256027024955,,,,,,,,,
00-0031376,2017,150,570.0,3,-37.305255847240154,23.0,2.0,2.0,16,,0.09198216852442154,,22.666666666666664,3.0078571428571435,4.823631578947368,Jerick McKinnon,RB,1992-05-03,2014,3.0,96.0,0,25.3305954825462,-0.15197206050711287,0.023095507174777576,3,5.0106352940962555,-0.24870170564826768,-32.15974708296968,159.0,5.0689042022202315,0.09198216852442154,-0.20226256027024955,25.78616352201258,-5.145508764270474,-9.0,0.0
00-0031376,2020,81,319.0,5,-10.439695873967139,16.0,0.0,0.0,14,,0.09198216852442154,,21.502689616064217,,,Jerick McKinnon,RB,1992-05-03,2014,3.0,96.0,0,28.331279945242983,2.848712402189669,8.115162350389234,6,4.394449154672439,-0.12888513424650788,-37.305255847240154,150.0,5.0106352940962555,0.09198216852442154,-0.24870170564826768,22.666666666666664,26.865559973273015,-69.0,0.0
00-0031577,2017,153,591.0,4,-11.236058941031072,38.0,0.0,0.0,16,,0.09198216852442154,,41.830065359477125,2.413280303030302,3.774382402707274,Javorius Allen,RB,1991-08-27,2015,4.0,125.0,0,26.015058179329227,0.532490636275913,0.28354627772152663,2,5.030437921392435,-0.07343829373222922,,,,,,,,,
00-0031590,2016,260,1272.0,8,7.269347673009699,60.0,4.0,1.0,15,,0.09198216852442154,,23.076923076923077,2.7522027027027027,3.9076100628930805,Jay Ajayi,RB,1993-06-15,2015,5.0,149.0,0,23.21423682409309,-2.2683307189602253,5.1453242505786125,1,5.560681631015528,0.027959029511575768,,,,,,,,,
00-0031590,2017,208,873.0,1,-23.576264363464468,39.0,3.0,2.0,14,,0.09198216852442154,,22.115384615384613,2.7566395348837207,4.261454753722794,Jay Ajayi,RB,1993-06-15,2015,5.0,149.0,0,24.213552361396303,-1.2690151816570108,1.610399531275976,2,5.337538079701318,-0.1133474248243484,7.269347673009699,260.0,5.560681631015528,0.09198216852442154,0.027959029511575768,23.076923076923077,-30.845612036474165,-52.0,0.0
00-0031665,2016,88,334.0,4,-14.526480767433611,22.0,1.0,1.0,11,,0.09198216852442154,,19.318181818181817,2.581418918918919,3.9841616766467065,Zach Zenner,RB,1991-09-13,2015,,,0,24.969199178644764,-0.5133683644085494,0.26354707757550916,1,4.477336814478207,-0.16507364508447286,,,,,,,,,
00-0031687,2019,137,772.0,8,7.1029176199179265,31.0,1.0,1.0,15,38.21140973400304,0.2894803767727503,0.4015151515151515,32.11678832116788,2.88131007751938,3.4776295336787557,Raheem Mostert,RB,1992-04-09,2015,,,1,27.394934976043807,1.912367432990493,3.6571491987626477,4,4.919980925828125,0.05184611401399946,,,,,,,,,
00-0031687,2020,104,521.0,2,-10.629114004172152,22.0,1.0,1.0,8,52.43473812150489,0.5090751273932513,0.3592233009708738,18.269230769230766,2.899747368421052,3.888714011516313,Raheem Mostert,RB,1992-04-09,2015,,,1,28.396988364134156,2.914420821080842,8.493848722349531,5,4.6443908991413725,-0.10220301927088607,7.1029176199179265,137.0,4.919980925828125,0.2894803767727503,0.05184611401399946,32.11678832116788,-17.732031624090077,-33.0,0.21959475062050104
00-0031687,2022,181,891.0,3,-0.9878382243332453,44.0,1.0,1.0,16,-17.62542595719856,-0.09791903309554754,0.34444444444444444,12.154696132596685,2.7994879518072286,3.6900785634118964,Raheem Mostert,RB,1992-04-09,2015,,,1,30.39561943874059,4.913051895687275,24.138078929716325,7,5.198497031265826,-0.005457669747697488,-10.629114004172152,104.0,4.6443908991413725,0.5090751273932513,-0.10220301927088607,18.269230769230766,9.641275779838907,77.0,-0.6069941604887988
00-0031687,2023,209,1012.0,18,17.179602537857136,59.0,2.0,1.0,15,125.8771340517253,0.6140348002523186,0.3853658536585366,14.354066985645932,2.93470588235294,4.2526185770751,Raheem Mostert,RB,1992-04-09,2015,,,1,31.394934976043807,5.912367432990493,34.95608866268659,8,5.342334251964811,0.08219905520505806,-0.9878382243332453,181.0,5.198497031265826,-0.09791903309554754,-0.005457669747697488,12.154696132596685,18.16744076219038,28.0,0.7119538333478661
00-0031806,2020,101,419.0,5,-11.315900691501012,28.0,0.0,0.0,16,-54.067113257563335,-0.5517052373220749,0.3673469387755102,17.82178217821782,2.7749777777777784,3.8725775656324593,Malcolm Brown,RB,1993-05-15,2015,,,1,27.299110198494184,1.8165426554408697,3.299827219036166,5,4.61512051684126,-0.11203862070793082,,,,,,,,,
00-0031897,2016,109,349.0,3,-18.941043732433336,21.0,0.0,0.0,9,,0.09198216852442154,,18.34862385321101,2.5330967741935493,4.920143266475645,Thomas Rawls,RB,1993-08-03,2015,,,0,23.080082135523615,-2.4024854075296993,5.771936133393146,1,4.6913478822291435,-0.1737710434168196,,,,,,,,,
00-0031939,2016,99,460.0,3,-7.773231292105415,28.0,3.0,2.0,7,,0.09198216852442154,,29.292929292929294,2.8340227272727274,3.8946086956521753,Matt Jones,RB,1993-03-07,2015,3.0,95.0,0,23.488021902806295,-1.9945456402470185,3.978212311028389,1,4.59511985013459,-0.0785174877990446,,,,,,,,,
00-0032058,2016,118,520.0,8,1.4096896150060565,24.0,1.0,0.0,13,,-0.08049407269168159,,27.966101694915253,2.7682336448598135,4.342923076923076,Tevin Coleman,RB,1993-04-16,2015,3.0,73.0,0,23.378507871321013,-2.1040596717323012,4.4270671022102395,1,4.770684624465665,0.011946522161068276,,,,,,,,,
00-0032058,2017,156,628.0,5,-18.64096636699429,27.0,1.0,0.0,15,,-0.08049407269168159,,24.358974358974358,2.7700222222222224,4.284012738853502,Tevin Coleman,RB,1993-04-16,2015,3.0,73.0,0,24.37782340862423,-1.1047441344290831,1.2204596025554642,2,5.049856007249537,-0.1194933741473993,1.4096896150060565,118.0,4.770684624465665,-0.08049407269168159,0.011946522161068276,27.966101694915253,-20.050655982000347,38.0,0.0
00-0032058,2018,167,800.0,4,-11.832123891915312,36.0,1.0,0.0,16,-25.136679319972927,-0.1532724348778837,0.3231707317073171,25.748502994011975,2.8398455882352955,4.2313375,Tevin Coleman,RB,1993-04-16,2015,3.0,73.0,1,25.377138945927445,-0.1054285971258686,0.01111518909192871,3,5.117993812416755,-0.07085104126895396,-18.64096636699429,156.0,5.049856007249537,-0.08049407269168159,-0.1194933741473993,24.358974358974358,6.808842475078979,11.0,-0.07277836218620211
00-0032058,2019,137,544.0,6,-15.346873635670303,26.0,0.0,0.0,14,-1.049336628745209,-0.007715710505479478,0.34558823529411764,39.416058394160586,2.8933166666666654,4.284761029411765,Tevin Coleman,RB,1993-04-16,2015,3.0,73.0,1,26.376454483230663,0.8938869401773495,0.7990338618196244,4,4.919980925828125,-0.11202097544284892,-11.832123891915312,167.0,5.117993812416755,-0.1532724348778837,-0.07085104126895396,25.748502994011975,-3.51474974375499,-30.0,0.14555672437240422
00-0032058,2021,84,356.0,0,-5.879638561309548,19.0,0.0,0.0,11,,-0.08049407269168159,,32.58228069408628,,,Tevin Coleman,RB,1993-04-16,2015,3.0,73.0,0,28.37782340862423,2.895255865570917,8.382506527122798,6,4.430816798843313,-0.069995697158447,-15.346873635670303,137.0,4.919980925828125,-0.007715710505479478,-0.11202097544284892,39.416058394160586,9.467235074360755,-53.0,-0.07277836218620211
00-0032063,2018,112,514.0,4,2.352117180541852,25.0,0.0,0.0,15,48.158188278196974,0.4338575520558286,0.43243243243243246,13.392857142857142,2.5925047619047628,3.494503816793894,Mike Davis,RB,1993-02-19,2015,4.0,126.0,1,25.530458590006845,0.04789104695353075,0.0022935523783052868,3,4.718498871295094,0.021001046254837962,,,,,,,,,
00-0032063,2020,165,642.0,6,-19.472752833105897,38.0,1.0,1.0,14,10.967680560898998,0.06812223950868943,0.3416149068322981,32.72727272727273,2.7872751677852357,4.153037383177569,Mike Davis,RB,1993-02-19,2015,4.0,126.0,1,27.531827515400412,2.049259972347098,4.199466434264029,5,5.10594547390058,-0.11801668383700543,2.352117180541852,112.0,4.718498871295094,0.4338575520558286,0.021001046254837962,13.392857142857142,-21.82487001364775,53.0,-0.3657353125471392
00-0032063,2021,138,503.0,3,-17.808107149001444,21.0,2.0,1.0,17,-84.56597327307202,-0.6172698779056351,0.2846715328467153,26.811594202898554,2.8415118110236213,4.535367793240556,Mike Davis,RB,1993-02-19,2015,4.0,126.0,1,28.531143052703626,3.0485755096503127,9.293812638039663,6,4.927253685157205,-0.129044254702909,-19.472752833105897,165.0,5.10594547390058,0.06812223950868943,-0.11801668383700543,32.72727272727273,1.6646456841044532,-27.0,-0.6853921174143246
00-0032104,2017,165,552.0,4,-36.828167257714085,24.0,2.0,1.0,14,,0.09198216852442154,,18.787878787878785,3.0355407407407413,5.099474637681157,Ameer Abdullah,RB,1993-06-13,2015,2.0,54.0,0,24.21902806297057,-1.2635394800827449,1.596532017727773,2,5.10594547390058,-0.22320101368311568,,,,,,,,,
00-0032144,2016,254,997.0,10,-20.96990195158815,61.0,2.0,2.0,13,,-0.15103510271061601,,36.22047244094488,2.5134117647058827,4.083901705115346,Melvin Gordon,RB,1993-04-13,2015,1.0,15.0,0,23.38672142368241,-2.095846119370904,4.3925709560820785,1,5.537334267018537,-0.08255866910074075,,,,,,,,,
00-0032144,2017,284,1105.0,8,-23.059949823299966,58.0,1.0,0.0,16,,-0.15103510271061601,,29.577464788732392,2.695591093117408,4.150705882352943,Melvin Gordon,RB,1993-04-13,2015,1.0,15.0,0,24.386036960985628,-1.096530582067686,1.2023793174096984,2,5.648974238161206,-0.0811970064200703,-20.96990195158815,254.0,5.537334267018537,-0.15103510271061601,-0.08255866910074075,36.22047244094488,-2.0900478717118176,30.0,0.0
00-0032144,2018,175,885.0,10,11.189363212091848,47.0,0.0,0.0,12,-1.2449253481250935,-0.007237938070494729,0.36046511627906974,25.71428571428571,2.8287160493827153,3.619785310734462,Melvin Gordon,RB,1993-04-13,2015,1.0,15.0,1,25.385352498288842,-0.09721504476447151,0.009450764928558201,3,5.1647859739235145,0.06393921835481056,-23.059949823299966,284.0,5.648974238161206,-0.15103510271061601,-0.0811970064200703,29.577464788732392,34.249313035391815,-109.0,0.1437971646401213
00-0032144,2019,162,612.0,8,-16.334665794773194,39.0,3.0,2.0,12,-62.399198919638025,-0.3875726640971306,0.32919254658385094,12.345679012345679,2.70014,4.157352941176471,Melvin Gordon,RB,1993-04-13,2015,1.0,15.0,1,26.38466803559206,0.9021004925387466,0.8137852986386491,4,5.087596335232384,-0.10083127033810614,11.189363212091848,175.0,5.1647859739235145,-0.007237938070494729,0.06393921835481056,25.71428571428571,-27.524029006865042,-13.0,-0.38033472602663587
00-0032144,2020,215,986.0,9,-16.683528906292118,46.0,2.0,2.0,15,6.304854992596233,0.030458236679208855,0.36231884057971014,19.53488372093023,2.9307157894736844,3.936460446247465,Melvin Gordon,RB,1993-04-13,2015,1.0,15.0,1,27.38672142368241,1.9041538806290959,3.625802001114845,5,5.3706380281276624,-0.07759780886647497,-16.334665794773194,162.0,5.087596335232384,-0.3875726640971306,-0.10083127033810614,12.345679012345679,-0.3488631115189236,53.0,0.4180309007763394
00-0032144,2021,203,918.0,8,-18.874554949667072,48.0,3.0,3.0,16,73.63869704780257,0.3738004926284394,0.38071065989847713,31.03448275862069,2.747429347826088,3.8191938997821357,Melvin Gordon,RB,1993-04-13,2015,1.0,15.0,1,28.386036960985628,2.903469417932314,8.43013466086821,6,5.313205979041787,-0.0929781032003304,-16.683528906292118,215.0,5.3706380281276624,0.030458236679208855,-0.07759780886647497,19.53488372093023,-2.191026043374954,-12.0,0.3433422559492305
00-0032144,2022,90,318.0,2,-29.615228895578124,15.0,4.0,2.0,10,-67.28688038099307,-0.7646236406931031,0.3522727272727273,15.555555555555555,2.7565802469135807,4.523018867924531,Melvin Gordon,RB,1993-04-13,2015,1.0,15.0,1,29.385352498288842,3.9027849552355285,15.231730406812787,7,4.499809670330265,-0.32905809883975695,-18.874554949667072,203.0,5.313205979041787,0.3738004926284394,-0.0929781032003304,31.03448275862069,-10.740673945911052,-113.0,-1.1384241333215424
00-0032187,2016,293,1239.0,16,-18.826080197714333,72.0,5.0,3.0,16,,-0.1427498455071317,,25.597269624573375,2.6375078124999995,3.869200968523003,David Johnson,RB,1991-12-16,2015,3.0,86.0,0,24.711841204654345,-0.7707263383989691,0.5940190887018822,1,5.680172609017068,-0.06425283343929807,,,,,,,,,
00-0032187,2018,258,940.0,7,-54.08686675317614,51.0,2.0,2.0,16,-40.04089947044599,-0.16016359788178397,0.38,25.581395348837212,2.6319705882352937,3.997744680851062,David Johnson,RB,1991-12-16,2015,3.0,86.0,1,26.71047227926078,1.227904736207467,1.5077500412007294,3,5.552959584921617,-0.20963901842316332,-18.826080197714333,293.0,5.680172609017068,-0.1427498455071317,-0.06425283343929807,25.597269624573375,-35.260786555461806,-35.0,-0.017413752374652258
00-0032187,2019,93,346.0,2,-12.948676199483838,20.0,0.0,0.0,12,-63.70787512138287,-0.6777433523551369,0.2765957446808511,5.319148936170213,2.8743595505617976,4.22727536231884,David Johnson,RB,1991-12-16,2015,3.0,86.0,1,27.709787816564,2.227220273510685,4.960510146737011,4,4.532599493153256,-0.13923307741380472,-54.08686675317614,258.0,5.552959584921617,-0.16016359788178397,-0.20963901842316332,25.581395348837212,41.1381905536923,-165.0,-0.5175797544733529
00-0032187,2020,147,691.0,6,-3.6567891617305577,38.0,0.0,0.0,12,60.21963981618228,0.4096574137155257,0.36054421768707484,14.965986394557824,2.5682608695652167,3.3408104196816213,David Johnson,RB,1991-12-16,2015,3.0,86.0,1,28.711841204654345,3.229273661601031,10.42820838151013,5,4.990432586778736,-0.02487611674646638,-12.948676199483838,93.0,4.532599493153256,-0.6777433523551369,-0.13923307741380472,5.319148936170213,9.29188703775328,54.0,1.0874007660706626
00-0032209,2016,130,465.0,1,-23.811543252086267,21.0,2.0,1.0,15,,0.034435789605013666,,18.6046511627907,2.580464285714286,4.513744588744587,T.J. Yeldon,RB,1993-10-02,2015,2.0,36.0,0,22.915811088295687,-2.566756454757627,6.588238698039942,1,4.867534450455582,-0.1831657173237405,,,,,,,,,
00-0032209,2018,104,414.0,1,-17.438078091877458,16.0,1.0,1.0,14,3.5468863293164077,0.034435789605013666,0.4174757281553398,21.153846153846153,2.750267326732674,3.8088647342995157,T.J. Yeldon,RB,1993-10-02,2015,2.0,36.0,1,24.914442162902123,-0.5681253801511907,0.322766447571935,3,4.6443908991413725,-0.16767382780651402,-23.811543252086267,130.0,4.867534450455582,0.034435789605013666,-0.1831657173237405,18.6046511627907,6.373465160208809,-26.0,0.0
00-0032241,2016,278,885.0,6,-53.25627737707691,48.0,2.0,1.0,16,,-0.5000910915545679,,25.899280575539567,2.533310204081632,4.7833785310734465,Todd Gurley,RB,1994-08-03,2015,1.0,10.0,0,22.080766598220396,-3.4018009448329174,11.57224966826613,1,5.627621113690637,-0.1915693430830105,,,,,,,,,
00-0032241,2017,279,1305.0,13,-11.217225190312538,66.0,5.0,1.0,15,,-0.5000910915545679,,16.845878136200717,2.777752032520325,3.860321839080458,Todd Gurley,RB,1994-08-03,2015,1.0,10.0,0,23.080082135523615,-2.4024854075296993,5.771936133393146,2,5.631211781821365,-0.04020510820900551,-53.25627737707691,278.0,5.627621113690637,-0.5000910915545679,-0.1915693430830105,25.899280575539567,42.03905218676437,1.0,0.0
00-0032241,2018,256,1251.0,17,21.19610329436277,70.0,0.0,0.0,14,-22.71357399822523,-0.08907283920872638,0.3803921568627451,8.203125,2.7516781115879825,3.628361310951239,Todd Gurley,RB,1994-08-03,2015,1.0,10.0,1,24.079397672826833,-1.4031698702264812,1.9688856847114,3,5.545177444479562,0.08279727849360458,-11.217225190312538,279.0,5.631211781821365,-0.5000910915545679,-0.04020510820900551,16.845878136200717,32.41332848467531,-23.0,0.4110182523458415
00-0032241,2019,223,857.0,12,-28.479692495915902,51.0,3.0,2.0,15,-193.3560804735671,-0.8709733354665185,0.32432432432432434,24.2152466367713,2.919576530612246,4.432018669778296,Todd Gurley,RB,1994-08-03,2015,1.0,10.0,1,25.078713210130047,-0.40385433292326667,0.1630983222208967,4,5.407171771460119,-0.1277116255422238,21.19610329436277,256.0,5.545177444479562,-0.08907283920872638,0.08279727849360458,8.203125,-49.67579579027867,-33.0,-0.781900496257792
00-0032241,2020,195,678.0,9,-19.79010654204773,45.0,1.0,0.0,15,-103.18337609779564,-0.5402270999884589,0.33507853403141363,21.53846153846154,2.8398011363636346,4.637094395280235,Todd Gurley,RB,1994-08-03,2015,1.0,10.0,1,26.080766598220396,0.5981990551670826,0.35784210960279034,5,5.272999558563747,-0.10148772585665503,-28.479692495915902,223.0,5.407171771460119,-0.8709733354665185,-0.1277116255422238,24.2152466367713,8.689585953868171,-28.0,0.3307462354780596
00-0032257,2017,82,348.0,4,3.9435864383121952,26.0,1.0,0.0,16,,0.09198216852442154,,21.502689616064217,,,Duke Johnson,RB,1993-09-23,2015,3.0,77.0,0,23.939767282683093,-1.542800260370221,2.380232643398422,2,4.406719247264253,0.04809251754039263,,,,,,,,,
00-0032257,2019,83,410.0,2,-11.920557863919283,17.0,1.0,1.0,16,,0.09198216852442154,,21.502689616064217,,,Duke Johnson,RB,1993-09-23,2015,3.0,77.0,0,25.93839835728953,0.4558308142362151,0.20778173120725082,4,4.418840607796598,-0.14362117908336486,3.9435864383121952,82.0,4.406719247264253,0.09198216852442154,0.04809251754039263,21.502689616064217,-15.864144302231479,1.0,0.0
00-0032257,2020,77,235.0,1,-25.557877224229742,11.0,2.0,2.0,11,,0.09198216852442154,,21.502689616064217,,,Duke Johnson,RB,1993-09-23,2015,3.0,77.0,0,26.940451745379878,1.4578842023265643,2.125426347393363,5,4.343805421853684,-0.3319204834315551,-11.920557863919283,83.0,4.418840607796598,0.09198216852442154,-0.14362117908336486,21.502689616064217,-13.637319360310459,-6.0,0.0
00-0032371,2016,168,704.0,6,-7.039875725240563,29.0,0.0,0.0,14,,0.09198216852442154,,22.61904761904762,2.684644736842105,4.077017045454545,Rob Kelley,RB,1992-10-03,2016,,,0,23.912388774811774,-1.57017876824154,2.46546136423652,0,5.123963979403259,-0.04190402217405097,,,,,,,,,
00-0032411,2016,88,382.0,2,6.856167609075783,26.0,1.0,0.0,12,,0.09198216852442154,,20.454545454545457,2.7949066666666664,4.082931937172775,Kenneth Dixon,RB,1994-01-21,2016,4.0,134.0,0,22.611909650924023,-2.870657892129291,8.240676733644184,0,4.477336814478207,0.07791099555767934,,,,,,,,,
00-0032417,2016,112,456.0,0,-7.051639307755977,22.0,1.0,0.0,13,,0.09198216852442154,,5.357142857142857,2.5745514018691584,3.6825657894736863,Paul Perkins,RB,1994-11-16,2016,5.0,149.0,0,21.793292265571527,-3.689275277481787,13.610752073038318,0,4.718498871295094,-0.06296106524782122,,,,,,,,,
00-0032426,2017,212,973.0,6,-1.4442912176715499,51.0,2.0,2.0,15,,-0.6058939012849277,,32.54716981132076,3.017918032786884,4.229260020554985,Alex Collins,RB,1994-08-26,2016,5.0,171.0,0,23.017111567419576,-2.4654559756337378,6.078473167788106,1,5.356586274672012,-0.006812694422979009,,,,,,,,,
00-0032426,2018,114,411.0,7,-20.044759691663785,22.0,3.0,3.0,10,-39.39053227463688,-0.3613810300425402,0.4036697247706422,34.21052631578947,2.984857142857141,4.908272506082727,Alex Collins,RB,1994-08-26,2016,5.0,171.0,1,24.016427104722794,-1.4661404383305197,2.149567784908008,2,4.736198448394496,-0.1758312253654718,-1.4442912176715499,212.0,5.356586274672012,-0.6058939012849277,-0.006812694422979009,32.54716981132076,-18.600468473992237,-98.0,0.24451287124238752
00-0032426,2021,108,411.0,2,-12.090981805406045,22.0,0.0,0.0,11,-90.14311788789541,-0.8504067725273152,0.27358490566037735,10.185185185185185,2.715726315789473,3.927956204379563,Alex Collins,RB,1994-08-26,2016,5.0,171.0,1,27.017111567419576,1.5345440243662622,2.354825362718204,5,4.68213122712422,-0.11195353523524115,-20.044759691663785,114.0,4.736198448394496,-0.3613810300425402,-0.1758312253654718,34.21052631578947,7.95377788625774,-6.0,-0.48902574248477504
00-0032450,2016,90,265.0,1,-22.046462600235827,11.0,0.0,0.0,11,,0.09198216852442154,,17.77777777777778,2.897609756097561,5.354360902255639,Dwayne Washington,RB,1994-04-24,2016,7.0,236.0,0,22.357289527720738,-3.125278015332576,9.767362673121124,0,4.499809670330265,-0.24496069555817584,,,,,,,,,
00-0032602,2020,85,365.0,1,-6.219467732895017,25.0,1.0,0.0,16,-51.60927896146836,-0.6071679877819808,0.32941176470588235,1.1764705882352942,2.6339605263157906,3.9097534246575347,J.D. McKissic,RB,1993-08-15,2016,,,1,27.04722792607803,1.5646603830247159,2.4481621142070504,4,4.442651256490317,-0.07317020862229433,,,,,,,,,
00-0032741,2017,108,423.0,3,-3.707424261723645,23.0,2.0,1.0,11,,-0.4604295756206609,,33.33333333333333,2.8691372549019607,3.896879432624114,Peyton Barber,RB,1994-02-27,2016,,,0,23.509924709103355,-1.9726428339499584,3.8913197503341235,1,4.68213122712422,-0.03432800242336708,,,,,,,,,
00-0032741,2018,234,871.0,5,-42.79513554597919,41.0,1.0,1.0,16,-1.231557598325594,-0.005377980778714384,0.4148471615720524,22.64957264957265,2.7486763285024156,4.040838117106775,Peyton Barber,RB,1994-02-27,2016,,,1,24.50924024640657,-0.9733272966467439,0.9473660263976585,2,5.455321115357702,-0.18288519464093672,-3.707424261723645,108.0,4.68213122712422,-0.4604295756206609,-0.03432800242336708,33.33333333333333,-39.08771128425555,126.0,0.4550515948419465
00-0032741,2019,154,470.0,6,-33.682790465477545,23.0,1.0,1.0,16,-87.95252501424989,-0.5824670530745025,0.3708609271523179,33.116883116883116,2.681151079136691,4.158808510638298,Peyton Barber,RB,1994-02-27,2016,,,1,25.508555783709788,0.025988240656474204,0.0006753886524188188,3,5.0369526024136295,-0.21871941860699703,-42.79513554597919,234.0,5.455321115357702,-0.005377980778714384,-0.18288519464093672,22.64957264957265,9.112345080501647,-80.0,-0.5770890722957881
00-0032741,2020,94,258.0,4,-4.4870641966011995,26.0,0.0,0.0,14,-74.58370714282398,-0.7934436930087657,0.35106382978723405,42.5531914893617,2.6626590909090906,4.389922480620154,Peyton Barber,RB,1994-02-27,2016,,,1,26.510609171800137,1.0280416287468235,1.0568695904364216,4,4.543294782270004,-0.04773472549575744,-33.682790465477545,154.0,5.0369526024136295,-0.5824670530745025,-0.21871941860699703,33.116883116883116,29.195726268876346,-60.0,-0.2109766399342632
00-0032764,2016,110,490.0,5,-0.2933482906082645,29.0,0.0,0.0,14,,0.6520637981512571,,52.72727272727272,2.793009803921568,4.1207346938775515,Derrick Henry,RB,1994-01-04,2016,2.0,45.0,0,22.65845311430527,-2.824114428748043,7.975622306662886,0,4.700480365792417,-0.0026668026418933135,,,,,,,,,
00-0032764,2017,176,744.0,5,-14.01303294817223,39.0,1.0,0.0,16,,0.6520637981512571,,50.0,2.99298,4.332930107526883,Derrick Henry,RB,1994-01-04,2016,2.0,45.0,0,23.65776865160849,-1.824798891444825,3.329890994218262,1,5.170483995038151,-0.07961950538734221,-0.2933482906082645,110.0,4.700480365792417,0.6520637981512571,-0.0026668026418933135,52.72727272727272,-13.719684657563965,66.0,0.0
00-0032764,2018,215,1059.0,12,10.60093585748109,51.0,0.0,0.0,16,236.02584483222302,1.1081025578977606,0.47417840375586856,33.48837209302326,2.9210609137055843,3.728508026440037,Derrick Henry,RB,1994-01-04,2016,2.0,45.0,1,24.657084188911703,-0.8254833541416104,0.6814227679648834,2,5.3706380281276624,0.04930667840688879,-14.01303294817223,176.0,5.170483995038151,0.6520637981512571,-0.07961950538734221,50.0,24.61396880565332,39.0,0.45603875974650343
00-0032764,2019,303,1540.0,16,-3.9890664564445615,73.0,5.0,3.0,15,325.7053400259417,1.1309213195345198,0.4201388888888889,35.31353135313531,2.7227269372693716,3.4529480519480513,Derrick Henry,RB,1994-01-04,2016,2.0,45.0,1,25.65639972621492,0.17383218316160765,0.03021762790273071,3,5.713732805509369,-0.013165235829850038,10.60093585748109,215.0,5.3706380281276624,1.1081025578977606,0.04930667840688879,33.48837209302326,-14.590002313925652,88.0,0.02281876163675922
00-0032764,2020,378,2027.0,17,33.64543990973246,98.0,3.0,2.0,16,367.0793712096322,0.9974982913305223,0.4266304347826087,27.77777777777778,2.7594225352112662,3.569768130241737,Derrick Henry,RB,1994-01-04,2016,2.0,45.0,1,26.65845311430527,1.175885571251957,1.382706876678541,4,5.934894195619588,0.08900910029029752,-3.9890664564445615,303.0,5.713732805509369,1.1309213195345198,-0.013165235829850038,35.31353135313531,37.63450636617702,75.0,-0.13342302820399754
00-0032764,2021,219,937.0,10,-5.895254133014081,49.0,1.0,0.0,8,24.77195892801501,0.11415649275582954,0.3640552995391705,36.5296803652968,2.7632474747474745,3.8752721451440766,Derrick Henry,RB,1994-01-04,2016,2.0,45.0,1,27.65776865160849,2.175201108555175,4.731499862659662,5,5.389071729816501,-0.026918968643899914,33.64543990973246,378.0,5.934894195619588,0.9974982913305223,0.08900910029029752,27.77777777777778,-39.54069404274654,-159.0,-0.8833417985746927
00-0032764,2022,349,1538.0,13,-22.311296168132685,65.0,4.0,2.0,16,87.20895460260931,0.2564969253017921,0.40294117647058825,38.108882521489974,2.6969841269841277,3.8450260078023404,Derrick Henry,RB,1994-01-04,2016,2.0,45.0,1,28.657084188911703,3.1745166458583896,10.077555934832,6,5.855071922202427,-0.063929215381469,-5.895254133014081,219.0,5.389071729816501,0.11415649275582954,-0.026918968643899914,36.5296803652968,-16.416042035118604,130.0,0.14234043254596254
00-0032764,2023,280,1167.0,12,-2.0985031590381666,63.0,0.0,0.0,17,83.62677337187051,0.30520720208711866,0.40145985401459855,35.35714285714286,2.801296442687748,3.9126306769494414,Derrick Henry,RB,1994-01-04,2016,2.0,45.0,1,29.65639972621492,4.173832183161608,17.42087509319559,7,5.634789603169249,-0.007494654139422023,-22.311296168132685,349.0,5.855071922202427,0.2564969253017921,-0.063929215381469,38.108882521489974,20.21279300909452,-69.0,0.04871027678532658
00-0032780,2016,252,1313.0,6,-1.0587763959920267,70.0,1.0,1.0,15,,-0.26889489915554693,,27.77777777777778,2.7219004329004335,3.616641279512565,Jordan Howard,RB,1994-11-02,2016,5.0,150.0,0,21.831622176591377,-3.6509453664619365,13.329402068889884,0,5.529429087511423,-0.004201493634888994,,,,,,,,,
00-0032780,2017,276,1122.0,9,-14.770301129910518,61.0,1.0,1.0,16,,-0.26889489915554693,,43.11594202898551,2.9976853448275858,4.654429590017826,Jordan Howard,RB,1994-11-02,2016,5.0,150.0,0,22.830937713894592,-2.651629829158722,7.031140750884313,1,5.62040086571715,-0.05351558380402362,-1.0587763959920267,252.0,5.529429087511423,-0.26889489915554693,-0.004201493634888994,27.77777777777778,-13.711524733918491,24.0,0.0
00-0032780,2018,250,935.0,9,-25.161630174948463,53.0,2.0,1.0,16,-112.67666765602394,-0.4543414018388062,0.3346774193548387,14.000000000000002,2.5172699115044255,3.7011443850267396,Jordan Howard,RB,1994-11-02,2016,5.0,150.0,1,23.83025325119781,-1.6523142918555038,2.730142519069955,2,5.521460917862246,-0.10064652069979385,-14.770301129910518,276.0,5.62040086571715,-0.26889489915554693,-0.05351558380402362,43.11594202898551,-10.391329045037946,-26.0,-0.1854465026832593
00-0032780,2019,119,525.0,6,-0.4524602111778222,28.0,0.0,0.0,9,-9.930359180202231,-0.08344839647228766,0.4117647058823529,17.647058823529413,2.785036363636363,3.4970666666666665,Jordan Howard,RB,1994-11-02,2016,5.0,150.0,1,24.829568788501028,-0.6529987545522857,0.4264073734468363,3,4.77912349311153,-0.003802186648553128,-25.161630174948463,250.0,5.521460917862246,-0.4543414018388062,-0.10064652069979385,14.000000000000002,24.70916996377064,-131.0,0.3708930053665186
00-0032780,2021,86,406.0,3,-0.5718935054627892,24.0,0.0,0.0,7,,-0.26889489915554693,,15.823529411764707,,,Jordan Howard,RB,1994-11-02,2016,5.0,150.0,0,26.830937713894592,1.348370170841278,1.8181021176145375,5,4.454347296253507,-0.006649924482125456,-0.4524602111778222,119.0,4.77912349311153,-0.08344839647228766,-0.003802186648553128,17.647058823529413,-0.11943329428496696,-33.0,-0.18544650268325927
00-0032782,2016,77,312.0,1,-8.594344173101623,20.0,1.0,1.0,12,,-0.47730012633505847,,6.896551724137931,,,Wendell Smallwood,RB,1994-01-20,2016,5.0,153.0,0,22.614647501711158,-2.867920041342156,8.224965363531995,0,4.343805421853684,-0.11161485939093017,,,,,,,,,
00-0032782,2018,87,364.0,3,2.8676920006846878,22.0,1.0,0.0,13,-41.525110991150086,-0.47730012633505847,0.39080459770114945,6.896551724137931,2.7646913580246903,3.872554945054944,Wendell Smallwood,RB,1994-01-20,2016,5.0,153.0,1,24.61327857631759,-0.8692889667357235,0.7556633076884619,2,4.465908118654584,0.03296197701936423,-8.594344173101623,77.0,4.343805421853684,-0.47730012633505847,-0.11161485939093017,6.896551724137931,11.462036173786311,10.0,0.0
00-0032940,2016,87,467.0,2,0.10227470303652808,19.0,1.0,1.0,13,,-0.975818091828508,,20.689655172413794,2.588197530864198,3.1377730192719486,DeAndre Washington,RB,1993-02-22,2016,5.0,143.0,0,23.523613963039015,-1.958953580014299,3.8374991286508386,0,4.465908118654584,0.0011755712992704377,,,,,,,,,
00-0032940,2019,108,387.0,3,-16.50114152978369,23.0,0.0,0.0,16,-105.38835391747887,-0.975818091828508,0.3055555555555556,14.814814814814813,2.7820300000000007,4.279457364341083,DeAndre Washington,RB,1993-02-22,2016,5.0,143.0,1,26.521560574948666,1.0389930318953517,1.0795065203270955,3,4.68213122712422,-0.15278834749799713,0.10227470303652808,87.0,4.465908118654584,-0.975818091828508,0.0011755712992704377,20.689655172413794,-16.60341623282022,21.0,0.0
00-0032972,2016,174,612.0,4,-27.57296769665021,30.0,2.0,1.0,16,,0.1260626899878043,,24.137931034482758,2.4843607594936703,4.505098039215687,Devontae Booker,RB,1992-05-27,2016,4.0,136.0,0,24.265571526351813,-1.2169960167015006,1.4810793046673192,0,5.159055299214529,-0.15846533158994375,,,,,,,,,
00-0032972,2017,79,299.0,1,-4.480927298136521,11.0,1.0,0.0,13,,0.1260626899878043,,16.878012606599928,,,Devontae Booker,RB,1992-05-27,2016,4.0,136.0,0,25.26488706365503,-0.2176804793982825,0.04738479111106609,1,4.3694478524670215,-0.056720598710588876,-27.57296769665021,174.0,5.159055299214529,0.1260626899878043,-0.15846533158994375,24.137931034482758,23.09204039851369,-95.0,0.0
00-0032972,2020,93,423.0,3,2.9274540421320125,21.0,1.0,0.0,15,46.0518116870677,0.49518077082868495,0.34408602150537637,17.20430107526882,2.5066404494382026,3.386666666666667,Devontae Booker,RB,1992-05-27,2016,4.0,136.0,1,28.265571526351813,2.7830039832984994,7.745111171055314,4,4.532599493153256,0.031478000453032395,-4.480927298136521,79.0,4.3694478524670215,0.1260626899878043,-0.056720598710588876,16.878012606599928,7.408381340268534,14.0,0.36911808084088066
00-0032972,2021,145,593.0,2,-13.068403237784468,31.0,0.0,0.0,16,-34.75692089198992,-0.24305539085307637,0.3916083916083916,16.551724137931036,2.619046153846155,3.422715008431703,Devontae Booker,RB,1992-05-27,2016,4.0,136.0,1,29.26488706365503,3.7823195206017175,14.305940955924806,5,4.976733742420574,-0.0901269188812722,2.9274540421320125,93.0,4.532599493153256,0.49518077082868495,0.031478000453032395,17.20430107526882,-15.99585727991648,52.0,-0.7382361616817613
00-0033025,2016,83,491.0,1,2.2450208139489405,14.0,0.0,0.0,16,,0.09198216852442154,,21.502689616064217,,,Jalen Richard,RB,1993-10-15,2016,,,0,22.88021902806297,-2.602348514990343,6.772217793472443,0,4.418840607796598,0.0270484435415535,,,,,,,,,
00-0033045,2016,322,1631.0,15,12.951234621394848,91.0,5.0,1.0,15,,-0.006450274656555954,,28.88198757763975,2.805418918918917,3.6513059472716116,Ezekiel Elliott,RB,1995-07-22,2016,1.0,4.0,0,21.114305270362767,-4.368262272690547,19.081715283011583,0,5.7745515455444085,0.040221225532282134,,,,,,,,,
00-0033045,2017,242,983.0,7,-4.985430675627635,55.0,1.0,1.0,10,,-0.006450274656555954,,35.12396694214876,2.9013677130044853,4.001637843336724,Ezekiel Elliott,RB,1995-07-22,2016,1.0,4.0,0,22.11362080766598,-3.3689467353873326,11.349802105876966,1,5.488937726156687,-0.02060095320507287,12.951234621394848,322.0,5.7745515455444085,-0.006450274656555954,0.040221225532282134,28.88198757763975,-17.936665297022483,-80.0,0.0
00-0033045,2018,304,1434.0,6,-9.76068959815968,74.0,6.0,1.0,15,134.5946878092675,0.4456777742028725,0.4105960264900662,25.0,2.850989090909089,3.566792189679218,Ezekiel Elliott,RB,1995-07-22,2016,1.0,4.0,1,23.1129363449692,-2.3696311980841145,5.615152014933556,2,5.717027701406222,-0.03210753157289368,-4.985430675627635,242.0,5.488937726156687,-0.006450274656555954,-0.02060095320507287,35.12396694214876,-4.7752589225320445,62.0,0.4521280488594285
00-0033045,2019,301,1357.0,12,-5.566436640982586,78.0,3.0,2.0,16,118.86125681689964,0.400206251908753,0.4612794612794613,19.269102990033225,2.7210744680851064,3.49028002947679,Ezekiel Elliott,RB,1995-07-22,2016,1.0,4.0,1,24.112251882272417,-1.3703156607808964,1.8777650101813848,3,5.707110264748875,-0.01849314498665311,-9.76068959815968,304.0,5.717027701406222,0.4456777742028725,-0.03210753157289368,25.0,4.194252957177094,-3.0,-0.04547152229411955
00-0033045,2020,244,979.0,6,-27.859515982377623,62.0,5.0,4.0,15,7.637689882209315,0.03169165926227931,0.42738589211618255,22.950819672131146,2.6178602620087332,3.7117773237997955,Ezekiel Elliott,RB,1995-07-22,2016,1.0,4.0,1,25.114305270362767,-0.3682622726905471,0.13561710148720688,4,5.497168225293202,-0.11417834419007222,-5.566436640982586,301.0,5.707110264748875,0.400206251908753,-0.01849314498665311,19.269102990033225,-22.293079341395035,-57.0,-0.3685145926464737
00-0033045,2021,237,1002.0,10,-19.268372480869363,55.0,1.0,1.0,17,-44.80161431177862,-0.19145989022127616,0.3803418803418803,15.611814345991561,2.780769230769231,3.7130638722554905,Ezekiel Elliott,RB,1995-07-22,2016,1.0,4.0,1,26.11362080766598,0.6310532646126674,0.3982282227783052,5,5.4680601411351315,-0.08130114970830955,-27.859515982377623,244.0,5.497168225293202,0.03169165926227931,-0.11417834419007222,22.950819672131146,8.59114350150826,-7.0,-0.22315154948355548
00-0033045,2022,231,876.0,12,-11.69969886045182,52.0,0.0,0.0,15,-76.86069769771507,-0.3371083232355924,0.38596491228070173,21.21212121212121,2.724767441860466,3.931815068493151,Ezekiel Elliott,RB,1995-07-22,2016,1.0,4.0,1,27.1129363449692,1.6303688019158855,2.65810243026064,6,5.442417710521793,-0.050648047014942944,-19.268372480869363,237.0,5.4680601411351315,-0.19145989022127616,-0.08130114970830955,15.611814345991561,7.5686736204175435,-6.0,-0.14564843301431626
00-0033045,2023,184,642.0,3,-27.282744640982337,33.0,1.0,0.0,17,-70.5630598138597,-0.38770911985637196,0.4175824175824176,17.934782608695652,2.7091197604790422,3.909688473520248,Ezekiel Elliott,RB,1995-07-22,2016,1.0,4.0,1,28.112251882272417,2.6296843392191036,6.915239723934214,7,5.214935757608986,-0.1482757860922953,-11.69969886045182,231.0,5.442417710521793,-0.3371083232355924,-0.050648047014942944,21.21212121212121,-15.583045780530517,-47.0,-0.05060079662077954
00-0033118,2017,133,644.0,3,-13.711084194830619,24.0,2.0,2.0,14,,0.04459247727067729,,20.30075187969925,2.895517857142859,3.6077484472049686,Kenyan Drake,RB,1994-01-26,2016,3.0,73.0,0,23.59753593429158,-1.8850316087617323,3.5533441660308442,1,4.890349128221754,-0.10309085860774901,,,,,,,,,
00-0033118,2018,120,535.0,4,-15.300263167336201,23.0,2.0,1.0,16,13.081068022491763,0.1118040001922373,0.37606837606837606,10.0,2.740392156862745,4.05185046728972,Kenyan Drake,RB,1994-01-26,2016,3.0,73.0,1,24.5968514715948,-0.8857160714585142,0.7844929592399038,2,4.787491742782046,-0.127502193061135,-13.711084194830619,133.0,4.890349128221754,0.04459247727067729,-0.10309085860774901,20.30075187969925,-1.5891789725055823,-13.0,0.06721152292156
00-0033118,2019,168,785.0,8,-0.6288788574292292,46.0,2.0,1.0,14,38.77214417838752,0.22942097146974863,0.3136094674556213,8.823529411764707,2.8054248366013077,3.6636107711138317,Kenyan Drake,RB,1994-01-26,2016,3.0,73.0,1,25.596167008898014,0.11359946584470038,0.012904838640201248,3,5.123963979403259,-0.0037433265323168407,-15.300263167336201,120.0,4.787491742782046,0.1118040001922373,-0.127502193061135,10.0,14.671384309906973,48.0,0.11761697127751133
00-0033118,2020,239,955.0,10,-7.299795060449308,59.0,3.0,1.0,15,-64.00860826646169,-0.27122291638331225,0.3135593220338983,15.062761506276152,2.7464629629629633,3.9656544502617814,Kenyan Drake,RB,1994-01-26,2016,3.0,73.0,1,26.598220396988363,1.1156528539350496,1.2446812904934212,4,5.476463551931511,-0.030543075566733507,-0.6288788574292292,168.0,5.123963979403259,0.22942097146974863,-0.0037433265323168407,8.823529411764707,-6.670916203020079,71.0,-0.5006438878530609
00-0033118,2022,109,482.0,4,-12.499559383956058,21.0,1.0,0.0,12,11.703728210835834,0.1083678538040355,0.2962962962962963,34.862385321100916,3.0111276595744676,4.002821576763485,Kenyan Drake,RB,1994-01-26,2016,3.0,73.0,1,28.5968514715948,3.114283928541486,9.69876438757179,6,4.6913478822291435,-0.11467485673354182,-7.299795060449308,239.0,5.476463551931511,-0.27122291638331225,-0.030543075566733507,15.062761506276152,-5.199764323506749,-130.0,0.37959077018734777
00-0033280,2017,117,435.0,2,-12.896998116164468,21.0,1.0,1.0,16,,0.5307221075552688,,21.367521367521366,2.8237692307692317,4.627517241379312,Christian McCaffrey,RB,1996-06-07,2017,1.0,8.0,0,21.234770704996578,-4.247796838056736,18.043777977404805,0,4.762173934797756,-0.11023075312961084,,,,,,,,,
00-0033280,2018,219,1098.0,7,7.454052277082215,53.0,2.0,1.0,16,96.6946221128153,0.45184402856455746,0.37850467289719625,19.63470319634703,2.753533980582524,3.4409016393442613,Christian McCaffrey,RB,1996-06-07,2017,1.0,8.0,1,22.234086242299796,-3.248481300753518,10.552630761345268,1,5.389071729816501,0.034036768388503266,-12.896998116164468,117.0,4.762173934797756,0.5307221075552688,-0.11023075312961084,21.367521367521366,20.351050393246684,102.0,-0.07887807899071136
00-0033280,2019,287,1387.0,15,-15.304966184851612,57.0,1.0,0.0,16,211.65464703256407,0.7426478843247862,0.3649122807017544,23.34494773519164,2.6542884615384623,3.4584066330209096,Christian McCaffrey,RB,1996-06-07,2017,1.0,8.0,1,23.23340177960301,-2.2491657634503035,5.058746631476986,2,5.659482215759621,-0.053327408309587494,7.454052277082215,219.0,5.389071729816501,0.45184402856455746,0.034036768388503266,19.63470319634703,-22.759018461933827,68.0,0.29080385576022877
00-0033280,2021,99,442.0,1,1.7780662637261173,20.0,1.0,0.0,7,-5.76315989341316,-0.06066484098329642,0.4105263157894737,37.37373737373738,2.7522747252747255,3.920588235294118,Christian McCaffrey,RB,1996-06-07,2017,1.0,8.0,1,25.234770704996578,-0.24779683805673614,0.06140327295091631,4,4.59511985013459,0.0179602652901628,-15.304966184851612,287.0,5.659482215759621,0.7426478843247862,-0.053327408309587494,23.34494773519164,17.08303244857773,-188.0,-0.8033127253080826
00-0033280,2022,244,1139.0,8,3.895198468922599,59.0,1.0,0.0,17,47.17438461416077,0.19655993589233656,0.36666666666666664,34.83606557377049,2.790964125560538,3.676444249341529,Christian McCaffrey,RB,1996-06-07,2017,1.0,8.0,1,26.234086242299796,0.751518699246482,0.5647803553171242,5,5.497168225293202,0.015963928151322127,1.7780662637261173,99.0,4.59511985013459,-0.06066484098329642,0.0179602652901628,37.37373737373738,2.117132205196482,145.0,0.257224776875633
00-0033280,2023,272,1459.0,14,14.388323717255844,83.0,2.0,2.0,16,349.33101191418154,1.3232235299779604,0.4659090909090909,36.029411764705884,2.8048097165991908,3.5888485263879377,Christian McCaffrey,RB,1996-06-07,2017,1.0,8.0,1,27.23340177960301,1.7508342365496965,3.0654205238745584,6,5.605802066295998,0.052898248960499425,3.895198468922599,244.0,5.497168225293202,0.19655993589233656,0.015963928151322127,34.83606557377049,10.493125248333245,28.0,1.126663594085624
00-0033293,2017,81,448.0,4,9.967644628952257,21.0,0.0,0.0,10,,0.4166279706334021,,16.962029655040677,,,Aaron Jones,RB,1994-12-02,2017,5.0,182.0,0,22.748802190280628,-2.7337653527726857,7.4734730040203665,0,4.394449154672439,0.12305734109817601,,,,,,,,,
00-0033293,2018,133,728.0,8,6.515641396873466,41.0,1.0,1.0,12,87.02114978638326,0.6693934598952559,0.4307692307692308,13.533834586466165,2.6523833333333338,3.386002747252748,Aaron Jones,RB,1994-12-02,2017,5.0,182.0,1,23.748117727583846,-1.7344498154694676,3.0083161623820702,1,4.890349128221754,0.04898978493889824,9.967644628952257,81.0,4.394449154672439,0.4166279706334021,0.12305734109817601,16.962029655040677,-3.4520032320787912,52.0,0.25276548926185377
00-0033293,2019,236,1084.0,16,-1.3766320837312378,55.0,2.0,1.0,16,83.7645811508728,0.3579682955165504,0.3974358974358974,20.76271186440678,2.7326682027649762,3.9862546125461233,Aaron Jones,RB,1994-12-02,2017,5.0,182.0,1,24.747433264887064,-0.7351342781662495,0.5404224069350128,2,5.4638318050256105,-0.0058331867954713465,6.515641396873466,133.0,4.890349128221754,0.6693934598952559,0.04898978493889824,13.533834586466165,-7.892273480604704,103.0,-0.3114251643787055
00-0033293,2020,201,1104.0,9,14.435810233728262,52.0,1.0,0.0,14,127.78454059598346,0.6389227029799173,0.395,19.402985074626866,2.7116096256684497,3.435326086956521,Aaron Jones,RB,1994-12-02,2017,5.0,182.0,1,25.749486652977414,0.26691910992409973,0.07124581124267364,3,5.303304908059076,0.07181995141158339,-1.3766320837312378,236.0,5.4638318050256105,0.3579682955165504,-0.0058331867954713465,20.76271186440678,15.8124423174595,-35.0,0.28095440746336686
00-0033293,2021,171,799.0,4,1.5054791104249756,37.0,1.0,1.0,15,48.70140864755729,0.2864788743973958,0.38235294117647056,14.035087719298245,2.702788461538461,3.797959949937421,Aaron Jones,RB,1994-12-02,2017,5.0,182.0,1,26.748802190280628,1.2662346472273143,1.6033501818388811,4,5.14166355650266,0.00880397140599401,14.435810233728262,201.0,5.303304908059076,0.6389227029799173,0.07181995141158339,19.402985074626866,-12.930331123303286,-30.0,-0.3524438285825215
00-0033293,2022,213,1121.0,2,12.084998125123093,54.0,3.0,1.0,17,87.90262141191465,0.4287932751800715,0.424390243902439,10.7981220657277,2.8256368421052644,3.8848260481712784,Aaron Jones,RB,1994-12-02,2017,5.0,182.0,1,27.748117727583846,2.2655501845305324,5.132717638626329,5,5.3612921657094255,0.056737080399638935,1.5054791104249756,171.0,5.14166355650266,0.2864788743973958,0.00880397140599401,14.035087719298245,10.579519014698118,42.0,0.1423144007826757
00-0033293,2023,142,656.0,2,2.3829092331870925,34.0,1.0,1.0,11,15.958514137214934,0.11821121583122172,0.3925925925925926,23.239436619718308,2.658450381679389,3.6695731707317076,Aaron Jones,RB,1994-12-02,2017,5.0,182.0,1,28.747433264887064,3.2648657218337505,10.659348181605017,6,4.955827057601261,0.01678105093793727,12.084998125123093,213.0,5.3612921657094255,0.4287932751800715,0.056737080399638935,10.7981220657277,-9.702088891936,-71.0,-0.31058205934884975
00-0033295,2017,88,315.0,1,-20.12969209598038,14.0,1.0,1.0,15,,-0.4957615789373708,,25.0,3.1978142857142857,5.186222222222222,Elijah McGuire,RB,1994-06-01,2017,6.0,188.0,0,23.252566735112936,-2.230000807940378,4.972903603414739,0,4.477336814478207,-0.22874650109068614,,,,,,,,,
00-0033295,2018,92,276.0,3,-33.11361037139023,15.0,2.0,2.0,8,-44.61854210436337,-0.4957615789373708,0.3333333333333333,25.0,2.9330266666666662,5.20355072463768,Elijah McGuire,RB,1994-06-01,2017,6.0,188.0,1,24.251882272416154,-1.23068527063716,1.5145862353632598,1,4.5217885770490405,-0.3599305475151112,-20.12969209598038,88.0,4.477336814478207,-0.4957615789373708,-0.22874650109068614,25.0,-12.983918275409849,4.0,0.0
00-0033308,2017,105,465.0,2,0.4085295867116656,22.0,1.0,0.0,16,,0.30633948372143815,,27.61904761904762,2.6899052631578955,4.314150537634409,Matt Breida,RB,1995-02-28,2017,,,0,22.507871321013006,-2.9746962220403077,8.848817613420879,0,4.653960350157523,0.0038907579686825295,,,,,,,,,
00-0033308,2018,153,814.0,3,2.9214202088428736,36.0,1.0,1.0,14,90.32239110898956,0.6102864264120916,0.3716216216216216,27.450980392156865,2.8590223880597,3.9933169533169535,Matt Breida,RB,1995-02-28,2017,,,1,23.50718685831622,-1.9753806847370932,3.902128849632387,1,5.030437921392435,0.019094249730999175,0.4085295867116656,105.0,4.653960350157523,0.30633948372143815,0.0038907579686825295,27.61904761904762,2.512890622131208,48.0,0.3039469426906535
00-0033308,2019,123,623.0,1,-11.02991763225873,23.0,2.0,1.0,12,0.28949746472494553,0.0023925410307846736,0.2975206611570248,30.081300813008134,2.901396226415094,4.057817014446228,Matt Breida,RB,1995-02-28,2017,,,1,24.50650239561944,-0.9760651474338751,0.9527031720351122,2,4.812184355372417,-0.08967412709153438,2.9214202088428736,153.0,5.030437921392435,0.6102864264120916,0.019094249730999175,27.450980392156865,-13.951337841101603,-30.0,-0.607893885381307
00-0033526,2017,175,603.0,1,-36.592577275369514,22.0,2.0,2.0,13,,-0.22257807228869958,,38.285714285714285,2.787753164556963,4.455854063018243,Samaje Perine,RB,1995-09-16,2017,4.0,114.0,0,21.960301163586585,-3.5222663794667284,12.406360447921655,0,5.1647859739235145,-0.20910044157354007,,,,,,,,,
00-0033526,2022,95,394.0,2,-2.9791898886725736,19.0,0.0,0.0,16,-20.92233879513776,-0.22257807228869958,0.43617021276595747,29.47368421052631,2.605460674157303,3.70814720812183,Samaje Perine,RB,1995-09-16,2017,4.0,114.0,1,26.9596167008898,1.4770491578364862,2.181674214665473,5,4.553876891600541,-0.031359893564974456,-36.592577275369514,175.0,5.1647859739235145,-0.22257807228869958,-0.20910044157354007,38.285714285714285,33.61338738669694,-80.0,0.0
00-0033553,2018,215,973.0,12,-4.2629906655386955,56.0,3.0,1.0,13,117.14344637838019,0.5604949587482305,0.4019138755980861,28.37209302325581,2.8486243654822334,3.635200411099691,James Conner,RB,1995-05-05,2017,3.0,105.0,1,23.326488706365502,-2.1560788366878114,4.648675950013066,1,5.3706380281276624,-0.019827863560645094,,,,,,,,,
00-0033553,2019,116,464.0,4,-23.977762554987443,26.0,1.0,1.0,10,-35.27533578914529,-0.3067420503403938,0.3739130434782609,13.793103448275861,2.752912621359223,4.073642241379311,James Conner,RB,1995-05-05,2017,3.0,105.0,1,24.32580424366872,-1.1567632993845933,1.3381013308031302,2,4.7535901911063645,-0.20670484961196073,-4.2629906655386955,215.0,5.3706380281276624,0.5604949587482305,-0.019827863560645094,28.37209302325581,-19.71477188944875,-99.0,-0.8672370090886243
00-0033553,2020,169,721.0,6,0.9517833224833847,42.0,2.0,0.0,13,-9.624895532616392,-0.059048438850407316,0.34355828220858897,19.526627218934912,2.933835526315789,4.049570041608876,James Conner,RB,1995-05-05,2017,3.0,105.0,1,25.32785763175907,-0.15470991129424405,0.023935156652672863,3,5.1298987149230735,0.005631853979191625,-23.977762554987443,116.0,4.7535901911063645,-0.3067420503403938,-0.20670484961196073,13.793103448275861,24.92954587747083,53.0,0.2476936114899865
00-0033553,2021,202,752.0,15,-3.6518716434722105,53.0,2.0,0.0,15,-65.55737726232871,-0.3261561057827299,0.3681592039800995,16.831683168316832,2.7162659574468093,4.059215425531915,James Conner,RB,1995-05-05,2017,3.0,105.0,1,26.327173169062284,0.8446056260089705,0.713358663486005,4,5.308267697401205,-0.018078572492436686,0.9517833224833847,169.0,5.1298987149230735,-0.059048438850407316,0.005631853979191625,19.526627218934912,-4.603654965955595,33.0,-0.2671076669323226
00-0033553,2022,183,782.0,7,-2.4749081489712434,48.0,3.0,1.0,13,2.7137321269487984,0.014992995176512699,0.4143646408839779,14.754098360655737,2.775385964912281,3.777365728900256,James Conner,RB,1995-05-05,2017,3.0,105.0,1,27.326488706365502,1.8439211633121886,3.400045256510575,5,5.209486152841421,-0.0135240882457445,-3.6518716434722105,202.0,5.308267697401205,-0.3261561057827299,-0.018078572492436686,16.831683168316832,1.176963494500967,-19.0,0.3411491009592426
00-0033553,2023,208,1040.0,7,13.943058458103696,57.0,0.0,0.0,13,211.0143598310076,1.0193930426618725,0.42995169082125606,25.0,2.958704301075268,3.746038461538462,James Conner,RB,1995-05-05,2017,3.0,105.0,1,28.32580424366872,2.8432367006154067,8.083994935726384,6,5.337538079701318,0.06703393489472931,-2.4749081489712434,183.0,5.209486152841421,0.014992995176512699,-0.0135240882457445,14.754098360655737,16.417966607074938,25.0,1.0044000474853598
00-0033556,2017,87,370.0,2,-12.277981325489236,17.0,2.0,1.0,16,,-0.4513935358269545,,24.137931034482758,3.334921875,5.303783783783783,Tarik Cohen,RB,1995-07-26,2017,4.0,119.0,0,22.102669404517453,-3.379898138535861,11.423711426878178,0,4.465908118654584,-0.1411262221320602,,,,,,,,,
00-0033556,2018,99,444.0,3,-11.122935826645282,20.0,2.0,2.0,16,-42.43099236773372,-0.4513935358269545,0.3617021276595745,5.05050505050505,3.246964705882353,4.958040540540539,Tarik Cohen,RB,1995-07-26,2017,4.0,119.0,1,23.10198494182067,-2.3805826012326428,5.667173521291576,1,4.59511985013459,-0.11235288713783113,-12.277981325489236,87.0,4.465908118654584,-0.4513935358269545,-0.1411262221320602,24.137931034482758,1.155045498843954,12.0,0.0
00-0033567,2019,78,323.0,2,-6.986916255206344,19.0,0.0,0.0,10,,-0.11590382587512847,,14.000000000000002,,,Brian Hill,RB,1995-11-09,2017,5.0,156.0,0,23.811088295687885,-1.6714792473654292,2.7938428743733015,2,4.356708826689592,-0.08957584942572236,,,,,,,,,
00-0033567,2020,100,465.0,1,-14.159822407851706,18.0,1.0,1.0,16,-11.35857493576259,-0.11590382587512847,0.30612244897959184,14.000000000000002,2.8309782608695646,3.8301935483870966,Brian Hill,RB,1995-11-09,2017,5.0,156.0,1,24.813141683778234,-0.6694258592750799,0.4481309810661791,3,4.605170185988092,-0.14159822407851708,-6.986916255206344,78.0,4.356708826689592,-0.11590382587512847,-0.08957584942572236,14.000000000000002,-7.172906152645362,22.0,0.0
00-0033594,2018,247,1151.0,9,-0.2868179193174001,61.0,3.0,2.0,14,110.02941741232803,0.44909966290746134,0.4448979591836735,22.267206477732792,2.8249567099567083,3.6535534317984344,Chris Carson,RB,1994-09-16,2017,7.0,249.0,1,23.958932238193018,-1.5236353048602957,2.3214645422167264,1,5.5093883366279774,-0.0011612061510825914,,,,,,,,,
00-0033594,2019,278,1230.0,7,-25.58410055277179,75.0,6.0,3.0,15,98.68572967837918,0.3641539840530597,0.45018450184501846,21.223021582733814,2.8343279352226722,3.8991138211382137,Chris Carson,RB,1994-09-16,2017,7.0,249.0,1,24.958247775496236,-0.5243197675570777,0.27491121865110796,2,5.627621113690637,-0.09202913867903521,-0.2868179193174001,247.0,5.5093883366279774,0.44909966290746134,-0.0011612061510825914,22.267206477732792,-25.29728263345439,31.0,-0.08494567885440163
00-0033594,2020,141,681.0,5,16.84980487272697,43.0,1.0,0.0,12,24.48796786037599,0.17617243065018698,0.43884892086330934,11.347517730496454,2.8618955223880604,3.7819383259911907,Chris Carson,RB,1994-09-16,2017,7.0,249.0,1,25.960301163586585,0.4777336205332716,0.22822941218782797,3,4.948759890378168,0.11950216221792177,-25.58410055277179,278.0,5.627621113690637,0.3641539840530597,-0.09202913867903521,21.223021582733814,42.433905425498764,-137.0,-0.18798155340287273
00-0033699,2018,106,554.0,3,8.395223754460831,25.0,0.0,0.0,14,6.587273115338576,0.0639541079159085,0.36893203883495146,28.30188679245283,2.90345918367347,3.9058844765342973,Austin Ekeler,RB,1995-05-17,2017,,,1,23.293634496919918,-2.1889330461333962,4.791427880454829,1,4.663439094112067,0.07920022409868709,,,,,,,,,
00-0033699,2019,132,557.0,3,-10.297903755858263,32.0,1.0,1.0,16,-82.19286099090914,-0.6371539611698382,0.31007751937984496,10.606060606060606,3.063024999999999,4.403141831238781,Austin Ekeler,RB,1995-05-17,2017,,,1,24.292950034223136,-1.1896175088301781,1.415189817315319,2,4.882801922586371,-0.07801442239286563,8.395223754460831,106.0,4.663439094112067,0.0639541079159085,0.07920022409868709,28.30188679245283,-18.693127510319094,26.0,-0.7011080690857467
00-0033699,2020,116,530.0,1,-9.872815974796051,26.0,1.0,0.0,10,11.263113198168298,0.09794011476668085,0.3652173913043478,9.482758620689655,2.863556603773585,4.0211132075471685,Austin Ekeler,RB,1995-05-17,2017,,,1,25.295003422313485,-0.18756412073982887,0.0351802993889051,3,4.7535901911063645,-0.08511048254134526,-10.297903755858263,132.0,4.882801922586371,-0.6371539611698382,-0.07801442239286563,10.606060606060606,0.4250877810622118,-16.0,0.7350940759365191
00-0033699,2021,206,911.0,12,-1.0015907277993392,53.0,0.0,0.0,16,-11.353184381243182,-0.0553813872255765,0.3804878048780488,22.815533980582526,2.678721052631578,3.629484083424808,Austin Ekeler,RB,1995-05-17,2017,,,1,26.2943189596167,0.8117514165633857,0.6589403622926633,4,5.327876168789581,-0.004862090911647278,-9.872815974796051,116.0,4.7535901911063645,0.09794011476668085,-0.08511048254134526,9.482758620689655,8.871225246996712,90.0,-0.15332150199225736
00-0033699,2022,204,915.0,13,-2.574200863173674,46.0,3.0,2.0,17,88.90370931503469,0.4512878645433233,0.3756345177664975,17.15686274509804,2.755630434782609,3.7029398907103817,Austin Ekeler,RB,1995-05-17,2017,,,1,27.293634496919918,1.8110669538666038,3.2799635113876593,5,5.318119993844216,-0.012618631682223894,-1.0015907277993392,206.0,5.327876168789581,-0.0553813872255765,-0.004862090911647278,22.815533980582526,-1.572610135374335,-2.0,0.5066692517688998
00-0033699,2023,179,628.0,5,-41.1234789901547,34.0,3.0,2.0,14,-47.716841214827014,-0.26958667353009613,0.3502824858757062,15.083798882681565,2.634852760736196,4.149633757961783,Austin Ekeler,RB,1995-05-17,2017,,,1,28.292950034223136,2.810382491169822,7.898249746673894,6,5.187385805840755,-0.22974010609024972,-2.574200863173674,204.0,5.318119993844216,0.4512878645433233,-0.012618631682223894,17.15686274509804,-38.54927812698103,-25.0,-0.7208745380734194
00-0033856,2017,268,1040.0,9,-16.40174728566378,46.0,2.0,0.0,13,,-0.10448674141758336,,48.507462686567166,2.5232033898305075,4.006115384615384,Leonard Fournette,RB,1995-01-18,2017,1.0,4.0,0,22.62012320328542,-2.862444339767894,8.193587598269254,0,5.5909869805108565,-0.061200549573372315,,,,,,,,,
00-0033856,2018,133,439.0,5,-17.80361734208418,23.0,0.0,0.0,8,-25.174297457194484,-0.19071437467571578,0.38636363636363635,35.338345864661655,2.6298461538461546,4.4396127562642365,Leonard Fournette,RB,1995-01-18,2017,1.0,4.0,1,23.619438740588638,-1.8631288024646757,3.4712489345734565,1,4.890349128221754,-0.13386178452694872,-16.40174728566378,268.0,5.5909869805108565,-0.10448674141758336,-0.061200549573372315,48.507462686567166,-1.4018700564203996,-135.0,-0.08622763325813242
00-0033856,2019,265,1152.0,3,-17.412855378335195,55.0,0.0,0.0,15,101.9825446592115,0.3892463536611126,0.33587786259541985,31.32075471698113,2.758092050209205,3.841727430555557,Leonard Fournette,RB,1995-01-18,2017,1.0,4.0,1,24.618754277891856,-0.8638132651614576,0.7461733570688986,2,5.579729825986222,-0.06570888822013281,-17.80361734208418,133.0,4.890349128221754,-0.19071437467571578,-0.13386178452694872,35.338345864661655,0.39076196374898586,132.0,0.5799607283368284
00-0033856,2020,97,367.0,6,-1.0750201898976117,21.0,0.0,0.0,12,-25.39224668148961,-0.27013028384563414,0.30851063829787234,10.309278350515463,2.687522727272728,4.19106267029973,Leonard Fournette,RB,1995-01-18,2017,1.0,4.0,1,25.620807665982205,0.13824012292889165,0.019110331587395075,3,4.574710978503383,-0.011082682370078471,-17.412855378335195,265.0,5.579729825986222,0.3892463536611126,-0.06570888822013281,31.32075471698113,16.337835188437584,-168.0,-0.6593766375067467
00-0033856,2021,180,812.0,8,8.428610962301828,45.0,0.0,0.0,14,48.40263586518131,0.2719249205909062,0.42134831460674155,13.333333333333334,2.6474642857142863,3.664938423645318,Leonard Fournette,RB,1995-01-18,2017,1.0,4.0,1,26.62012320328542,1.1375556602321062,1.294032880126103,4,5.19295685089021,0.04682561645723238,-1.0750201898976117,97.0,4.574710978503383,-0.27013028384563414,-0.011082682370078471,10.309278350515463,9.50363115219944,83.0,0.5420552044365403
00-0033856,2022,189,668.0,3,-37.12463744228285,39.0,0.0,0.0,16,-135.15618036707554,-0.7227603228185857,0.35294117647058826,22.22222222222222,2.770423529411766,4.125194610778442,Leonard Fournette,RB,1995-01-18,2017,1.0,4.0,1,27.619438740588638,2.1368711975353243,4.566218514856051,5,5.241747015059643,-0.19642665313377167,8.428610962301828,180.0,5.19295685089021,0.2719249205909062,0.04682561645723238,13.333333333333334,-45.55324840458468,9.0,-0.9946852434094919
00-0033893,2018,133,615.0,2,-22.122853489099516,22.0,2.0,2.0,11,19.0159666355828,0.14627666642756,0.3153846153846154,18.045112781954884,2.8634298245614023,3.9761138211382114,Dalvin Cook,RB,1995-08-10,2017,2.0,41.0,1,23.06091718001369,-2.4216503630396247,5.864390480809946,1,4.890349128221754,-0.16633724427894372,,,,,,,,,
00-0033893,2019,250,1135.0,13,5.277446347443999,60.0,3.0,2.0,14,92.62726582082666,0.38118216387171466,0.41975308641975306,24.0,2.8833506493506516,4.216264317180617,Dalvin Cook,RB,1995-08-10,2017,2.0,41.0,1,24.060232717316907,-1.4223348257364066,2.023036356502614,2,5.521460917862246,0.021109785389775995,-22.122853489099516,133.0,4.890349128221754,0.14627666642756,-0.16633724427894372,18.045112781954884,27.400299836543514,117.0,0.23490549744415468
00-0033893,2020,312,1557.0,16,12.994914752173084,91.0,4.0,2.0,14,170.78598955095003,0.5509225469385485,0.41935483870967744,30.76923076923077,2.8542533333333324,3.7388824662813094,Dalvin Cook,RB,1995-08-10,2017,2.0,41.0,1,25.062286105407257,-0.4202814376460573,0.17663648682983674,3,5.7430031878094825,0.04165036779542655,5.277446347443999,250.0,5.521460917862246,0.38118216387171466,0.021109785389775995,24.0,7.717468404729085,62.0,0.1697403830668338
00-0033893,2021,249,1159.0,6,-9.881772697699489,57.0,3.0,2.0,13,37.64034816493381,0.15553862878071822,0.38016528925619836,26.506024096385545,2.792434579439253,3.972441760138051,Dalvin Cook,RB,1995-08-10,2017,2.0,41.0,1,26.06160164271047,0.5790340996571572,0.3352804885657747,4,5.517452896464707,-0.03968583412730718,12.994914752173084,312.0,5.7430031878094825,0.5509225469385485,0.04165036779542655,30.76923076923077,-22.876687449872573,-63.0,-0.39538391815783025
00-0033893,2022,264,1173.0,8,-48.55650332735415,50.0,3.0,3.0,17,-20.764501037635,-0.08048256216137598,0.32170542635658916,18.939393939393938,2.911220779220779,4.008184143222509,Dalvin Cook,RB,1995-08-10,2017,2.0,41.0,1,27.06091718001369,1.5783496369603753,2.4911875764929485,5,5.575949103146316,-0.18392614896725057,-9.881772697699489,249.0,5.517452896464707,0.15553862878071822,-0.03968583412730718,26.506024096385545,-38.67473062965466,15.0,-0.2360211909420942
00-0033897,2017,178,626.0,4,-19.28390676539857,35.0,1.0,1.0,14,,0.09231268334676883,,24.719101123595504,2.88316,4.48132587859425,Joe Mixon,RB,1996-07-24,2017,2.0,48.0,0,21.10609171800137,-4.376475825051944,19.153540647264094,0,5.181783550292085,-0.10833655486178971,,,,,,,,,
00-0033897,2018,237,1168.0,8,-10.878546797610758,60.0,0.0,0.0,14,174.4073279401057,0.7485293044639729,0.39914163090128757,17.72151898734177,2.7535194174757285,3.482756849315068,Joe Mixon,RB,1996-07-24,2017,2.0,48.0,1,22.105407255304584,-3.3771602877487297,11.405211609147083,1,5.4680601411351315,-0.04590104134012978,-19.28390676539857,178.0,5.181783550292085,0.09231268334676883,-0.10833655486178971,24.719101123595504,8.405359967787811,59.0,0.6562166211172041
00-0033897,2019,278,1137.0,5,-21.956208123770047,56.0,0.0,0.0,16,-28.415770165767753,-0.1037071903860137,0.35766423357664234,7.913669064748201,2.8588064516129017,3.950299032541778,Joe Mixon,RB,1996-07-24,2017,2.0,48.0,1,23.104722792607802,-2.3778447504455116,5.654145657221277,2,5.627621113690637,-0.07897916591284189,-10.878546797610758,237.0,5.4680601411351315,0.7485293044639729,-0.04590104134012978,17.72151898734177,-11.077661326159289,41.0,-0.8522364948499866
00-0033897,2020,119,428.0,3,-21.27239988895925,20.0,1.0,1.0,6,-28.87140502320267,-0.2467641454974587,0.37606837606837606,8.403361344537815,2.7156538461538444,4.458808411214954,Joe Mixon,RB,1996-07-24,2017,2.0,48.0,1,24.10677618069815,-1.3757913623551623,1.8928018727310736,3,4.77912349311153,-0.17875966293243067,-21.956208123770047,278.0,5.627621113690637,-0.1037071903860137,-0.07897916591284189,7.913669064748201,0.6838082348107974,-159.0,-0.143056955111445
00-0033897,2021,292,1205.0,13,-23.539310737683202,60.0,1.0,1.0,16,-21.36489766499585,-0.0744421521428427,0.3588850174216028,18.835616438356166,2.886313432835823,4.22438174273859,Joe Mixon,RB,1996-07-24,2017,2.0,48.0,1,25.10609171800137,-0.3764758250519442,0.1417340468485421,4,5.676753802268282,-0.08061407786877808,-21.27239988895925,119.0,4.77912349311153,-0.2467641454974587,-0.17875966293243067,8.403361344537815,-2.2669108487239527,173.0,0.172321993354616
00-0033897,2022,210,814.0,7,-11.59523736968028,47.0,0.0,0.0,14,42.68786744333363,0.20722265749191082,0.4174757281553398,23.809523809523807,2.663625641025641,4.020835380835382,Joe Mixon,RB,1996-07-24,2017,2.0,48.0,1,26.105407255304584,0.6228397122512703,0.3879293071572452,5,5.3471075307174685,-0.055215416046096574,-23.539310737683202,292.0,5.676753802268282,-0.0744421521428427,-0.08061407786877808,18.835616438356166,11.944073368002922,-82.0,0.2816648096347535
00-0033897,2023,257,1034.0,9,-18.04731191544719,59.0,0.0,0.0,17,5.897632294667346,0.02303762615104432,0.41015625,15.17509727626459,2.599106382978724,3.7781721470019343,Joe Mixon,RB,1996-07-24,2017,2.0,48.0,1,27.104722792607802,1.6221552495544884,2.6313876536571845,6,5.54907608489522,-0.07022300356205131,-11.59523736968028,210.0,5.3471075307174685,0.20722265749191082,-0.055215416046096574,23.809523809523807,-6.452074545766909,47.0,-0.1841850313408665
00-0033906,2017,120,728.0,8,29.533650040531843,40.0,1.0,1.0,16,,-0.19489253855838998,,16.666666666666664,2.763410714285715,3.2292582417582407,Alvin Kamara,RB,1995-07-25,2017,3.0,67.0,0,22.105407255304584,-3.3771602877487297,11.405211609147083,0,4.787491742782046,0.24611375033776536,,,,,,,,,
00-0033906,2018,194,883.0,14,12.211844029554008,57.0,0.0,0.0,15,-82.47768706044394,-0.4318203511018007,0.35602094240837695,22.164948453608247,2.6502888888888894,3.9554813137032836,Alvin Kamara,RB,1995-07-25,2017,3.0,67.0,1,23.104722792607802,-2.3778447504455116,5.654145657221277,1,5.267858159063328,0.06294764963687634,29.533650040531843,120.0,4.787491742782046,-0.19489253855838998,0.24611375033776536,16.666666666666664,-17.321806010977834,74.0,-0.23692781254341075
00-0033906,2019,171,797.0,5,-19.495856101382543,32.0,3.0,1.0,14,28.698949867925194,0.1698162714078414,0.3668639053254438,16.374269005847953,2.7491464968152854,3.8104893350062734,Alvin Kamara,RB,1995-07-25,2017,3.0,67.0,1,24.10403832991102,-1.3785292131422935,1.9003427914867108,2,5.14166355650266,-0.11401085439404995,12.211844029554008,194.0,5.267858159063328,-0.4318203511018007,0.06294764963687634,22.164948453608247,-31.70770013093655,-23.0,0.6016366225096421
00-0033906,2020,187,932.0,16,9.025045766669791,58.0,1.0,0.0,15,76.92089229677936,0.41578860700961817,0.3945945945945946,11.76470588235294,2.7542543352601148,3.659195278969957,Alvin Kamara,RB,1995-07-25,2017,3.0,67.0,1,25.10609171800137,-0.3764758250519442,0.1417340468485421,3,5.231108616854587,0.048262276827111185,-19.495856101382543,171.0,5.14166355650266,0.1698162714078414,-0.11401085439404995,16.374269005847953,28.520901868052334,16.0,0.24597233560177678
00-0033906,2021,240,898.0,4,-39.5228313004611,42.0,0.0,0.0,13,-140.00719145379458,-0.5882655103100612,0.31512605042016806,31.25,2.7733726415094333,4.516380846325167,Alvin Kamara,RB,1995-07-25,2017,3.0,67.0,1,26.105407255304584,0.6228397122512703,0.3879293071572452,4,5.480638923341991,-0.16467846375192124,9.025045766669791,187.0,5.231108616854587,0.41578860700961817,0.048262276827111185,11.76470588235294,-48.54787706713089,53.0,-1.0040541173196793
00-0033906,2022,223,897.0,2,-41.05023815162713,40.0,2.0,2.0,15,-37.963347526039456,-0.17023922657416796,0.3901345291479821,22.421524663677133,2.752444444444445,3.8356856187290957,Alvin Kamara,RB,1995-07-25,2017,3.0,67.0,1,27.104722792607802,1.6221552495544884,2.6313876536571845,5,5.407171771460119,-0.1840817854333055,-39.5228313004611,240.0,5.480638923341991,-0.5882655103100612,-0.16467846375192124,31.25,-1.5274068511660275,-17.0,0.4180262837358933
00-0033906,2023,180,694.0,5,-3.1450200827093795,42.0,0.0,0.0,13,-98.81112881180968,-0.5646350217817696,0.3314285714285714,21.11111111111111,2.613817073170731,4.052824207492796,Alvin Kamara,RB,1995-07-25,2017,3.0,67.0,1,28.10403832991102,2.6214707868577065,6.872109086348363,6,5.19295685089021,-0.017472333792829885,-41.05023815162713,223.0,5.407171771460119,-0.17023922657416796,-0.1840817854333055,22.421524663677133,37.90521806891775,-43.0,-0.39439579520760165
00-0033923,2017,272,1327.0,8,3.2497811566316024,60.0,1.0,1.0,16,,-0.030155713038566595,,23.161764705882355,2.8887137096774187,3.581522230595328,Kareem Hunt,RB,1995-08-06,2017,3.0,86.0,0,22.072553045859,-3.4100144971943145,11.628198871075394,0,5.605802066295998,0.011947724840557361,,,,,,,,,
00-0033923,2018,181,824.0,7,1.5562286660637143,46.0,0.0,0.0,11,93.67526594221283,0.5292387906339708,0.384180790960452,16.022099447513813,2.7240062111801238,3.795169902912621,Kareem Hunt,RB,1995-08-06,2017,3.0,86.0,1,23.071868583162217,-2.4106989598910964,5.811469475220014,1,5.198497031265826,0.00859794843129124,3.2497811566316024,272.0,5.605802066295998,-0.030155713038566595,0.011947724840557361,23.161764705882355,-1.693552490567888,-91.0,0.5593945036725374
00-0033923,2020,198,841.0,6,-16.575925301484148,44.0,1.0,0.0,16,36.15918359898001,0.1826221393887879,0.41414141414141414,31.313131313131315,2.8650165745856357,4.010178359096315,Kareem Hunt,RB,1995-08-06,2017,3.0,86.0,1,25.073237508555785,-0.409330034497529,0.1675510771417483,3,5.288267030694535,-0.08371679445194014,1.5562286660637143,181.0,5.198497031265826,0.5292387906339708,0.00859794843129124,16.022099447513813,-18.13215396754786,17.0,-0.3466166512451829
00-0033923,2021,78,386.0,5,5.536269161013422,22.0,0.0,0.0,8,,-0.030155713038566595,,25.284575531173026,,,Kareem Hunt,RB,1995-08-06,2017,3.0,86.0,0,26.072553045859,0.5899855028056855,0.34808289352087757,4,4.356708826689592,0.07097780975658233,-16.575925301484148,198.0,5.288267030694535,0.1826221393887879,-0.08371679445194014,31.313131313131315,22.11219446249757,-120.0,-0.2127778524273545
00-0033923,2022,123,468.0,3,-11.557620754056018,30.0,1.0,0.0,17,-9.826056112950539,-0.0805414435487749,0.4098360655737705,21.951219512195124,2.947227272727273,4.279038461538462,Kareem Hunt,RB,1995-08-06,2017,3.0,86.0,1,27.071868583162217,1.5893010401089036,2.5258777960912426,5,4.812184355372417,-0.09396439637443917,5.536269161013422,78.0,4.356708826689592,-0.030155713038566595,0.07097780975658233,25.284575531173026,-17.09388991506944,45.0,-0.05038573051020831
00-0033923,2023,135,411.0,9,-4.943675237866472,38.0,0.0,0.0,15,-100.76027337618552,-0.7519423386282502,0.35074626865671643,31.851851851851855,2.6836229508196734,4.509099756690996,Kareem Hunt,RB,1995-08-06,2017,3.0,86.0,1,28.071184120465436,2.5886165774121217,6.700935784852847,6,4.90527477843843,-0.036619816576788686,-11.557620754056018,123.0,4.812184355372417,-0.0805414435487749,-0.09396439637443917,21.951219512195124,6.6139455161895455,12.0,-0.6714008950794753
00-0033925,2017,78,327.0,2,-11.095003473979887,13.0,2.0,1.0,9,,0.255976342887633,,34.089335962494026,,,D'Onta Foreman,RB,1996-04-24,2017,3.0,89.0,0,21.35523613963039,-4.127331403422925,17.034864513681054,0,4.356708826689592,-0.14224363428179343,,,,,,,,,
00-0033925,2021,133,566.0,3,-13.765064943669131,22.0,2.0,1.0,9,10.822004613015906,0.0813684557369617,0.3308270676691729,46.616541353383454,2.718685950413224,3.8586219081272075,D'Onta Foreman,RB,1996-04-24,2017,3.0,89.0,1,25.35523613963039,-0.12733140342292515,0.016213286297651713,4,4.890349128221754,-0.10349672889976791,-11.095003473979887,78.0,4.356708826689592,0.255976342887633,-0.14224363428179343,34.089335962494026,-2.6700614696892444,55.0,-0.17460788715067127
00-0033925,2022,203,914.0,5,2.982043358247358,45.0,1.0,0.0,16,121.94506238147392,0.6097253119073696,0.475,35.467980295566505,2.648763440860214,3.2760940919037185,D'Onta Foreman,RB,1996-04-24,2017,3.0,89.0,1,26.354551676933607,0.8719841338802929,0.7603563297389646,5,5.313205979041787,0.014689868759839202,-13.765064943669131,133.0,4.890349128221754,0.0813684557369617,-0.10349672889976791,46.616541353383454,16.74710830191649,70.0,0.5283568561704078
00-0033925,2023,109,425.0,4,-4.143150425195927,24.0,1.0,0.0,9,8.221372928986739,0.07683526101856765,0.42990654205607476,20.18348623853211,2.6336938775510212,3.828047058823529,D'Onta Foreman,RB,1996-04-24,2017,3.0,89.0,1,27.353867214236825,1.871299671183511,3.5017624593715166,6,4.6913478822291435,-0.03801055435959566,2.982043358247358,203.0,5.313205979041787,0.6097253119073696,0.014689868759839202,35.467980295566505,-7.125193783443285,-94.0,-0.5328900508888019
00-0033948,2017,153,556.0,4,-2.2278512788761873,32.0,0.0,0.0,14,,-0.29779151802854315,,21.568627450980394,2.721156462585032,3.618111510791367,Jamaal Williams,RB,1995-04-03,2017,4.0,134.0,0,22.414784394250514,-3.0677831488028,9.411293448078421,0,5.030437921392435,-0.014561119469779001,,,,,,,,,
00-0033948,2018,121,464.0,3,-16.508817259293533,25.0,0.0,0.0,16,-63.54766348957821,-0.5340139789040186,0.36134453781512604,11.570247933884298,2.6803302752293585,4.090064655172415,Jamaal Williams,RB,1995-04-03,2017,4.0,134.0,1,23.41409993155373,-2.0684676114995852,4.278558259822799,1,4.795790545596741,-0.13643650627515316,-2.2278512788761873,153.0,5.030437921392435,-0.29779151802854315,-0.014561119469779001,21.568627450980394,-14.280965980417346,-32.0,-0.23622246087547544
00-0033948,2019,107,460.0,1,-6.027857812393464,23.0,0.0,0.0,14,-8.710065924959338,-0.08375063389383978,0.41346153846153844,20.5607476635514,2.5058469387755107,3.644173913043479,Jamaal Williams,RB,1995-04-03,2017,4.0,134.0,1,24.413415468856947,-1.0691520741963672,1.1430861577583942,2,4.672828834461906,-0.05633511974199499,-16.508817259293533,121.0,4.795790545596741,-0.5340139789040186,-0.13643650627515316,11.570247933884298,10.48095944690007,-14.0,0.4502633450101788
00-0033948,2020,119,505.0,2,1.3992540342733264,29.0,0.0,0.0,14,20.74887026507224,0.17583788360230712,0.3644067796610169,19.327731092436977,2.5395877192982454,3.6540594059405946,Jamaal Williams,RB,1995-04-03,2017,4.0,134.0,1,25.415468856947296,-0.06709868610601788,0.004502233677153917,3,4.77912349311153,0.011758437262801062,-6.027857812393464,107.0,4.672828834461906,-0.08375063389383978,-0.05633511974199499,20.5607476635514,7.42711184666679,12.0,0.2595885174961469
00-0033948,2021,153,601.0,3,-3.0968296908927346,42.0,1.0,0.0,13,-49.62931873767798,-0.32650867590577615,0.3684210526315789,21.568627450980394,2.734284722222222,3.7477703826955087,Jamaal Williams,RB,1995-04-03,2017,4.0,134.0,1,26.414784394250514,0.9322168511972002,0.8690282576560229,4,5.030437921392435,-0.020240716933939442,1.3992540342733264,119.0,4.77912349311153,0.17583788360230712,0.011758437262801062,19.327731092436977,-4.496083725166061,34.0,-0.5023465595080833
00-0033948,2022,262,1066.0,17,-26.026520815387734,65.0,3.0,2.0,17,-10.612868523805446,-0.04145651767111502,0.34765625,30.15267175572519,2.6362603305785117,3.572045028142588,Jamaal Williams,RB,1995-04-03,2017,4.0,134.0,1,27.41409993155373,1.9315323885004148,3.730817367826117,5,5.568344503761097,-0.09933786570758676,-3.0968296908927346,153.0,5.030437921392435,-0.32650867590577615,-0.020240716933939442,21.568627450980394,-22.929691124495,109.0,0.2850521582346611
00-0033948,2023,106,306.0,1,-26.248758762661247,19.0,1.0,0.0,13,-101.59314728147689,-0.9768571853988163,0.28846153846153844,29.245283018867923,2.651135416666666,4.582712418300657,Jamaal Williams,RB,1995-04-03,2017,4.0,134.0,1,28.413415468856947,2.930847925803633,8.589869564187458,6,4.663439094112067,-0.24762979964774762,-26.026520815387734,262.0,5.568344503761097,-0.04145651767111502,-0.09933786570758676,30.15267175572519,-0.22223794727351276,-156.0,-0.9354006677277013
00-0033950,2017,111,476.0,0,-5.609954676748329,19.0,3.0,1.0,13,,0.5459195965815273,,18.01801801801802,2.63089108910891,3.6519537815126033,Wayne Gallman,RB,1994-10-01,2017,4.0,140.0,0,22.91854893908282,-2.564018603970492,6.574191401506791,0,4.709530201312334,-0.05054013222295792,,,,,,,,,
00-0033950,2020,147,682.0,6,2.313932252568896,36.0,1.0,0.0,14,79.15834150432147,0.5459195965815273,0.46206896551724136,40.136054421768705,2.455642335766424,3.1206158357771265,Wayne Gallman,RB,1994-10-01,2017,4.0,140.0,1,25.919233401779604,0.4366658587262897,0.190677072177168,3,4.990432586778736,0.015741035731761197,-5.609954676748329,111.0,4.709530201312334,0.5459195965815273,-0.05054013222295792,18.01801801801802,7.9238869293172245,36.0,0.0
00-0033951,2017,93,358.0,3,-9.173836871399544,21.0,1.0,0.0,14,,0.10978259086958186,,21.50537634408602,3.064878378378378,4.643798882681563,Marlon Mack,RB,1996-03-07,2017,4.0,143.0,0,21.48665297741273,-3.9959145656405823,15.967333215898563,0,4.532599493153256,-0.09864340721934994,,,,,,,,,
00-0033951,2018,195,908.0,9,6.3051045245499004,50.0,1.0,1.0,12,38.66132088549648,0.20241529259422242,0.4083769633507853,23.076923076923077,2.7844835164835176,3.5019823788546267,Marlon Mack,RB,1996-03-07,2017,4.0,143.0,1,22.48596851471595,-2.9965990283373642,8.979605736632436,1,5.272999558563747,0.032333869356666156,-9.173836871399544,93.0,4.532599493153256,0.10978259086958186,-0.09864340721934994,21.50537634408602,15.478941395949445,102.0,0.09263270172464055
00-0033951,2019,247,1091.0,8,0.7527741400518586,67.0,0.0,0.0,14,4.184572951365681,0.017149889144941314,0.3524590163934426,12.145748987854251,3.0603703703703697,3.942612282309806,Marlon Mack,RB,1996-03-07,2017,4.0,143.0,1,23.485284052019164,-1.9972834910341497,3.9891413435575602,2,5.5093883366279774,0.0030476685832059053,6.3051045245499004,195.0,5.272999558563747,0.20241529259422242,0.032333869356666156,23.076923076923077,-5.552330384498042,52.0,-0.1852654034492811
00-0034109,2018,192,1037.0,9,6.053748855468314,49.0,0.0,0.0,15,182.09411984526116,0.9790006443293611,0.41935483870967744,17.1875,2.614133720930233,3.320834932821498,Phillip Lindsay,RB,1994-07-24,2018,,,1,24.10677618069815,-1.3757913623551623,1.8928018727310736,0,5.2574953720277815,0.031529941955564134,,,,,,,,,
00-0034109,2019,224,1011.0,7,-10.76645069395071,38.0,0.0,0.0,16,27.693147686908446,0.12880533807864394,0.3488372093023256,20.089285714285715,2.955544117647057,4.007883283877349,Phillip Lindsay,RB,1994-07-24,2018,,,1,25.10609171800137,-0.3764758250519442,0.1417340468485421,1,5.4116460518550396,-0.04806451202656566,6.053748855468314,192.0,5.2574953720277815,0.9790006443293611,0.031529941955564134,17.1875,-16.820199549419023,32.0,-0.8501953062507172
00-0034109,2020,118,502.0,1,-18.795654265617486,19.0,0.0,0.0,11,9.903780262937573,0.08842660949051405,0.3482142857142857,16.94915254237288,2.9854423076923076,4.114561752988047,Phillip Lindsay,RB,1994-07-24,2018,,,1,26.10814510609172,0.6255775630384051,0.39134728737706964,2,4.770684624465665,-0.15928520564082616,-10.76645069395071,224.0,5.4116460518550396,0.12880533807864394,-0.04806451202656566,20.089285714285715,-8.029203571666777,-106.0,-0.040378728588129895
00-0034109,2021,88,249.0,1,-22.972245210723486,11.0,0.0,0.0,14,,0.39874419729950633,,18.07531275221953,,,Phillip Lindsay,RB,1994-07-24,2018,,,0,27.107460643394933,1.6248931003416196,2.640277587537801,3,4.477336814478207,-0.2610482410309487,-18.795654265617486,118.0,4.770684624465665,0.08842660949051405,-0.15928520564082616,16.94915254237288,-4.176590945106,-30.0,0.31031758780899227
00-0034115,2020,126,600.0,7,-8.540836647419574,31.0,2.0,2.0,11,4.705125878584113,0.03825305592344807,0.3983739837398374,32.53968253968254,2.682850877192982,3.637016666666666,Jeff Wilson,RB,1995-11-16,2018,,,1,24.79397672826831,-0.6885908147850053,0.47415731020627744,2,4.836281906951478,-0.0677844178366633,,,,,,,,,
00-0034115,2021,79,294.0,2,-10.14015267467984,19.0,1.0,0.0,6,,0.21691508079918595,,26.497113997114,,,Jeff Wilson,RB,1995-11-16,2018,,,0,25.793292265571527,0.3107247225182128,0.09654985318402035,3,4.3694478524670215,-0.12835636297063088,-8.540836647419574,126.0,4.836281906951478,0.03825305592344807,-0.0677844178366633,32.53968253968254,-1.5993160272602651,-47.0,0.17866202487573787
00-0034115,2022,176,860.0,5,7.632931600141033,44.0,2.0,1.0,16,69.22599349311167,0.3955771056749238,0.3485714285714286,20.454545454545457,2.7328625,3.527988372093024,Jeff Wilson,RB,1995-11-16,2018,,,1,26.792607802874745,1.310040259821431,1.7162054823530022,4,5.170483995038151,0.04336892954625587,-10.14015267467984,79.0,4.3694478524670215,0.21691508079918595,-0.12835636297063088,26.497113997114,17.773084274820874,97.0,0.17866202487573787
00-0034184,2018,137,718.0,2,12.22817137389211,37.0,0.0,0.0,11,45.848781490378315,0.33712339331160524,0.41911764705882354,16.78832116788321,2.4238014705882356,2.7847353760445688,Gus Edwards,RB,1995-04-13,2018,,,1,23.38672142368241,-2.095846119370904,4.3925709560820785,0,4.919980925828125,0.08925672535687672,,,,,,,,,
00-0034184,2019,133,711.0,2,8.186944829452516,46.0,2.0,1.0,16,73.49942880034655,0.5610643419873782,0.3435114503816794,22.55639097744361,2.611875,2.9253023909985933,Gus Edwards,RB,1995-04-13,2018,,,1,24.386036960985628,-1.096530582067686,1.2023793174096984,1,4.890349128221754,0.06155597616129711,12.22817137389211,137.0,4.919980925828125,0.33712339331160524,0.08925672535687672,16.78832116788321,-4.041226544439594,-4.0,0.22394094867577297
00-0034184,2020,144,723.0,6,17.862263573660687,45.0,1.0,1.0,16,125.41084167271322,0.8831749413571354,0.4647887323943662,34.02777777777778,2.6465263157894747,3.201217150760719,Gus Edwards,RB,1995-04-13,2018,,,1,25.388090349075977,-0.09447719397733678,0.008925940181831321,2,4.969813299576001,0.12404349703931034,8.186944829452516,133.0,4.890349128221754,0.5610643419873782,0.06155597616129711,22.55639097744361,9.675318744208171,11.0,0.32211059936975717
00-0034184,2022,87,433.0,3,-0.02994282904546708,30.0,1.0,1.0,9,,0.5112645750671334,,26.928981066634734,,,Gus Edwards,RB,1995-04-13,2018,,,0,27.38672142368241,1.9041538806290959,3.625802001114845,4,4.465908118654584,-0.00034417044879847216,17.862263573660687,144.0,4.969813299576001,0.8831749413571354,0.12404349703931034,34.02777777777778,-17.892206402706154,-57.0,-0.37191036629000196
00-0034184,2023,198,810.0,13,-12.828958436328318,49.0,2.0,2.0,17,51.15695098080846,0.2636956236124147,0.4020618556701031,34.34343434343434,2.6410833333333326,3.5705925925925937,Gus Edwards,RB,1995-04-13,2018,,,1,28.386036960985628,2.903469417932314,8.43013466086821,5,5.288267030694535,-0.06479271937539555,-0.02994282904546708,87.0,4.465908118654584,0.5112645750671334,-0.00034417044879847216,26.928981066634734,-12.79901560728285,111.0,-0.2475689514547187
00-0034301,2021,144,558.0,6,4.9404268118926105,40.0,0.0,0.0,17,-81.60883340976409,-0.5871139094227632,0.3669064748201439,13.194444444444445,2.7010606060606044,3.8693548387096772,Darrel Williams,RB,1995-04-15,2018,,,1,26.38193018480493,0.8993626417516154,0.8088531613784445,3,4.969813299576001,0.03430851952703202,,,,,,,,,
00-0034349,2018,118,641.0,3,-2.2427949529217326,32.0,1.0,1.0,10,152.14289362890275,1.289346556177142,0.4491525423728814,21.1864406779661,2.933306306306308,3.4149921996879886,Kerryon Johnson,RB,1997-06-30,2018,2.0,43.0,1,21.17180013689254,-4.310767406160775,18.582715630018093,0,4.770684624465665,-0.019006736889167226,,,,,,,,,
00-0034349,2019,113,403.0,3,-20.52364813024178,22.0,1.0,1.0,8,-55.77961460095088,-0.5070874054631898,0.36363636363636365,29.20353982300885,2.699326923076922,4.025980148883375,Kerryon Johnson,RB,1997-06-30,2018,2.0,43.0,1,22.171115674195757,-3.3114518688575565,10.965713479760204,1,4.727387818712341,-0.18162520469240515,-2.2427949529217326,118.0,4.770684624465665,1.289346556177142,-0.019006736889167226,21.1864406779661,-18.280853177320047,-5.0,-1.7964339616403318
00-0034367,2018,85,314.0,2,-12.32727961142039,17.0,1.0,0.0,16,-72.37492008674809,-0.8616061915089058,0.30952380952380953,11.76470588235294,2.7251447368421053,4.204331210191083,Nyheim Hines,RB,1996-11-12,2018,4.0,104.0,1,21.801505817932924,-3.68106172512039,13.550215424146302,0,4.442651256490317,-0.14502681895788694,,,,,,,,,
00-0034367,2020,89,380.0,3,-11.425455689232127,24.0,0.0,0.0,16,-7.1879491204073815,-0.08168124000462934,0.38636363636363635,12.359550561797752,2.742116883116883,3.7896052631578945,Nyheim Hines,RB,1996-11-12,2018,4.0,104.0,1,23.802874743326488,-1.6796927997268263,2.821367901454144,2,4.48863636973214,-0.1283759066205857,-12.32727961142039,85.0,4.442651256490317,-0.8616061915089058,-0.14502681895788694,11.76470588235294,0.9018239221882638,4.0,0.7799249515042765
00-0034378,2018,90,315.0,4,-16.036602952430258,18.0,1.0,0.0,13,-46.844952144244075,-0.5384477257959089,0.3563218390804598,21.11111111111111,2.841266666666667,4.646285714285713,Ito Smith,RB,1995-09-11,2018,4.0,126.0,1,22.973305954825463,-2.509261588227851,6.296393718155756,0,4.499809670330265,-0.1781844772492251,,,,,,,,,
00-0034400,2020,84,308.0,1,-21.654408729501732,17.0,0.0,0.0,12,,0.09198216852442154,,21.502689616064217,,,Jordan Wilkins,RB,1994-07-18,2018,5.0,169.0,0,26.12457221081451,0.6420046677611957,0.41216999342716326,2,4.430816798843313,-0.25779058011311584,,,,,,,,,
00-0034414,2020,80,374.0,1,-4.652030469616875,16.0,1.0,0.0,16,,0.09198216852442154,,21.502689616064217,,,Boston Scott,RB,1995-04-27,2018,6.0,201.0,0,25.349760438056126,-0.1328071049971875,0.017637727137733986,2,4.382026634673881,-0.05815038087021094,,,,,,,,,
00-0034414,2021,87,373.0,7,3.1922295561869576,24.0,1.0,1.0,9,,0.09198216852442154,,21.502689616064217,,,Boston Scott,RB,1995-04-27,2018,6.0,201.0,0,26.349075975359344,0.8665084323060306,0.7508368632574548,3,4.465908118654584,0.03669229374927537,-4.652030469616875,80.0,4.382026634673881,0.09198216852442154,-0.05815038087021094,21.502689616064217,7.844260025803832,7.0,0.0
00-0034432,2019,89,377.0,1,-13.343211672763573,15.0,1.0,1.0,6,-23.947974187824286,-0.2752640711244171,0.27586206896551724,19.101123595505616,2.6838780487804863,3.6703978779840845,Bo Scarbrough,RB,1996-09-29,2018,7.0,236.0,1,22.921286789869953,-2.561280753183361,6.560159096627525,1,4.48863636973214,-0.14992372666026488,,,,,,,,,
00-0034457,2018,120,511.0,3,-23.57320852269207,23.0,1.0,1.0,12,-18.090598098569558,-0.1546204965689706,0.3504273504273504,16.666666666666664,2.93351923076923,4.047416829745598,Josh Adams,RB,1996-10-29,2018,,,1,21.83983572895277,-3.642731814100543,13.269495069460232,0,4.787491742782046,-0.19644340435576726,,,,,,,,,
00-0034681,2020,97,448.0,1,-6.712357025168156,22.0,1.0,0.0,16,-2.1117813119684,-0.02222927696808842,0.35789473684210527,8.24742268041237,2.691046511627907,3.5960714285714275,Chase Edmonds,RB,1996-04-13,2018,4.0,134.0,1,24.386036960985628,-1.096530582067686,1.2023793174096984,2,4.574710978503383,-0.06919955696049646,,,,,,,,,
00-0034681,2021,116,592.0,2,11.634678101919178,32.0,0.0,0.0,12,7.655820550321437,0.06657235261149075,0.3391304347826087,12.931034482758621,2.8521250000000005,3.3763006756756777,Chase Edmonds,RB,1996-04-13,2018,4.0,134.0,1,25.385352498288842,-0.09721504476447151,0.009450764928558201,3,4.7535901911063645,0.10029894915447567,-6.712357025168156,97.0,4.574710978503383,-0.02222927696808842,-0.06919955696049646,8.24742268041237,18.347035127087334,19.0,0.08880162957957917
00-0034750,2018,85,419.0,2,-2.784563390596304,18.0,0.0,0.0,12,56.16657621113126,0.6607832495427207,0.32941176470588235,12.941176470588237,3.0179999999999993,3.8698329355608587,Rashaad Penny,RB,1996-02-02,2018,1.0,27.0,1,22.579055441478438,-2.9035121015748757,8.430382523991751,0,4.442651256490317,-0.03275956930113299,,,,,,,,,
00-0034750,2021,119,749.0,6,11.201961654747095,28.0,0.0,0.0,10,217.32024199855425,1.857437965799609,0.39316239316239315,18.487394957983195,2.7071009174311937,2.865233644859813,Rashaad Penny,RB,1996-02-02,2018,1.0,27.0,1,25.579739904175224,0.09717236112190974,0.009442467766006837,3,4.77912349311153,0.0941341315524966,-2.784563390596304,85.0,4.442651256490317,0.6607832495427207,-0.03275956930113299,12.941176470588237,13.986525045343399,34.0,1.1966547162568881
00-0034791,2018,192,996.0,8,1.8532035604876,47.0,0.0,0.0,16,192.42058913676237,1.0289871076832213,0.35294117647058826,33.85416666666667,2.954226190476191,3.4788755020080324,Nick Chubb,RB,1995-12-27,2018,2.0,35.0,1,22.680355920602327,-2.8022116224509865,7.85238997699939,0,5.2574953720277815,0.009652101877539584,,,,,,,,,
00-0034791,2019,299,1513.0,8,-21.486159602956505,63.0,2.0,2.0,16,284.448602869792,0.9609750096952433,0.3918918918918919,13.087248322147651,2.948445692883894,3.533647925033469,Nick Chubb,RB,1995-12-27,2018,2.0,35.0,1,23.679671457905545,-1.8028960851477684,3.2504342938411495,1,5.700443573390687,-0.07186006556172744,1.8532035604876,192.0,5.2574953720277815,1.0289871076832213,0.009652101877539584,33.85416666666667,-23.339363163444105,107.0,-0.06801209798797803
00-0034791,2020,190,1067.0,12,16.947974764509127,56.0,1.0,1.0,12,294.63282194890746,1.5840474298328358,0.4032258064516129,31.57894736842105,3.0428128654970767,3.422652296157451,Nick Chubb,RB,1995-12-27,2018,2.0,35.0,1,24.681724845995895,-0.8008426970574192,0.6413490254302012,2,5.247024072160486,0.08919986718162698,-21.486159602956505,299.0,5.700443573390687,0.9609750096952433,-0.07186006556172744,13.087248322147651,38.43413436746563,-109.0,0.6230724201375925
00-0034791,2021,228,1259.0,8,10.630183949570217,61.0,2.0,1.0,14,254.5087799007489,1.1261450438086233,0.42035398230088494,26.31578947368421,3.170250000000001,3.5871247021445583,Nick Chubb,RB,1995-12-27,2018,2.0,35.0,1,25.68104038329911,0.19847284024579537,0.03939146831523301,3,5.429345628954441,0.04662361381390446,16.947974764509127,190.0,5.247024072160486,1.5840474298328358,0.08919986718162698,31.57894736842105,-6.31779081493891,38.0,-0.4579023860242124
00-0034791,2022,302,1525.0,12,13.225027110340307,69.0,1.0,1.0,17,284.25347708284676,0.9443637112386936,0.4186046511627907,28.807947019867548,3.0969854014598557,3.797232786885247,Nick Chubb,RB,1995-12-27,2018,2.0,35.0,1,26.680355920602327,1.1977883775490135,1.434696997391498,4,5.71042701737487,0.04379148049781558,10.630183949570217,228.0,5.429345628954441,1.1261450438086233,0.04662361381390446,26.31578947368421,2.5948431607700897,74.0,-0.1817813325699298
00-0034799,2020,91,303.0,3,-4.6915427287675815,25.0,1.0,0.0,11,-51.162667598624296,-0.5748614336924078,0.4044943820224719,19.78021978021978,2.7066097560975604,4.503069306930692,Kalen Ballage,RB,1995-12-22,2018,4.0,131.0,1,24.695414099931554,-0.7871534431217597,0.6196105430184414,2,4.51085950651685,-0.05155541460184156,,,,,,,,,
00-0034816,2019,172,724.0,6,-24.7598799018935,34.0,2.0,1.0,16,13.195527821437281,0.07808004628069397,0.34911242603550297,26.16279069767442,2.5893066666666678,3.741602209944752,Ronald Jones,RB,1997-08-03,2018,2.0,38.0,1,22.078028747433265,-3.4045387956200486,11.59088441088201,1,5.147494476813453,-0.1439527901272878,,,,,,,,,
00-0034816,2020,192,978.0,7,4.838281974836718,48.0,0.0,0.0,14,189.44684841506057,0.9918683163092177,0.45549738219895286,21.875,2.475166666666667,3.1679959100204496,Ronald Jones,RB,1997-08-03,2018,2.0,38.0,1,23.080082135523615,-2.4024854075296993,5.771936133393146,2,5.2574953720277815,0.025199385285607907,-24.7598799018935,172.0,5.147494476813453,0.07808004628069397,-0.1439527901272878,26.16279069767442,29.598161876730217,20.0,0.9137882700285237
00-0034816,2021,101,428.0,4,-3.8528177159896586,25.0,2.0,2.0,15,-17.747517892507403,-0.17747517892507403,0.4,22.772277227722775,2.5268111111111113,3.811448598130841,Ronald Jones,RB,1997-08-03,2018,2.0,38.0,1,24.079397672826833,-1.4031698702264812,1.9688856847114,3,4.61512051684126,-0.03814671005930355,4.838281974836718,192.0,5.2574953720277815,0.9918683163092177,0.025199385285607907,21.875,-8.691099690826377,-91.0,-1.1693434952342918
00-0034838,2018,130,521.0,5,-17.874866328606,30.0,1.0,1.0,14,-3.336088240470417,-0.026063189378675133,0.421875,41.53846153846154,2.9297142857142866,4.223704414587333,Royce Freeman,RB,1996-02-24,2018,3.0,71.0,1,22.518822724161534,-2.9637448188917794,8.783783351507866,0,4.867534450455582,-0.1374989717585077,,,,,,,,,
00-0034838,2019,132,496.0,3,-17.438373828674653,22.0,0.0,0.0,16,-125.32356333314374,-0.9790903385401855,0.2734375,18.939393939393938,2.8359016393442618,4.303750000000001,Royce Freeman,RB,1996-02-24,2018,3.0,71.0,1,23.51813826146475,-1.964429281588565,3.858982402362565,1,4.882801922586371,-0.13210889264147463,-17.874866328606,130.0,4.867534450455582,-0.026063189378675133,-0.1374989717585077,41.53846153846154,0.4364924999313473,2.0,-0.9530271491615103
00-0034838,2023,77,319.0,2,-6.533680742758492,17.0,0.0,0.0,9,,-0.5025767639594303,,30.23892773892774,,,Royce Freeman,RB,1996-02-24,2018,3.0,71.0,0,27.51813826146475,2.035570718411435,4.143548149654046,5,4.343805421853684,-0.0848529966592012,-17.438373828674653,132.0,4.882801922586371,-0.9790903385401855,-0.13210889264147463,18.939393939393938,10.904693085916161,-55.0,0.47651357458075516
00-0034844,2018,261,1307.0,11,-7.961425581776735,50.0,0.0,0.0,16,394.64379853480386,1.535578982625696,0.3968871595330739,22.988505747126435,2.929396475770926,3.603037490436113,Saquon Barkley,RB,1997-02-09,2018,1.0,2.0,1,21.557837097878167,-3.924730445175147,15.403509067284705,0,5.564520407322694,-0.03050354629033232,,,,,,,,,
00-0034844,2019,217,1003.0,6,-18.718532545683768,45.0,0.0,0.0,13,105.91994232045306,0.4949530014974442,0.3598130841121495,11.059907834101383,2.8954255319148925,3.6614456630109666,Saquon Barkley,RB,1997-02-09,2018,1.0,2.0,1,22.55715263518138,-2.9254149078719323,8.558052383199346,1,5.37989735354046,-0.086260518643704,-7.961425581776735,261.0,5.564520407322694,1.535578982625696,-0.03050354629033232,22.988505747126435,-10.757106963907033,-44.0,-1.0406259811282519
00-0034844,2021,162,593.0,2,-20.349857543361633,27.0,1.0,1.0,13,-44.55296476998876,-0.2767264892545886,0.32298136645962733,21.604938271604937,2.889265734265734,4.039055649241148,Saquon Barkley,RB,1997-02-09,2018,1.0,2.0,1,24.55852156057495,-0.9240459824783649,0.8538609777344066,3,5.087596335232384,-0.12561640458865206,-18.718532545683768,217.0,5.37989735354046,0.4949530014974442,-0.086260518643704,11.059907834101383,-1.631324997677865,-55.0,-0.7716794907520328
00-0034844,2022,295,1312.0,10,-15.51116913972907,62.0,1.0,0.0,16,114.64159285909227,0.39531583744514576,0.33793103448275863,18.983050847457626,2.6966996197718633,3.6481554878048787,Saquon Barkley,RB,1997-02-09,2018,1.0,2.0,1,25.557837097878167,0.0752695548248532,0.005665505883531582,4,5.68697535633982,-0.05258023437196295,-20.349857543361633,162.0,5.087596335232384,-0.2767264892545886,-0.12561640458865206,21.604938271604937,4.838688403632563,133.0,0.6720423266997344
00-0034844,2023,247,962.0,6,-50.37396212196922,51.0,2.0,2.0,14,93.44125677894533,0.3893385699122722,0.37083333333333335,14.979757085020243,2.7226220095693794,3.850904365904367,Saquon Barkley,RB,1997-02-09,2018,1.0,2.0,1,26.55715263518138,1.0745850921280677,1.1547331202238877,5,5.5093883366279774,-0.20394316648570535,-15.51116913972907,295.0,5.68697535633982,0.39531583744514576,-0.05258023437196295,18.983050847457626,-34.86279298224015,-48.0,-0.005977267532873531
00-0034845,2018,209,931.0,6,-3.044805443214944,54.0,1.0,1.0,13,-60.263384917682856,-0.2954087495964846,0.35784313725490197,26.794258373205743,2.7008426395939082,3.7130290010741143,Sony Michel,RB,1995-02-17,2018,1.0,31.0,1,23.537303216974674,-1.9452643260786395,3.7840532983141837,0,5.342334251964811,-0.01456844709672222,,,,,,,,,
00-0034845,2019,247,912.0,7,-23.620642665705212,55.0,2.0,1.0,16,-68.95426976292424,-0.279167084060422,0.3481781376518219,33.603238866396765,2.7047782805429863,4.247017543859648,Sony Michel,RB,1995-02-17,2018,1.0,31.0,1,24.536618754277892,-0.9459487887754214,0.8948191109856869,1,5.5093883366279774,-0.09563013224981867,-3.044805443214944,209.0,5.342334251964811,-0.2954087495964846,-0.01456844709672222,26.794258373205743,-20.575837222490268,38.0,0.0162416655360626
00-0034845,2020,79,449.0,1,5.222001809306676,19.0,0.0,0.0,8,,-0.27907632649967457,,28.305576002944424,,,Sony Michel,RB,1995-02-17,2018,1.0,31.0,0,25.53867214236824,0.05610459931492784,0.0031477260642886013,2,4.3694478524670215,0.06610128872540096,-23.620642665705212,247.0,5.5093883366279774,-0.279167084060422,-0.09563013224981867,33.603238866396765,28.842644475011888,-168.0,9.075756074744534e-05
00-0034845,2021,208,845.0,4,-21.070007933954304,49.0,1.0,1.0,17,-54.36920118931823,-0.2626531458421171,0.3333333333333333,24.519230769230766,2.8078769230769227,3.910059171597633,Sony Michel,RB,1995-02-17,2018,1.0,31.0,1,26.537987679671456,1.0554201366181424,1.1139116647790583,3,5.337538079701318,-0.101298115067088,5.222001809306676,79.0,4.3694478524670215,-0.27907632649967457,0.06610128872540096,28.305576002944424,-26.29200974326098,129.0,0.01642318065755749
00-0034972,2019,100,462.0,1,-12.627606168185594,19.0,1.0,1.0,13,35.074410572052784,0.36159186156755446,0.4329896907216495,34.0,2.721402298850575,4.028376623376622,Alexander Mattison,RB,1998-06-19,2019,3.0,102.0,1,21.201916495550993,-4.280651047502321,18.323973390482717,0,4.605170185988092,-0.12627606168185593,,,,,,,,,
00-0034972,2020,96,434.0,2,-7.244571321149124,24.0,0.0,0.0,13,51.502943709502915,0.5479036564840736,0.46808510638297873,31.25,2.7358295454545454,3.6955990783410124,Alexander Mattison,RB,1998-06-19,2019,3.0,102.0,1,22.203969883641342,-3.2785976594119717,10.749202612301659,1,4.564348191467836,-0.07546428459530337,-12.627606168185594,100.0,4.605170185988092,0.36159186156755446,-0.12627606168185593,34.0,5.38303484703647,-4.0,0.1863117949165191
00-0034972,2021,134,491.0,3,-25.048398856713902,28.0,1.0,1.0,16,-73.72555344396187,-0.5543274695034727,0.3233082706766917,30.597014925373134,2.7618135593220323,4.517881873727089,Alexander Mattison,RB,1998-06-19,2019,3.0,102.0,1,23.20328542094456,-2.2792821221087536,5.1951269921645835,2,4.897839799950911,-0.18692834967696942,-7.244571321149124,96.0,4.564348191467836,0.5479036564840736,-0.07546428459530337,31.25,-17.80382753556478,38.0,-1.1022311259875464
00-0034972,2023,180,700.0,0,-31.740954303268495,28.0,2.0,2.0,16,-45.48797606090898,-0.2541227712899943,0.39664804469273746,21.666666666666668,2.8353741935483874,4.053242857142858,Alexander Mattison,RB,1998-06-19,2019,3.0,102.0,1,25.201916495550993,-0.28065104750232095,0.07876501046415,4,5.19295685089021,-0.1763386350181583,-25.048398856713902,134.0,4.897839799950911,-0.5543274695034727,-0.18692834967696942,30.597014925373134,-6.692555446554593,46.0,0.3002046982134784
00-0034975,2023,84,387.0,3,0.8103901900690555,18.0,0.0,0.0,16,,0.09198216852442154,,21.502689616064217,,,Justice Hill,RB,1997-11-14,2019,4.0,113.0,0,25.796030116358658,0.313462573305344,0.09825878486320816,4,4.430816798843313,0.009647502262726851,,,,,,,,,
00-0035217,2019,108,426.0,2,-12.910619200731162,19.0,1.0,1.0,11,51.529644079418006,0.4815854586861496,0.48598130841121495,39.81481481481482,2.752545454545454,4.05429577464789,Benny Snell,RB,1998-02-27,2019,4.0,122.0,1,21.508555783709788,-3.974011759343526,15.792769463400624,0,4.68213122712422,-0.1195427703771404,,,,,,,,,
00-0035217,2020,111,368.0,4,-29.894823699549306,25.0,2.0,1.0,15,-43.41466419294892,-0.39112310083737767,0.3333333333333333,29.72972972972973,2.7364141414141407,4.513478260869565,Benny Snell,RB,1998-02-27,2019,4.0,122.0,1,22.510609171800137,-2.9719583712531765,8.832536560461834,1,4.709530201312334,-0.2693227360319757,-12.910619200731162,108.0,4.68213122712422,0.4815854586861496,-0.1195427703771404,39.81481481481482,-16.984204498818144,3.0,-0.8727085595235273
00-0035243,2019,179,818.0,3,-14.837368387333072,30.0,2.0,1.0,16,-54.71578107233415,-0.3126616061276237,0.3142857142857143,12.290502793296088,2.977000000000001,3.89463325183374,Miles Sanders,RB,1997-05-01,2019,2.0,53.0,1,22.33538672142368,-3.1471808216296324,9.904747124033369,0,5.187385805840755,-0.08289032618621828,,,,,,,,,
00-0035243,2020,164,867.0,6,-1.3222226904181298,39.0,4.0,2.0,12,8.259060849304092,0.050669084965055775,0.34355828220858897,8.536585365853659,2.8788775510204068,3.5200922722029984,Miles Sanders,RB,1997-05-01,2019,2.0,53.0,1,23.33744010951403,-2.145127433539283,4.601571706122832,1,5.099866427824199,-0.008062333478159328,-14.837368387333072,179.0,5.187385805840755,-0.3126616061276237,-0.08289032618621828,12.290502793296088,13.515145696914942,-15.0,0.3633306910926795
00-0035243,2021,137,754.0,0,0.3933249936548684,33.0,1.0,1.0,12,37.32678960243413,0.27446168825319217,0.38235294117647056,10.218978102189782,2.7572936507936507,3.3504376657824957,Miles Sanders,RB,1997-05-01,2019,2.0,53.0,1,24.33675564681725,-1.145811896236065,1.312884901556087,2,4.919980925828125,0.002870985355145025,-1.3222226904181298,164.0,5.099866427824199,0.050669084965055775,-0.008062333478159328,8.536585365853659,1.7155476840729982,-27.0,0.22379260328813638
00-0035243,2022,259,1269.0,11,13.645613178494386,62.0,1.0,1.0,17,93.89127133146235,0.3653356861146395,0.4280155642023346,18.146718146718147,2.791468354430379,3.466028368794325,Miles Sanders,RB,1997-05-01,2019,2.0,53.0,1,25.336071184120467,-0.14649635893284696,0.02146118318058153,3,5.556828061699537,0.052685765167932,0.3933249936548684,137.0,4.919980925828125,0.27446168825319217,0.002870985355145025,10.218978102189782,13.252288184839518,122.0,0.09087399786144734
00-0035243,2023,129,432.0,1,-30.545276433986146,24.0,2.0,2.0,16,-53.72057330204643,-0.41969197892223775,0.28125,9.30232558139535,2.8923392857142853,4.656921296296296,Miles Sanders,RB,1997-05-01,2019,2.0,53.0,1,26.33538672142368,0.8528191783703676,0.7273005509963089,4,4.859812404361672,-0.23678508863555153,13.645613178494386,259.0,5.556828061699537,0.3653356861146395,0.052685765167932,18.146718146718147,-44.19088961248053,-130.0,-0.7850276650368773
00-0035250,2019,151,775.0,2,2.9588325650536307,37.0,4.0,1.0,12,59.18094390094677,0.40259145510848143,0.4013605442176871,5.298013245033113,2.9077279411764696,3.51647741935484,Devin Singletary,RB,1997-09-03,2019,3.0,74.0,1,21.99315537303217,-3.4894121700211436,12.175997292291665,0,5.017279836814924,0.019594917649361793,,,,,,,,,
00-0035250,2020,156,687.0,2,-14.052346983556042,40.0,1.0,1.0,16,37.15460205125055,0.24443817138980625,0.3815789473684211,4.487179487179487,2.9262173913043483,3.9193740902474503,Devin Singletary,RB,1997-09-03,2019,3.0,74.0,1,22.99520876112252,-2.4873587819307943,6.186953710048245,1,5.049856007249537,-0.09007914733048746,2.9588325650536307,151.0,5.017279836814924,0.40259145510848143,0.019594917649361793,5.298013245033113,-17.01117954860967,5.0,-0.15815328371867518
00-0035250,2021,188,870.0,7,-3.8201483953744173,44.0,2.0,0.0,17,16.642716229314715,0.08996062826656602,0.3675675675675676,13.829787234042554,2.878454545454545,3.7147586206896555,Devin Singletary,RB,1997-09-03,2019,3.0,74.0,1,23.994524298425734,-1.4880432446275798,2.2142726978817753,2,5.236441962829949,-0.020319938273268178,-14.052346983556042,156.0,5.049856007249537,0.24443817138980625,-0.09007914733048746,4.487179487179487,10.232198588181625,32.0,-0.15447754312324025
00-0035250,2022,177,819.0,5,-16.777221589029068,42.0,3.0,3.0,16,27.98083465290142,0.16363061200527146,0.38011695906432746,20.33898305084746,2.7233291139240507,3.308461538461538,Devin Singletary,RB,1997-09-03,2019,3.0,74.0,1,24.993839835728952,-0.48872770732436166,0.2388547719065269,3,5.176149732573829,-0.09478656264988174,-3.8201483953744173,188.0,5.236441962829949,0.08996062826656602,-0.020319938273268178,13.829787234042554,-12.95707319365465,-11.0,0.07366998373870544
00-0035250,2023,216,898.0,4,-16.57968231601304,40.0,1.0,0.0,17,32.60331709674438,0.15451809050589752,0.3744075829383886,23.14814814814815,2.8448730964466997,3.7120489977728286,Devin Singletary,RB,1997-09-03,2019,3.0,74.0,1,25.99315537303217,0.5105878299788564,0.26069993212251763,4,5.375278407684165,-0.07675778850006038,-16.777221589029068,177.0,5.176149732573829,0.16363061200527146,-0.09478656264988174,20.33898305084746,0.19753927301602658,39.0,-0.009112521499373943
00-0035261,2019,86,455.0,2,-1.8073819452547468,21.0,1.0,1.0,14,89.2228027064167,1.08808295983435,0.524390243902439,12.790697674418606,3.039051282051283,3.4651648351648365,Tony Pollard,RB,1997-04-30,2019,4.0,128.0,1,22.338124572210816,-3.1444429708424977,9.887521596880793,0,4.454347296253507,-0.02101606913086915,,,,,,,,,
00-0035261,2020,101,435.0,4,-2.5381912388838828,23.0,0.0,0.0,16,12.692224029518513,0.12820428312644963,0.31313131313131315,21.782178217821784,2.768413793103448,3.7388275862068974,Tony Pollard,RB,1997-04-30,2019,4.0,128.0,1,23.340177960301162,-2.142389582752152,4.58983312428494,1,4.61512051684126,-0.025130606325582998,-1.8073819452547468,86.0,4.454347296253507,1.08808295983435,-0.02101606913086915,12.790697674418606,-0.7308092936291359,15.0,-0.9598786767079004
00-0035261,2021,130,719.0,2,12.881215973103922,35.0,0.0,0.0,15,102.65874915586653,0.8147519774275122,0.4126984126984127,16.153846153846153,2.9224639999999993,3.3145757997218364,Tony Pollard,RB,1997-04-30,2019,4.0,128.0,1,24.33949349760438,-1.1430740454489339,1.3066182733789913,2,4.867534450455582,0.09908627671618402,-2.5381912388838828,101.0,4.61512051684126,0.12820428312644963,-0.025130606325582998,21.782178217821784,15.419407211987805,29.0,0.6865476943010625
00-0035261,2022,193,1007.0,9,4.520954054623515,46.0,0.0,0.0,16,226.1576022121228,1.1718010477312062,0.40932642487046633,22.279792746113987,2.929436781609196,3.4917080436941412,Tony Pollard,RB,1997-04-30,2019,4.0,128.0,1,25.338809034907598,-0.14375850814571578,0.02066650866428183,3,5.262690188904886,0.023424632407375728,12.881215973103922,130.0,4.867534450455582,0.8147519774275122,0.09908627671618402,16.153846153846153,-8.360261918480408,63.0,0.35704907030369404
00-0035261,2023,252,1005.0,6,-17.861171165082347,56.0,1.0,1.0,17,-39.21890889258589,-0.16139468680076496,0.36213991769547327,11.11111111111111,2.6277399103139016,3.8082388059701495,Tony Pollard,RB,1997-04-30,2019,4.0,128.0,1,26.338124572210816,0.8555570291575023,0.7319778301408113,4,5.529429087511423,-0.07087766335350137,4.520954054623515,193.0,5.262690188904886,1.1718010477312062,0.023424632407375728,22.279792746113987,-22.382125219705863,59.0,-1.3331957345319712
00-0035311,2020,142,584.0,3,-24.411888809764267,27.0,2.0,2.0,10,19.149420636187756,0.13876391765353446,0.4057971014492754,23.239436619718308,2.72910606060606,3.50071917808219,Myles Gaskin,RB,1997-02-15,2019,7.0,234.0,1,23.54277891854894,-1.9397886245043736,3.7627799077565696,1,4.955827057601261,-0.17191470992791738,,,,,,,,,
00-0035311,2021,173,612.0,3,-28.634547220778195,25.0,2.0,1.0,17,-115.2351088012332,-0.6738895251534105,0.30994152046783624,16.184971098265898,2.76124203821656,3.9664869281045756,Myles Gaskin,RB,1997-02-15,2019,7.0,234.0,1,24.542094455852155,-0.9404730872011591,0.884489627749679,2,5.153291594497779,-0.16551761399293755,-24.411888809764267,142.0,4.955827057601261,0.13876391765353446,-0.17191470992791738,23.239436619718308,-4.222658411013928,31.0,-0.812653442806945
00-0035628,2021,100,534.0,3,6.4351156105985865,24.0,0.0,0.0,12,140.46118040171916,1.4187998020375674,0.5858585858585859,25.0,3.1945161290322597,3.597284644194757,D'Ernest Johnson,RB,1996-02-27,2019,,,1,25.51129363449692,0.028726091443605384,0.0008251883296263784,2,4.605170185988092,0.06435115610598587,,,,,,,,,
00-0035657,2020,137,691.0,2,6.07422461968963,30.0,1.0,0.0,10,39.69105999088049,0.2897157663567919,0.40875912408759124,39.416058394160586,2.6969,3.5910998552821987,Damien Harris,RB,1997-02-11,2019,3.0,87.0,1,23.55373032169747,-1.9288372213558453,3.7204130264877384,1,4.919980925828125,0.044337405983135986,,,,,,,,,
00-0035657,2021,202,929.0,15,3.190351245548305,55.0,2.0,2.0,15,110.87948087544032,0.5657116371195935,0.42346938775510207,31.683168316831683,2.646,3.584876210979548,Damien Harris,RB,1997-02-11,2019,3.0,87.0,1,24.553045859000683,-0.9295216840526308,0.8640105611240388,2,5.308267697401205,0.015793818047268836,6.07422461968963,137.0,4.919980925828125,0.2897157663567919,0.044337405983135986,39.416058394160586,-2.8838733741413254,65.0,0.2759958707628016
00-0035657,2022,106,462.0,3,-3.7160809281631373,23.0,0.0,0.0,11,33.43420836399008,0.31541706003764225,0.4716981132075472,18.867924528301888,2.6425151515151506,3.5656926406926397,Damien Harris,RB,1997-02-11,2019,3.0,87.0,1,25.5523613963039,0.06979385325058729,0.004871181951564514,3,4.663439094112067,-0.03505736724682205,3.190351245548305,202.0,5.308267697401205,0.5657116371195935,0.015793818047268836,31.683168316831683,-6.906432173711442,-96.0,-0.25029457708195124
00-0035664,2020,138,624.0,5,2.7373383573431056,40.0,0.0,0.0,15,1.5803575490776893,0.01162027609615948,0.36764705882352944,30.434782608695656,2.79694262295082,3.916201923076923,Darrell Henderson,RB,1997-08-19,2019,3.0,70.0,1,23.0362765229295,-2.4462910201238124,5.984339755138403,1,4.927253685157205,0.019835785198138445,,,,,,,,,
00-0035664,2021,149,688.0,5,-1.379824667690324,39.0,0.0,0.0,12,-46.53684756348946,-0.3209437762999273,0.33793103448275863,12.751677852348994,2.848454545454546,3.713938953488372,Darrell Henderson,RB,1997-08-19,2019,3.0,70.0,1,24.035592060232716,-1.4469754828205978,2.0937380478839023,2,5.003946305945459,-0.009260568239532377,2.7373383573431056,138.0,4.927253685157205,0.01162027609615948,0.019835785198138445,30.434782608695656,-4.117163025033429,11.0,-0.3325640523960868
00-0035685,2019,242,889.0,6,-41.120381760467446,50.0,2.0,2.0,16,-53.19518726144463,-0.2235091901741371,0.36134453781512604,19.834710743801654,2.6992489082969437,4.052418447694038,David Montgomery,RB,1997-06-07,2019,3.0,73.0,1,22.234086242299796,-3.248481300753518,10.552630761345268,0,5.488937726156687,-0.16991893289449359,,,,,,,,,
00-0035685,2020,247,1070.0,8,-10.065330305860858,59.0,0.0,0.0,15,53.65825208300441,0.22357605034585173,0.36666666666666664,17.00404858299595,2.7382286995515694,3.705121495327103,David Montgomery,RB,1997-06-07,2019,3.0,73.0,1,23.236139630390145,-2.2464279126631688,5.046438366792201,1,5.5093883366279774,-0.04075032512494275,-41.120381760467446,242.0,5.488937726156687,-0.2235091901741371,-0.16991893289449359,19.834710743801654,31.055051454606588,5.0,0.4470852405199888
00-0035685,2021,225,849.0,7,-21.6045883598607,55.0,2.0,1.0,13,-79.86366788945656,-0.3581330398630339,0.3452914798206278,21.333333333333336,2.703200000000001,3.9526501766784445,David Montgomery,RB,1997-06-07,2019,3.0,73.0,1,24.23545516769336,-1.2471123753599542,1.5552892767759474,2,5.41610040220442,-0.096020392710492,-10.065330305860858,247.0,5.5093883366279774,0.22357605034585173,-0.04075032512494275,17.00404858299595,-11.539258053999841,-22.0,-0.5817090902088856
00-0035685,2022,201,801.0,5,-15.313396949485165,41.0,1.0,1.0,16,-52.546044293378145,-0.26405047383607105,0.3768844221105528,23.88059701492537,2.781718085106382,4.102047440699126,David Montgomery,RB,1997-06-07,2019,3.0,73.0,1,25.234770704996578,-0.24779683805673614,0.06140327295091631,3,5.303304908059076,-0.07618605447505057,-21.6045883598607,225.0,5.41610040220442,-0.3581330398630339,-0.096020392710492,21.333333333333336,6.291191410375534,-24.0,0.09408256602696285
00-0035685,2023,219,1015.0,13,10.28340074429789,59.0,2.0,1.0,14,61.91970879624978,0.28799864556395244,0.4418604651162791,21.00456621004566,2.5513284313725495,3.455369458128078,David Montgomery,RB,1997-06-07,2019,3.0,73.0,1,26.234086242299796,0.751518699246482,0.5647803553171242,4,5.389071729816501,0.046956167782182145,-15.313396949485165,201.0,5.303304908059076,-0.26405047383607105,-0.07618605447505057,23.88059701492537,25.596797693783053,18.0,0.5520491194000234
00-0035700,2019,242,1150.0,7,-9.49242092085179,53.0,1.0,1.0,13,158.50374080586585,0.668792155299012,0.4177215189873418,19.834710743801654,2.684300884955751,3.5592434782608695,Josh Jacobs,RB,1998-02-11,2019,1.0,24.0,1,21.5523613963039,-3.9302061467494127,15.446520355946866,0,5.488937726156687,-0.03922487983823054,,,,,,,,,
00-0035700,2020,273,1065.0,12,-33.04106864911293,61.0,2.0,2.0,15,-8.235455817620505,-0.030389135858378245,0.39114391143911437,25.64102564102564,2.7070920000000003,3.9938967136150216,Josh Jacobs,RB,1998-02-11,2019,1.0,24.0,1,22.55441478439425,-2.9281527586590634,8.574078578042684,1,5.60947179518496,-0.12102955549125616,-9.49242092085179,242.0,5.488937726156687,0.668792155299012,-0.03922487983823054,19.834710743801654,-23.548647728261138,31.0,-0.6991812911573903
00-0035700,2021,217,872.0,9,-32.179233697576834,45.0,2.0,2.0,15,-13.203786083641148,-0.0634797407867363,0.4182692307692308,17.51152073732719,2.693238805970149,4.022660550458717,Josh Jacobs,RB,1998-02-11,2019,1.0,24.0,1,23.55373032169747,-1.9288372213558453,3.7204130264877384,2,5.37989735354046,-0.14829139952800385,-33.04106864911293,273.0,5.60947179518496,-0.030389135858378245,-0.12102955549125616,25.64102564102564,0.8618349515360961,-56.0,-0.03309060492835805
00-0035700,2022,340,1653.0,12,-0.7340852129001023,93.0,2.0,0.0,17,158.40365652592027,0.474262444688384,0.39820359281437123,20.588235294117645,2.782512738853503,3.331863278886873,Josh Jacobs,RB,1998-02-11,2019,1.0,24.0,1,24.553045859000683,-0.9295216840526308,0.8640105611240388,3,5.8289456176102075,-0.0021590741555885364,-32.179233697576834,217.0,5.37989735354046,-0.0634797407867363,-0.14829139952800385,17.51152073732719,31.445148484676732,123.0,0.5377421854751203
00-0035700,2023,233,805.0,6,-44.319291594730835,34.0,2.0,1.0,13,-86.37793650879075,-0.3739304610770163,0.3463203463203463,21.45922746781116,2.7845555555555563,4.270993788819878,Josh Jacobs,RB,1998-02-11,2019,1.0,24.0,1,25.5523613963039,0.06979385325058729,0.004871181951564514,4,5.4510384535657,-0.19021155190871603,-0.7340852129001023,340.0,5.8289456176102075,0.474262444688384,-0.0021590741555885364,20.588235294117645,-43.58520638183073,-107.0,-0.8481929057654003
00-0035831,2020,240,1070.0,7,-13.36011026520282,54.0,1.0,0.0,14,40.0535850269539,0.17116916678185426,0.37606837606837606,20.416666666666668,2.680325892857144,3.646794392523366,James Robinson,RB,1998-08-09,2020,,,1,22.064339493497606,-3.418228049555708,11.68428299876942,0,5.480638923341991,-0.055667126105011754,,,,,,,,,
00-0035831,2021,164,767.0,8,-11.25241631130478,41.0,2.0,2.0,14,-16.28736202299899,-0.10053927174690735,0.35185185185185186,18.29268292682927,2.852236842105263,3.5553324641460233,James Robinson,RB,1998-08-09,2020,,,1,23.06365503080082,-2.4189125122524935,5.8511377419316695,1,5.099866427824199,-0.0686122945811267,-13.36011026520282,240.0,5.480638923341991,0.17116916678185426,-0.055667126105011754,20.416666666666668,2.107693953898041,-76.0,-0.2717084385287616
00-0035831,2022,110,425.0,3,-14.688569113553967,22.0,1.0,0.0,11,-44.511016894086424,-0.412139045315615,0.25,10.909090909090908,2.822336734693877,3.9558823529411757,James Robinson,RB,1998-08-09,2020,,,1,24.06297056810404,-1.4195969749492754,2.0152555712851337,2,4.700480365792417,-0.13353244648685425,-11.25241631130478,164.0,5.099866427824199,-0.10053927174690735,-0.0686122945811267,18.29268292682927,-3.436152802249188,-54.0,-0.31159977356870766
00-0036020,2020,75,319.0,3,-2.7333795139691244,18.0,0.0,0.0,6,,0.09198216852442154,,21.502689616064217,,,Salvon Ahmed,RB,1998-12-29,2020,,,0,21.675564681724847,-3.807002861328467,14.493270786163135,0,4.31748811353631,-0.03644506018625499,,,,,,,,,
00-0036139,2023,89,361.0,2,-5.268632877245979,17.0,0.0,0.0,16,,0.09198216852442154,,21.502689616064217,,,Rico Dowdle,RB,1998-06-14,2020,,,0,25.215605749486652,-0.2669617935666615,0.0712685992243288,3,4.48863636973214,-0.05919812221624696,,,,,,,,,
00-0036158,2020,134,805.0,9,26.092205252618037,38.0,2.0,0.0,15,195.9472997578572,1.4732879681041895,0.42105263157894735,23.134328358208954,2.872177419354839,3.273291925465839,J.K. Dobbins,RB,1998-12-17,2020,2.0,55.0,1,21.70841889117043,-3.774148651882882,14.244198046509377,0,4.897839799950911,0.19471794964640327,,,,,,,,,
00-0036158,2022,92,520.0,2,9.095251672691354,26.0,0.0,0.0,8,94.50441339454414,1.0500490377171572,0.43333333333333335,35.869565217391305,2.9500119047619044,3.217711538461539,J.K. Dobbins,RB,1998-12-17,2020,2.0,55.0,1,23.707049965776864,-1.7755175772764495,3.152462667217633,2,4.5217885770490405,0.09886143122490602,26.092205252618037,134.0,4.897839799950911,1.4732879681041895,0.19471794964640327,23.134328358208954,-16.996953579926682,-42.0,-0.4232389303870323
00-0036223,2020,232,1169.0,11,14.960917275374628,69.0,1.0,1.0,15,150.85667535901393,0.6616520849079559,0.42543859649122806,29.74137931034483,2.808627358490564,3.5066467065868268,Jonathan Taylor,RB,1999-01-19,2020,2.0,41.0,1,21.61806981519507,-3.864497727858243,14.934342688621523,0,5.44673737166631,0.06448671239385616,,,,,,,,,
00-0036223,2021,332,1811.0,18,34.46919412355375,107.0,3.0,2.0,17,390.0987393626533,1.1929625056961874,0.41896024464831805,26.80722891566265,2.7817533333333335,3.173158475980122,Jonathan Taylor,RB,1999-01-19,2020,2.0,41.0,1,22.61738535249829,-2.865182190555025,8.209268985073692,1,5.805134968916488,0.10382287386612575,14.960917275374628,232.0,5.44673737166631,0.6616520849079559,0.06448671239385616,29.74137931034483,19.508276848179122,100.0,0.5313104207882315
00-0036223,2022,192,861.0,4,-28.65480715998774,39.0,3.0,3.0,11,126.06712384311265,0.6635111781216455,0.4263157894736842,14.0625,2.7730282485875715,3.291312427409987,Jonathan Taylor,RB,1999-01-19,2020,2.0,41.0,1,23.616700889801507,-1.865866653251807,3.4814583677170985,2,5.2574953720277815,-0.14924378729160281,34.46919412355375,332.0,5.805134968916488,1.1929625056961874,0.10382287386612575,26.80722891566265,-63.12400128354149,-140.0,-0.5294513275745419
00-0036223,2023,169,741.0,7,-10.159002013304983,42.0,1.0,0.0,10,54.14354866067265,0.32421286623157275,0.33532934131736525,14.201183431952662,2.7430000000000003,3.4509716599190283,Jonathan Taylor,RB,1999-01-19,2020,2.0,41.0,1,24.61601642710472,-0.8665511159485924,0.7509108365517507,3,5.1298987149230735,-0.060112437948550194,-28.65480715998774,192.0,5.2574953720277815,0.6635111781216455,-0.14924378729160281,14.0625,18.495805146682756,-23.0,-0.33929831189007276
00-0036251,2020,112,481.0,4,-7.474393558211746,30.0,0.0,0.0,13,1.1127173481896193,0.010302938409163142,0.39814814814814814,14.285714285714285,2.7966176470588247,3.7737214137214137,Zack Moss,RB,1997-12-15,2020,3.0,86.0,1,22.713210130047912,-2.7693574130054017,7.669340480967971,0,4.718498871295094,-0.06673565676974773,,,,,,,,,
00-0036251,2021,96,345.0,4,-9.730604019184575,22.0,0.0,0.0,13,-74.8962504200797,-0.7801692752091635,0.3541666666666667,20.833333333333336,2.84135632183908,4.0435072463768105,Zack Moss,RB,1997-12-15,2020,3.0,86.0,1,23.71252566735113,-1.7700418757021836,3.1330482417393046,1,4.564348191467836,-0.10136045853317266,-7.474393558211746,112.0,4.718498871295094,0.010302938409163142,-0.06673565676974773,14.285714285714285,-2.256210460972829,-16.0,-0.7904722136183266
00-0036251,2022,93,456.0,1,-10.21395823892725,18.0,1.0,1.0,13,25.696028674297906,0.27630138359460116,0.40860215053763443,13.978494623655912,2.7660561797752807,3.321776315789472,Zack Moss,RB,1997-12-15,2020,3.0,86.0,1,24.711841204654345,-0.7707263383989691,0.5940190887018822,2,4.532599493153256,-0.10982750794545429,-9.730604019184575,96.0,4.564348191467836,-0.7801692752091635,-0.10136045853317266,20.833333333333336,-0.4833542197426741,-3.0,1.0564706588037647
00-0036251,2023,183,794.0,5,-14.03089295560622,43.0,0.0,0.0,14,129.48499711948966,0.711456028129064,0.4175824175824176,14.754098360655737,2.669816568047336,3.3064357682619647,Zack Moss,RB,1997-12-15,2020,3.0,86.0,1,25.711156741957563,0.228589198904249,0.05225302185568631,3,5.209486152841421,-0.07667154620549847,-10.21395823892725,93.0,4.532599493153256,0.27630138359460116,-0.10982750794545429,13.978494623655912,-3.81693471667897,90.0,0.4351546445344629
00-0036265,2021,187,803.0,5,6.161987401777878,50.0,1.0,1.0,17,47.222083165751314,0.25388216755780274,0.45161290322580644,21.390374331550802,2.5504245810055868,3.523997509339976,AJ Dillon,RB,1998-05-02,2020,2.0,62.0,1,23.3347022587269,-2.1478652843264143,4.613325279614589,1,5.231108616854587,0.03295180428758224,,,,,,,,,
00-0036265,2022,186,770.0,7,2.279668071002535,47.0,0.0,0.0,17,-34.844911148668075,-0.1893745171123265,0.40217391304347827,16.129032258064516,2.6017288135593213,3.642714285714285,AJ Dillon,RB,1998-05-02,2020,2.0,62.0,1,24.334017796030118,-1.1485497470231962,1.319166521387048,2,5.225746673713202,0.012256279951626533,6.161987401777878,187.0,5.231108616854587,0.25388216755780274,0.03295180428758224,21.390374331550802,-3.8823193307753434,-1.0,-0.44325668467012924
00-0036265,2023,178,613.0,2,-23.49627604587461,32.0,0.0,0.0,15,-63.727345767509746,-0.3620871918608508,0.3693181818181818,25.280898876404496,2.5971656441717803,4.137830342577488,AJ Dillon,RB,1998-05-02,2020,2.0,62.0,1,25.333333333333332,-0.1492342097199817,0.02227084935074748,3,5.181783550292085,-0.13200155081952028,2.279668071002535,186.0,5.225746673713202,-0.1893745171123265,0.012256279951626533,16.129032258064516,-25.775944116877145,-8.0,-0.1727126747485243
00-0036275,2020,114,521.0,8,-6.102100315794814,31.0,2.0,2.0,13,11.050447902782935,0.09693375353318363,0.3333333333333333,22.807017543859647,2.7447142857142866,3.8129174664107484,D'Andre Swift,RB,1999-01-14,2020,2.0,35.0,1,21.631759069130734,-3.85080847392258,14.82872590283395,0,4.736198448394496,-0.05352719575258609,,,,,,,,,
00-0036275,2021,151,617.0,5,-26.86820022217472,28.0,0.0,0.0,13,-58.90075541330759,-0.39007122790269927,0.31125827814569534,27.81456953642384,2.9900148148148147,4.112901134521881,D'Andre Swift,RB,1999-01-14,2020,2.0,35.0,1,22.63107460643395,-2.8514929366193655,8.131011967590133,1,5.017279836814924,-0.1779351008091041,-6.102100315794814,114.0,4.736198448394496,0.09693375353318363,-0.05352719575258609,22.807017543859647,-20.766099906379907,37.0,-0.4870049814358829
00-0036275,2022,99,542.0,5,5.516174910386924,21.0,0.0,0.0,14,36.834370447303,0.3836913588260729,0.375,6.0606060606060606,2.8809425287356314,3.6581549815498158,D'Andre Swift,RB,1999-01-14,2020,2.0,35.0,1,23.630390143737166,-1.8521773993161474,3.4305611185375273,2,4.59511985013459,0.055718938488756815,-26.86820022217472,151.0,5.017279836814924,-0.39007122790269927,-0.1779351008091041,27.81456953642384,32.384375132561644,-52.0,0.7737625867287722
00-0036275,2023,229,1049.0,5,1.9140144739499827,50.0,2.0,0.0,16,-64.64227260114262,-0.28729898933841164,0.3688888888888889,17.903930131004365,2.7691225490196074,3.58252621544328,D'Andre Swift,RB,1999-01-14,2020,2.0,35.0,1,24.629705681040384,-0.8528618620129294,0.7273733556761609,3,5.43372200355424,0.008358141807641845,5.516174910386924,99.0,4.59511985013459,0.3836913588260729,0.055718938488756815,6.0606060606060606,-3.6021604364369417,130.0,-0.6709903481644846
00-0036328,2020,170,795.0,11,5.443802643188974,40.0,0.0,0.0,14,35.08458373705594,0.2088368079586663,0.39880952380952384,10.0,2.7446387096774183,3.7761635220125775,Antonio Gibson,RB,1998-06-23,2020,3.0,66.0,1,22.193018480492814,-3.2895490625605,10.821133034992664,0,5.135798437050262,0.032022368489346906,,,,,,,,,
00-0036328,2021,258,1037.0,7,-25.182261975299575,65.0,5.0,3.0,16,1.486324400204012,0.005760947287612449,0.3875968992248062,18.6046511627907,2.7133459915611815,4.005515911282547,Antonio Gibson,RB,1998-06-23,2020,3.0,66.0,1,23.19233401779603,-2.2902335252572854,5.245169600212413,1,5.552959584921617,-0.09760566657092859,5.443802643188974,170.0,5.135798437050262,0.2088368079586663,0.032022368489346906,10.0,-30.62606461848855,88.0,-0.20307586067105385
00-0036328,2022,149,546.0,3,-15.689292970686962,32.0,1.0,0.0,15,-28.370481267839978,-0.19299647120979577,0.3945578231292517,20.13422818791946,2.758892857142856,4.376117216117217,Antonio Gibson,RB,1998-06-23,2020,3.0,66.0,1,24.191649555099247,-1.2909179879540673,1.6664692516233774,2,5.003946305945459,-0.10529726825964404,-25.182261975299575,258.0,5.552959584921617,0.005760947287612449,-0.09760566657092859,18.6046511627907,9.492969004612613,-109.0,-0.19875741849740822
00-0036360,2020,181,803.0,4,-9.253437328397435,39.0,0.0,0.0,13,-110.60422296541037,-0.6284330850307408,0.3352272727272727,9.392265193370166,2.796552147239264,3.81423412204234,Clyde Edwards-Helaire,RB,1999-04-11,2020,1.0,32.0,1,21.39356605065024,-4.089001492403074,16.719933204874568,0,5.198497031265826,-0.05112396314031732,,,,,,,,,
00-0036360,2021,119,517.0,4,-8.796600045228843,21.0,2.0,2.0,10,-39.72508565131898,-0.33665326823151676,0.3983050847457627,8.403361344537815,2.829324324324324,3.7728433268858805,Clyde Edwards-Helaire,RB,1999-04-11,2020,1.0,32.0,1,22.392881587953458,-3.0896859550998563,9.546159301141312,1,4.77912349311153,-0.07392100878343565,-9.253437328397435,181.0,5.198497031265826,-0.6284330850307408,-0.05112396314031732,9.392265193370166,0.45683728316859273,-62.0,0.29177981679922405
00-0036370,2020,111,354.0,2,-30.135035028249302,20.0,2.0,2.0,13,-79.76702064857409,-0.7596859109388009,0.26666666666666666,20.72072072072072,2.662864583333333,4.622062146892655,Joshua Kelley,RB,1997-11-20,2020,4.0,112.0,1,22.781656399726216,-2.7009111433270974,7.294921004148488,0,4.709530201312334,-0.2714868020563,,,,,,,,,
00-0036370,2023,107,405.0,2,-26.154033202018944,21.0,1.0,1.0,17,-25.343141066790395,-0.24136324825514663,0.3047619047619048,8.411214953271028,2.6957628865979397,3.985876543209876,Joshua Kelley,RB,1997-11-20,2020,4.0,112.0,1,25.779603011635867,0.29703546858255336,0.08823006959605705,3,4.672828834461906,-0.24443021684129854,-30.135035028249302,111.0,4.709530201312334,-0.7596859109388009,-0.2714868020563,20.72072072072072,3.981001826230358,-4.0,0.5183226626836542
00-0036383,2022,77,313.0,2,-1.9256402818136849,14.0,0.0,0.0,12,,0.09198216852442154,,21.502689616064217,,,Eno Benjamin,RB,1999-04-13,2020,7.0,222.0,0,23.38672142368241,-2.095846119370904,4.3925709560820785,2,4.343805421853684,-0.025008315348229674,,,,,,,,,
00-0036414,2020,145,625.0,2,-32.477300183255416,26.0,1.0,1.0,11,-39.29041117966676,-0.2766930364765265,0.28169014084507044,37.93103448275862,2.7296106870229013,4.005248000000002,Cam Akers,RB,1999-06-22,2020,2.0,52.0,1,21.196440793976727,-4.286126749076587,18.37088250914983,0,4.976733742420574,-0.22398138057417527,,,,,,,,,
00-0036414,2022,188,786.0,7,-13.24717545931344,39.0,2.0,2.0,15,-14.050086184768361,-0.07513415072068642,0.3582887700534759,10.106382978723403,2.7574819277108427,3.9413867684478374,Cam Akers,RB,1999-06-22,2020,2.0,52.0,1,23.195071868583163,-2.2874956744701507,5.232636460719649,2,5.236441962829949,-0.07046369925166723,-32.477300183255416,145.0,4.976733742420574,-0.2766930364765265,-0.22398138057417527,37.93103448275862,19.230124723941977,43.0,0.20155888575584008
00-0036555,2021,172,612.0,5,-23.95744014318916,36.0,1.0,1.0,16,-100.72792055919876,-0.5995709557095165,0.35119047619047616,29.651162790697676,2.7478322147651006,4.4744607843137265,Chuba Hubbard,RB,1999-06-11,2021,4.0,126.0,1,22.2258726899384,-3.256694853114915,10.606061366305179,0,5.147494476813453,-0.13928744269296023,,,,,,,,,
00-0036555,2022,95,466.0,2,1.7931845982690935,23.0,0.0,0.0,12,34.83588320707196,0.3666935074428627,0.37894736842105264,13.684210526315791,2.534696629213483,3.1801931330472097,Chuba Hubbard,RB,1999-06-11,2021,4.0,126.0,1,23.225188227241617,-2.257379315811697,5.095761375454486,1,4.553876891600541,0.018875627350200985,-23.95744014318916,172.0,5.147494476813453,-0.5995709557095165,-0.13928744269296023,29.651162790697676,25.750624741458253,-77.0,0.9662644631523791
00-0036555,2023,238,902.0,5,-21.51596444684838,59.0,0.0,0.0,17,45.637302634366506,0.1933784009930784,0.4449152542372881,19.327731092436977,2.7180511627906982,3.797172949002217,Chuba Hubbard,RB,1999-06-11,2021,4.0,126.0,1,24.22450376454483,-1.2580637785084825,1.58272447079504,2,5.472270673671475,-0.09040321196154781,1.7931845982690935,95.0,4.553876891600541,0.3666935074428627,0.018875627350200985,13.684210526315791,-23.309149045117472,143.0,-0.17331510644978432
00-0036567,2021,207,963.0,5,-15.493685385186634,47.0,0.0,0.0,11,57.29007242151022,0.2794637679098059,0.3902439024390244,39.61352657004831,2.9067593582887703,3.7426168224299077,Elijah Mitchell,RB,1998-05-02,2021,6.0,194.0,1,23.3347022587269,-2.1478652843264143,4.613325279614589,0,5.332718793265369,-0.07484872166756829,,,,,,,,,
00-0036567,2023,75,281.0,2,-11.30356071589631,14.0,0.0,0.0,11,,0.2794637679098059,,39.61352657004831,,,Elijah Mitchell,RB,1998-05-02,2021,6.0,194.0,0,25.333333333333332,-0.1492342097199817,0.02227084935074748,2,4.31748811353631,-0.15071414287861748,-15.493685385186634,207.0,5.332718793265369,0.2794637679098059,-0.07484872166756829,39.61352657004831,4.190124669290324,-132.0,0.0
00-0036829,2022,76,366.0,1,3.9809974686359055,18.0,1.0,0.0,12,,0.09198216852442154,,21.502689616064217,,,Caleb Huntley,RB,1998-09-15,2021,,,0,23.96167008898015,-1.5208974540731646,2.313129065806234,1,4.330733340286331,0.052381545639946125,,,,,,,,,
00-0036875,2021,133,606.0,5,2.2325630819269877,33.0,1.0,0.0,12,67.58048500496523,0.5119733712497365,0.4393939393939394,41.35338345864661,2.6878547008547,3.58516501650165,Rhamondre Stevenson,RB,1998-02-23,2021,4.0,120.0,1,23.520876112251884,-1.9616914308014302,3.848233269679762,0,4.890349128221754,0.0167861885859172,,,,,,,,,
00-0036875,2022,210,1040.0,5,-9.571355603227143,49.0,2.0,1.0,17,117.85450238223768,0.5777181489325377,0.37254901960784315,16.19047619047619,2.728244791666666,3.282730769230769,Rhamondre Stevenson,RB,1998-02-23,2021,4.0,120.0,1,24.520191649555098,-0.9623758934982156,0.9261673603864888,1,5.3471075307174685,-0.04557788382489116,2.2325630819269877,133.0,4.890349128221754,0.5119733712497365,0.0167861885859172,41.35338345864661,-11.80391868515413,77.0,0.06574477768280118
00-0036875,2023,156,619.0,4,-12.854978864108363,36.0,1.0,1.0,12,-18.33862161281138,-0.11986027197915934,0.37254901960784315,16.666666666666664,2.5158750000000007,3.4691599353796434,Rhamondre Stevenson,RB,1998-02-23,2021,4.0,120.0,1,25.519507186858316,0.036939643805002476,0.0013645372844404578,2,5.049856007249537,-0.0824037106673613,-9.571355603227143,210.0,5.3471075307174685,0.5777181489325377,-0.04557788382489116,16.19047619047619,-3.2836232608812193,-54.0,-0.6975784209116971
00-0036893,2021,307,1200.0,7,-19.3829167587877,62.0,0.0,0.0,17,-80.73188382107924,-0.2682122386082367,0.33554817275747506,14.65798045602606,2.767067615658364,3.9688999999999988,Najee Harris,RB,1998-03-09,2021,1.0,24.0,1,23.482546201232033,-2.000021341821281,4.0000853677405965,0,5.726847747587197,-0.06313653667357558,,,,,,,,,
00-0036893,2022,272,1034.0,7,-28.651573496008865,45.0,2.0,1.0,17,-116.38178573560708,-0.42945308389522907,0.3800738007380074,25.36764705882353,2.7187359999999994,4.200096711798842,Najee Harris,RB,1998-03-09,2021,1.0,24.0,1,24.48186173853525,-1.0007058045180628,1.0014121071961433,1,5.605802066295998,-0.10533666726473848,-19.3829167587877,307.0,5.726847747587197,-0.2682122386082367,-0.06313653667357558,14.65798045602606,-9.268656737221164,-35.0,-0.1612408452869924
00-0036893,2023,255,1035.0,8,-24.945111917782064,51.0,2.0,1.0,17,79.26796033132428,0.31331209617124217,0.4189723320158103,20.784313725490197,2.784302222222223,3.840309178743961,Najee Harris,RB,1998-03-09,2021,1.0,24.0,1,25.481177275838466,-0.0013902672148482509,1.9328429286819126e-06,2,5.541263545158426,-0.09782396830502771,-28.651573496008865,272.0,5.605802066295998,-0.42945308389522907,-0.10533666726473848,25.36764705882353,3.7064615782268007,-17.0,0.7427651800664712
00-0036906,2021,103,433.0,2,-2.985199351911433,24.0,0.0,0.0,14,-14.082641613182489,-0.13806511385473028,0.38235294117647056,20.388349514563107,2.909958762886599,3.9333025404157045,Khalil Herbert,RB,1998-04-21,2021,6.0,217.0,1,23.364818617385353,-2.1177489256679607,4.484860512167802,0,4.634728988229636,-0.02898251797972265,,,,,,,,,
00-0036906,2022,129,731.0,4,1.1719680123734584,26.0,0.0,0.0,13,164.67138024506676,1.286495158164584,0.46875,24.031007751937985,2.844652892561983,3.2851025991792064,Khalil Herbert,RB,1998-04-21,2021,6.0,217.0,1,24.36413415468857,-1.1184333883647426,1.2508932442090392,1,4.859812404361672,0.009085023351732235,-2.985199351911433,103.0,4.634728988229636,-0.13806511385473028,-0.02898251797972265,20.388349514563107,4.157167364284891,26.0,1.4245602720193142
00-0036906,2023,132,611.0,2,-2.622446540255126,25.0,0.0,0.0,12,38.02466409347642,0.2947648379339257,0.4186046511627907,31.818181818181817,2.762788617886179,3.6099836333878876,Khalil Herbert,RB,1998-04-21,2021,6.0,217.0,1,25.363449691991786,-0.11911785106152806,0.014189062441516381,2,4.882801922586371,-0.019867019244357017,1.1719680123734584,129.0,4.859812404361672,1.286495158164584,0.009085023351732235,24.031007751937985,-3.7944145526285844,3.0,-0.9917303202306583
00-0036919,2023,84,364.0,2,-12.699117783726265,19.0,3.0,1.0,16,,0.09198216852442154,,21.502689616064217,,,Kenny Gainwell,RB,1999-03-14,2021,5.0,150.0,0,24.468172484599588,-1.0143950584537258,1.0289973346153378,2,4.430816798843313,-0.1511799736157889,,,,,,,,,
00-0036924,2021,147,639.0,4,-5.439141896524234,29.0,0.0,0.0,14,70.02543192097698,0.47636348245562576,0.4489795918367347,19.047619047619047,2.8722954545454558,4.0220813771518005,Michael Carter,RB,1999-05-07,2021,4.0,107.0,1,22.321697467488022,-3.160870075565292,9.991099634604135,0,4.990432586778736,-0.03700096528247778,,,,,,,,,
00-0036924,2022,114,402.0,3,-21.690917342174952,14.0,1.0,1.0,16,-64.35721503945967,-0.5850655912678152,0.3,14.912280701754385,2.822771428571428,4.734800995024877,Michael Carter,RB,1999-05-07,2021,4.0,107.0,1,23.32101300479124,-2.1615545382620738,4.672318021881367,1,4.736198448394496,-0.19027120475592063,-5.439141896524234,147.0,4.990432586778736,0.47636348245562576,-0.03700096528247778,19.047619047619047,-16.25177544565072,-33.0,-1.061429073723441
00-0036973,2022,220,1125.0,5,-9.746548405039434,52.0,3.0,3.0,17,233.6064310366247,1.0715891331955263,0.4724770642201835,25.0,2.7595968586387447,3.4868444444444444,Travis Etienne,RB,1999-01-26,2021,1.0,25.0,1,23.59753593429158,-1.8850316087617323,3.5533441660308442,1,5.393627546352362,-0.044302492750179244,,,,,,,,,
00-0036973,2023,267,1008.0,11,-34.79458885267169,53.0,0.0,0.0,17,-77.00071216400806,-0.2905687251472002,0.3660377358490566,22.846441947565545,2.8270086206896545,4.162361111111111,Travis Etienne,RB,1999-01-26,2021,1.0,25.0,1,24.5968514715948,-0.8857160714585142,0.7844929592399038,2,5.58724865840025,-0.13031681218229096,-9.746548405039434,220.0,5.393627546352362,1.0715891331955263,-0.044302492750179244,25.0,-25.048040447632253,47.0,-1.3621578583427265
00-0036997,2021,203,903.0,4,-17.26229516272562,52.0,2.0,1.0,17,11.333901819507105,0.05638757124132888,0.36318407960199006,20.689655172413794,2.9866318681318687,4.212170542635658,Javonte Williams,RB,2000-04-25,2021,2.0,35.0,1,21.352498288843258,-4.130069254210056,17.05747204457121,0,5.313205979041787,-0.08503593676219517,,,,,,,,,
00-0036997,2023,217,774.0,3,-37.90410386897829,41.0,0.0,0.0,16,-82.92387105142939,-0.3839068104232842,0.39351851851851855,16.589861751152075,2.935947368421053,4.47624031007752,Javonte Williams,RB,2000-04-25,2021,2.0,35.0,1,23.351129363449694,-2.13143817960362,4.543028713471994,2,5.37989735354046,-0.17467328971879395,-17.26229516272562,203.0,5.313205979041787,0.05638757124132888,-0.08503593676219517,20.689655172413794,-20.641808706252668,14.0,-0.44029438166461304
00-0037157,2022,85,300.0,1,-13.8350112856757,14.0,1.0,0.0,7,,0.09198216852442154,,21.502689616064217,,,Bam Knight,RB,2001-04-11,2022,,,0,21.39082819986311,-4.091739343190206,16.742330852610614,0,4.442651256490317,-0.16276483865500824,,,,,,,,,
00-0037197,2022,170,830.0,5,-3.838218867450715,37.0,3.0,2.0,17,74.96940350190846,0.4489185838437632,0.41317365269461076,18.235294117647058,2.750648484848485,3.457746987951806,Isiah Pacheco,RB,1999-03-02,2022,7.0,251.0,1,23.50171115674196,-1.9808563863113555,3.923792023190482,0,5.135798437050262,-0.022577758043827736,,,,,,,,,
00-0037197,2023,205,935.0,7,-3.767482465831563,53.0,1.0,1.0,14,90.51392449917364,0.4525696224958682,0.4,12.195121951219512,2.762369791666666,3.5736470588235294,Isiah Pacheco,RB,1999-03-02,2022,7.0,251.0,1,24.501026694045173,-0.981540849008141,0.9634224382716222,1,5.3230099791384085,-0.01837796324795884,-3.838218867450715,170.0,5.135798437050262,0.4489185838437632,-0.022577758043827736,18.235294117647058,0.07073640161915229,35.0,0.0036510386521049765
00-0037228,2022,77,379.0,1,8.390191187240063,20.0,1.0,0.0,16,,1.1077232765795288,,12.080536912751679,,,Jaylen Warren,RB,1998-11-01,2022,,,0,23.83299110198494,-1.6495764410683726,2.7211024349277984,0,4.343805421853684,0.10896352191220861,,,,,,,,,
00-0037228,2023,149,784.0,4,-4.028853708770196,36.0,3.0,1.0,17,161.7275983806112,1.1077232765795288,0.3972602739726027,12.080536912751679,2.8620751879699244,3.6289540816326533,Jaylen Warren,RB,1998-11-01,2022,,,1,24.83230663928816,-0.6502609037651546,0.4228392429654756,1,5.003946305945459,-0.027039286636041583,8.390191187240063,77.0,4.343805421853684,1.1077232765795288,0.10896352191220861,12.080536912751679,-12.41904489601026,72.0,0.0
00-0037248,2022,89,507.0,2,6.5008755439776,24.0,1.0,1.0,16,,0.4491424129986836,,10.126582278481013,,,James Cook,RB,1999-09-25,2022,2.0,63.0,0,22.934976043805612,-2.5475914992477016,6.490222447039152,0,4.48863636973214,0.07304354543795055,,,,,,,,,
00-0037248,2023,237,1122.0,2,-7.3022381060924015,53.0,3.0,1.0,17,105.09932464169196,0.4491424129986836,0.42735042735042733,10.126582278481013,2.6385209302325574,3.471907308377897,James Cook,RB,1999-09-25,2022,2.0,63.0,1,23.93429158110883,-1.5482759619444835,2.3971584543351154,1,5.4680601411351315,-0.030811131249335027,6.5008755439776,89.0,4.48863636973214,0.4491424129986836,0.07304354543795055,10.126582278481013,-13.803113650070001,148.0,0.0
00-0037256,2022,129,481.0,1,-17.010170644760365,27.0,1.0,1.0,16,-29.784097348087755,-0.23088447556657174,0.34108527131782945,18.6046511627907,2.770344537815127,3.9231185031185043,Rachaad White,RB,1999-01-12,2022,3.0,91.0,1,23.63586584531143,-1.846701697741885,3.410307160442761,0,4.859812404361672,-0.1318617879438788,,,,,,,,,
00-0037256,2023,272,990.0,6,-44.98654554305422,46.0,2.0,1.0,17,-109.83315788339291,-0.4129066085841839,0.3684210526315789,16.911764705882355,2.673349019607844,3.921323232323232,Rachaad White,RB,1999-01-12,2022,3.0,91.0,1,24.635181382614647,-0.847386160438667,0.7180633049029863,1,5.605802066295998,-0.1653917115553464,-17.010170644760365,129.0,4.859812404361672,-0.23088447556657174,-0.1318617879438788,18.6046511627907,-27.976374898293855,143.0,-0.18202213301761214
00-0037258,2022,220,939.0,4,-27.940390278073693,54.0,4.0,2.0,13,44.6835233015463,0.20310692409793774,0.37272727272727274,20.454545454545457,2.8791709844559596,3.810947816826411,Dameon Pierce,RB,2000-02-19,2022,4.0,107.0,1,22.532511978097194,-2.95005556495612,8.702827836328572,0,5.393627546352362,-0.12700177399124407,,,,,,,,,
00-0037258,2023,145,416.0,2,-40.757559880495464,14.0,0.0,0.0,13,-83.27041680379699,-0.5905703319418226,0.3262411347517731,26.20689655172414,3.001359999999999,5.183173076923074,Dameon Pierce,RB,2000-02-19,2022,4.0,107.0,1,23.531827515400412,-1.9507400276529019,3.8053866554872444,1,4.976733742420574,-0.28108661986548594,-27.940390278073693,220.0,5.393627546352362,0.20310692409793774,-0.12700177399124407,20.454545454545457,-12.817169602421771,-75.0,-0.7936772560397604
00-0037263,2022,210,1035.0,3,10.289579630698205,53.0,0.0,0.0,16,134.36555186454268,0.6522599605074887,0.44660194174757284,40.0,2.8730612244897964,3.801478260869566,Tyler Allgeier,RB,2000-04-15,2022,5.0,151.0,1,22.379192334017795,-3.1033752090355193,9.630937688056253,0,5.3471075307174685,0.048997998241420024,,,,,,,,,
00-0037263,2023,186,683.0,4,-21.90430986501589,39.0,0.0,0.0,17,-59.85507630703091,-0.3306910293206128,0.39226519337016574,30.64516129032258,2.9704444444444427,4.595680819912154,Tyler Allgeier,RB,2000-04-15,2022,5.0,151.0,1,23.378507871321013,-2.1040596717323012,4.4270671022102395,1,5.225746673713202,-0.1177651068011607,10.289579630698205,210.0,5.3471075307174685,0.6522599605074887,0.048997998241420024,40.0,-32.193889495714096,-24.0,-0.9829509898281015
00-0037267,2023,204,813.0,4,-36.39553655072814,33.0,0.0,0.0,17,-4.159507206474132,-0.020902046263689102,0.35175879396984927,18.627450980392158,3.162694117647059,4.6835793357933575,Jerome Ford,RB,1999-09-12,2022,5.0,156.0,1,23.969883641341546,-1.5126839017117675,2.288212586497936,1,5.318119993844216,-0.17840949289572616,,,,,,,,,
00-0037276,2023,102,461.0,3,0.6934660814883671,20.0,0.0,0.0,13,-13.576652280113137,-0.13713790181932461,0.41414141414141414,17.0,2.906308510638297,3.738722891566265,Ty Chandler,RB,1998-05-12,2022,5.0,169.0,1,25.305954825462013,-0.1766127175913006,0.031192052014984498,1,4.624972813284271,0.0067986870734153635,,,,,,,,,
00-0037746,2022,205,797.0,2,-6.235397119598929,49.0,2.0,0.0,12,12.641882767747347,0.061667720818279745,0.4146341463414634,33.170731707317074,2.8580466321243514,4.112584692597238,Brian Robinson,RB,1999-03-22,2022,3.0,98.0,1,23.446954140999317,-2.035613402053997,4.143721922621848,0,5.3230099791384085,-0.030416571315116728,,,,,,,,,
00-0037746,2023,178,733.0,5,-22.189546599983622,47.0,3.0,2.0,15,38.019418083173946,0.2160194209271247,0.4090909090909091,14.04494382022472,2.7781785714285725,3.689972714870395,Brian Robinson,RB,1999-03-22,2022,3.0,98.0,1,24.44626967830253,-1.0362978647507823,1.0739132644870308,1,5.181783550292085,-0.12466037415721136,-6.235397119598929,205.0,5.3230099791384085,0.061667720818279745,-0.030416571315116728,33.170731707317074,-15.954149480384693,-27.0,0.15435170010884497
00-0037840,2023,228,1144.0,12,22.43659965706825,62.0,2.0,1.0,12,145.6671126020857,0.6502996098307398,0.42410714285714285,4.824561403508771,2.6345117370892037,3.2243444055944064,Kyren Williams,RB,2000-08-26,2022,5.0,164.0,1,23.014373716632445,-2.468193826420869,6.0919807647820905,1,5.429345628954441,0.09840613884679057,,,,,,,,,
00-0038040,2023,104,451.0,1,-17.689954509143718,19.0,1.0,1.0,13,33.51619947620412,0.32539999491460314,0.46601941747572817,15.384615384615385,2.854360824742268,3.703725055432374,Zamir White,RB,1999-09-18,2022,4.0,122.0,1,23.953456536618756,-1.529111006434558,2.3381804699993074,1,4.6443908991413725,-0.1700957164340742,,,,,,,,,
00-0038120,2022,80,463.0,4,13.889109682873823,20.0,0.0,0.0,7,,0.6719800630039181,,19.282511210762333,,,Breece Hall,RB,2001-05-31,2022,2.0,36.0,0,21.253935660506503,-4.228631882546811,17.881327598091385,0,4.382026634673881,0.1736138710359228,,,,,,,,,
00-0038120,2023,223,994.0,5,-21.759780243049267,40.0,2.0,0.0,17,146.49165373485414,0.6719800630039181,0.3394495412844037,19.282511210762333,2.962166666666668,4.017012072434608,Breece Hall,RB,2001-05-31,2022,2.0,36.0,1,22.253251197809718,-3.2293163452435962,10.428484057657458,1,5.407171771460119,-0.09757748987914469,13.889109682873823,80.0,4.382026634673881,0.6719800630039181,0.1736138710359228,19.282511210762333,-35.648889925923086,143.0,0.0
00-0038134,2022,228,1050.0,9,-14.810521597673741,51.0,0.0,0.0,15,103.29877406492642,0.46115524136127867,0.3482142857142857,21.49122807017544,3.0196820512820515,4.198238095238097,Kenneth Walker III,RB,2000-10-20,2022,2.0,41.0,1,21.864476386036962,-3.6180911570163516,13.090583620479922,0,5.429345628954441,-0.06495842805997255,,,,,,,,,
00-0038134,2023,219,905.0,8,-9.327501742838649,46.0,1.0,0.0,15,-27.111833461021888,-0.12910396886200898,0.319047619047619,19.63470319634703,3.093364102564103,4.542696132596685,Kenneth Walker III,RB,2000-10-20,2022,2.0,41.0,1,22.863791923340177,-2.618775619713137,6.8579857464039256,1,5.389071729816501,-0.04259133215908059,-14.810521597673741,228.0,5.429345628954441,0.46115524136127867,-0.06495842805997255,21.49122807017544,5.483019854835092,-9.0,-0.5902592102232876
00-0038542,2023,214,976.0,4,-26.706271382120423,50.0,4.0,3.0,17,81.84955463054393,0.39162466330403795,0.3827751196172249,20.5607476635514,2.9893730569948165,4.3663831967213085,Bijan Robinson,RB,2002-01-30,2023,1.0,8.0,1,21.585215605749486,-3.897351937303828,15.1893521232059,0,5.365976015021851,-0.12479566066411413,,,,,,,,,
00-0038794,2023,76,410.0,1,5.87916513410164,16.0,0.0,0.0,17,,0.09198216852442154,,21.502689616064217,,,Jaleel McLaughlin,RB,2000-09-13,2023,,,0,22.965092402464066,-2.517475140589248,6.337681083484854,0,4.330733340286331,0.07735743597502158,,,,,,,,,
00-0039021,2023,81,352.0,2,-6.616163542861621,16.0,1.0,0.0,15,,0.09198216852442154,,21.502689616064217,,,Roschon Johnson,RB,2001-01-31,2023,4.0,115.0,0,22.581793292265573,-2.900774250787741,8.41449125403318,0,4.394449154672439,-0.08168103139335334,,,,,,,,,
00-0039032,2023,100,453.0,2,-0.7362318725697152,24.0,0.0,0.0,17,-14.248404484085313,-0.14689076787716818,0.32989690721649484,12.0,2.7257272727272723,3.6344150110375284,Tyjae Spears,RB,2001-06-15,2023,3.0,81.0,1,22.21218343600274,-3.2703841070505746,10.695412207648983,0,4.605170185988092,-0.007362318725697152,,,,,,,,,
00-0039040,2023,103,800.0,8,33.23397523668477,30.0,1.0,1.0,11,278.63777037956237,2.8725543338099215,0.4742268041237113,11.650485436893204,2.9290107526881717,3.035487500000001,De'Von Achane,RB,2001-10-13,2023,3.0,84.0,1,21.883641341546884,-3.59892620150643,12.9522698038895,0,4.634728988229636,0.3226599537542211,,,,,,,,,
00-0039139,2023,182,945.0,10,-5.18102973025623,42.0,2.0,1.0,15,71.94685944381808,0.3974964610155695,0.3370165745856354,15.934065934065933,2.8919575757575755,3.748931216931216,Jahmyr Gibbs,RB,2002-03-20,2023,1.0,12.0,1,21.451060917180012,-4.031506625873302,16.253045674460335,0,5.204006687076795,-0.028467196320089178,,,,,,,,,
00-0039165,2023,108,462.0,1,-7.121667024652782,32.0,0.0,0.0,16,18.726672165047148,0.17666671853818064,0.4056603773584906,13.88888888888889,2.8933854166666664,3.733658008658009,Zach Charbonnet,RB,2001-01-08,2023,2.0,52.0,1,22.64476386036961,-2.8378036826837025,8.053129741453183,0,4.68213122712422,-0.06594136133937761,,,,,,,,,
