gsis_id,season,games,att,cmp,yds,td,int,epa,passing_air_yards,passing_yards_after_catch,passing_first_downs,pacr,dakota,sacks,sack_yards,passing_2pt_conversions,display_name,first_name,last_name,position,birth_date,rookie_season,draft_year,draft_round,draft_pick,college_name,age,age_c,age_c2,experience,log_att,att_per_game,sack_rate,epa_per_att,epa_per_game,cmp_pct,td_rate,int_rate,ypa,epa_lag1,att_lag1,log_att_lag1,epa_per_att_lag1,dakota_lag1,delta_epa,delta_att,games_played,att_mean,att_std,epa_mean,epa_std,epa_per_att_mean,epa_per_att_std,ypa_mean,ypa_std,cmp_pct_mean,td_rate_mean,int_rate_mean,epa_min,epa_max,att_cv,epa_cv,epa_per_att_cv,games_positive_epa,pct_games_positive_epa
00-0000104,1999,14,430,258,2920.0,17,11.0,36.24471431536284,0.0,0.0,124.0,0.0,1.3262124201954089,19.0,130.0,0,Troy Aikman,Troy,Aikman,QB,1966-11-21,1989,1989.0,1.0,1.0,UCLA; Oklahoma,32.77754962354552,4.4346518458825805,19.666136994189777,10,6.063785208687608,30.714285714285715,0.042316258351893093,0.08429003329154149,2.58890816538306,0.6,0.03953488372093023,0.02558139534883721,6.790697674418604,,,,,,,,,,,,,,,,,,,,,,,,,,
00-0000104,2000,11,259,153,1616.0,7,14.0,-29.087923999476292,0.0,0.0,81.0,0.0,0.995403479607902,13.0,91.0,1,Troy Aikman,Troy,Aikman,QB,1966-11-21,1989,1989.0,1.0,1.0,UCLA; Oklahoma,33.779603011635864,5.436705233972926,29.55776380110861,11,5.556828061699537,23.545454545454547,0.04779411764705882,-0.11230858687056483,-2.6443567272251176,0.5907335907335908,0.02702702702702703,0.05405405405405406,6.239382239382239,36.24471431536284,430.0,6.063785208687608,0.08429003329154149,1.3262124201954089,-65.33263831483913,-171.0,,,,,,,,,,,,,,,,,,,
00-0000722,1999,11,318,167,2093.0,16,8.0,-31.08967111542982,0.0,0.0,92.0,0.0,0.8947917091709428,33.0,190.0,0,Tony Banks,Anthony,Banks,QB,1973-04-05,1996,1996.0,2.0,42.0,Michigan State; San Diego Mesa College,26.406570841889117,-1.9363269357738204,3.749362002203233,3,5.762051382780177,28.90909090909091,0.09401709401709402,-0.09776626136927616,-2.826333737766347,0.5251572327044025,0.050314465408805034,0.025157232704402517,6.581761006289308,,,,,,,,,,,,,,,,,,,,,,,,,,
00-0000722,2000,11,272,148,1538.0,8,8.0,-16.324340479082657,0.0,0.0,82.0,0.0,0.500069629173435,20.0,152.0,1,Tony Banks,Anthony,Banks,QB,1973-04-05,1996,1996.0,2.0,42.0,Michigan State; San Diego Mesa College,27.408624229979466,-0.9342735476834712,0.8728670619010592,4,5.605802066295998,24.727272727272727,0.0684931506849315,-0.06001595764368624,-1.484030952643878,0.5441176470588235,0.029411764705882353,0.029411764705882353,5.654411764705882,-31.08967111542982,318.0,5.762051382780177,-0.09776626136927616,0.8947917091709428,14.765330636347162,-46.0,,,,,,,,,,,,,,,,,,,
00-0000722,2001,15,370,198,2386.0,10,10.0,-38.900601849324715,0.0,0.0,106.0,0.0,0.9905319946845006,29.0,173.0,1,Tony Banks,Anthony,Banks,QB,1973-04-05,1996,1996.0,2.0,42.0,Michigan State; San Diego Mesa College,28.407939767282684,0.06504198961974694,0.004230460413695269,5,5.91350300563827,24.666666666666668,0.07268170426065163,-0.10513676175493167,-2.5933734566216478,0.5351351351351351,0.02702702702702703,0.02702702702702703,6.448648648648649,-16.324340479082657,272.0,5.605802066295998,-0.06001595764368624,0.500069629173435,-22.576261370242058,98.0,,,,,,,,,,,,,,,,,,,
00-0000722,2003,6,102,61,693.0,5,3.0,3.534907384964481,0.0,0.0,34.0,0.0,0.7047563692721135,13.0,57.0,0,Tony Banks,Anthony,Banks,QB,1973-04-05,1996,1996.0,2.0,42.0,Michigan State; San Diego Mesa College,30.406570841889117,2.0636730642261796,4.258746516012669,7,4.624972813284271,17.0,0.11304347826086956,0.034655954754553735,0.5891512308274135,0.5980392156862745,0.049019607843137254,0.029411764705882353,6.794117647058823,-38.900601849324715,370.0,5.91350300563827,-0.10513676175493167,0.9905319946845006,42.4355092342892,-268.0,,,,,,,,,,,,,,,,,,,
00-0000865,1999,11,267,149,1908.0,13,7.0,-18.413684872160072,0.0,0.0,88.0,0.0,0.7190606602435541,36.0,186.0,1,Charlie Batch,Charles,Batch,QB,1974-12-05,1998,1998.0,2.0,60.0,Eastern Michigan,24.739219712525667,-3.60367806513727,12.9864955971515,1,5.58724865840025,24.272727272727273,0.1188118811881188,-0.06896511188074933,-1.673971352014552,0.5580524344569289,0.04868913857677903,0.026217228464419477,7.146067415730337,,,,,,,,,,,,,,,,,,,,,,,,,,
00-0000865,2000,15,407,219,2469.0,13,14.0,-68.76724729121423,0.0,0.0,116.0,0.0,0.7277953604515643,38.0,226.0,0,Charlie Batch,Charles,Batch,QB,1974-12-05,1998,1998.0,2.0,60.0,Eastern Michigan,25.741273100616016,-2.601624677046921,6.7684509602194955,2,6.008813185442595,27.133333333333333,0.0853932584269663,-0.16896129555580894,-4.584483152747615,0.538083538083538,0.03194103194103194,0.0343980343980344,6.066339066339066,-18.413684872160072,267.0,5.58724865840025,-0.06896511188074933,0.7190606602435541,-50.35356241905416,140.0,,,,,,,,,,,,,,,,,,,
00-0000865,2001,10,341,198,2392.0,12,12.0,-16.08404992513503,0.0,0.0,107.0,0.0,0.7653927175210623,33.0,176.0,1,Charlie Batch,Charles,Batch,QB,1974-12-05,1998,1998.0,2.0,60.0,Eastern Michigan,26.740588637919235,-1.6023091397437028,2.567394579306205,3,5.831882477283517,34.1,0.08823529411764706,-0.047167301833240555,-1.608404992513503,0.5806451612903226,0.03519061583577713,0.03519061583577713,7.0146627565982405,-68.76724729121423,407.0,6.008813185442595,-0.16896129555580894,0.7277953604515643,52.6831973660792,-66.0,,,,,,,,,,,,,,,,,,,
00-0001218,1999,16,565,340,4413.0,36,14.0,85.10157745928421,0.0,0.0,206.0,0.0,1.9764118714752077,49.0,274.0,0,Steve Beuerlein,Stephen,Beuerlein,QB,1965-03-07,1988,1987.0,4.0,110.0,Notre Dame,34.48596851471595,6.143070737053012,37.73731808043704,11,6.336825731146441,35.3125,0.07980456026058631,0.15062226098988357,5.318848591205263,0.6017699115044248,0.06371681415929203,0.024778761061946902,7.810619469026548,,,,,,,,,,,,,,,,,,,,,,,,,,
00-0001218,2000,16,524,318,3691.0,19,18.0,5.2395491191044465,0.0,0.0,194.0,0.0,1.3079860390303812,60.0,326.0,0,Steve Beuerlein,Stephen,Beuerlein,QB,1965-03-07,1988,1987.0,4.0,110.0,Notre Dame,35.488021902806295,7.145124125143358,51.05279876370564,12,6.261491684321042,32.75,0.10273972602739725,0.009999139540275662,0.3274718199440279,0.6068702290076335,0.03625954198473282,0.03435114503816794,7.043893129770993,85.10157745928421,565.0,6.336825731146441,0.15062226098988357,1.9764118714752077,-79.86202834017976,-41.0,,,,,,,,,,,,,,,,,,,
00-0001218,2002,5,117,68,925.0,6,5.0,4.459464418372546,0.0,0.0,43.0,0.0,0.2727574898647473,12.0,78.0,0,Steve Beuerlein,Stephen,Beuerlein,QB,1965-03-07,1988,1987.0,4.0,110.0,Notre Dame,37.48665297741273,9.143755199749794,83.60825915295139,14,4.762173934797756,23.4,0.09302325581395349,0.03811508049891065,0.8918928836745093,0.5811965811965812,0.05128205128205128,0.042735042735042736,7.905982905982906,5.2395491191044465,524.0,6.261491684321042,0.009999139540275662,1.3079860390303812,-0.7800847007319005,-407.0,,,,,,,,,,,,,,,,,,,
00-0001335,1999,14,383,211,2630.0,15,12.0,-18.441965465740317,0.0,0.0,123.0,0.0,1.5960134349103088,30.0,168.0,2,Jeff Blake,Jeffery,Blake,QB,1970-12-04,1992,1992.0,6.0,166.0,East Carolina,28.7419575633128,0.399059785649861,0.159248712522913,7,5.948034989180646,27.357142857142858,0.07263922518159806,-0.04815134586355174,-1.3172832475528797,0.5509138381201044,0.0391644908616188,0.031331592689295036,6.866840731070496,,,,,,,,,,,,,,,,,,,,,,,,,,
00-0001335,2000,11,296,180,2004.0,13,8.0,13.06733767429901,0.0,0.0,100.0,0.0,1.033350134336773,24.0,150.0,0,Jeff Blake,Jeffery,Blake,QB,1970-12-04,1992,1992.0,6.0,166.0,East Carolina,29.744010951403148,1.4011131737402103,1.9631181256283647,8,5.69035945432406,26.90909090909091,0.075,0.044146411061820975,1.1879397885726373,0.6081081081081081,0.04391891891891892,0.02702702702702703,6.77027027027027,-18.441965465740317,383.0,5.948034989180646,-0.04815134586355174,1.5960134349103088,31.50930314003933,-87.0,,,,,,,,,,,,,,,,,,,
00-0001335,2002,10,295,165,2084.0,13,11.0,-9.411252864290573,0.0,0.0,96.0,0.0,0.701439086131793,30.0,203.0,1,Jeff Blake,Jeffery,Blake,QB,1970-12-04,1992,1992.0,6.0,166.0,East Carolina,31.742642026009584,3.3997442483466465,11.558260954166105,10,5.68697535633982,29.5,0.09230769230769231,-0.031902552082340926,-0.9411252864290572,0.559322033898305,0.04406779661016949,0.03728813559322034,7.064406779661017,-0.4833737062290311,1.0,0.0,-0.4833737062290311,0.0,-8.927879158061542,294.0,,,,,,,,,,,,,,,,,,,
00-0001335,2003,13,368,208,2252.0,13,15.0,-74.02492890316967,0.0,0.0,96.0,0.0,0.7005193059985586,19.0,132.0,0,Jeff Blake,Jeffery,Blake,QB,1970-12-04,1992,1992.0,6.0,166.0,East Carolina,32.7419575633128,4.3990597856498646,19.351726997721833,11,5.908082938168931,28.307692307692307,0.04909560723514212,-0.20115469810643932,-5.69422530024382,0.5652173913043478,0.035326086956521736,0.04076086956521739,6.119565217391305,-9.411252864290573,295.0,5.68697535633982,-0.031902552082340926,0.701439086131793,-64.61367603887909,73.0,,,,,,,,,,,,,,,,,,,
00-0001361,1999,16,533,303,3969.0,19,21.0,-26.075212661221386,0.0,0.0,183.0,0.0,1.2627904737066205,55.0,342.0,0,Drew Bledsoe,Drew,Bledsoe,QB,1972-02-14,1993,1993.0,1.0,1.0,Washington State,27.54551676933607,-0.797381008326866,0.6358164724403695,6,6.278521424165844,33.3125,0.0935374149659864,-0.04892159973962736,-1.6297007913263366,0.5684803001876173,0.03564727954971857,0.039399624765478425,7.446529080675422,,,,,,,,,,,,,,,,,,,,,,,,,,
00-0001361,2000,16,527,309,3247.0,17,13.0,-10.457809913043382,0.0,0.0,162.0,0.0,1.185032751398211,45.0,264.0,0,Drew Bledsoe,Drew,Bledsoe,QB,1972-02-14,1993,1993.0,1.0,1.0,Washington State,28.54757015742642,0.2046723797634833,0.041890783038047524,7,6.267200548541362,32.9375,0.07867132867132867,-0.01984404158072748,-0.6536131195652114,0.5863377609108159,0.03225806451612903,0.024667931688804556,6.161290322580645,-26.075212661221386,533.0,6.278521424165844,-0.04892159973962736,1.2627904737066205,15.617402748178003,-6.0,,,,,,,,,,,,,,,,,,,
00-0001361,2002,16,610,375,4359.0,24,15.0,58.708365346245095,0.0,0.0,218.0,0.0,1.612970361410607,54.0,369.0,0,Drew Bledsoe,Drew,Bledsoe,QB,1972-02-14,1993,1993.0,1.0,1.0,Washington State,30.546201232032853,2.203303454369916,4.854546112038404,9,6.413458957167357,38.125,0.08132530120481928,0.09624322187909032,3.6692728341403185,0.6147540983606558,0.03934426229508197,0.02459016393442623,7.145901639344262,-3.839359945792239,66.0,4.189654742026425,-0.058172120390791504,0.1233435183831316,62.547725292037335,544.0,,,,,,,,,,,,,,,,,,,
00-0001361,2003,16,471,274,2860.0,11,12.0,-64.0501087589494,0.0,0.0,142.0,0.0,1.4108008718098464,49.0,371.0,0,Drew Bledsoe,Drew,Bledsoe,QB,1972-02-14,1993,1993.0,1.0,1.0,Washington State,31.54551676933607,3.202618991673134,10.256768405825442,10,6.154858094016418,29.4375,0.09423076923076923,-0.1359874920572174,-4.003131797434338,0.5817409766454352,0.02335456475583864,0.025477707006369428,6.072186836518047,58.708365346245095,610.0,6.413458957167357,0.09624322187909032,1.612970361410607,-122.7584741051945,-139.0,,,,,,,,,,,,,,,,,,,
00-0001361,2004,16,449,256,2932.0,20,16.0,-16.288707602647168,0.0,0.0,144.0,0.0,1.364555928837729,38.0,230.0,0,Drew Bledsoe,Drew,Bledsoe,QB,1972-02-14,1993,1993.0,1.0,1.0,Washington State,32.54757015742642,4.204672379763483,17.679269821145915,11,6.1070228877422545,28.0625,0.07802874743326489,-0.03627774521747699,-1.018044225165448,0.5701559020044543,0.044543429844097995,0.035634743875278395,6.5300668151447665,-64.0501087589494,471.0,6.154858094016418,-0.1359874920572174,1.4108008718098464,47.76140115630224,-22.0,,,,,,,,,,,,,,,,,,,
00-0001361,2005,16,499,300,3639.0,23,17.0,49.63625503462231,0.0,0.0,177.0,0.0,1.7343174670338055,49.0,295.0,1,Drew Bledsoe,Drew,Bledsoe,QB,1972-02-14,1993,1993.0,1.0,1.0,Washington State,33.54688569472964,5.203987917066701,27.081490240976226,12,6.212606095751519,31.1875,0.08941605839416059,0.09947145297519501,3.1022659396638943,0.6012024048096193,0.04609218436873747,0.03406813627254509,7.292585170340681,-16.288707602647168,449.0,6.1070228877422545,-0.03627774521747699,1.364555928837729,65.92496263726947,50.0,,,,,,,,,,,,,,,,,,,
00-0001361,2006,6,169,90,1164.0,7,8.0,-9.1035155299807,1242.0,444.0,54.0,6.063685200060537,0.466299429190966,16.0,107.0,0,Drew Bledsoe,Drew,Bledsoe,QB,1972-02-14,1993,1993.0,1.0,1.0,Washington State,34.54620123203286,6.2033034543699195,38.480973746997776,13,5.1298987149230735,28.166666666666668,0.08648648648648649,-0.05386695579870236,-1.5172525883301164,0.5325443786982249,0.04142011834319527,0.047337278106508875,6.887573964497041,49.63625503462231,499.0,6.212606095751519,0.09947145297519501,1.7343174670338055,-58.739770564603006,-330.0,,,,,,,,,,,,,,,,,,,
00-0001545,2005,5,122,68,722.0,2,7.0,-38.44905443994318,0.0,0.0,37.0,0.0,0.1738359686485732,8.0,59.0,0,Todd Bouman,Todd,Bouman,QB,1972-08-01,1997,,,,St. Cloud State University; South Dakota State,33.08418891170431,4.741291134041372,22.47984161773932,8,4.804021044733257,24.4,0.06153846153846154,-0.3151561839339605,-7.689810887988637,0.5573770491803278,0.01639344262295082,0.05737704918032787,5.918032786885246,2.85815492447,13.0,2.5649493574615367,0.21985807111307692,0.2335403763644864,-41.30720936441318,109.0,,,,,,,,,,,,,,,,,,,
00-0001823,2000,8,192,111,1494.0,9,6.0,23.158611754527804,0.0,0.0,65.0,0.0,0.486985216229457,15.0,94.0,0,Aaron Brooks,Aaron,Brooks,QB,1976-03-24,1999,1999.0,4.0,131.0,Virginia,24.44079397672827,-3.9021038009346682,15.226414073268785,1,5.2574953720277815,24.0,0.07246376811594203,0.12061776955483232,2.8948264693159755,0.578125,0.046875,0.03125,7.78125,,,,,,,,,,,,,,,,,,,,,,,,,,
00-0001823,2001,16,558,312,3832.0,26,22.0,10.579958752206243,0.0,0.0,183.0,0.0,1.314273653644216,50.0,330.0,1,Aaron Brooks,Aaron,Brooks,QB,1976-03-24,1999,1999.0,4.0,131.0,Virginia,25.440109514031484,-2.9027882636314537,8.42617970347651,2,6.324358962381311,34.875,0.08223684210526316,0.01896049955592517,0.6612474220128902,0.5591397849462365,0.04659498207885305,0.03942652329749104,6.867383512544803,23.158611754527804,192.0,5.2574953720277815,0.12061776955483232,0.486985216229457,-12.57865300232156,366.0,,,,,,,,,,,,,,,,,,,
00-0001823,2002,16,528,283,3572.0,27,15.0,9.161768723900014,0.0,0.0,165.0,0.0,1.4007785957007417,36.0,236.0,2,Aaron Brooks,Aaron,Brooks,QB,1976-03-24,1999,1999.0,4.0,131.0,Virginia,26.439425051334702,-1.9034727263282356,3.623208419875446,3,6.269096283706261,33.0,0.06382978723404255,0.017351834704356087,0.5726105452437509,0.5359848484848485,0.05113636363636364,0.028409090909090908,6.765151515151516,10.579958752206243,558.0,6.324358962381311,0.01896049955592517,1.314273653644216,-1.4181900283062294,-30.0,,,,,,,,,,,,,,,,,,,
00-0001823,2003,16,518,306,3546.0,24,8.0,18.98992791756732,0.0,0.0,172.0,0.0,1.5444369602326165,36.0,203.0,0,Aaron Brooks,Aaron,Brooks,QB,1976-03-24,1999,1999.0,4.0,131.0,Virginia,27.43874058863792,-0.9041571890250175,0.8175002224656213,4,6.249975242259483,32.375,0.06498194945848375,0.03666009250495622,1.1868704948479576,0.5907335907335908,0.04633204633204633,0.015444015444015444,6.845559845559846,9.161768723900014,528.0,6.269096283706261,0.017351834704356087,1.4007785957007417,9.828159193667307,-10.0,,,,,,,,,,,,,,,,,,,
00-0001823,2004,16,542,309,3810.0,21,16.0,19.85282508408226,0.0,0.0,177.0,0.0,1.2818837818554762,42.0,226.0,1,Aaron Brooks,Aaron,Brooks,QB,1976-03-24,1999,1999.0,4.0,131.0,Virginia,28.44079397672827,0.09789619906533176,0.009583665791439062,5,6.295266001439646,33.875,0.07191780821917808,0.036628828568417454,1.2408015677551412,0.5701107011070111,0.03874538745387454,0.02952029520295203,7.029520295202952,18.98992791756732,518.0,6.249975242259483,0.03666009250495622,1.5444369602326165,0.8628971665149372,24.0,,,,,,,,,,,,,,,,,,,
00-0001823,2005,13,431,240,2882.0,13,17.0,-0.0053328950356412,0.0,0.0,145.0,0.0,1.1803292537090375,33.0,202.0,0,Aaron Brooks,Aaron,Brooks,QB,1976-03-24,1999,1999.0,4.0,131.0,Virginia,29.440109514031484,1.0972117363685463,1.2038735944248804,6,6.066108090103747,33.15384615384615,0.07112068965517242,-1.237330634719536e-05,-0.00041022269504932307,0.5568445475638051,0.030162412993039442,0.03944315545243619,6.68677494199536,19.85282508408226,542.0,6.295266001439646,0.036628828568417454,1.2818837818554762,-19.858157979117898,-111.0,,,,,,,,,,,,,,,,,,,
00-0001823,2006,8,192,110,1105.0,3,8.0,-39.76404230168819,1460.0,423.0,60.0,5.212783608890014,0.1895314364154255,26.0,174.0,0,Aaron Brooks,Aaron,Brooks,QB,1976-03-24,1999,1999.0,4.0,131.0,Virginia,30.439425051334702,2.0965272736717644,4.3954266092495615,7,5.2574953720277815,24.0,0.11926605504587157,-0.20710438698795933,-4.970505287711024,0.5729166666666666,0.015625,0.041666666666666664,5.755208333333333,-0.0053328950356412,431.0,6.066108090103747,-1.237330634719536e-05,1.1803292537090375,-39.75870940665255,-239.0,,,,,,,,,,,,,,,,,,,
00-0001907,1999,8,168,84,944.0,2,5.0,-40.54862880320293,0.0,0.0,39.0,0.0,0.2959312532990784,18.0,130.0,0,Dave Brown,David,Brown,QB,1970-02-25,1992,1992.0,1.0,1.0,Duke,29.51403148528405,1.171133707621113,1.3715541611263746,7,5.123963979403259,21.0,0.0967741935483871,-0.24136088573335077,-5.068578600400366,0.5,0.011904761904761904,0.02976190476190476,5.619047619047619,,,,,,,,,,,,,,,,,,,,,,,,,,
00-0002110,1999,15,438,259,3060.0,14,8.0,59.16489407551428,0.0,0.0,154.0,0.0,1.7349900804824476,29.0,174.0,2,Mark Brunell,Mark,Brunell,QB,1970-09-17,1993,1993.0,5.0,118.0,Washington,28.955509924709105,0.6126121470461676,0.3752936427085153,6,6.082218910376446,29.2,0.06209850107066381,0.13507966683907371,3.944326271700952,0.591324200913242,0.0319634703196347,0.0182648401826484,6.986301369863014,,,,,,,,,,,,,,,,,,,,,,,,,,
00-0002110,2000,16,512,311,3640.0,20,14.0,36.60069922226407,0.0,0.0,177.0,0.0,1.5956799300382478,53.0,284.0,1,Mark Brunell,Mark,Brunell,QB,1970-09-17,1993,1993.0,5.0,118.0,Washington,29.95756331279945,1.6146655351365133,2.607144790357683,7,6.238324625039508,32.0,0.09380530973451327,0.07148574066848451,2.2875437013915043,0.607421875,0.0390625,0.02734375,7.109375,59.16489407551428,438.0,6.082218910376446,0.13507966683907371,1.7349900804824476,-22.564194853250214,74.0,,,,,,,,,,,,,,,,,,,
00-0002110,2001,15,473,289,3309.0,10,13.0,-126.47616756134153,0.0,0.0,164.0,0.0,0.9942936712101472,57.0,387.0,1,Mark Brunell,Mark,Brunell,QB,1970-09-17,1993,1993.0,5.0,118.0,Washington,30.95687885010267,2.6139810724397314,6.8328970470731685,8,6.159095388491933,31.533333333333335,0.10754716981132076,-0.26739147475970726,-8.431744504089435,0.6109936575052854,0.021141649048625793,0.02748414376321353,6.995771670190275,36.60069922226407,512.0,6.238324625039508,0.07148574066848451,1.5956799300382478,-163.0768667836056,-39.0,,,,,,,,,,,,,,,,,,,
00-0002110,2002,15,415,245,2788.0,10,7.0,-87.1821295789815,0.0,0.0,140.0,0.0,1.067951450038707,34.0,210.0,2,Mark Brunell,Mark,Brunell,QB,1970-09-17,1993,1993.0,5.0,118.0,Washington,31.956194387405887,3.6132966097429495,13.055912389979893,9,6.028278520230698,27.666666666666668,0.0757238307349666,-0.21007742067224458,-5.812141971932101,0.5903614457831325,0.024096385542168676,0.016867469879518072,6.718072289156627,-126.47616756134153,473.0,6.159095388491933,-0.26739147475970726,0.9942936712101472,39.294037982360024,-58.0,,,,,,,,,,,,,,,,,,,
00-0002110,2004,9,237,118,1194.0,7,6.0,-59.63759161295782,0.0,0.0,66.0,0.0,0.3766464366230314,15.0,105.0,1,Mark Brunell,Mark,Brunell,QB,1970-09-17,1993,1993.0,5.0,118.0,Washington,33.95756331279945,5.614665535136513,31.52446907144979,11,5.4680601411351315,26.333333333333332,0.05952380952380952,-0.25163540764961106,-6.626399068106425,0.4978902953586498,0.029535864978902954,0.02531645569620253,5.037974683544304,-7.401733539201674,82.0,4.406719247264253,-0.09026504316099603,0.2245911348940734,-52.23585807375615,155.0,,,,,,,,,,,,,,,,,,,
00-0002110,2005,16,454,262,3050.0,23,10.0,32.77126450428943,0.0,0.0,154.0,0.0,1.6920790141858937,27.0,213.0,1,Mark Brunell,Mark,Brunell,QB,1970-09-17,1993,1993.0,5.0,118.0,Washington,34.95687885010267,6.613981072439731,43.74474562659102,12,6.118097198041348,28.375,0.056133056133056136,0.07218340199182693,2.048204031518089,0.5770925110132159,0.05066079295154185,0.022026431718061675,6.71806167400881,-59.63759161295782,237.0,5.4680601411351315,-0.25163540764961106,0.3766464366230314,92.40885611724724,217.0,,,,,,,,,,,,,,,,,,,
00-0002110,2006,10,261,162,1789.0,8,4.0,6.317302468218514,1698.0,990.0,80.0,12.802698047261112,0.6689603359159358,12.0,92.0,2,Mark Brunell,Mark,Brunell,QB,1970-09-17,1993,1993.0,5.0,118.0,Washington,35.95619438740589,7.6132966097429495,57.96228526792349,13,5.564520407322694,26.1,0.04395604395604396,0.02420422401616289,0.6317302468218514,0.6206896551724138,0.03065134099616858,0.01532567049808429,6.854406130268199,32.77126450428943,454.0,6.118097198041348,0.07218340199182693,1.6920790141858937,-26.453962036070912,-193.0,,,,,,,,,,,,,,,,,,,
00-0002787,1999,10,168,76,975.0,3,8.0,-49.05475551557207,0.0,0.0,41.0,0.0,0.5045197288669577,17.0,116.0,0,Stoney Case,Stoney,Case,QB,1972-07-07,1995,1995.0,3.0,80.0,New Mexico,27.15126625598905,-1.1916315216738873,1.419985683446824,4,5.123963979403259,16.8,0.0918918918918919,-0.2919925923545956,-4.905475551557207,0.4523809523809524,0.017857142857142856,0.047619047619047616,5.803571428571429,,,,,,,,,,,,,,,,,,,,,,,,,,
00-0002876,1999,12,304,173,2335.0,16,11.0,-5.57408144364646,0.0,0.0,113.0,0.0,1.1027223804613189,32.0,230.0,0,Chris Chandler,Christopher,Chandler,QB,1965-10-12,1988,1988.0,3.0,76.0,Washington,33.88637919233402,5.543481414671081,30.730186194803693,11,5.717027701406222,25.333333333333332,0.09523809523809523,-0.01833579422252125,-0.4645067869705383,0.569078947368421,0.05263157894736842,0.03618421052631579,7.680921052631579,,,,,,,,,,,,,,,,,,,,,,,,,,
00-0002876,2000,14,328,190,2227.0,10,12.0,-59.86225368998593,0.0,0.0,105.0,0.0,0.7246920703816628,40.0,251.0,0,Chris Chandler,Christopher,Chandler,QB,1965-10-12,1988,1988.0,3.0,76.0,Washington,34.888432580424364,6.545534802761427,42.844025854161075,12,5.793013608384144,23.428571428571427,0.10869565217391304,-0.18250687100605464,-4.275875263570423,0.5792682926829268,0.03048780487804878,0.036585365853658534,6.789634146341464,-5.57408144364646,304.0,5.717027701406222,-0.01833579422252125,1.1027223804613189,-54.28817224633947,24.0,,,,,,,,,,,,,,,,,,,
00-0002876,2001,14,365,223,2847.0,16,14.0,18.651156377329993,0.0,0.0,127.0,0.0,1.465334363442416,41.0,261.0,1,Chris Chandler,Christopher,Chandler,QB,1965-10-12,1988,1988.0,3.0,76.0,Washington,35.88774811772758,7.544850340064645,56.92476665397359,13,5.8998973535824915,26.071428571428573,0.10098522167487685,0.05109905856802738,1.3322254555235709,0.6109589041095891,0.043835616438356165,0.038356164383561646,7.8,-59.86225368998593,328.0,5.793013608384144,-0.18250687100605464,0.7246920703816628,78.51341006731592,37.0,,,,,,,,,,,,,,,,,,,
00-0002876,2002,8,161,103,1023.0,4,4.0,-34.04113795732351,0.0,0.0,43.0,0.0,0.3640137263620835,23.0,144.0,0,Chris Chandler,Christopher,Chandler,QB,1965-10-12,1988,1988.0,3.0,76.0,Washington,36.8870636550308,8.544165877367863,73.00277053997735,14,5.081404364984463,20.125,0.125,-0.21143563948648142,-4.255142244665438,0.639751552795031,0.024844720496894408,0.024844720496894408,6.354037267080745,18.651156377329993,365.0,5.8998973535824915,0.05109905856802738,1.465334363442416,-52.692294334653496,-204.0,,,,,,,,,,,,,,,,,,,
00-0002876,2003,8,192,107,1050.0,3,7.0,-23.80239464869596,0.0,0.0,51.0,0.0,0.3554277027457717,14.0,101.0,0,Chris Chandler,Christopher,Chandler,QB,1965-10-12,1988,1988.0,3.0,76.0,Washington,37.88637919233402,9.543481414671081,91.07803751217234,15,5.2574953720277815,24.0,0.06796116504854369,-0.12397080546195811,-2.975299331086995,0.5572916666666666,0.015625,0.036458333333333336,5.46875,-34.04113795732351,161.0,5.081404364984463,-0.21143563948648142,0.3640137263620835,10.238743308627548,31.0,,,,,,,,,,,,,,,,,,,
00-0003292,1999,10,328,190,2318.0,8,10.0,-7.136812432809213,0.0,0.0,116.0,0.0,0.7240492638610416,16.0,112.0,0,Kerry Collins,Kerry,Collins,QB,1972-12-30,1995,1995.0,1.0,5.0,Penn State,26.6694045174538,-1.6734932602091384,2.8005796919654107,4,5.793013608384144,32.8,0.046511627906976744,-0.021758574490271992,-0.7136812432809213,0.5792682926829268,0.024390243902439025,0.03048780487804878,7.067073170731708,,,,,,,,,,,,,,,,,,,,,,,,,,
00-0003292,2000,16,523,309,3576.0,22,12.0,84.73859844752978,0.0,0.0,194.0,0.0,1.596058158856822,28.0,243.0,0,Kerry Collins,Kerry,Collins,QB,1972-12-30,1995,1995.0,1.0,5.0,Penn State,27.67145790554415,-0.6714398721187891,0.4508315018708958,5,6.259581464064923,32.6875,0.050816696914700546,0.16202408880980837,5.296162402970611,0.5908221797323135,0.04206500956022945,0.022944550669216062,6.837476099426386,-7.136812432809213,328.0,5.793013608384144,-0.021758574490271992,0.7240492638610416,91.87541088033899,195.0,,,,,,,,,,,,,,,,,,,
00-0003292,2001,16,568,327,3764.0,19,16.0,-3.16951095539202,0.0,0.0,189.0,0.0,0.7808839615965659,36.0,206.0,0,Kerry Collins,Kerry,Collins,QB,1972-12-30,1995,1995.0,1.0,5.0,Penn State,28.670773442847366,0.327875665184429,0.1075024518201318,6,6.342121418721152,35.5,0.059602649006622516,-0.005580124921464824,-0.19809443471200125,0.5757042253521126,0.03345070422535211,0.028169014084507043,6.626760563380282,84.73859844752978,523.0,6.259581464064923,0.16202408880980837,1.596058158856822,-87.9081094029218,45.0,,,,,,,,,,,,,,,,,,,
00-0003292,2002,16,545,335,4073.0,19,14.0,112.32750664935558,0.0,0.0,193.0,0.0,1.7729920554790088,24.0,152.0,1,Kerry Collins,Kerry,Collins,QB,1972-12-30,1995,1995.0,1.0,5.0,Penn State,29.67008898015058,1.3271912024876436,1.7614364879605973,7,6.300785794663244,34.0625,0.0421792618629174,0.20610551678780842,7.020469165584724,0.6146788990825688,0.03486238532110092,0.025688073394495414,7.473394495412844,-3.16951095539202,568.0,6.342121418721152,-0.005580124921464824,0.7808839615965659,115.4970176047476,-23.0,,,,,,,,,,,,,,,,,,,
00-0003292,2003,13,500,284,3110.0,13,16.0,-21.54280473108366,0.0,0.0,159.0,0.0,0.8270967906620763,28.0,164.0,0,Kerry Collins,Kerry,Collins,QB,1972-12-30,1995,1995.0,1.0,5.0,Penn State,30.6694045174538,2.3265067397908616,5.412633610292304,8,6.214608098422191,38.46153846153846,0.05303030303030303,-0.04308560946216732,-1.6571388254679738,0.568,0.026,0.032,6.22,112.32750664935558,545.0,6.300785794663244,0.20610551678780842,1.7729920554790088,-133.87031138043923,-45.0,,,,,,,,,,,,,,,,,,,
00-0003292,2004,14,513,289,3495.0,21,20.0,-1.1211977387576797,0.0,0.0,153.0,0.0,1.2702883011721082,24.0,143.0,0,Kerry Collins,Kerry,Collins,QB,1972-12-30,1995,1995.0,1.0,5.0,Penn State,31.67145790554415,3.328560127881211,11.079312524920583,9,6.240275845170769,36.642857142857146,0.0446927374301676,-0.002185570640853177,-0.08008555276840569,0.5633528265107213,0.04093567251461988,0.03898635477582846,6.812865497076023,-21.54280473108366,500.0,6.214608098422191,-0.04308560946216732,0.8270967906620763,20.42160699232598,13.0,,,,,,,,,,,,,,,,,,,
00-0003292,2005,15,566,302,3759.0,20,13.0,12.648668446997174,0.0,0.0,181.0,0.0,1.1426497346744078,37.0,247.0,0,Kerry Collins,Kerry,Collins,QB,1972-12-30,1995,1995.0,1.0,5.0,Penn State,32.67077344284736,4.3278756651844255,18.730507773295532,10,6.338594078203183,37.733333333333334,0.06135986733001658,0.022347470754411968,0.843244563133145,0.5335689045936396,0.0353356890459364,0.022968197879858657,6.641342756183746,-1.1211977387576797,513.0,6.240275845170769,-0.002185570640853177,1.2702883011721082,13.769866185754854,53.0,,,,,,,,,,,,,,,,,,,
00-0003292,2008,16,416,243,2681.0,12,7.0,28.33067987014701,3604.0,1155.0,133.0,44.12684571846961,1.044332669216603,8.0,60.0,1,Kerry Collins,Kerry,Collins,QB,1972-12-30,1995,1995.0,1.0,5.0,Penn State,35.671457905544145,7.328560127881207,53.70779354797022,13,6.030685260261263,26.0,0.018867924528301886,0.06810259584169955,1.770667491884188,0.5841346153846154,0.028846153846153848,0.016826923076923076,6.444711538461538,3.70505534460057,82.0,4.406719247264253,0.04518360176342159,0.3591582581541398,24.62562452554644,334.0,,,,,,,,,,,,,,,,,,,
00-0003292,2009,7,216,119,1225.0,6,8.0,-16.91555985878179,1742.0,558.0,63.0,5.1286134508788015,0.2571095488344543,5.0,37.0,0,Kerry Collins,Kerry,Collins,QB,1972-12-30,1995,1995.0,1.0,5.0,Penn State,36.67077344284736,8.327875665184425,69.35351309477093,14,5.375278407684165,30.857142857142858,0.02262443438914027,-0.07831277712398978,-2.4165085512545414,0.5509259259259259,0.027777777777777776,0.037037037037037035,5.671296296296297,28.33067987014701,416.0,6.030685260261263,0.06810259584169955,1.044332669216603,-45.2462397289288,-200.0,,,,,,,,,,,,,,,,,,,
00-0003292,2010,10,278,160,1823.0,14,8.0,24.520172703393342,2723.0,537.0,90.0,7.18124069222864,0.9796788335244028,13.0,91.0,1,Kerry Collins,Kerry,Collins,QB,1972-12-30,1995,1995.0,1.0,5.0,Penn State,37.67008898015058,9.327191202487644,86.99649572776289,15,5.627621113690637,27.8,0.044673539518900345,0.08820206008414871,2.452017270339334,0.5755395683453237,0.050359712230215826,0.02877697841726619,6.557553956834532,-16.91555985878179,216.0,5.375278407684165,-0.07831277712398978,0.2571095488344543,41.43573256217513,62.0,,,,,,,,,,,,,,,,,,,
00-0003315,2007,4,105,67,888.0,5,0.0,26.74200670874328,818.0,363.0,42.0,4.7697799674569366,0.6482319254072871,7.0,47.0,0,Todd Collins,Todd,Collins,QB,1971-11-05,1995,1995.0,2.0,45.0,Michigan,35.82203969883641,7.4791419211734755,55.937563877054465,12,4.653960350157523,26.25,0.0625,0.2546857781785074,6.68550167718582,0.638095238095238,0.047619047619047616,0.0,8.457142857142857,-0.8678495008420555,5.0,1.6094379124341003,-0.1735699001684111,0.0,27.609856209585335,100.0,,,,,,,,,,,,,,,,,,,
00-0003535,1999,15,391,219,2409.0,15,12.0,-70.17210134820924,0.0,0.0,105.0,0.0,0.8096160691729655,56.0,359.0,0,Tim Couch,Timothy,Couch,QB,1977-07-31,1999,1999.0,1.0,1.0,Kentucky,22.086242299794662,-6.256655477868275,39.145737768739096,0,5.968707559985366,26.066666666666666,0.12527964205816555,-0.17946828989311825,-4.678140089880616,0.5601023017902813,0.03836317135549872,0.030690537084398978,6.161125319693094,,,,,,,,,,,,,,,,,,,,,,,,,,
00-0003535,2000,7,211,137,1484.0,7,9.0,0.1681854234975954,0.0,0.0,59.0,0.0,0.5295682816645239,10.0,78.0,0,Tim Couch,Timothy,Couch,QB,1977-07-31,1999,1999.0,1.0,1.0,Kentucky,23.08829568788501,-5.254602089777926,27.610843121898544,1,5.351858133476067,30.142857142857142,0.04524886877828054,0.0007970873151544806,0.02402648907108506,0.6492890995260664,0.03317535545023697,0.04265402843601896,7.033175355450237,-70.17210134820924,391.0,5.968707559985366,-0.17946828989311825,0.8096160691729655,70.34028677170683,-180.0,,,,,,,,,,,,,,,,,,,
00-0003535,2001,16,454,272,3040.0,17,21.0,-59.11234951206695,0.0,0.0,134.0,0.0,0.8950362733646415,51.0,353.0,0,Tim Couch,Timothy,Couch,QB,1977-07-31,1999,1999.0,1.0,1.0,Kentucky,24.087611225188226,-4.255286552474711,18.107463643672112,2,6.118097198041348,28.375,0.100990099009901,-0.1302034130221739,-3.6945218445041843,0.5991189427312775,0.037444933920704845,0.046255506607929514,6.6960352422907485,0.1681854234975954,211.0,5.351858133476067,0.0007970873151544806,0.5295682816645239,-59.280534935564546,243.0,,,,,,,,,,,,,,,,,,,
00-0003535,2002,14,443,273,2842.0,18,18.0,1.4807534012973615,0.0,0.0,128.0,0.0,1.0984999824316624,30.0,213.0,1,Tim Couch,Timothy,Couch,QB,1977-07-31,1999,1999.0,1.0,1.0,Kentucky,25.086926762491444,-3.255971015171493,10.601347251636884,3,6.093569770045136,31.642857142857142,0.06342494714587738,0.003342558467939868,0.10576810009266868,0.6162528216704289,0.040632054176072234,0.040632054176072234,6.415349887133183,-59.11234951206695,454.0,6.118097198041348,-0.1302034130221739,0.8950362733646415,60.59310291336431,-11.0,,,,,,,,,,,,,,,,,,,
00-0003535,2003,10,203,120,1319.0,7,6.0,-40.88847560481698,0.0,0.0,59.0,0.0,0.8498717090026537,19.0,116.0,0,Tim Couch,Timothy,Couch,QB,1977-07-31,1999,1999.0,1.0,1.0,Kentucky,26.086242299794662,-2.256655477868275,5.092493945792893,4,5.313205979041787,20.3,0.08558558558558559,-0.2014210620926945,-4.088847560481698,0.5911330049261084,0.034482758620689655,0.029556650246305417,6.497536945812808,1.4807534012973615,443.0,6.093569770045136,0.003342558467939868,1.0984999824316624,-42.369229006114345,-240.0,,,,,,,,,,,,,,,,,,,
00-0003739,2000,16,469,295,3924.0,33,14.0,105.96376019233078,0.0,0.0,189.0,0.0,2.1512264133922274,34.0,181.0,2,Daunte Culpepper,Daunte,Culpepper,QB,1977-01-28,1999,1999.0,1.0,11.0,UCF,23.592060232717316,-4.750837544945622,22.57045737846494,1,6.150602768446279,29.3125,0.06759443339960239,0.22593552279814666,6.622735012020674,0.6289978678038379,0.07036247334754797,0.029850746268656716,8.366737739872068,,,,,,,,,,,,,,,,,,,,,,,,,,
00-0003739,2001,11,366,235,2612.0,14,13.0,3.629097205017389,0.0,0.0,126.0,0.0,0.8798921017934513,33.0,186.0,1,Daunte Culpepper,Daunte,Culpepper,QB,1977-01-28,1999,1999.0,1.0,11.0,UCF,24.591375770020534,-3.7515220076424036,14.07391737382529,2,5.902633333401366,33.27272727272727,0.08270676691729323,0.009915566133927292,0.32991792772885353,0.6420765027322405,0.03825136612021858,0.03551912568306011,7.136612021857924,105.96376019233078,469.0,6.150602768446279,0.22593552279814666,2.1512264133922274,-102.3346629873134,-103.0,,,,,,,,,,,,,,,,,,,
00-0003739,2002,16,549,333,3853.0,18,23.0,28.618895929240693,0.0,0.0,188.0,0.0,1.3836399034815066,47.0,244.0,0,Daunte Culpepper,Daunte,Culpepper,QB,1977-01-28,1999,1999.0,1.0,11.0,UCF,25.590691307323752,-2.7522064703391855,7.574640455376878,3,6.3080984415095305,34.3125,0.07885906040268456,0.052129136483134234,1.7886809955775433,0.6065573770491803,0.03278688524590164,0.04189435336976321,7.018214936247723,3.629097205017389,366.0,5.902633333401366,0.009915566133927292,0.8798921017934513,24.989798724223306,183.0,,,,,,,,,,,,,,,,,,,
00-0003739,2003,14,454,295,3479.0,25,11.0,60.68389252767393,0.0,0.0,169.0,0.0,1.4846725729074286,38.0,196.0,1,Daunte Culpepper,Daunte,Culpepper,QB,1977-01-28,1999,1999.0,1.0,11.0,UCF,26.590006844626966,-1.752890933035971,3.072626623119717,4,6.118097198041348,32.42857142857143,0.07723577235772358,0.13366496151470028,4.3345637519767095,0.6497797356828194,0.05506607929515418,0.024229074889867842,7.6629955947136565,28.618895929240693,549.0,6.3080984415095305,0.052129136483134234,1.3836399034815066,32.06499659843324,-95.0,,,,,,,,,,,,,,,,,,,
00-0003739,2004,16,548,379,4717.0,39,11.0,179.7320811824115,0.0,0.0,224.0,0.0,2.450991344290952,45.0,238.0,2,Daunte Culpepper,Daunte,Culpepper,QB,1977-01-28,1999,1999.0,1.0,11.0,UCF,27.592060232717316,-0.7508375449456217,0.5637570188999685,5,6.306275286948016,34.25,0.07588532883642496,0.3279782503328677,11.233255073900718,0.6916058394160584,0.07116788321167883,0.020072992700729927,8.607664233576642,60.68389252767393,454.0,6.118097198041348,0.13366496151470028,1.4846725729074286,119.04818865473756,94.0,,,,,,,,,,,,,,,,,,,
00-0003739,2005,7,216,139,1564.0,6,12.0,-30.60528876335976,0.0,0.0,77.0,0.0,0.3490482052553159,31.0,163.0,1,Daunte Culpepper,Daunte,Culpepper,QB,1977-01-28,1999,1999.0,1.0,11.0,UCF,28.591375770020534,0.24847799235759638,0.06174131268606172,6,5.375278407684165,30.857142857142858,0.12550607287449392,-0.1416911516822211,-4.372184109051394,0.6435185185185185,0.027777777777777776,0.05555555555555555,7.2407407407407405,179.7320811824115,548.0,6.306275286948016,0.3279782503328677,2.450991344290952,-210.33736994577126,-332.0,,,,,,,,,,,,,,,,,,,
00-0003739,2006,4,134,81,929.0,2,3.0,-18.343376074366393,1227.0,508.0,44.0,3.036730591938926,0.1292747685622742,20.0,150.0,0,Daunte Culpepper,Daunte,Culpepper,QB,1977-01-28,1999,1999.0,1.0,11.0,UCF,29.590691307323752,1.2477935296608145,1.5569886926633938,7,4.897839799950911,33.5,0.12987012987012986,-0.13689086622661487,-4.585844018591598,0.6044776119402985,0.014925373134328358,0.022388059701492536,6.932835820895522,-30.60528876335976,216.0,5.375278407684165,-0.1416911516822211,0.3490482052553159,12.261912688993366,-82.0,,,,,,,,,,,,,,,,,,,
00-0003739,2007,7,185,108,1332.0,5,5.0,0.4397771782506083,1516.0,513.0,60.0,6.067448429403503,0.5195777245808945,21.0,136.0,0,Daunte Culpepper,Daunte,Culpepper,QB,1977-01-28,1999,1999.0,1.0,11.0,UCF,30.590006844626966,2.247109066964029,5.049499158831949,8,5.220355825078324,26.428571428571427,0.10194174757281553,0.0023771739364897744,0.06282531117865833,0.5837837837837838,0.02702702702702703,0.02702702702702703,7.2,-18.343376074366393,134.0,4.897839799950911,-0.13689086622661487,0.1292747685622742,18.783153252617,51.0,,,,,,,,,,,,,,,,,,,
00-0003739,2008,5,115,60,786.0,4,6.0,-42.698008888200505,984.0,303.0,30.0,4.05941060852069,0.0597796170663627,14.0,95.0,0,Daunte Culpepper,Daunte,Culpepper,QB,1977-01-28,1999,1999.0,1.0,11.0,UCF,31.592060232717316,3.2491624550543783,10.557056659334995,9,4.74493212836325,23.0,0.10852713178294573,-0.37128703381043915,-8.539601777640101,0.5217391304347826,0.034782608695652174,0.05217391304347826,6.834782608695652,0.4397771782506083,185.0,5.220355825078324,0.0023771739364897744,0.5195777245808945,-43.13778606645111,-70.0,,,,,,,,,,,,,,,,,,,
00-0003739,2009,8,157,89,945.0,3,6.0,-23.37284376827793,1307.0,381.0,45.0,5.887370023977769,0.1078762887348525,14.0,107.0,0,Daunte Culpepper,Daunte,Culpepper,QB,1977-01-28,1999,1999.0,1.0,11.0,UCF,32.591375770020534,4.248477992357596,18.049565251546834,10,5.056245805348308,19.625,0.08187134502923976,-0.14887161635845816,-2.9216054710347414,0.5668789808917197,0.01910828025477707,0.03821656050955414,6.019108280254777,-42.698008888200505,115.0,4.74493212836325,-0.37128703381043915,0.0597796170663627,19.325165119922573,42.0,,,,,,,,,,,,,,,,,,,
00-0003761,1999,6,195,122,1436.0,8,9.0,1.8665046192040256,0.0,0.0,69.0,0.0,0.5870335370748494,15.0,101.0,0,Randall Cunningham,Randall,Cunningham,QB,1963-03-27,1985,1985.0,2.0,37.0,UNLV,36.43258042436687,8.089682646703931,65.44296532438273,14,5.272999558563747,32.5,0.07142857142857142,0.009571818560020644,0.3110841032006709,0.6256410256410256,0.041025641025641026,0.046153846153846156,7.364102564102564,,,,,,,,,,,,,,,,,,,,,,,,,,
00-0003761,2000,6,124,73,840.0,6,4.0,5.939984586970102,0.0,0.0,35.0,0.0,0.5451330874640297,8.0,45.0,1,Randall Cunningham,Randall,Cunningham,QB,1963-03-27,1985,1985.0,2.0,37.0,UNLV,37.43463381245722,9.091736034794284,82.6596641263769,15,4.820281565605037,20.666666666666668,0.06060606060606061,0.047903101507823405,0.9899974311616836,0.5887096774193549,0.04838709677419355,0.03225806451612903,6.774193548387097,1.8665046192040256,195.0,5.272999558563747,0.009571818560020644,0.5870335370748494,4.073479967766076,-71.0,,,,,,,,,,,,,,,,,,,
00-0004161,2003,16,449,266,3219.0,19,16.0,18.0451304038847,0.0,0.0,146.0,0.0,1.22046359462514,23.0,172.0,0,Jake Delhomme,Jake,Delhomme,QB,1975-01-10,1998,,,,Louisiana-Lafayette,28.640657084188913,0.2977593065259754,0.08866060462282976,5,6.1070228877422545,28.0625,0.048728813559322036,0.04018960000865189,1.1278206502427937,0.5924276169265034,0.042316258351893093,0.035634743875278395,7.169265033407572,6.424013488463228,10.0,2.302585092994046,0.6424013488463227,0.2194587549719835,11.62111691542147,439.0,,,,,,,,,,,,,,,,,,,
00-0004161,2004,16,533,310,3886.0,29,15.0,68.019832498798,0.0,0.0,192.0,0.0,1.8227536477723028,33.0,246.0,2,Jake Delhomme,Jake,Delhomme,QB,1975-01-10,1998,,,,Louisiana-Lafayette,29.642710472279262,1.2998126946163246,1.6895130410857508,6,6.278521424165844,33.3125,0.05830388692579505,0.1276169465268255,4.251239531174875,0.5816135084427767,0.054409005628517824,0.028142589118198873,7.290806754221388,18.0451304038847,449.0,6.1070228877422545,0.04018960000865189,1.22046359462514,49.9747020949133,84.0,,,,,,,,,,,,,,,,,,,
00-0004161,2005,16,435,262,3421.0,24,16.0,50.583096331486765,0.0,0.0,153.0,0.0,1.9442336380448684,27.0,211.0,0,Jake Delhomme,Jake,Delhomme,QB,1975-01-10,1998,,,,Louisiana-Lafayette,30.642026009582477,2.299128231919539,5.2859906268094665,7,6.075346031088684,27.1875,0.05844155844155844,0.11628298007238337,3.161443520717923,0.6022988505747127,0.05517241379310345,0.0367816091954023,7.864367816091954,68.019832498798,533.0,6.278521424165844,0.1276169465268255,1.8227536477723028,-17.43673616731123,-98.0,,,,,,,,,,,,,,,,,,,
00-0004161,2006,13,431,263,2805.0,17,11.0,-1.8600203916434064,3424.0,1310.0,128.0,11.10012638450033,1.1357624089354506,22.0,167.0,0,Jake Delhomme,Jake,Delhomme,QB,1975-01-10,1998,,,,Louisiana-Lafayette,31.641341546885695,3.2984437692227573,10.87973129872443,8,6.066108090103747,33.15384615384615,0.04856512141280353,-0.004315592556017185,-0.1430784916648774,0.6102088167053364,0.03944315545243619,0.025522041763341066,6.508120649651972,50.583096331486765,435.0,6.075346031088684,0.11628298007238337,1.9442336380448684,-52.443116723130174,-4.0,,,,,,,,,,,,,,,,,,,
00-0004161,2008,16,414,246,3284.0,15,12.0,38.618375542179734,3876.0,1226.0,151.0,14.28535632381858,1.949876725083656,20.0,130.0,0,Jake Delhomme,Jake,Delhomme,QB,1975-01-10,1998,,,,Louisiana-Lafayette,33.64271047227926,5.299812694616325,28.088014598016347,10,6.025865973825314,25.875,0.04608294930875576,0.0932811003434293,2.4136484713862334,0.5942028985507246,0.036231884057971016,0.028985507246376812,7.932367149758454,22.838604186721625,86.0,4.454347296253507,0.2655651649618794,0.4452599565053539,15.77977135545811,328.0,,,,,,,,,,,,,,,,,,,
00-0004161,2009,11,321,178,2015.0,8,18.0,-58.24870598203963,2925.0,838.0,100.0,7.949408230414878,0.3766048396206307,23.0,187.0,1,Jake Delhomme,Jake,Delhomme,QB,1975-01-10,1998,,,,Louisiana-Lafayette,34.64202600958248,6.299128231919543,39.67901648216583,11,5.771441123130016,29.181818181818183,0.06686046511627906,-0.1814601432462294,-5.2953369074581484,0.5545171339563862,0.024922118380062305,0.056074766355140186,6.277258566978193,38.618375542179734,414.0,6.025865973825314,0.0932811003434293,1.949876725083656,-96.86708152421937,-93.0,,,,,,,,,,,,,,,,,,,
00-0004161,2010,5,149,93,872.0,2,7.0,-42.77351373952007,1119.0,374.0,36.0,3.9388103521429696,0.2181075322009795,6.0,49.0,0,Jake Delhomme,Jake,Delhomme,QB,1975-01-10,1998,,,,Louisiana-Lafayette,35.6413415468857,7.298443769222761,53.26728145250654,12,5.003946305945459,29.8,0.03870967741935484,-0.2870705620102018,-8.554702747904013,0.6241610738255033,0.013422818791946308,0.04697986577181208,5.852348993288591,-58.24870598203963,321.0,5.771441123130016,-0.1814601432462294,0.3766048396206307,15.475192242519562,-172.0,,,,,,,,,,,,,,,,,,,
00-0004230,2001,4,151,92,906.0,3,10.0,-35.72508448561818,0.0,0.0,43.0,0.0,0.1621090170825694,12.0,75.0,0,Ty Detmer,Ty,Detmer,QB,1967-10-30,1992,1992.0,9.0,230.0,BYU,33.83983572895277,5.4969379512898335,30.21632684033047,9,5.017279836814924,37.75,0.0736196319018405,-0.23658996348091513,-8.931271121404546,0.609271523178808,0.019867549668874173,0.06622516556291391,6.0,-2.998984740639571,91.0,4.51085950651685,-0.03295587627076452,0.5281517152885621,-32.72609974497861,60.0,,,,,,,,,,,,,,,,,,,
00-0004293,1999,10,242,145,1610.0,11,10.0,-34.94424711595085,0.0,0.0,78.0,0.0,0.8056351906379118,26.0,189.0,0,Trent Dilfer,Trent,Dilfer,QB,1972-03-13,1994,1994.0,1.0,6.0,Fresno State,27.468856947296374,-0.8740408303665639,0.7639473731478725,5,5.488937726156687,24.2,0.09701492537313433,-0.14439771535516882,-3.494424711595085,0.5991735537190083,0.045454545454545456,0.04132231404958678,6.652892561983471,,,,,,,,,,,,,,,,,,,,,,,,,,
00-0004293,2000,9,225,133,1493.0,12,11.0,-16.272868017474504,0.0,0.0,69.0,0.0,0.5996902118651701,23.0,135.0,0,Trent Dilfer,Trent,Dilfer,QB,1972-03-13,1994,1994.0,1.0,6.0,Fresno State,28.470910335386723,0.1280125577237854,0.016387214934985486,6,5.41610040220442,25.0,0.09274193548387097,-0.07232385785544224,-1.808096446386056,0.5911111111111111,0.05333333333333334,0.04888888888888889,6.635555555555555,-34.94424711595085,242.0,5.488937726156687,-0.14439771535516882,0.8056351906379118,18.671379098476347,-17.0,,,,,,,,,,,,,,,,,,,
00-0004293,2001,6,122,73,1014.0,7,4.0,21.75020958655503,0.0,0.0,43.0,0.0,0.467711375107515,10.0,72.0,1,Trent Dilfer,Trent,Dilfer,QB,1972-03-13,1994,1994.0,1.0,6.0,Fresno State,29.470225872689937,1.127328095027,1.2708686338372046,7,4.804021044733257,20.333333333333332,0.07575757575757576,0.17828040644717238,3.625034931092505,0.5983606557377049,0.05737704918032787,0.03278688524590164,8.311475409836065,-16.272868017474504,225.0,5.41610040220442,-0.07232385785544224,0.5996902118651701,38.02307760402954,-103.0,,,,,,,,,,,,,,,,,,,
00-0004293,2002,6,168,94,1182.0,4,6.0,-2.899445156003371,0.0,0.0,51.0,0.0,0.3964786822331663,7.0,36.0,0,Trent Dilfer,Trent,Dilfer,QB,1972-03-13,1994,1994.0,1.0,6.0,Fresno State,30.469541409993155,2.126643632330218,4.522613138930663,8,5.123963979403259,28.0,0.04,-0.017258602119067684,-0.4832408593338952,0.5595238095238095,0.023809523809523808,0.03571428571428571,7.035714285714286,21.75020958655503,122.0,4.804021044733257,0.17828040644717238,0.467711375107515,-24.6496547425584,46.0,,,,,,,,,,,,,,,,,,,
00-0004293,2005,11,333,199,2321.0,11,12.0,-24.530959724339144,0.0,0.0,101.0,0.0,0.6912584693029411,23.0,139.0,0,Trent Dilfer,Trent,Dilfer,QB,1972-03-13,1994,1994.0,1.0,6.0,Fresno State,33.47022587268994,5.127328095027,26.289493394053203,11,5.808142489980444,30.272727272727273,0.06460674157303371,-0.07366654571873617,-2.230087247667195,0.5975975975975976,0.03303303303303303,0.036036036036036036,6.96996996996997,-12.85474150778883,58.0,4.060443010546419,-0.22163347427222121,0.0596290741760327,-11.676218216550314,275.0,,,,,,,,,,,,,,,,,,,
00-0004293,2007,7,219,113,1166.0,7,12.0,-88.67349076294076,1869.0,511.0,62.0,4.913397893972827,0.0038452211122457,27.0,182.0,0,Trent Dilfer,Trent,Dilfer,QB,1972-03-13,1994,1994.0,1.0,6.0,Fresno State,35.46885694729637,7.125959169633436,50.77929408728285,13,5.389071729816501,31.285714285714285,0.10975609756097561,-0.4049017843056656,-12.667641537562966,0.5159817351598174,0.0319634703196347,0.0547945205479452,5.324200913242009,-24.530959724339144,333.0,5.808142489980444,-0.07366654571873617,0.6912584693029411,-64.14253103860162,-114.0,,,,,,,,,,,,,,,,,,,
00-0005106,1999,16,589,338,4068.0,22,23.0,19.11071085606215,0.0,0.0,193.0,0.0,1.7130104420525845,34.0,210.0,1,Brett Favre,Brett,Favre,QB,1969-10-10,1991,1991.0,2.0,33.0,Southern Mississippi,29.89185489390828,1.5489571162453437,2.399268147967091,8,6.3784261836515865,36.8125,0.05457463884430177,0.03244602861810212,1.1944194285038843,0.5738539898132428,0.03735144312393888,0.03904923599320883,6.906621392190153,,,,,,,,,,,,,,,,,,,,,,,,,,
00-0005106,2000,16,575,334,3764.0,20,16.0,22.89298184941246,0.0,0.0,191.0,0.0,1.3443036491819842,33.0,236.0,2,Brett Favre,Brett,Favre,QB,1969-10-10,1991,1991.0,2.0,33.0,Southern Mississippi,30.89390828199863,2.551010504335693,6.507654593231047,9,6.354370040797351,35.9375,0.054276315789473686,0.03981388147723906,1.4308113655882788,0.5808695652173913,0.034782608695652174,0.02782608695652174,6.546086956521739,19.11071085606215,589.0,6.3784261836515865,0.03244602861810212,1.7130104420525845,3.7822709933503127,-14.0,,,,,,,,,,,,,,,,,,,
00-0005106,2001,16,510,314,3921.0,32,15.0,85.92782157879421,0.0,0.0,187.0,0.0,1.702906879805943,21.0,146.0,1,Brett Favre,Brett,Favre,QB,1969-10-10,1991,1991.0,2.0,33.0,Southern Mississippi,31.89322381930185,3.550326041638911,12.60481500193942,10,6.234410725718371,31.875,0.03954802259887006,0.16848592466430237,5.370488848674638,0.615686274509804,0.06274509803921569,0.029411764705882353,7.688235294117647,22.89298184941246,575.0,6.354370040797351,0.03981388147723906,1.3443036491819842,63.034839729381744,-65.0,,,,,,,,,,,,,,,,,,,
00-0005106,2002,16,551,341,3658.0,27,16.0,42.18749067180978,0.0,0.0,189.0,0.0,1.7366889218602266,26.0,188.0,0,Brett Favre,Brett,Favre,QB,1969-10-10,1991,1991.0,2.0,33.0,Southern Mississippi,32.89253935660506,4.549641578942126,20.699238496838998,11,6.311734809152915,34.4375,0.045060658578856154,0.07656531882361123,2.6367181669881115,0.6188747731397459,0.04900181488203267,0.029038112522686024,6.638838475499092,85.92782157879421,510.0,6.234410725718371,0.16848592466430237,1.702906879805943,-43.740330906984425,41.0,,,,,,,,,,,,,,,,,,,
00-0005106,2003,16,472,308,3361.0,32,21.0,56.61266336848663,0.0,0.0,166.0,0.0,1.7870428729944237,19.0,139.0,2,Brett Favre,Brett,Favre,QB,1969-10-10,1991,1991.0,2.0,33.0,Southern Mississippi,33.89185489390828,5.548957116245344,30.790925077929842,12,6.156978985585555,29.5,0.038696537678207736,0.11994208340781065,3.5382914605304143,0.652542372881356,0.06779661016949153,0.04449152542372881,7.120762711864407,42.18749067180978,551.0,6.311734809152915,0.07656531882361123,1.7366889218602266,14.425172696676846,-79.0,,,,,,,,,,,,,,,,,,,
00-0005106,2004,16,541,346,4086.0,30,17.0,138.21238033040464,0.0,0.0,202.0,0.0,2.5443237957129115,12.0,101.0,2,Brett Favre,Brett,Favre,QB,1969-10-10,1991,1991.0,2.0,33.0,Southern Mississippi,34.893908281998634,6.5510105043356965,42.91573862791664,13,6.293419278846481,33.8125,0.0216998191681736,0.25547574922440786,8.63827377065029,0.6395563770794824,0.05545286506469501,0.031423290203327174,7.55268022181146,56.61266336848663,472.0,6.156978985585555,0.11994208340781065,1.7870428729944237,81.599716961918,69.0,,,,,,,,,,,,,,,,,,,
00-0005106,2005,16,607,372,3881.0,20,29.0,-0.5839660332726417,0.0,0.0,202.0,0.0,1.3835260228735864,24.0,170.0,2,Brett Favre,Brett,Favre,QB,1969-10-10,1991,1991.0,2.0,33.0,Southern Mississippi,35.893223819301845,7.5503260416389075,57.00742333505065,14,6.408528791059498,37.9375,0.03803486529318542,-0.0009620527731015514,-0.03649787707954011,0.6128500823723229,0.032948929159802305,0.047775947281713346,6.393739703459637,138.21238033040464,541.0,6.293419278846481,0.25547574922440786,2.5443237957129115,-138.7963463636773,66.0,,,,,,,,,,,,,,,,,,,
00-0005106,2006,16,613,343,3885.0,18,18.0,-2.58334310667742,5305.0,1928.0,182.0,12.682606292164904,0.924091393625812,21.0,139.0,0,Brett Favre,Brett,Favre,QB,1969-10-10,1991,1991.0,2.0,33.0,Southern Mississippi,36.89253935660506,8.549641578942126,73.096371128376,15,6.418364935936212,38.3125,0.033123028391167195,-0.004214262816765775,-0.16145894416733875,0.5595432300163132,0.02936378466557912,0.02936378466557912,6.33768352365416,-0.5839660332726417,607.0,6.408528791059498,-0.0009620527731015514,1.3835260228735864,-1.9993770734047782,6.0,,,,,,,,,,,,,,,,,,,
00-0005106,2007,16,535,356,4157.0,28,15.0,115.0859453738512,4064.0,2085.0,197.0,17.553266268922034,2.783781853318129,15.0,93.0,0,Brett Favre,Brett,Favre,QB,1969-10-10,1991,1991.0,2.0,33.0,Southern Mississippi,37.89185489390828,9.548957116245344,91.18258200789259,16,6.282266746896006,33.4375,0.02727272727272727,0.21511391658663775,7.1928715858657,0.6654205607476635,0.052336448598130844,0.028037383177570093,7.770093457943926,-2.58334310667742,613.0,6.418364935936212,-0.004214262816765775,0.924091393625812,117.66928848052862,-78.0,,,,,,,,,,,,,,,,,,,
00-0005106,2008,16,522,343,3472.0,22,22.0,20.542461575754345,4062.0,1644.0,184.0,14.774412532614615,1.8733834289197753,30.0,213.0,1,Brett Favre,Brett,Favre,QB,1969-10-10,1991,1991.0,2.0,33.0,Southern Mississippi,38.893908281998634,10.551010504335697,111.32382266260221,17,6.257667587882639,32.625,0.05434782608695652,0.03935337466619606,1.2839038484846466,0.657088122605364,0.0421455938697318,0.0421455938697318,6.6513409961685825,115.0859453738512,535.0,6.282266746896006,0.21511391658663775,2.783781853318129,-94.54348379809686,-13.0,,,,,,,,,,,,,,,,,,,
00-0005106,2009,16,532,364,4202.0,33,7.0,134.62405105501702,4229.0,1949.0,211.0,17.59451963437913,2.9722470589403582,34.0,247.0,0,Brett Favre,Brett,Favre,QB,1969-10-10,1991,1991.0,2.0,33.0,Southern Mississippi,39.893223819301845,11.550326041638908,133.4100316681619,18,6.2766434893416445,33.25,0.06007067137809187,0.25305272754702446,8.414003190938564,0.6842105263157895,0.06203007518796992,0.013157894736842105,7.898496240601504,20.542461575754345,522.0,6.257667587882639,0.03935337466619606,1.8733834289197753,114.08158947926268,10.0,,,,,,,,,,,,,,,,,,,
00-0005106,2010,13,358,217,2509.0,11,19.0,-44.36368367828169,3086.0,1229.0,114.0,11.973187426189265,0.5770104799791467,22.0,139.0,0,Brett Favre,Brett,Favre,QB,1969-10-10,1991,1991.0,2.0,33.0,Southern Mississippi,40.89253935660506,12.549641578942126,157.493503759913,19,5.8805329864007,27.53846153846154,0.05789473684210526,-0.12392090412927846,-3.4125910521755145,0.6061452513966481,0.030726256983240222,0.05307262569832402,7.0083798882681565,134.62405105501702,532.0,6.2766434893416445,0.25305272754702446,2.9722470589403582,-178.9877347332987,-174.0,,,,,,,,,,,,,,,,,,,
00-0005180,2000,14,330,188,2248.0,13,13.0,38.41633823961627,0.0,0.0,101.0,0.0,1.354017761250981,22.0,121.0,0,Jay Fiedler,Jay,Fiedler,QB,1971-12-29,1994,,,,Dartmouth,28.67624914442163,0.33335136675869137,0.11112313371988757,6,5.799092654460526,23.571428571428573,0.0625,0.11641314618065537,2.7440241599725907,0.5696969696969697,0.03939393939393939,0.03939393939393939,6.8121212121212125,13.968521615397426,94.0,4.543294782270004,0.14860129378082368,0.5822779606977408,24.447816624218845,236.0,,,,,,,,,,,,,,,,,,,
00-0005180,2001,16,449,272,3248.0,20,19.0,36.29166401120965,0.0,0.0,152.0,0.0,1.8317188742479944,27.0,178.0,0,Jay Fiedler,Jay,Fiedler,QB,1971-12-29,1994,,,,Dartmouth,29.675564681724847,1.3326669040619095,1.7760010771819545,7,6.1070228877422545,28.0625,0.05672268907563025,0.08082775949044464,2.268229000700603,0.6057906458797327,0.044543429844097995,0.042316258351893093,7.233853006681515,38.41633823961627,330.0,5.799092654460526,0.11641314618065537,1.354017761250981,-2.124674228406626,119.0,,,,,,,,,,,,,,,,,,,
00-0005180,2002,11,292,179,2024.0,14,9.0,38.40952715265138,0.0,0.0,108.0,0.0,1.305423089983178,13.0,89.0,0,Jay Fiedler,Jay,Fiedler,QB,1971-12-29,1994,,,,Dartmouth,30.67488021902806,2.331982441365124,5.438142106835244,8,5.676753802268282,26.545454545454547,0.04262295081967213,0.13153947655017595,3.49177519569558,0.613013698630137,0.04794520547945205,0.030821917808219176,6.931506849315069,36.29166401120965,449.0,6.1070228877422545,0.08082775949044464,1.8317188742479944,2.117863141441731,-157.0,,,,,,,,,,,,,,,,,,,
00-0005180,2003,12,314,179,2138.0,12,13.0,-10.791204945397928,0.0,0.0,107.0,0.0,1.3361213787939552,20.0,133.0,0,Jay Fiedler,Jay,Fiedler,QB,1971-12-29,1994,,,,Dartmouth,31.67419575633128,3.331297978668342,11.097546222679782,9,5.749392985908253,26.166666666666668,0.059880239520958084,-0.03436689473056665,-0.8992670787831606,0.5700636942675159,0.03821656050955414,0.041401273885350316,6.808917197452229,38.40952715265138,292.0,5.676753802268282,0.13153947655017595,1.305423089983178,-49.20073209804931,22.0,,,,,,,,,,,,,,,,,,,
00-0005180,2004,8,190,101,1186.0,7,8.0,-42.5103603064419,0.0,0.0,54.0,0.0,0.4191014604315574,25.0,165.0,0,Jay Fiedler,Jay,Fiedler,QB,1971-12-29,1994,,,,Dartmouth,32.67624914442163,4.333351366758695,18.77793406778945,10,5.247024072160486,23.75,0.11627906976744186,-0.2237387384549574,-5.313795038305238,0.531578947368421,0.03684210526315789,0.042105263157894736,6.242105263157895,-10.791204945397928,314.0,5.749392985908253,-0.03436689473056665,1.3361213787939552,-31.719155361043974,-124.0,,,,,,,,,,,,,,,,,,,
00-0005363,1999,15,471,261,3145.0,18,14.0,11.475076423035311,0.0,0.0,154.0,0.0,1.618380101416708,25.0,168.0,0,Doug Flutie,Douglas,Flutie,QB,1962-10-23,1986,1985.0,11.0,285.0,Boston College,36.85694729637235,8.51404951870941,72.48903920703593,13,6.154858094016418,31.4,0.05040322580645161,0.024363219581815948,0.7650050948690208,0.554140127388535,0.03821656050955414,0.029723991507430998,6.677282377919321,,,,,,,,,,,,,,,,,,,,,,,,,,
00-0005363,2000,10,225,129,1656.0,8,2.0,28.350644682521796,0.0,0.0,69.0,0.0,0.9161548137938736,9.0,64.0,0,Doug Flutie,Douglas,Flutie,QB,1962-10-23,1986,1985.0,11.0,285.0,Boston College,37.8590006844627,9.516102906799762,90.55621453280288,14,5.41610040220442,22.5,0.038461538461538464,0.12600286525565244,2.8350644682521797,0.5733333333333334,0.035555555555555556,0.008888888888888889,7.36,11.475076423035311,471.0,6.154858094016418,0.024363219581815948,1.618380101416708,16.875568259486485,-246.0,,,,,,,,,,,,,,,,,,,
00-0005363,2001,16,521,294,3464.0,15,18.0,35.71418589756642,0.0,0.0,166.0,0.0,1.3634876329898546,25.0,168.0,0,Doug Flutie,Douglas,Flutie,QB,1962-10-23,1986,1985.0,11.0,285.0,Boston College,38.85831622176591,10.515418444102973,110.574025054581,15,6.255750041753367,32.5625,0.045787545787545784,0.0685493011469605,2.2321366185979015,0.564299424184261,0.028790786948176585,0.0345489443378119,6.6487523992322455,28.350644682521796,225.0,5.41610040220442,0.12600286525565244,0.9161548137938736,7.363541215044627,296.0,,,,,,,,,,,,,,,,,,,
00-0005363,2003,7,167,91,1097.0,9,4.0,8.518420974239806,0.0,0.0,50.0,0.0,0.7247199184259715,8.0,27.0,1,Doug Flutie,Douglas,Flutie,QB,1962-10-23,1986,1985.0,11.0,285.0,Boston College,40.85694729637235,12.51404951870941,156.6014353567112,17,5.117993812416755,23.857142857142858,0.045714285714285714,0.05100850882778327,1.216917282034258,0.5449101796407185,0.05389221556886228,0.023952095808383235,6.568862275449102,-0.71777415027463,11.0,2.3978952727983707,-0.06525219547951182,0.028205142781549,9.236195124514436,156.0,,,,,,,,,,,,,,,,,,,
00-0005589,1999,9,287,174,2111.0,9,7.0,17.34694736783083,0.0,0.0,90.0,0.0,0.6824469351279926,27.0,198.0,1,Gus Frerotte,Gustave,Frerotte,QB,1971-07-31,1994,1994.0,7.0,197.0,Tulsa,28.087611225188226,-0.2552865524747112,0.06517122387442348,5,5.659482215759621,31.88888888888889,0.08598726114649681,0.06044232532345237,1.9274385964256477,0.6062717770034843,0.0313588850174216,0.024390243902439025,7.355400696864112,,,,,,,,,,,,,,,,,,,,,,,,,,
00-0005589,2000,9,230,137,1766.0,9,8.0,6.522225955207457,0.0,0.0,86.0,0.0,0.7667035390965175,11.0,74.0,0,Gus Frerotte,Gustave,Frerotte,QB,1971-07-31,1994,1994.0,7.0,197.0,Tulsa,29.089664613278575,0.7467668356156381,0.5576607067753934,6,5.438079308923196,25.555555555555557,0.04564315352697095,0.028357504153075898,0.7246917728008285,0.5956521739130435,0.0391304347826087,0.034782608695652174,7.678260869565217,17.34694736783083,287.0,5.659482215759621,0.06044232532345237,0.6824469351279926,-10.824721412623372,-57.0,,,,,,,,,,,,,,,,,,,
00-0005589,2005,16,494,257,2996.0,18,13.0,-8.07905153960592,0.0,0.0,142.0,0.0,1.2127961034499704,26.0,158.0,0,Gus Frerotte,Gustave,Frerotte,QB,1971-07-31,1994,1994.0,7.0,197.0,Tulsa,34.08898015058179,5.746082372918853,33.017462636368755,11,6.202535517187923,30.875,0.05,-0.016354355343331822,-0.50494072122537,0.520242914979757,0.03643724696356275,0.02631578947368421,6.064777327935222,-2.7432604102941696,1.0,0.0,-2.7432604102941696,0.0,-5.335791129311751,493.0,,,,,,,,,,,,,,,,,,,
00-0005589,2007,8,167,94,1014.0,7,12.0,-48.83969681146701,1505.0,329.0,55.0,4.357001205727642,-0.0135795210735718,11.0,59.0,1,Gus Frerotte,Gustave,Frerotte,QB,1971-07-31,1994,1994.0,7.0,197.0,Tulsa,36.087611225188226,7.744713447525289,59.98058638427904,13,5.117993812416755,20.875,0.06179775280898876,-0.2924532743201617,-6.104962101433376,0.562874251497006,0.041916167664670656,0.0718562874251497,6.07185628742515,1.5221012772344968,3.0,1.0986122886681098,0.5073670924114989,0.0,-50.361798088701505,164.0,,,,,,,,,,,,,,,,,,,
00-0005589,2008,11,301,178,2157.0,12,15.0,-31.73797024176325,2463.0,955.0,101.0,10.3380149304025,0.3896076943727717,29.0,164.0,0,Gus Frerotte,Gustave,Frerotte,QB,1971-07-31,1994,1994.0,7.0,197.0,Tulsa,37.08966461327858,8.746766835615642,76.50593007662566,14,5.707110264748875,27.363636363636363,0.08787878787878788,-0.10544176160054236,-2.8852700219784775,0.5913621262458472,0.03986710963455149,0.04983388704318937,7.166112956810632,-48.83969681146701,167.0,5.117993812416755,-0.2924532743201617,-0.0135795210735718,17.101726569703757,134.0,,,,,,,,,,,,,,,,,,,
00-0005741,1999,16,512,302,3819.0,24,13.0,71.467633941514,0.0,0.0,194.0,0.0,1.953338757178005,49.0,241.0,1,Rich Gannon,Richard,Gannon,QB,1965-12-20,1987,1987.0,4.0,98.0,Delaware,33.6974674880219,5.3545697103589625,28.67141678309366,12,6.238324625039508,32.0,0.0873440285204991,0.13958522254201952,4.466727121344625,0.58984375,0.046875,0.025390625,7.458984375,,,,,,,,,,,,,,,,,,,,,,,,,,
00-0005741,2000,16,465,278,3343.0,28,11.0,96.72317132629124,0.0,0.0,172.0,0.0,2.0181306034801265,27.0,120.0,0,Rich Gannon,Richard,Gannon,QB,1965-12-20,1987,1987.0,4.0,98.0,Delaware,34.69952087611225,6.356623098449315,40.40665721573937,13,6.142037405587356,29.0625,0.054878048780487805,0.20800682005654028,6.045198207893202,0.5978494623655914,0.060215053763440864,0.023655913978494623,7.189247311827957,71.467633941514,512.0,6.238324625039508,0.13958522254201952,1.953338757178005,25.25553738477724,-47.0,,,,,,,,,,,,,,,,,,,
00-0005741,2001,16,549,361,3828.0,27,9.0,98.24862079145517,0.0,0.0,194.0,0.0,1.7471952881230324,27.0,155.0,0,Rich Gannon,Richard,Gannon,QB,1965-12-20,1987,1987.0,4.0,98.0,Delaware,35.69883641341547,7.355938635752533,54.10983321295684,14,6.3080984415095305,34.3125,0.046875,0.17895923641430814,6.140538799465948,0.6575591985428051,0.04918032786885246,0.01639344262295082,6.972677595628415,96.72317132629124,465.0,6.142037405587356,0.20800682005654028,2.0181306034801265,1.5254494651639305,84.0,,,,,,,,,,,,,,,,,,,
00-0005741,2002,16,618,418,4689.0,26,10.0,131.59151773973937,0.0,0.0,226.0,0.0,2.0167788017868284,36.0,214.0,2,Rich Gannon,Richard,Gannon,QB,1965-12-20,1987,1987.0,4.0,98.0,Delaware,36.69815195071869,8.355254173055751,69.81027229636555,15,6.42648845745769,38.625,0.05504587155963303,0.21293125847854266,8.22446985873371,0.6763754045307443,0.042071197411003236,0.016181229773462782,7.587378640776699,98.24862079145517,549.0,6.3080984415095305,0.17895923641430814,1.7471952881230324,33.342896948284206,69.0,,,,,,,,,,,,,,,,,,,
00-0005741,2003,7,224,124,1270.0,6,4.0,-25.61729229741468,0.0,0.0,53.0,0.0,0.3612320446446609,17.0,90.0,0,Rich Gannon,Richard,Gannon,QB,1965-12-20,1987,1987.0,4.0,98.0,Delaware,37.6974674880219,9.354569710358962,87.50797446596536,16,5.4116460518550396,32.0,0.07053941908713693,-0.11436291204202982,-3.6596131853449543,0.5535714285714286,0.026785714285714284,0.017857142857142856,5.669642857142857,131.59151773973937,618.0,6.42648845745769,0.21293125847854266,2.0167788017868284,-157.20881003715405,-394.0,,,,,,,,,,,,,,,,,,,
00-0005755,1999,13,369,222,2516.0,11,11.0,26.18531290212859,0.0,0.0,132.0,0.0,1.2943806807330231,15.0,104.0,1,Jeff Garcia,Jeff,Garcia,QB,1970-02-24,1999,,,,San Jose State; Gavilan College,29.516769336071185,1.1738715584082478,1.3779744356398083,0,5.910796644040527,28.384615384615383,0.0390625,0.07096290759384442,2.014254838625276,0.6016260162601627,0.02981029810298103,0.02981029810298103,6.818428184281843,,,,,,,,,,,,,,,,,,,,,,,,,,
00-0005755,2000,16,550,349,4238.0,31,9.0,134.47117808848,0.0,0.0,203.0,0.0,2.041574793396366,23.0,153.0,1,Jeff Garcia,Jeff,Garcia,QB,1970-02-24,1999,,,,San Jose State; Gavilan College,30.518822724161534,2.175924946498597,4.734649372794922,1,6.309918278226516,34.375,0.04013961605584642,0.24449305106996364,8.40444863053,0.6345454545454545,0.056363636363636366,0.016363636363636365,7.705454545454545,26.18531290212859,369.0,5.910796644040527,0.07096290759384442,1.2943806807330231,108.28586518635142,181.0,,,,,,,,,,,,,,,,,,,
00-0005755,2001,16,504,316,3538.0,32,12.0,88.00339949688268,0.0,0.0,183.0,0.0,1.7938434562393095,26.0,114.0,1,Jeff Garcia,Jeff,Garcia,QB,1970-02-24,1999,,,,San Jose State; Gavilan College,31.51813826146475,3.1752404838018116,10.082152129973963,2,6.222576268071369,31.5,0.04905660377358491,0.174609919636672,5.500212468555167,0.626984126984127,0.06349206349206349,0.023809523809523808,7.01984126984127,134.47117808848,550.0,6.309918278226516,0.24449305106996364,2.041574793396366,-46.46777859159732,-46.0,,,,,,,,,,,,,,,,,,,
00-0005755,2002,16,528,328,3344.0,21,10.0,79.53785981271228,0.0,0.0,171.0,0.0,1.645622387010193,17.0,93.0,1,Jeff Garcia,Jeff,Garcia,QB,1970-02-24,1999,,,,San Jose State; Gavilan College,32.51745379876797,4.17455602110503,17.426917973344256,3,6.269096283706261,33.0,0.031192660550458717,0.15063988600892478,4.971116238294518,0.6212121212121212,0.03977272727272727,0.01893939393939394,6.333333333333333,88.00339949688268,504.0,6.222576268071369,0.174609919636672,1.7938434562393095,-8.465539684170395,24.0,,,,,,,,,,,,,,,,,,,
00-0005755,2003,13,392,225,2704.0,18,13.0,20.453884149777803,0.0,0.0,131.0,0.0,1.519435955280097,22.0,107.0,1,Jeff Garcia,Jeff,Garcia,QB,1970-02-24,1999,,,,San Jose State; Gavilan College,33.516769336071185,5.173871558408248,26.76894690290579,4,5.971261839790462,30.153846153846153,0.05314009661835749,0.052178275892290314,1.5733757038290617,0.5739795918367347,0.04591836734693878,0.03316326530612245,6.8979591836734695,79.53785981271228,528.0,6.269096283706261,0.15063988600892478,1.645622387010193,-59.08397566293448,-136.0,,,,,,,,,,,,,,,,,,,
00-0005755,2004,11,252,144,1731.0,10,9.0,-26.08541870958272,0.0,0.0,71.0,0.0,0.7586286097093717,25.0,108.0,0,Jeff Garcia,Jeff,Garcia,QB,1970-02-24,1999,,,,San Jose State; Gavilan College,34.51882272416153,6.1759249464985935,38.14204894478365,5,5.529429087511423,22.90909090909091,0.09025270758122744,-0.10351356630786793,-2.3714017008711563,0.5714285714285714,0.03968253968253968,0.03571428571428571,6.869047619047619,20.453884149777803,392.0,5.971261839790462,0.052178275892290314,1.519435955280097,-46.53930285936052,-140.0,,,,,,,,,,,,,,,,,,,
00-0005755,2005,6,173,102,937.0,3,6.0,-19.235567736679226,0.0,0.0,45.0,0.0,0.2929826247610091,6.0,34.0,0,Jeff Garcia,Jeff,Garcia,QB,1970-02-24,1999,,,,San Jose State; Gavilan College,35.51813826146475,7.175240483801812,51.484076000388455,6,5.153291594497779,28.833333333333332,0.0335195530726257,-0.11118825281317471,-3.205927956113204,0.5895953757225434,0.017341040462427744,0.03468208092485549,5.416184971098266,-26.08541870958272,252.0,5.529429087511423,-0.10351356630786793,0.7586286097093717,6.849850972903493,-79.0,,,,,,,,,,,,,,,,,,,
00-0005755,2006,8,188,116,1309.0,10,2.0,15.657653423836756,1586.0,546.0,61.0,6.974018434378415,0.7031690399326935,6.0,40.0,1,Jeff Garcia,Jeff,Garcia,QB,1970-02-24,1999,,,,San Jose State; Gavilan College,36.51745379876797,8.17455602110503,66.8233661421845,7,5.236441962829949,23.5,0.030927835051546393,0.08328539055232317,1.9572066779795945,0.6170212765957447,0.05319148936170213,0.010638297872340425,6.962765957446808,-19.235567736679226,173.0,5.153291594497779,-0.11118825281317471,0.2929826247610091,34.89322116051598,15.0,,,,,,,,,,,,,,,,,,,
00-0005755,2007,13,327,209,2440.0,13,4.0,49.41911268455459,2443.0,1129.0,112.0,14.127411606887136,1.7578437465628958,19.0,104.0,0,Jeff Garcia,Jeff,Garcia,QB,1970-02-24,1999,,,,San Jose State; Gavilan College,37.516769336071185,9.173871558408248,84.15991937017178,8,5.7899601708972535,25.153846153846153,0.05491329479768786,0.15112878496805685,3.801470206504199,0.6391437308868502,0.039755351681957186,0.012232415902140673,7.461773700305811,15.657653423836756,188.0,5.236441962829949,0.08328539055232317,0.7031690399326935,33.761459260717835,139.0,,,,,,,,,,,,,,,,,,,
00-0005755,2008,12,377,244,2712.0,12,6.0,41.30447470264246,2795.0,1193.0,125.0,12.635928405150828,1.5258966083316836,24.0,103.0,1,Jeff Garcia,Jeff,Garcia,QB,1970-02-24,1999,,,,San Jose State; Gavilan College,38.51882272416153,10.175924946498593,103.5494485167724,9,5.932245187448011,31.416666666666668,0.059850374064837904,0.10956094085581554,3.4420395585535384,0.6472148541114059,0.03183023872679045,0.015915119363395226,7.1936339522546415,49.41911268455459,327.0,5.7899601708972535,0.15112878496805685,1.7578437465628958,-8.114637981912132,50.0,,,,,,,,,,,,,,,,,,,
00-0005885,1999,12,318,188,2769.0,22,12.0,50.73148063700399,0.0,0.0,118.0,0.0,1.4594555434052896,27.0,223.0,0,Jeff George,Jeffrey,George,QB,1967-12-08,1990,1990.0,1.0,1.0,Illinois; Purdue,31.731690622861056,3.388792845198118,11.483916947665957,9,5.762051382780177,26.5,0.0782608695652174,0.15953295797799996,4.227623386416999,0.5911949685534591,0.06918238993710692,0.03773584905660377,8.70754716981132,,,,,,,,,,,,,,,,,,,,,,,,,,
00-0005885,2000,6,192,113,1389.0,7,6.0,28.134116135275047,0.0,0.0,65.0,0.0,0.6684830642860201,11.0,85.0,0,Jeff George,Jeffrey,George,QB,1967-12-08,1990,1990.0,1.0,1.0,Illinois; Purdue,32.733744010951405,4.3908462332884675,19.279530644383524,10,5.2574953720277815,32.0,0.054187192118226604,0.1465318548712242,4.689019355879174,0.5885416666666666,0.036458333333333336,0.03125,7.234375,50.73148063700399,318.0,5.762051382780177,0.15953295797799996,1.4594555434052896,-22.597364501728944,-126.0,,,,,,,,,,,,,,,,,,,
00-0006212,1999,9,270,160,1697.0,9,8.0,-6.1633820938865895,0.0,0.0,81.0,0.0,0.5896951640586157,25.0,169.0,0,Kent Graham,Kent,Graham,QB,1968-11-01,1992,1992.0,8.0,211.0,Ohio State; Notre Dame,30.830937713894592,2.4880399362316545,6.1903427242836155,7,5.598421958998375,30.0,0.0847457627118644,-0.02282734108846885,-0.6848202326540656,0.5925925925925926,0.03333333333333333,0.02962962962962963,6.285185185185185,,,,,,,,,,,,,,,,,,,,,,,,,,
00-0006212,2000,8,148,66,878.0,1,1.0,-34.8588977556456,0.0,0.0,37.0,0.0,0.1958549751415298,13.0,70.0,0,Kent Graham,Kent,Graham,QB,1968-11-01,1992,1992.0,8.0,211.0,Ohio State; Notre Dame,31.83299110198494,3.490093324322004,12.180751412477015,8,4.997212273764115,18.5,0.08074534161490683,-0.23553309294355135,-4.3573622194557,0.44594594594594594,0.006756756756756757,0.006756756756756757,5.9324324324324325,-6.1633820938865895,270.0,5.598421958998375,-0.02282734108846885,0.5896951640586157,-28.69551566175901,-122.0,,,,,,,,,,,,,,,,,,,
00-0006299,1999,11,115,61,753.0,2,3.0,-17.595211378774206,0.0,0.0,37.0,0.0,0.3898327520463933,12.0,78.0,0,Tony Graziani,Anthony,Graziani,QB,1973-12-23,1997,1997.0,7.0,204.0,Oregon,25.689253935660506,-2.653643842002431,7.041825640197423,2,4.74493212836325,10.454545454545455,0.09448818897637795,-0.15300183807629744,-1.599564670797655,0.5304347826086957,0.017391304347826087,0.02608695652173913,6.547826086956522,,,,,,,,,,,,,,,,,,,,,,,,,,
00-0006300,1999,16,494,293,3360.0,22,13.0,46.79460941880345,0.0,0.0,162.0,0.0,1.598476981906212,26.0,170.0,0,Elvis Grbac,Elvis,Grbac,QB,1970-08-13,1993,1993.0,8.0,219.0,Michigan,29.05133470225873,0.7084369245957909,0.5018828761307423,6,6.202535517187923,30.875,0.05,0.09472592999757783,2.9246630886752154,0.5931174089068826,0.044534412955465584,0.02631578947368421,6.801619433198381,,,,,,,,,,,,,,,,,,,,,,,,,,
00-0006300,2000,14,509,303,3848.0,22,13.0,56.60272229024737,0.0,0.0,181.0,0.0,1.4656268040938945,27.0,210.0,0,Elvis Grbac,Elvis,Grbac,QB,1970-08-13,1993,1993.0,8.0,219.0,Michigan,30.053388090349078,1.7104903126861402,2.9257771097931293,7,6.2324480165505225,36.357142857142854,0.05037313432835821,0.11120377660166478,4.043051592160526,0.5952848722986247,0.043222003929273084,0.025540275049115914,7.5599214145383105,46.79460941880345,494.0,6.202535517187923,0.09472592999757783,1.598476981906212,9.808112871443925,15.0,,,,,,,,,,,,,,,,,,,
00-0006300,2001,14,467,265,3033.0,15,18.0,-36.516165005120115,0.0,0.0,149.0,0.0,1.01798188036964,28.0,215.0,0,Elvis Grbac,Elvis,Grbac,QB,1970-08-13,1993,1993.0,8.0,219.0,Michigan,31.052703627652292,2.7098058499893547,7.343047744636529,8,6.1463292576688975,33.357142857142854,0.05656565656565657,-0.07819307281610303,-2.6082975003657225,0.5674518201284796,0.032119914346895075,0.03854389721627409,6.494646680942184,56.60272229024737,509.0,6.2324480165505225,0.11120377660166478,1.4656268040938945,-93.11888729536749,-42.0,,,,,,,,,,,,,,,,,,,
00-0006355,2000,8,236,142,2007.0,16,5.0,51.645357447682,0.0,0.0,91.0,0.0,0.8457460323273112,24.0,145.0,0,Trent Green,Trent,Green,QB,1970-07-09,1993,1993.0,8.0,222.0,Indiana,30.1492128678987,1.8063150902357634,3.262774205213434,7,5.4638318050256105,29.5,0.09230769230769231,0.21883626037153392,6.45566968096025,0.6016949152542372,0.06779661016949153,0.0211864406779661,8.504237288135593,,,,,,,,,,,,,,,,,,,,,,,,,,
00-0006355,2001,16,523,296,3783.0,17,24.0,-7.79657193524726,0.0,0.0,176.0,0.0,1.263286646715799,39.0,198.0,2,Trent Green,Trent,Green,QB,1970-07-09,1993,1993.0,8.0,222.0,Indiana,31.148528405201915,2.805630627538978,7.871563218184759,8,6.259581464064923,32.6875,0.0693950177935943,-0.014907403317872391,-0.48728574595295376,0.5659655831739961,0.032504780114722756,0.045889101338432124,7.233269598470363,51.645357447682,236.0,5.4638318050256105,0.21883626037153392,0.8457460323273112,-59.44192938292926,287.0,,,,,,,,,,,,,,,,,,,
00-0006355,2002,16,470,287,3690.0,26,13.0,92.66052321899733,0.0,0.0,176.0,0.0,2.0858991596013947,26.0,141.0,0,Trent Green,Trent,Green,QB,1970-07-09,1993,1993.0,8.0,222.0,Indiana,32.14784394250513,3.804946164842196,14.477615317347336,9,6.152732694704104,29.375,0.05241935483870968,0.19715004940212197,5.791282701187333,0.6106382978723405,0.05531914893617021,0.027659574468085105,7.851063829787234,-7.79657193524726,523.0,6.259581464064923,-0.014907403317872391,1.263286646715799,100.45709515424458,-53.0,,,,,,,,,,,,,,,,,,,
00-0006355,2003,16,523,330,4039.0,24,12.0,99.95693825775682,0.0,0.0,198.0,0.0,1.674901697263779,20.0,130.0,0,Trent Green,Trent,Green,QB,1970-07-09,1993,1993.0,8.0,222.0,Indiana,33.14715947980835,4.804261702145414,23.08093050270115,10,6.259581464064923,32.6875,0.03683241252302026,0.19112225288290022,6.247308641109801,0.6309751434034416,0.045889101338432124,0.022944550669216062,7.722753346080306,92.66052321899733,470.0,6.152732694704104,0.19715004940212197,2.0858991596013947,7.296415038759491,53.0,,,,,,,,,,,,,,,,,,,
00-0006355,2004,16,556,369,4589.0,27,17.0,149.84341570446128,0.0,0.0,227.0,0.0,2.433586874868129,32.0,227.0,1,Trent Green,Trent,Green,QB,1970-07-09,1993,1993.0,8.0,222.0,Indiana,34.1492128678987,5.80631509023576,33.7132949270995,11,6.320768294250582,34.75,0.05442176870748299,0.26950254623104547,9.36521348152883,0.6636690647482014,0.048561151079136694,0.030575539568345324,8.253597122302159,99.95693825775682,523.0,6.259581464064923,0.19112225288290022,1.674901697263779,49.88647744670446,33.0,,,,,,,,,,,,,,,,,,,
00-0006355,2005,16,507,317,4014.0,17,10.0,76.87233051224709,0.0,0.0,182.0,0.0,2.0397824973110557,32.0,204.0,1,Trent Green,Trent,Green,QB,1970-07-09,1993,1993.0,8.0,222.0,Indiana,35.148528405201915,6.805630627538978,46.316608238496585,12,6.2285110035911835,31.6875,0.059369202226345084,0.15162195367307119,4.804520657015443,0.6252465483234714,0.03353057199211045,0.01972386587771203,7.9171597633136095,149.84341570446128,556.0,6.320768294250582,0.26950254623104547,2.433586874868129,-72.97108519221419,-49.0,,,,,,,,,,,,,,,,,,,
00-0006355,2006,8,198,121,1342.0,7,9.0,-7.431508433151999,1621.0,552.0,76.0,6.623989897161341,0.8744419628505669,24.0,127.0,0,Trent Green,Trent,Green,QB,1970-07-09,1993,1993.0,8.0,222.0,Indiana,36.14784394250513,7.804946164842196,60.917184636084905,13,5.288267030694535,24.75,0.10810810810810811,-0.03753287087450504,-0.9289385541439998,0.6111111111111112,0.03535353535353535,0.045454545454545456,6.777777777777778,76.87233051224709,507.0,6.2285110035911835,0.15162195367307119,2.0397824973110557,-84.3038389453991,-309.0,,,,,,,,,,,,,,,,,,,
00-0006355,2007,5,141,85,987.0,5,7.0,-2.9148037714302735,1182.0,434.0,51.0,4.373105611018312,0.3341582774793525,7.0,53.0,0,Trent Green,Trent,Green,QB,1970-07-09,1993,1993.0,8.0,222.0,Indiana,37.14715947980835,8.804261702145414,77.51502411986446,14,4.948759890378168,28.2,0.0472972972972973,-0.02067236717326435,-0.5829607542860546,0.6028368794326241,0.03546099290780142,0.04964539007092199,7.0,-7.431508433151999,198.0,5.288267030694535,-0.03753287087450504,0.8744419628505669,4.516704661721725,-57.0,,,,,,,,,,,,,,,,,,,
00-0006423,1999,14,442,258,3006.0,14,14.0,6.049619669249247,0.0,0.0,136.0,0.0,1.1361909410793678,27.0,176.0,0,Brian Griese,Brian,Griese,QB,1975-03-18,1998,1998.0,3.0,91.0,Michigan,24.45722108145106,-3.8856766962118776,15.098483387484052,1,6.091309882077698,31.571428571428573,0.057569296375266525,0.013686922328618206,0.4321156906606605,0.583710407239819,0.03167420814479638,0.03167420814479638,6.800904977375565,,,,,,,,,,,,,,,,,,,,,,,,,,
00-0006423,2000,10,330,210,2606.0,19,4.0,83.17200812147622,0.0,0.0,133.0,0.0,1.1711483164888927,17.0,139.0,1,Brian Griese,Brian,Griese,QB,1975-03-18,1998,1998.0,3.0,91.0,Michigan,25.45927446954141,-2.8836233081215283,8.315283383141747,2,5.799092654460526,33.0,0.04899135446685879,0.25203638824689767,8.317200812147622,0.6363636363636364,0.05757575757575758,0.012121212121212121,7.8969696969696965,6.049619669249247,442.0,6.091309882077698,0.013686922328618206,1.1361909410793678,77.12238845222697,-112.0,,,,,,,,,,,,,,,,,,,
00-0006423,2001,15,451,275,2827.0,23,19.0,-18.20327517137901,0.0,0.0,150.0,0.0,1.1078259543395703,38.0,241.0,2,Brian Griese,Brian,Griese,QB,1975-03-18,1998,1998.0,3.0,91.0,Michigan,26.458590006844627,-1.8843077708183102,3.5506157751662695,3,6.111467339502679,30.066666666666666,0.07770961145194274,-0.04036202920483151,-1.213551678091934,0.6097560975609756,0.050997782705099776,0.04212860310421286,6.2682926829268295,83.17200812147622,330.0,5.799092654460526,0.25203638824689767,1.1711483164888927,-101.37528329285523,121.0,,,,,,,,,,,,,,,,,,,
00-0006423,2002,13,436,291,3214.0,15,15.0,34.78316395047424,0.0,0.0,156.0,0.0,1.32364321525402,34.0,237.0,0,Brian Griese,Brian,Griese,QB,1975-03-18,1998,1998.0,3.0,91.0,Michigan,27.457905544147845,-0.8849922335150922,0.7832112533820313,4,6.077642243349034,33.53846153846154,0.07234042553191489,0.07977789896897762,2.675627996190326,0.6674311926605505,0.034403669724770644,0.034403669724770644,7.371559633027523,-18.20327517137901,451.0,6.111467339502679,-0.04036202920483151,1.1078259543395703,52.98643912185325,-15.0,,,,,,,,,,,,,,,,,,,
00-0006423,2003,5,130,74,813.0,5,6.0,-41.82441770622223,0.0,0.0,36.0,0.0,0.2556038594071237,12.0,83.0,0,Brian Griese,Brian,Griese,QB,1975-03-18,1998,1998.0,3.0,91.0,Michigan,28.45722108145106,0.11432330378812239,0.013069817789031319,5,4.867534450455582,26.0,0.08450704225352113,-0.3217262900478633,-8.364883541244446,0.5692307692307692,0.038461538461538464,0.046153846153846156,6.253846153846154,34.78316395047424,436.0,6.077642243349034,0.07977789896897762,1.32364321525402,-76.60758165669647,-306.0,,,,,,,,,,,,,,,,,,,
00-0006423,2004,11,336,233,2632.0,20,12.0,57.68905681627179,0.0,0.0,126.0,0.0,1.141123066614198,26.0,169.0,0,Brian Griese,Brian,Griese,QB,1975-03-18,1998,1998.0,3.0,91.0,Michigan,29.45927446954141,1.1163766918784717,1.24629691816952,6,5.817111159963204,30.545454545454547,0.0718232044198895,0.17169362147699938,5.244459710570163,0.6934523809523809,0.05952380952380952,0.03571428571428571,7.833333333333333,-41.82441770622223,130.0,4.867534450455582,-0.3217262900478633,0.2556038594071237,99.51347452249402,206.0,,,,,,,,,,,,,,,,,,,
00-0006423,2005,6,174,112,1136.0,7,7.0,-8.606807005805628,0.0,0.0,54.0,0.0,0.3996886650871242,12.0,76.0,0,Brian Griese,Brian,Griese,QB,1975-03-18,1998,1998.0,3.0,91.0,Michigan,30.458590006844627,2.1156922291816898,4.4761536086197875,7,5.159055299214529,29.0,0.06451612903225806,-0.04946440807934269,-1.434467834300938,0.6436781609195402,0.040229885057471264,0.040229885057471264,6.528735632183908,57.68905681627179,336.0,5.817111159963204,0.17169362147699938,1.141123066614198,-66.29586382207742,-162.0,,,,,,,,,,,,,,,,,,,
00-0006423,2007,7,262,161,1803.0,10,12.0,0.2968209928833563,1940.0,894.0,82.0,6.432262678096662,0.5765308424760833,15.0,114.0,0,Brian Griese,Brian,Griese,QB,1975-03-18,1998,1998.0,3.0,91.0,Michigan,32.45722108145106,4.114323303788122,16.92765624809401,9,5.568344503761097,37.42857142857143,0.05415162454873646,0.0011329045529899094,0.04240299898333661,0.6145038167938931,0.03816793893129771,0.04580152671755725,6.8816793893129775,-2.2910763445718874,32.0,3.4657359027997265,-0.07159613576787148,0.0498480257322739,2.5878973374552436,230.0,,,,,,,,,,,,,,,,,,,
00-0006423,2008,5,184,110,1073.0,5,7.0,-23.08588721498619,1278.0,444.0,58.0,4.2431350071959715,0.1754623643324206,9.0,69.0,0,Brian Griese,Brian,Griese,QB,1975-03-18,1998,1998.0,3.0,91.0,Michigan,33.45927446954141,5.116376691878475,26.17731045319733,10,5.214935757608986,36.8,0.046632124352331605,-0.12546677834231626,-4.617177442997238,0.5978260869565217,0.02717391304347826,0.03804347826086957,5.831521739130435,0.2968209928833563,262.0,5.568344503761097,0.0011329045529899094,0.5765308424760833,-23.38270820786955,-78.0,,,,,,,,,,,,,,,,,,,
00-0006808,1999,14,426,245,2654.0,10,14.0,-29.428397470778535,0.0,0.0,127.0,0.0,0.6772472936518179,36.0,203.0,1,Jim Harbaugh,James,Harbaugh,QB,1963-12-23,1987,1987.0,1.0,26.0,Michigan,35.690622861054074,7.347725083391136,53.98906390109528,12,6.054439346269371,30.428571428571427,0.07792207792207792,-0.06908074523656933,-2.1020283907698953,0.5751173708920188,0.023474178403755867,0.03286384976525822,6.230046948356808,,,,,,,,,,,,,,,,,,,,,,,,,,
00-0006808,2000,7,199,121,1389.0,8,10.0,8.725724241036671,0.0,0.0,65.0,0.0,0.5144838964381259,13.0,94.0,0,Jim Harbaugh,James,Harbaugh,QB,1963-12-23,1987,1987.0,1.0,26.0,Michigan,36.69267624914442,8.349778471481482,69.71880052281563,13,5.293304824724492,28.428571428571427,0.06132075471698113,0.043847860507721964,1.2465320344338102,0.6080402010050251,0.04020100502512563,0.05025125628140704,6.9798994974874375,-29.428397470778535,426.0,6.054439346269371,-0.06908074523656933,0.6772472936518179,38.15412171181521,-227.0,,,,,,,,,,,,,,,,,,,
00-0007091,2001,13,321,176,2023.0,7,8.0,-22.693224573314833,0.0,0.0,92.0,0.0,0.7840005621417246,38.0,251.0,0,Matt Hasselbeck,Matthew,Hasselbeck,QB,1975-09-25,1999,1998.0,6.0,187.0,Boston College,25.935660506502394,-2.407237271160543,5.794791279664459,2,5.771441123130016,24.692307692307693,0.10584958217270195,-0.0706954036551864,-1.7456326594857563,0.5482866043613707,0.021806853582554516,0.024922118380062305,6.302180685358255,-0.7400779824452541,19.0,2.9444389791664403,-0.03895147276027653,0.027274049684933,-21.95314659086958,302.0,,,,,,,,,,,,,,,,,,,
00-0007091,2002,13,419,267,3075.0,15,10.0,59.857382871135094,0.0,0.0,157.0,0.0,1.414022225372884,26.0,143.0,0,Matt Hasselbeck,Matthew,Hasselbeck,QB,1975-09-25,1999,1998.0,6.0,187.0,Boston College,26.934976043805612,-1.407921733857325,1.9822436086678166,3,6.037870919922137,32.23076923076923,0.058426966292134834,0.14285771568289998,4.604414067010392,0.6372315035799523,0.03579952267303103,0.02386634844868735,7.3389021479713605,-22.693224573314833,321.0,5.771441123130016,-0.0706954036551864,0.7840005621417246,82.55060744444992,98.0,,,,,,,,,,,,,,,,,,,
00-0007091,2003,16,513,313,3844.0,26,15.0,76.87820228175144,0.0,0.0,187.0,0.0,1.8166358675615475,42.0,246.0,0,Matt Hasselbeck,Matthew,Hasselbeck,QB,1975-09-25,1999,1998.0,6.0,187.0,Boston College,27.93429158110883,-0.408606196554107,0.16695902386241354,4,6.240275845170769,32.0625,0.07567567567567568,0.14986004343421333,4.804887642609465,0.6101364522417154,0.050682261208576995,0.029239766081871343,7.49317738791423,59.857382871135094,419.0,6.037870919922137,0.14285771568289998,1.414022225372884,17.020819410616348,94.0,,,,,,,,,,,,,,,,,,,
00-0007091,2004,14,474,279,3390.0,22,15.0,60.633057532812295,0.0,0.0,177.0,0.0,1.5891341916193114,29.0,159.0,2,Matt Hasselbeck,Matthew,Hasselbeck,QB,1975-09-25,1999,1998.0,6.0,187.0,Boston College,28.93634496919918,0.5934471915362423,0.3521795691422534,5,6.161207321695077,33.857142857142854,0.05765407554671968,0.12791784289622846,4.330932680915164,0.5886075949367089,0.046413502109704644,0.03164556962025317,7.151898734177215,76.87820228175144,513.0,6.240275845170769,0.14986004343421333,1.8166358675615475,-16.245144748939147,-39.0,,,,,,,,,,,,,,,,,,,
00-0007091,2005,16,450,294,3455.0,24,10.0,99.50947426170504,0.0,0.0,182.0,0.0,2.32545261522899,23.0,151.0,0,Matt Hasselbeck,Matthew,Hasselbeck,QB,1975-09-25,1999,1998.0,6.0,187.0,Boston College,29.935660506502394,1.5927627288394568,2.536893110380113,6,6.1092475827643655,28.125,0.048625792811839326,0.22113216502601118,6.219342141356565,0.6533333333333333,0.05333333333333334,0.022222222222222223,7.677777777777778,60.633057532812295,474.0,6.161207321695077,0.12791784289622846,1.5891341916193114,38.87641672889274,-24.0,,,,,,,,,,,,,,,,,,,
00-0007091,2006,12,371,210,2442.0,18,15.0,-9.687878082558017,3722.0,792.0,125.0,8.366054105823343,0.8329347943691365,34.0,229.0,1,Matt Hasselbeck,Matthew,Hasselbeck,QB,1975-09-25,1999,1998.0,6.0,187.0,Boston College,30.934976043805612,2.592078266142675,6.718869737809216,7,5.916202062607435,30.916666666666668,0.08395061728395062,-0.02611287892872781,-0.8073231735465014,0.5660377358490566,0.04851752021563342,0.04043126684636118,6.5822102425876015,99.50947426170504,450.0,6.1092475827643655,0.22113216502601118,2.32545261522899,-109.19735234426305,-79.0,,,,,,,,,,,,,,,,,,,
00-0007091,2007,16,562,352,3966.0,28,12.0,65.83427600115671,4650.0,1669.0,204.0,14.067755749728043,1.71113919276066,33.0,204.0,0,Matt Hasselbeck,Matthew,Hasselbeck,QB,1975-09-25,1999,1998.0,6.0,187.0,Boston College,31.93429158110883,3.591393803445893,12.898109451429557,8,6.331501849893691,35.125,0.05546218487394958,0.11714283985970944,4.114642250072294,0.6263345195729537,0.0498220640569395,0.021352313167259787,7.056939501779359,-9.687878082558017,371.0,5.916202062607435,-0.02611287892872781,0.8329347943691365,75.52215408371472,191.0,,,,,,,,,,,,,,,,,,,
00-0007091,2008,7,209,109,1216.0,5,10.0,-35.89208779528974,1935.0,439.0,65.0,4.483847921832532,0.2256826168650645,19.0,119.0,0,Matt Hasselbeck,Matthew,Hasselbeck,QB,1975-09-25,1999,1998.0,6.0,187.0,Boston College,32.936344969199176,4.593447191536239,21.099757101432157,9,5.342334251964811,29.857142857142858,0.08333333333333333,-0.1717324774894246,-5.12744111361282,0.5215311004784688,0.023923444976076555,0.04784688995215311,5.818181818181818,65.83427600115671,562.0,6.331501849893691,0.11714283985970944,1.71113919276066,-101.72636379644645,-353.0,,,,,,,,,,,,,,,,,,,
00-0007091,2009,14,488,293,3029.0,17,17.0,-54.19883075127592,3351.0,1713.0,146.0,13.800944792985078,0.6615870756009636,32.0,209.0,0,Matt Hasselbeck,Matthew,Hasselbeck,QB,1975-09-25,1999,1998.0,6.0,187.0,Boston College,33.935660506502394,5.592762728839457,31.278994941095768,10,6.1903154058531475,34.857142857142854,0.06153846153846154,-0.11106317776900804,-3.8713450536625658,0.6004098360655737,0.03483606557377049,0.03483606557377049,6.206967213114754,-35.89208779528974,209.0,5.342334251964811,-0.1717324774894246,0.2256826168650645,-18.30674295598618,279.0,,,,,,,,,,,,,,,,,,,
00-0007091,2010,14,444,266,2998.0,12,17.0,-18.810071508288836,3870.0,1263.0,136.0,11.823511062001836,0.9520004137679298,29.0,174.0,0,Matt Hasselbeck,Matthew,Hasselbeck,QB,1975-09-25,1999,1998.0,6.0,187.0,Boston College,34.93497604380561,6.592078266142675,43.45549586695061,11,6.095824562432225,31.714285714285715,0.0613107822410148,-0.04236502591956945,-1.3435765363063454,0.5990990990990991,0.02702702702702703,0.038288288288288286,6.752252252252252,-54.19883075127592,488.0,6.1903154058531475,-0.11106317776900804,0.6615870756009636,35.388759242987085,-44.0,,,,,,,,,,,,,,,,,,,
00-0007091,2011,16,518,319,3571.0,18,14.0,7.898979828312612,4129.0,1631.0,163.0,19.62974659192534,1.2277378675277264,19.0,153.0,0,Matt Hasselbeck,Matthew,Hasselbeck,QB,1975-09-25,1999,1998.0,6.0,187.0,Boston College,35.93429158110883,7.591393803445893,57.6292598789967,12,6.249975242259483,32.375,0.035381750465549346,0.015248995807553305,0.49368623926953825,0.6158301158301158,0.03474903474903475,0.02702702702702703,6.8938223938223935,-18.810071508288836,444.0,6.095824562432225,-0.04236502591956945,0.9520004137679298,26.709051336601448,74.0,,,,,,,,,,,,,,,,,,,
00-0007091,2012,8,221,138,1367.0,7,5.0,-14.856309872997752,1707.0,557.0,71.0,6.316032171746534,0.3713525813530857,14.0,103.0,1,Matt Hasselbeck,Matthew,Hasselbeck,QB,1975-09-25,1999,1998.0,6.0,187.0,Boston College,36.936344969199176,8.593447191536239,73.84733463372207,13,5.3981627015177525,27.625,0.059574468085106386,-0.06722312159727489,-1.857038734124719,0.6244343891402715,0.03167420814479638,0.02262443438914027,6.1855203619909505,7.898979828312612,518.0,6.249975242259483,0.015248995807553305,1.2277378675277264,-22.755289701310364,-297.0,,,,,,,,,,,,,,,,,,,
00-0007091,2015,8,256,156,1690.0,9,5.0,-0.1130612501194723,1900.0,779.0,85.0,7.422088788257151,0.5321229184020049,16.0,101.0,0,Matt Hasselbeck,Matthew,Hasselbeck,QB,1975-09-25,1999,1998.0,6.0,187.0,Boston College,39.93429158110883,11.591393803445893,134.36041030656384,16,5.545177444479562,32.0,0.058823529411764705,-0.00044164550827918865,-0.014132656264934037,0.609375,0.03515625,0.01953125,6.6015625,-0.6280506349282078,44.0,3.784189633918261,-0.014273878066550177,0.3042256154382854,0.5149893848087355,212.0,,,,,,,,,,,,,,,,,,,
00-0007530,1999,9,157,84,965.0,6,5.0,-1.914359758046224,0.0,0.0,43.0,0.0,0.7901913224468158,11.0,79.0,0,Billy Joe Hobert,Billy Joe,Hobert,QB,1971-01-08,1993,1993.0,3.0,58.0,Washington,28.646132785763175,0.30323500810023774,0.09195147013755124,6,5.056245805348308,17.444444444444443,0.06547619047619048,-0.01219337425507149,-0.21270663978291376,0.535031847133758,0.03821656050955414,0.03184713375796178,6.146496815286624,,,,,,,,,,,,,,,,,,,,,,,,,,
00-0007576,2002,4,106,64,790.0,8,4.0,12.64588220119876,0.0,0.0,42.0,0.0,0.4569128680759956,5.0,40.0,0,Kelly Holcomb,Bryan,Holcomb,QB,1973-07-09,1996,,,,Middle Tennessee State,29.14715947980835,0.8042617021454141,0.6468368855378389,6,4.663439094112067,26.5,0.04504504504504504,0.11930077548300716,3.16147055029969,0.6037735849056604,0.07547169811320754,0.03773584905660377,7.452830188679245,7.528921502758749,12.0,2.4849066497880004,0.6274101252298957,0.1939312947736907,5.1169606984400104,94.0,,,,,,,,,,,,,,,,,,,
00-0007576,2003,10,302,193,1797.0,10,12.0,-21.05098249535324,0.0,0.0,94.0,0.0,0.7914908866248535,21.0,166.0,0,Kelly Holcomb,Bryan,Holcomb,QB,1973-07-09,1996,,,,Middle Tennessee State,30.146475017111566,1.8035772394486287,3.252890858657136,7,5.71042701737487,30.2,0.06501547987616099,-0.06970524005083854,-2.105098249535324,0.6390728476821192,0.033112582781456956,0.039735099337748346,5.950331125827814,12.64588220119876,106.0,4.663439094112067,0.11930077548300716,0.4569128680759956,-33.696864696552,196.0,,,,,,,,,,,,,,,,,,,
00-0007576,2005,10,230,155,1509.0,10,8.0,5.625024798787983,0.0,0.0,74.0,0.0,0.6308943962018236,17.0,140.0,0,Kelly Holcomb,Bryan,Holcomb,QB,1973-07-09,1996,,,,Middle Tennessee State,32.14784394250513,3.804946164842196,14.477615317347336,9,5.438079308923196,23.0,0.06882591093117409,0.024456629559947752,0.5625024798787983,0.6739130434782609,0.043478260869565216,0.034782608695652174,6.560869565217391,8.842726087696988,87.0,4.465908118654584,0.10164052974364354,0.3582800622222895,-3.217701288909005,143.0,,,,,,,,,,,,,,,,,,,
00-0007835,1999,9,214,124,1280.0,8,4.0,-17.55195364869821,0.0,0.0,68.0,0.0,0.8199018262072798,28.0,185.0,0,Damon Huard,Damon,Huard,QB,1973-07-09,1997,,,,Washington,26.146475017111566,-2.1964227605513713,4.824272943068107,2,5.365976015021851,23.77777777777778,0.11570247933884298,-0.08201847499391686,-1.9502170720775789,0.5794392523364486,0.037383177570093455,0.018691588785046728,5.981308411214953,,,,,,,,,,,,,,,,,,,,,,,,,,
00-0007835,2006,10,244,148,1878.0,11,1.0,32.47853236305193,1973.0,760.0,106.0,10.344391466748172,1.038981296791498,16.0,106.0,1,Damon Huard,Damon,Huard,QB,1973-07-09,1997,,,,Washington,33.14715947980835,4.804261702145414,23.08093050270115,9,5.497168225293202,24.4,0.06153846153846154,0.13310873919283578,3.2478532363051933,0.6065573770491803,0.045081967213114756,0.004098360655737705,7.69672131147541,-1.399033142020926,1.0,0.0,-1.399033142020926,0.0,33.87756550507286,243.0,,,,,,,,,,,,,,,,,,,
00-0007835,2007,11,332,206,2257.0,11,13.0,-26.30675728873787,2676.0,952.0,111.0,9.570720121659743,0.7601305619477833,37.0,237.0,0,Damon Huard,Damon,Huard,QB,1973-07-09,1997,,,,Washington,34.14647501711157,5.803577239448632,33.681508774246204,10,5.805134968916488,30.181818181818183,0.1002710027100271,-0.07923722074921045,-2.391523389885261,0.6204819277108434,0.03313253012048193,0.0391566265060241,6.798192771084337,32.47853236305193,244.0,5.497168225293202,0.13310873919283578,1.038981296791498,-58.7852896517898,88.0,,,,,,,,,,,,,,,,,,,
00-0008442,1999,16,515,313,3988.0,24,13.0,63.17596225158665,0.0,0.0,176.0,0.0,1.894796595546542,28.0,176.0,1,Brad Johnson,James,Johnson,QB,1968-09-13,1992,1992.0,9.0,227.0,Florida State,30.965092402464066,2.6221946248011285,6.875904650335931,7,6.244166900663736,32.1875,0.05156537753222836,0.12267177136230417,3.9484976407241654,0.6077669902912621,0.04660194174757282,0.02524271844660194,7.7436893203883495,,,,,,,,,,,,,,,,,,,,,,,,,,
00-0008442,2000,12,359,226,2489.0,11,15.0,9.48168340036444,0.0,0.0,119.0,0.0,1.1064120086957252,20.0,150.0,0,Brad Johnson,James,Johnson,QB,1968-09-13,1992,1992.0,9.0,227.0,Florida State,31.967145790554415,3.624248012891478,13.135173658947826,8,5.883322388488279,29.916666666666668,0.052770448548812667,0.026411374374274207,0.7901402833637033,0.6295264623955432,0.03064066852367688,0.04178272980501393,6.933147632311978,63.17596225158665,515.0,6.244166900663736,0.12267177136230417,1.894796595546542,-53.69427885122221,-156.0,,,,,,,,,,,,,,,,,,,
00-0008442,2001,16,559,340,3406.0,13,11.0,9.697828748975317,0.0,0.0,179.0,0.0,1.2701939413036358,44.0,269.0,2,Brad Johnson,James,Johnson,QB,1968-09-13,1992,1992.0,9.0,227.0,Florida State,32.96646132785763,4.623563550194692,21.37733990268895,9,6.326149473155099,34.9375,0.07296849087893864,0.017348530856843142,0.6061142968109573,0.6082289803220036,0.023255813953488372,0.01967799642218247,6.093023255813954,9.48168340036444,359.0,5.883322388488279,0.026411374374274207,1.1064120086957252,0.2161453486108762,200.0,,,,,,,,,,,,,,,,,,,
00-0008442,2002,13,451,281,3049.0,22,6.0,50.88786840785427,0.0,0.0,142.0,0.0,1.3661732201215335,21.0,121.0,2,Brad Johnson,James,Johnson,QB,1968-09-13,1992,1992.0,9.0,227.0,Florida State,33.96577686516085,5.62287908749791,31.616769232621333,10,6.111467339502679,34.69230769230769,0.04449152542372881,0.11283341110388974,3.91445141598879,0.623059866962306,0.04878048780487805,0.013303769401330377,6.760532150776053,9.697828748975317,559.0,6.326149473155099,0.017348530856843142,1.2701939413036358,41.19003965887895,-108.0,,,,,,,,,,,,,,,,,,,
00-0008442,2003,16,570,354,3821.0,26,21.0,42.29702712993842,0.0,0.0,184.0,0.0,1.52165514787862,20.0,111.0,1,Brad Johnson,James,Johnson,QB,1968-09-13,1992,1992.0,9.0,227.0,Florida State,34.965092402464066,6.6221946248011285,43.85346164874496,11,6.345636360828596,35.625,0.03389830508474576,0.07420531075427793,2.6435641956211513,0.6210526315789474,0.0456140350877193,0.03684210526315789,6.703508771929824,50.88786840785427,451.0,6.111467339502679,0.11283341110388974,1.3661732201215335,-8.59084127791585,119.0,,,,,,,,,,,,,,,,,,,
00-0008442,2004,4,103,65,674.0,3,3.0,-13.289532437448443,0.0,0.0,28.0,0.0,0.309235144377226,8.0,55.0,1,Brad Johnson,James,Johnson,QB,1968-09-13,1992,1992.0,9.0,227.0,Florida State,35.96714579055441,7.624248012891474,58.12915776207959,12,4.634728988229636,25.75,0.07207207207207207,-0.1290245867713441,-3.322383109362111,0.6310679611650486,0.02912621359223301,0.02912621359223301,6.543689320388349,42.29702712993842,570.0,6.345636360828596,0.07420531075427793,1.52165514787862,-55.586559567386864,-467.0,,,,,,,,,,,,,,,,,,,
00-0008442,2005,11,293,183,1885.0,12,4.0,1.9777318080844497,0.0,0.0,92.0,0.0,0.774922126119592,23.0,134.0,0,Brad Johnson,James,Johnson,QB,1968-09-13,1992,1992.0,9.0,227.0,Florida State,36.96646132785763,8.623563550194692,74.36584830424648,13,5.680172609017068,26.636363636363637,0.07278481012658228,0.006749937911551023,0.17979380073494997,0.6245733788395904,0.040955631399317405,0.013651877133105802,6.433447098976109,-13.289532437448443,103.0,4.634728988229636,-0.1290245867713441,0.309235144377226,15.267264245532893,190.0,,,,,,,,,,,,,,,,,,,
00-0008442,2006,15,439,270,2750.0,10,15.0,-72.73818843222023,3414.0,1364.0,132.0,14.202366609416057,0.9629498009105906,28.0,200.0,0,Brad Johnson,James,Johnson,QB,1968-09-13,1992,1992.0,9.0,227.0,Florida State,37.96577686516085,9.62287908749791,92.59980193260462,14,6.0844994130751715,29.266666666666666,0.059957173447537475,-0.1656906342419595,-4.849212562148015,0.6150341685649203,0.022779043280182234,0.03416856492027335,6.264236902050114,1.9777318080844497,293.0,5.680172609017068,0.006749937911551023,0.774922126119592,-74.71592024030468,146.0,,,,,,,,,,,,,,,,,,,
00-0008612,2000,11,274,161,1911.0,12,6.0,-21.579064875420695,0.0,0.0,93.0,0.0,0.6636284395823112,44.0,252.0,0,Rob Johnson,Rob,Johnson,QB,1973-03-18,1995,1995.0,4.0,99.0,USC,27.457905544147845,-0.8849922335150922,0.7832112533820313,5,5.6131281063880705,24.90909090909091,0.13836477987421383,-0.07875571122416312,-1.9617331704927905,0.5875912408759124,0.043795620437956206,0.021897810218978103,6.974452554744525,17.797075586859137,34.0,3.5263605246161616,0.5234433996135041,0.2558431502766676,-39.376140462279835,240.0,,,,,,,,,,,,,,,,,,,
00-0008612,2001,8,216,134,1465.0,5,7.0,-36.72422707285692,0.0,0.0,70.0,0.0,0.417315291514447,31.0,196.0,0,Rob Johnson,Rob,Johnson,QB,1973-03-18,1995,1995.0,4.0,99.0,USC,28.45722108145106,0.11432330378812239,0.013069817789031319,6,5.375278407684165,27.0,0.12550607287449392,-0.170019569781745,-4.590528384107115,0.6203703703703703,0.023148148148148147,0.032407407407407406,6.782407407407407,-21.579064875420695,274.0,5.6131281063880705,-0.07875571122416312,0.6636284395823112,-15.145162197436225,-58.0,,,,,,,,,,,,,,,,,,,
00-0009007,2000,5,114,55,506.0,2,5.0,-32.859389605992256,0.0,0.0,28.0,0.0,0.117928276139255,8.0,60.0,0,Danny Kanell,Daniel,Kanell,QB,1973-11-21,1996,1996.0,4.0,130.0,Florida State,26.77891854893908,-1.5639792287238556,2.446031027879666,4,4.736198448394496,22.8,0.06557377049180328,-0.28824025970168643,-6.5718779211984515,0.4824561403508772,0.017543859649122806,0.043859649122807015,4.43859649122807,4.844675992610207,82.0,4.406719247264253,0.05908141454402691,0.2474522081630853,-37.70406559860246,32.0,,,,,,,,,,,,,,,,,,,
00-0009007,2003,5,103,53,442.0,2,5.0,-31.84195125467674,0.0,0.0,26.0,0.0,0.2731687040697855,2.0,24.0,0,Danny Kanell,Daniel,Kanell,QB,1973-11-21,1996,1996.0,4.0,130.0,Florida State,29.776865160848732,1.433967383185795,2.056262456040717,7,4.634728988229636,20.6,0.01904761904761905,-0.30914515781239554,-6.368390250935348,0.5145631067961165,0.019417475728155338,0.04854368932038835,4.29126213592233,-32.859389605992256,114.0,4.736198448394496,-0.28824025970168643,0.117928276139255,1.0174383513155156,-11.0,,,,,,,,,,,,,,,,,,,
00-0009266,1999,6,145,88,807.0,7,4.0,-13.66171918814878,0.0,0.0,40.0,0.0,0.3344232596140341,11.0,78.0,0,Shaun King,Shaun,King,QB,1977-05-29,1999,1999.0,2.0,50.0,Tulane,22.258726899383984,-6.084170878278954,37.0171352760977,0,4.976733742420574,24.166666666666668,0.07051282051282051,-0.09421875302171573,-2.276953198024797,0.6068965517241379,0.04827586206896552,0.027586206896551724,5.56551724137931,,,,,,,,,,,,,,,,,,,,,,,,,,
00-0009266,2000,16,421,228,2689.0,18,13.0,-1.5446882031345424,0.0,0.0,139.0,0.0,1.3546273913652829,37.0,240.0,0,Shaun King,Shaun,King,QB,1977-05-29,1999,1999.0,2.0,50.0,Tulane,23.260780287474333,-5.082117490188605,25.82791818408092,1,6.042632833682381,26.3125,0.08078602620087336,-0.0036690931190844238,-0.0965430126959089,0.5415676959619953,0.04275534441805225,0.030878859857482184,6.3871733966745845,-13.66171918814878,145.0,4.976733742420574,-0.09421875302171573,0.3344232596140341,12.117030985014237,276.0,,,,,,,,,,,,,,,,,,,
00-0009311,1999,15,487,267,3328.0,23,16.0,6.873812242134385,0.0,0.0,166.0,0.0,1.1613468467622712,31.0,191.0,0,Jon Kitna,Jon,Kitna,QB,1972-09-21,1997,,,,Central Washington University,26.94318959616701,-1.399708181495928,1.9591829933466378,2,6.18826412308259,32.46666666666667,0.059845559845559844,0.014114604193294425,0.45825414947562565,0.5482546201232033,0.04722792607802875,0.03285420944558522,6.833675564681725,,,,,,,,,,,,,,,,,,,,,,,,,,
00-0009311,2000,15,412,256,2643.0,18,19.0,5.334726248816276,0.0,0.0,141.0,0.0,1.0797306334089716,32.0,156.0,0,Jon Kitna,Jon,Kitna,QB,1972-09-21,1997,,,,Central Washington University,27.94524298425736,-0.39765479340557874,0.15812933471843352,3,6.021023349349527,27.466666666666665,0.07207207207207207,0.012948364681592902,0.3556484165877517,0.6213592233009708,0.043689320388349516,0.04611650485436893,6.415048543689321,6.873812242134385,487.0,6.18826412308259,0.014114604193294425,1.1613468467622712,-1.5390859933181087,-75.0,,,,,,,,,,,,,,,,,,,
00-0009311,2001,16,581,313,3216.0,12,22.0,-35.7605821497298,0.0,0.0,171.0,0.0,0.8027398842257404,25.0,185.0,1,Jon Kitna,Jon,Kitna,QB,1972-09-21,1997,,,,Central Washington University,28.944558521560573,0.6016607438976358,0.3619956507474565,4,6.364750756851911,36.3125,0.041254125412541254,-0.06155005533516317,-2.2350363843581125,0.5387263339070568,0.020654044750430294,0.0378657487091222,5.535283993115319,5.334726248816276,412.0,6.021023349349527,0.012948364681592902,1.0797306334089716,-41.095308398546074,169.0,,,,,,,,,,,,,,,,,,,
00-0009311,2002,13,473,294,3178.0,16,16.0,-16.65554820102614,0.0,0.0,156.0,0.0,1.1677612541878422,24.0,159.0,0,Jon Kitna,Jon,Kitna,QB,1972-09-21,1997,,,,Central Washington University,29.94387405886379,1.600976281200854,2.5631250529677154,5,6.159095388491933,36.38461538461539,0.0482897384305835,-0.03521257547785653,-1.281196015463549,0.6215644820295984,0.03382663847780127,0.03382663847780127,6.718816067653277,-35.7605821497298,581.0,6.364750756851911,-0.06155005533516317,0.8027398842257404,19.10503394870366,-108.0,,,,,,,,,,,,,,,,,,,
00-0009311,2003,16,521,325,3605.0,26,15.0,48.47296262706061,0.0,0.0,181.0,0.0,1.8393948428526263,37.0,253.0,0,Jon Kitna,Jon,Kitna,QB,1972-09-21,1997,,,,Central Washington University,30.94318959616701,2.600291818504072,6.761517541379214,6,6.255750041753367,32.5625,0.06630824372759857,0.09303831598284186,3.029560164191288,0.6238003838771593,0.04990403071017274,0.028790786948176585,6.9193857965451055,-16.65554820102614,473.0,6.159095388491933,-0.03521257547785653,1.1677612541878422,65.12851082808675,48.0,,,,,,,,,,,,,,,,,,,
00-0009311,2004,4,104,61,623.0,5,4.0,4.173406766912115,0.0,0.0,32.0,0.0,0.4471773851196621,6.0,41.0,0,Jon Kitna,Jon,Kitna,QB,1972-09-21,1997,,,,Central Washington University,31.94524298425736,3.6023452065944213,12.976890987473803,7,4.6443908991413725,26.0,0.05454545454545454,0.0401289112203088,1.0433516917280288,0.5865384615384616,0.04807692307692308,0.038461538461538464,5.990384615384615,48.47296262706061,521.0,6.255750041753367,0.09303831598284186,1.8393948428526263,-44.299555860148494,-417.0,,,,,,,,,,,,,,,,,,,
00-0009311,2006,16,596,372,4208.0,21,22.0,-33.99151609285423,5040.0,1698.0,208.0,13.806149606328898,1.13391454021145,63.0,388.0,0,Jon Kitna,Jon,Kitna,QB,1972-09-21,1997,,,,Central Washington University,33.94387405886379,5.600976281200854,31.370935302574548,9,6.39024066706535,37.25,0.09559939301972686,-0.057032745122238646,-2.1244697558033896,0.6241610738255033,0.03523489932885906,0.03691275167785235,7.060402684563758,-12.797836410902162,29.0,3.367295829986474,-0.4413047038242125,0.0376950820829925,-21.19367968195207,567.0,,,,,,,,,,,,,,,,,,,
00-0009311,2007,16,563,355,4066.0,18,21.0,-22.755922423423097,4799.0,1569.0,196.0,14.417915003546446,1.2748194607867156,48.0,319.0,0,Jon Kitna,Jon,Kitna,QB,1972-09-21,1997,,,,Central Washington University,34.94318959616701,6.600291818504072,43.56385208941179,10,6.333279628139691,35.1875,0.07855973813420622,-0.040419045157057014,-1.4222451514639436,0.6305506216696269,0.03197158081705151,0.037300177619893425,7.2220248667850795,-33.99151609285423,596.0,6.39024066706535,-0.057032745122238646,1.13391454021145,11.235593669431136,-33.0,,,,,,,,,,,,,,,,,,,
00-0009311,2008,4,120,68,758.0,5,5.0,-42.933106934691445,1093.0,377.0,33.0,2.756165754447549,0.01918214273705,15.0,89.0,0,Jon Kitna,Jon,Kitna,QB,1972-09-21,1997,,,,Central Washington University,35.945242984257355,7.602345206594418,57.79565264022912,11,4.787491742782046,30.0,0.1111111111111111,-0.3577758911224287,-10.733276733672861,0.5666666666666667,0.041666666666666664,0.041666666666666664,6.316666666666666,-22.755922423423097,563.0,6.333279628139691,-0.040419045157057014,1.2748194607867156,-20.177184511268347,-443.0,,,,,,,,,,,,,,,,,,,
00-0009311,2010,10,318,209,2365.0,16,12.0,24.067200474526892,2140.0,1345.0,117.0,11.19285927539048,1.1843445317125854,21.0,100.0,2,Jon Kitna,Jon,Kitna,QB,1972-09-21,1997,,,,Central Washington University,37.94387405886379,9.600976281200854,92.17874555218138,13,5.762051382780177,31.8,0.061946902654867256,0.07568302036014746,2.4067200474526893,0.6572327044025157,0.050314465408805034,0.03773584905660377,7.437106918238993,-42.933106934691445,120.0,4.787491742782046,-0.3577758911224287,0.01918214273705,67.00030740921834,198.0,,,,,,,,,,,,,,,,,,,
00-0009451,1999,6,140,77,769.0,2,10.0,-31.436896701601913,0.0,0.0,38.0,0.0,0.1413650238734753,7.0,62.0,0,Erik Kramer,William,Kramer,QB,1964-11-06,1987,,,,N.C. State; Pierce College,34.81724845995893,6.474350682295995,41.917216757346615,12,4.941642422609304,23.333333333333332,0.047619047619047616,-0.22454926215429938,-5.239482783600319,0.55,0.014285714285714285,0.07142857142857142,5.492857142857143,,,,,,,,,,,,,,,,,,,,,,,,,,
00-0009715,2000,10,305,151,1779.0,11,17.0,-64.11308571858797,0.0,0.0,77.0,0.0,0.3885298979110181,30.0,146.0,0,Ryan Leaf,Ryan,Leaf,QB,1976-05-15,1998,1998.0,1.0,2.0,Washington State,24.298425735797398,-4.044472041865539,16.357754097432004,2,5.720311776607412,30.5,0.08955223880597014,-0.2102068384215999,-6.411308571858797,0.49508196721311476,0.036065573770491806,0.05573770491803279,5.832786885245902,,,,,,,,,,,,,,,,,,,,,,,,,,
00-0010137,1999,9,268,160,1669.0,14,6.0,27.710157728260008,0.0,0.0,82.0,0.0,0.7500509981455327,11.0,69.0,0,Ray Lucas,Ray,Lucas,QB,1972-08-06,1996,,,,Rutgers,27.069130732375086,-1.2737670452878511,1.6224824856613425,3,5.5909869805108565,29.77777777777778,0.03942652329749104,0.10339611092634331,3.078906414251112,0.5970149253731343,0.05223880597014925,0.022388059701492536,6.227611940298507,,,,,,,,,,,,,,,,,,,,,,,,,,
00-0010137,2002,7,160,92,1045.0,4,6.0,-14.15670881619363,0.0,0.0,47.0,0.0,0.5232828905836567,12.0,90.0,0,Ray Lucas,Ray,Lucas,QB,1972-08-06,1996,,,,Rutgers,30.069815195071868,1.7269174174089308,2.982243766550331,6,5.075173815233827,22.857142857142858,0.06976744186046512,-0.08847943010121019,-2.022386973741947,0.575,0.025,0.0375,6.53125,2.9438041005050763,3.0,1.0986122886681098,0.9812680335016921,0.0,-17.100512916698705,157.0,,,,,,,,,,,,,,,,,,,
00-0010261,2002,12,377,234,2836.0,20,16.0,26.10349880012123,0.0,0.0,137.0,0.0,1.3198288193777985,26.0,148.0,3,Tommy Maddox,Thomas,Maddox,QB,1971-09-02,1992,1992.0,1.0,25.0,UCLA,30.99794661190965,2.6550488342467133,7.049284312234832,10,5.932245187448011,31.416666666666668,0.06451612903225806,0.06924004986769557,2.175291566676769,0.6206896551724138,0.05305039787798409,0.042440318302387266,7.522546419098143,5.613233673328068,9.0,2.1972245773362196,0.6236926303697854,0.1029660561873864,20.49026512679316,368.0,,,,,,,,,,,,,,,,,,,
00-0010261,2003,16,519,298,3414.0,18,17.0,-24.37920469822277,0.0,0.0,171.0,0.0,1.3461584238407174,41.0,242.0,0,Tommy Maddox,Thomas,Maddox,QB,1971-09-02,1992,1992.0,1.0,25.0,UCLA,31.99726214921287,3.6543643715499314,13.354378960053525,11,6.251903883165888,32.4375,0.07321428571428572,-0.04697341945707663,-1.5237002936389232,0.5741811175337187,0.03468208092485549,0.03275529865125241,6.578034682080925,26.10349880012123,377.0,5.932245187448011,0.06924004986769557,1.3198288193777985,-50.482703498344,142.0,,,,,,,,,,,,,,,,,,,
00-0010346,1999,16,527,326,4047.0,26,15.0,115.76011144999012,0.0,0.0,194.0,0.0,2.127704796877849,14.0,116.0,1,Peyton Manning,Peyton,Manning,QB,1976-03-24,1998,1998.0,1.0,1.0,Tennessee,23.43874058863792,-4.9041571890250175,24.050757734665762,1,6.267200548541362,32.9375,0.025878003696857672,0.21965865550282757,7.2350069656243825,0.618595825426945,0.04933586337760911,0.028462998102466792,7.679316888045541,,,,,,,,,,,,,,,,,,,,,,,,,,
00-0010346,2000,16,564,353,4388.0,33,14.0,140.9278687242325,0.0,0.0,211.0,0.0,2.2973757343876704,20.0,131.0,1,Peyton Manning,Peyton,Manning,QB,1976-03-24,1998,1998.0,1.0,1.0,Tennessee,24.44079397672827,-3.9021038009346682,15.226414073268785,2,6.335054251498059,35.25,0.03424657534246575,0.2498721076670789,8.807991795264531,0.625886524822695,0.05851063829787234,0.024822695035460994,7.780141843971631,115.76011144999012,527.0,6.267200548541362,0.21965865550282757,2.127704796877849,25.167757274242376,37.0,,,,,,,,,,,,,,,,,,,
00-0010346,2001,16,547,343,4131.0,26,23.0,23.481885153541764,0.0,0.0,201.0,0.0,1.4709933622315186,29.0,232.0,2,Peyton Manning,Peyton,Manning,QB,1976-03-24,1998,1998.0,1.0,1.0,Tennessee,25.440109514031484,-2.9027882636314537,8.42617970347651,3,6.304448802421981,34.1875,0.050347222222222224,0.04292849205400688,1.4676178220963603,0.6270566727605119,0.04753199268738574,0.04204753199268738,7.552102376599635,140.9278687242325,564.0,6.335054251498059,0.2498721076670789,2.2973757343876704,-117.44598357069073,-17.0,,,,,,,,,,,,,,,,,,,
00-0010346,2002,16,591,392,4200.0,27,19.0,71.86421172390203,0.0,0.0,213.0,0.0,1.852162385206976,23.0,145.0,2,Peyton Manning,Peyton,Manning,QB,1976-03-24,1998,1998.0,1.0,1.0,Tennessee,26.439425051334702,-1.9034727263282356,3.623208419875446,4,6.3818160174060985,36.9375,0.03745928338762215,0.12159765097106942,4.491513232743877,0.6632825719120136,0.04568527918781726,0.032148900169204735,7.106598984771574,23.481885153541764,547.0,6.304448802421981,0.04292849205400688,1.4709933622315186,48.38232657036026,44.0,,,,,,,,,,,,,,,,,,,
00-0010346,2003,16,566,379,4267.0,29,10.0,136.2662435631979,0.0,0.0,210.0,0.0,2.1253372444561984,19.0,110.0,1,Peyton Manning,Peyton,Manning,QB,1976-03-24,1998,1998.0,1.0,1.0,Tennessee,27.43874058863792,-0.9041571890250175,0.8175002224656213,5,6.338594078203183,35.375,0.03247863247863248,0.24075308050034963,8.516640222699868,0.6696113074204947,0.05123674911660778,0.0176678445229682,7.53886925795053,71.86421172390203,591.0,6.3818160174060985,0.12159765097106942,1.852162385206976,64.40203183929586,-25.0,,,,,,,,,,,,,,,,,,,
00-0010346,2004,16,497,336,4557.0,49,10.0,221.4964524093534,0.0,0.0,232.0,0.0,3.0184478074374788,13.0,101.0,0,Peyton Manning,Peyton,Manning,QB,1976-03-24,1998,1998.0,1.0,1.0,Tennessee,28.44079397672827,0.09789619906533176,0.009583665791439062,6,6.208590026096629,31.0625,0.025490196078431372,0.4456669062562443,13.843528275584587,0.676056338028169,0.09859154929577464,0.02012072434607646,9.169014084507042,136.2662435631979,566.0,6.338594078203183,0.24075308050034963,2.1253372444561984,85.2302088461555,-69.0,,,,,,,,,,,,,,,,,,,
00-0010346,2005,16,453,305,3747.0,28,10.0,180.43690499082808,0.0,0.0,197.0,0.0,2.7817379994217735,17.0,81.0,0,Peyton Manning,Peyton,Manning,QB,1976-03-24,1998,1998.0,1.0,1.0,Tennessee,29.440109514031484,1.0972117363685463,1.2038735944248804,7,6.115892125483034,28.3125,0.036170212765957444,0.3983154635559119,11.277306561926755,0.673289183222958,0.06181015452538632,0.02207505518763797,8.271523178807946,221.4964524093534,497.0,6.208590026096629,0.4456669062562443,3.0184478074374788,-41.05954741852531,-44.0,,,,,,,,,,,,,,,,,,,
00-0010346,2006,16,557,362,4397.0,31,9.0,182.55263240458655,5332.0,1407.0,241.0,14.58220692130643,3.1267241229224765,14.0,86.0,1,Peyton Manning,Peyton,Manning,QB,1976-03-24,1998,1998.0,1.0,1.0,Tennessee,30.439425051334702,2.0965272736717644,4.3954266092495615,8,6.322565239927284,34.8125,0.024518388791593695,0.32774260754862933,11.40953952528666,0.6499102333931778,0.05565529622980251,0.01615798922800718,7.8940754039497305,180.43690499082808,453.0,6.115892125483034,0.3983154635559119,2.7817379994217735,2.1157274137584636,104.0,,,,,,,,,,,,,,,,,,,
00-0010346,2007,16,515,337,4040.0,31,14.0,154.48747470370654,4465.0,1447.0,205.0,17.463069225969374,3.1482594159103723,21.0,124.0,1,Peyton Manning,Peyton,Manning,QB,1976-03-24,1998,1998.0,1.0,1.0,Tennessee,31.43874058863792,3.0958428109749825,9.584242710265482,9,6.244166900663736,32.1875,0.03917910447761194,0.2999756790363234,9.655467168981659,0.654368932038835,0.06019417475728155,0.027184466019417475,7.844660194174757,182.55263240458655,557.0,6.322565239927284,0.32774260754862933,3.1267241229224765,-28.065157700880007,-42.0,,,,,,,,,,,,,,,,,,,
00-0010346,2008,16,555,371,4002.0,27,12.0,144.53437126231856,4810.0,1586.0,210.0,17.04735525716987,3.079192236242708,14.0,86.0,1,Peyton Manning,Peyton,Manning,QB,1976-03-24,1998,1998.0,1.0,1.0,Tennessee,32.440793976728266,4.097896199065328,16.792753258314065,10,6.318968113746434,34.6875,0.02460456942003515,0.26042229056273614,9.03339820389491,0.6684684684684684,0.04864864864864865,0.021621621621621623,7.210810810810811,154.48747470370654,515.0,6.244166900663736,0.2999756790363234,3.1482594159103723,-9.95310344138798,40.0,,,,,,,,,,,,,,,,,,,
00-0010346,2009,16,571,393,4500.0,33,16.0,174.14356319901796,4898.0,1974.0,237.0,16.02842943072966,3.2529400919951903,10.0,74.0,0,Peyton Manning,Peyton,Manning,QB,1976-03-24,1998,1998.0,1.0,1.0,Tennessee,33.440109514031484,5.097211736368546,25.98156748537325,11,6.3473892096560105,35.6875,0.01721170395869191,0.30497997057621357,10.883972699938623,0.6882661996497373,0.05779334500875657,0.028021015761821366,7.880910683012259,144.53437126231856,555.0,6.318968113746434,0.26042229056273614,3.079192236242708,29.609191936699403,16.0,,,,,,,,,,,,,,,,,,,
00-0010346,2010,16,679,450,4700.0,33,17.0,130.54233597675443,5895.0,1894.0,253.0,13.067285416205843,2.475666351720987,16.0,91.0,0,Peyton Manning,Peyton,Manning,QB,1976-03-24,1998,1998.0,1.0,1.0,Tennessee,34.4394250513347,6.096527273671764,37.16764479862368,12,6.520621127558696,42.4375,0.02302158273381295,0.19225675401583864,8.158895998547152,0.6627393225331369,0.048600883652430045,0.025036818851251842,6.9219440353460975,174.14356319901796,571.0,6.3473892096560105,0.30497997057621357,3.2529400919951903,-43.60122722226353,108.0,,,,,,,,,,,,,,,,,,,
00-0010346,2012,16,583,400,4659.0,37,11.0,161.96348390945786,4841.0,1872.0,230.0,16.49667878509674,3.358400635832534,21.0,137.0,1,Peyton Manning,Peyton,Manning,QB,1976-03-24,1998,1998.0,1.0,1.0,Tennessee,36.440793976728266,8.097896199065328,65.57592285083669,14,6.368187186350492,36.4375,0.0347682119205298,0.2778104355222262,10.122717744341116,0.6861063464837049,0.0634648370497427,0.018867924528301886,7.991423670668953,130.54233597675443,679.0,6.520621127558696,0.19225675401583864,2.475666351720987,31.421147932703434,-96.0,,,,,,,,,,,,,,,,,,,
00-0010346,2013,16,659,450,5477.0,55,10.0,263.1860975704831,5169.0,2581.0,289.0,18.066362003132134,3.4307746668628276,18.0,120.0,0,Peyton Manning,Peyton,Manning,QB,1976-03-24,1998,1998.0,1.0,1.0,Tennessee,37.440109514031484,9.097211736368546,82.75926137632162,15,6.490723534502507,41.1875,0.026587887740029542,0.39937192347569517,16.449131098155195,0.6828528072837633,0.0834597875569044,0.015174506828528073,8.311077389984826,161.96348390945786,583.0,6.368187186350492,0.2778104355222262,3.358400635832534,101.22261366102526,76.0,,,,,,,,,,,,,,,,,,,
00-0010346,2014,16,597,395,4727.0,39,15.0,119.71089107857144,5071.0,1882.0,225.0,15.767252501568562,2.556234015363423,17.0,118.0,2,Peyton Manning,Peyton,Manning,QB,1976-03-24,1998,1998.0,1.0,1.0,Tennessee,38.4394250513347,10.096527273671764,101.93986298799778,16,6.391917113392602,37.3125,0.02768729641693811,0.20052075557549653,7.481930692410715,0.661641541038526,0.06532663316582915,0.02512562814070352,7.917922948073702,263.1860975704831,659.0,6.490723534502507,0.39937192347569517,3.4307746668628276,-143.4752064919117,-62.0,,,,,,,,,,,,,,,,,,,
00-0010346,2015,10,331,198,2249.0,9,17.0,-31.956644534830502,3112.0,967.0,110.0,7.325103166201298,0.5155661562446213,16.0,95.0,0,Peyton Manning,Peyton,Manning,QB,1976-03-24,1998,1998.0,1.0,1.0,Tennessee,39.43874058863792,11.095842810974982,123.1177276858652,17,5.802118375377063,33.1,0.04610951008645533,-0.09654575388166314,-3.19566445348305,0.5981873111782477,0.027190332326283987,0.0513595166163142,6.794561933534744,119.71089107857144,597.0,6.391917113392602,0.20052075557549653,2.556234015363423,-151.66753561340192,-266.0,,,,,,,,,,,,,,,,,,,
00-0010379,1999,11,361,199,2378.0,12,17.0,-27.384200813587228,0.0,0.0,118.0,0.0,0.9343687960266182,9.0,66.0,0,Dan Marino,Daniel,Marino,QB,1961-09-15,1983,1983.0,1.0,27.0,Pittsburgh,37.960301163586585,9.617403385923648,92.49444788757565,16,5.8888779583328805,32.81818181818182,0.024324324324324326,-0.07585651194899509,-2.4894728012352023,0.5512465373961218,0.0332409972299169,0.04709141274238227,6.587257617728532,,,,,,,,,,,,,,,,,,,,,,,,,,
00-0010455,2002,5,195,124,1216.0,7,10.0,-13.15280022213065,0.0,0.0,67.0,0.0,0.2933305025440662,10.0,77.0,0,Jamie Martin,Jamie,Martin,QB,1970-02-08,1993,,,,Weber State,32.56125941136208,4.218361633699143,17.7945748726649,9,5.272999558563747,39.0,0.04878048780487805,-0.06745025754938795,-2.6305600444261303,0.6358974358974359,0.035897435897435895,0.05128205128205128,6.235897435897436,0.4030286972410977,3.0,1.0986122886681098,0.1343428990803659,0.0,-13.555828919371748,192.0,,,,,,,,,,,,,,,,,,,
00-0010455,2005,8,177,124,1277.0,5,7.0,-3.5994353872481986,0.0,0.0,60.0,0.0,0.4318554752793304,11.0,81.0,1,Jamie Martin,Jamie,Martin,QB,1970-02-08,1993,,,,Weber State,35.56194387405886,7.219046096395925,52.11462654188924,12,5.176149732573829,22.125,0.05851063829787234,-0.020335793148294905,-0.4499294234060248,0.7005649717514124,0.02824858757062147,0.03954802259887006,7.214689265536723,4.394781279494055,31.0,3.4339872044851463,0.14176713804819532,0.0810037931239308,-7.994216666742253,146.0,,,,,,,,,,,,,,,,,,,
00-0010560,1999,8,271,164,1621.0,10,6.0,-12.40678458426478,0.0,0.0,84.0,0.0,0.4549440282107111,13.0,79.0,0,Shane Matthews,Michael,Matthews,QB,1970-06-01,1993,,,,Florida; William Rainey Harper College,29.251197809719372,0.9083000320564345,0.82500894823372,6,5.602118820879701,33.875,0.045774647887323945,-0.04578149293086635,-1.5508480730330976,0.6051660516605166,0.03690036900369004,0.02214022140221402,5.981549815498155,,,,,,,,,,,,,,,,,,,,,,,,,,
00-0010560,2000,6,176,101,949.0,3,6.0,-35.44838160186929,0.0,0.0,53.0,0.0,0.504056159577347,5.0,24.0,0,Shane Matthews,Michael,Matthews,QB,1970-06-01,1993,,,,Florida; William Rainey Harper College,30.253251197809718,1.9103534201467802,3.6494501898665006,7,5.170483995038151,29.333333333333332,0.027624309392265192,-0.20141125910153007,-5.908063600311549,0.5738636363636364,0.017045454545454544,0.03409090909090909,5.392045454545454,-12.40678458426478,271.0,5.602118820879701,-0.04578149293086635,0.4549440282107111,-23.041597017604513,-95.0,,,,,,,,,,,,,,,,,,,
00-0010560,2001,4,129,84,694.0,5,6.0,-10.20267958123036,0.0,0.0,44.0,0.0,0.2822745950165033,6.0,48.0,0,Shane Matthews,Michael,Matthews,QB,1970-06-01,1993,,,,Florida; William Rainey Harper College,31.252566735112936,2.9096689574499983,8.46617344194816,8,4.859812404361672,32.25,0.044444444444444446,-0.07909053938938264,-2.55066989530759,0.6511627906976745,0.03875968992248062,0.046511627906976744,5.37984496124031,-35.44838160186929,176.0,5.170483995038151,-0.20141125910153007,0.504056159577347,25.245702020638934,-47.0,,,,,,,,,,,,,,,,,,,
00-0010560,2002,7,237,124,1251.0,11,6.0,-14.699879356114137,0.0,0.0,64.0,0.0,0.4060191470533831,9.0,54.0,0,Shane Matthews,Michael,Matthews,QB,1970-06-01,1993,,,,Florida; William Rainey Harper College,32.251882272416154,3.9089844947532164,15.280159780221059,9,5.4680601411351315,33.857142857142854,0.036585365853658534,-0.062024807409764286,-2.0999827651591625,0.5232067510548524,0.046413502109704644,0.02531645569620253,5.2784810126582276,-10.20267958123036,129.0,4.859812404361672,-0.07909053938938264,0.2822745950165033,-4.497199774883777,108.0,,,,,,,,,,,,,,,,,,,
00-0011022,1999,11,213,105,934.0,8,6.0,-81.30633953850888,0.0,0.0,54.0,0.0,0.4946054600830052,28.0,204.0,1,Donovan McNabb,Donovan,McNabb,QB,1976-11-25,1999,1999.0,1.0,2.0,Syracuse,22.765229295003422,-5.577668482659515,31.110385702453296,0,5.3612921657094255,19.363636363636363,0.11618257261410789,-0.3817199039366614,-7.391485412591717,0.49295774647887325,0.03755868544600939,0.028169014084507043,4.384976525821596,,,,,,,,,,,,,,,,,,,,,,,,,,
00-0011022,2000,16,563,327,3320.0,21,11.0,6.615934779470823,0.0,0.0,179.0,0.0,1.33876824039862,45.0,265.0,1,Donovan McNabb,Donovan,McNabb,QB,1976-11-25,1999,1999.0,1.0,2.0,Syracuse,23.76728268309377,-4.575615094569166,20.936253493649197,1,6.333279628139691,35.1875,0.07401315789473684,0.011751216304566294,0.41349592371692645,0.5808170515097691,0.037300177619893425,0.019538188277087035,5.896980461811723,-81.30633953850888,213.0,5.3612921657094255,-0.3817199039366614,0.4946054600830052,87.9222743179797,350.0,,,,,,,,,,,,,,,,,,,
00-0011022,2001,15,493,285,3233.0,25,12.0,0.159844047600409,0.0,0.0,136.0,0.0,1.1799719139571123,39.0,273.0,0,Donovan McNabb,Donovan,McNabb,QB,1976-11-25,1999,1999.0,1.0,2.0,Syracuse,24.76659822039699,-3.5762995572659477,12.789918523300614,2,6.20050917404269,32.86666666666667,0.07330827067669173,0.0003242272770799371,0.010656269840027266,0.5780933062880325,0.05070993914807302,0.02434077079107505,6.557809330628803,6.615934779470823,563.0,6.333279628139691,0.011751216304566294,1.33876824039862,-6.456090731870415,-70.0,,,,,,,,,,,,,,,,,,,
00-0011022,2002,10,361,211,2289.0,17,6.0,2.758797035343459,0.0,0.0,108.0,0.0,0.9705814345616184,28.0,166.0,2,Donovan McNabb,Donovan,McNabb,QB,1976-11-25,1999,1999.0,1.0,2.0,Syracuse,25.765913757700204,-2.576984019962733,6.640846639143288,3,5.8888779583328805,36.1,0.07197943444730077,0.0076420970508129064,0.27587970353434593,0.5844875346260388,0.04709141274238227,0.01662049861495845,6.340720221606648,0.159844047600409,493.0,6.20050917404269,0.0003242272770799371,1.1799719139571123,2.59895298774305,-132.0,,,,,,,,,,,,,,,,,,,
00-0011022,2003,16,479,276,3223.0,16,11.0,1.000225167857181,0.0,0.0,152.0,0.0,1.6865700611437746,43.0,257.0,0,Donovan McNabb,Donovan,McNabb,QB,1976-11-25,1999,1999.0,1.0,2.0,Syracuse,26.765229295003422,-1.577668482659515,2.4890378411771765,4,6.171700597410915,29.9375,0.08237547892720307,0.0020881527512676013,0.06251407299107381,0.5762004175365344,0.033402922755741124,0.022964509394572025,6.728601252609604,2.758797035343459,361.0,5.8888779583328805,0.0076420970508129064,0.9705814345616184,-1.7585718674862783,118.0,,,,,,,,,,,,,,,,,,,
00-0011022,2004,15,469,300,3875.0,31,8.0,121.6976131022653,0.0,0.0,175.0,0.0,1.8396398730548704,31.0,192.0,0,Donovan McNabb,Donovan,McNabb,QB,1976-11-25,1999,1999.0,1.0,2.0,Syracuse,27.76728268309377,-0.5756150945691658,0.3313327370958697,5,6.150602768446279,31.266666666666666,0.062,0.25948318358691963,8.113174206817686,0.6396588486140725,0.06609808102345416,0.017057569296375266,8.26226012793177,1.000225167857181,479.0,6.171700597410915,0.0020881527512676013,1.6865700611437746,120.69738793440811,-10.0,,,,,,,,,,,,,,,,,,,
00-0011022,2005,9,357,211,2507.0,16,9.0,15.626556849589983,0.0,0.0,116.0,0.0,0.8037761174559311,19.0,112.0,1,Donovan McNabb,Donovan,McNabb,QB,1976-11-25,1999,1999.0,1.0,2.0,Syracuse,28.76659822039699,0.4237004427340523,0.1795220651730319,6,5.877735781779639,39.666666666666664,0.05053191489361702,0.04377186792602236,1.736284094398887,0.5910364145658263,0.04481792717086835,0.025210084033613446,7.022408963585434,121.6976131022653,469.0,6.150602768446279,0.25948318358691963,1.8396398730548704,-106.0710562526753,-112.0,,,,,,,,,,,,,,,,,,,
00-0011022,2006,10,316,180,2612.0,18,6.0,36.704777738096354,2792.0,1316.0,113.0,9.510029915891137,1.007346541348123,21.0,140.0,0,Donovan McNabb,Donovan,McNabb,QB,1976-11-25,1999,1999.0,1.0,2.0,Syracuse,29.765913757700204,1.4230159800372668,2.024974479441423,7,5.755742213586912,31.6,0.06231454005934718,0.11615435993068467,3.6704777738096355,0.569620253164557,0.056962025316455694,0.0189873417721519,8.265822784810126,15.626556849589983,357.0,5.877735781779639,0.04377186792602236,0.8037761174559311,21.078220888506372,-41.0,,,,,,,,,,,,,,,,,,,
00-0011022,2007,14,473,291,3324.0,20,7.0,35.59022092831584,3617.0,1474.0,152.0,12.719119896119237,1.3857544237269468,44.0,227.0,0,Donovan McNabb,Donovan,McNabb,QB,1976-11-25,1999,1999.0,1.0,2.0,Syracuse,30.765229295003422,2.422331517340485,5.867689979901056,8,6.159095388491933,33.785714285714285,0.0851063829787234,0.07524359604295103,2.5421586377368457,0.6152219873150105,0.042283298097251586,0.014799154334038054,7.027484143763213,36.704777738096354,316.0,5.755742213586912,0.11615435993068467,1.007346541348123,-1.1145568097805167,157.0,,,,,,,,,,,,,,,,,,,
00-0011022,2008,16,571,345,3914.0,23,11.0,59.90753778374601,4718.0,1715.0,196.0,13.898205400654762,1.75664430618361,24.0,153.0,0,Donovan McNabb,Donovan,McNabb,QB,1976-11-25,1999,1999.0,1.0,2.0,Syracuse,31.76728268309377,3.424384905430834,11.726411980542544,9,6.3473892096560105,35.6875,0.040336134453781515,0.104916878780641,3.7442211114841255,0.6042031523642732,0.040280210157618214,0.01926444833625219,6.854640980735551,35.59022092831584,473.0,6.159095388491933,0.07524359604295103,1.3857544237269468,24.31731685543017,98.0,,,,,,,,,,,,,,,,,,,
00-0011022,2009,14,443,267,3553.0,22,10.0,38.62432210313621,3841.0,1638.0,148.0,13.94174403186138,1.5636306777786355,36.0,265.0,2,Donovan McNabb,Donovan,McNabb,QB,1976-11-25,1999,1999.0,1.0,2.0,Syracuse,32.766598220396986,4.423700442734049,19.569125607045418,10,6.093569770045136,31.642857142857142,0.07515657620041753,0.08718808601159415,2.758880150224015,0.6027088036117382,0.04966139954853273,0.022573363431151242,8.020316027088036,59.90753778374601,571.0,6.3473892096560105,0.104916878780641,1.75664430618361,-21.2832156806098,-128.0,,,,,,,,,,,,,,,,,,,
00-0011022,2010,13,472,275,3377.0,14,15.0,-7.476039376566824,4084.0,1592.0,152.0,11.532726050605246,0.6169339836497014,37.0,271.0,0,Donovan McNabb,Donovan,McNabb,QB,1976-11-25,1999,1999.0,1.0,2.0,Syracuse,33.765913757700204,5.423015980037267,29.409102319739556,11,6.156978985585555,36.30769230769231,0.07269155206286837,-0.01583906647577717,-0.5750799520436018,0.5826271186440678,0.029661016949152543,0.03177966101694915,7.154661016949152,38.62432210313621,443.0,6.093569770045136,0.08718808601159415,1.5636306777786355,-46.10036147970303,29.0,,,,,,,,,,,,,,,,,,,
00-0011022,2011,6,156,94,1026.0,4,2.0,-17.455171481491632,1231.0,424.0,52.0,5.199450188161115,0.1657022528555809,16.0,113.0,0,Donovan McNabb,Donovan,McNabb,QB,1976-11-25,1999,1999.0,1.0,2.0,Syracuse,34.76522929500342,6.422331517340485,41.24634211862494,12,5.049856007249537,26.0,0.09302325581395349,-0.11189212488135662,-2.909195246915272,0.6025641025641025,0.02564102564102564,0.01282051282051282,6.576923076923077,-7.476039376566824,472.0,6.156978985585555,-0.01583906647577717,0.6169339836497014,-9.979132104924808,-316.0,,,,,,,,,,,,,,,,,,,
00-0011024,1999,11,329,185,2152.0,12,8.0,9.28402293921994,0.0,0.0,99.0,0.0,1.174962985131372,16.0,74.0,1,Steve McNair,Steve,McNair,QB,1973-02-14,1995,1995.0,1.0,3.0,Alcorn State,26.543463381245722,-1.7994343964172153,3.2379641470093876,4,5.796057750765372,29.90909090909091,0.0463768115942029,0.028218914708875196,0.8440020853836309,0.5623100303951368,0.0364741641337386,0.0243161094224924,6.541033434650456,,,,,,,,,,,,,,,,,,,,,,,,,,
00-0011024,2000,16,389,242,2757.0,15,13.0,14.523362430470453,0.0,0.0,137.0,0.0,1.2617868863504142,23.0,136.0,0,Steve McNair,Steve,McNair,QB,1973-02-14,1995,1995.0,1.0,3.0,Alcorn State,27.54551676933607,-0.797381008326866,0.6358164724403695,5,5.963579343618446,24.3125,0.055825242718446605,0.037335121929229956,0.9077101519044033,0.622107969151671,0.038560411311053984,0.033419023136246784,7.087403598971722,9.28402293921994,329.0,5.796057750765372,0.028218914708875196,1.174962985131372,5.239339491250513,60.0,,,,,,,,,,,,,,,,,,,
00-0011024,2001,15,431,264,3350.0,21,12.0,65.59615838069338,0.0,0.0,159.0,0.0,1.8594023771370205,37.0,251.0,3,Steve McNair,Steve,McNair,QB,1973-02-14,1995,1995.0,1.0,3.0,Alcorn State,28.54483230663929,0.2019345289763521,0.04077755399290119,6,6.066108090103747,28.733333333333334,0.07905982905982906,0.1521952630642538,4.373077225379559,0.6125290023201856,0.048723897911832945,0.027842227378190254,7.77262180974478,14.523362430470453,389.0,5.963579343618446,0.037335121929229956,1.2617868863504142,51.072795950222925,42.0,,,,,,,,,,,,,,,,,,,
00-0011024,2002,16,492,301,3387.0,22,15.0,72.45615506142518,0.0,0.0,178.0,0.0,1.9056505857737056,21.0,121.0,0,Steve McNair,Steve,McNair,QB,1973-02-14,1995,1995.0,1.0,3.0,Alcorn State,29.544147843942504,1.2012500662795667,1.4430017217366633,7,6.198478716492308,30.75,0.04093567251461988,0.14726860784842516,4.528509691339074,0.6117886178861789,0.044715447154471545,0.03048780487804878,6.884146341463414,65.59615838069338,431.0,6.066108090103747,0.1521952630642538,1.8594023771370205,6.859996680731797,61.0,,,,,,,,,,,,,,,,,,,
00-0011024,2003,14,400,250,3246.0,24,7.0,104.22644267826904,0.0,0.0,164.0,0.0,2.027181256712275,20.0,112.0,1,Steve McNair,Steve,McNair,QB,1973-02-14,1995,1995.0,1.0,3.0,Alcorn State,30.543463381245722,2.2005656035827847,4.842488975671666,8,5.991464547107982,28.571428571428573,0.047619047619047616,0.2605661066956726,7.444745905590645,0.625,0.06,0.0175,8.115,72.45615506142518,492.0,6.198478716492308,0.14726860784842516,1.9056505857737056,31.77028761684386,-92.0,,,,,,,,,,,,,,,,,,,
00-0011024,2004,8,215,129,1343.0,8,9.0,4.639694231210406,0.0,0.0,76.0,0.0,0.621981305011508,13.0,95.0,0,Steve McNair,Steve,McNair,QB,1973-02-14,1995,1995.0,1.0,3.0,Alcorn State,31.54551676933607,3.202618991673134,10.256768405825442,9,5.3706380281276624,26.875,0.05701754385964912,0.02157997316842049,0.5799617789013007,0.6,0.037209302325581395,0.04186046511627907,6.246511627906977,104.22644267826904,400.0,5.991464547107982,0.2605661066956726,2.027181256712275,-99.58674844705862,-185.0,,,,,,,,,,,,,,,,,,,
00-0011024,2005,14,476,292,3161.0,16,11.0,-9.399797444046223,0.0,0.0,164.0,0.0,1.0088325934497129,20.0,134.0,0,Steve McNair,Steve,McNair,QB,1973-02-14,1995,1995.0,1.0,3.0,Alcorn State,32.544832306639286,4.201934528976349,17.65625378580369,10,6.16541785423142,34.0,0.04032258064516129,-0.019747473621945847,-0.6714141031461588,0.6134453781512605,0.03361344537815126,0.023109243697478993,6.640756302521009,4.639694231210406,215.0,5.3706380281276624,0.02157997316842049,0.621981305011508,-14.03949167525663,261.0,,,,,,,,,,,,,,,,,,,
00-0011024,2006,16,468,295,3050.0,16,12.0,39.61885033156843,3473.0,1196.0,159.0,13.10272564809234,1.926391179079909,14.0,84.0,0,Steve McNair,Steve,McNair,QB,1973-02-14,1995,1995.0,1.0,3.0,Alcorn State,33.544147843942504,5.201250066279567,27.053002251973197,11,6.148468295917647,29.25,0.029045643153526972,0.08465566310164195,2.476178145723027,0.6303418803418803,0.03418803418803419,0.02564102564102564,6.517094017094017,-9.399797444046223,476.0,6.16541785423142,-0.019747473621945847,1.0088325934497129,49.01864777561465,-8.0,,,,,,,,,,,,,,,,,,,
00-0011024,2007,6,205,133,1113.0,2,4.0,-36.23172274087431,1137.0,567.0,60.0,6.308566040865517,0.5469160422869102,11.0,85.0,0,Steve McNair,Steve,McNair,QB,1973-02-14,1995,1995.0,1.0,3.0,Alcorn State,34.54346338124572,6.200565603582785,38.44701380433394,12,5.3230099791384085,34.166666666666664,0.05092592592592592,-0.1767401109310942,-6.038620456812385,0.6487804878048781,0.00975609756097561,0.01951219512195122,5.429268292682927,39.61885033156843,468.0,6.148468295917647,0.08465566310164195,1.926391179079909,-75.85057307244274,-263.0,,,,,,,,,,,,,,,,,,,
00-0011044,1999,15,230,126,1452.0,8,8.0,-20.33502933756673,0.0,0.0,64.0,0.0,0.7828258929035177,18.0,94.0,0,Cade McNown,Cade,McNown,QB,1977-01-12,1999,1999.0,1.0,12.0,UCLA,22.633812457221083,-5.709085320441854,32.59365519608467,0,5.438079308923196,15.333333333333334,0.07258064516129033,-0.08841317103289884,-1.3556686225044488,0.5478260869565217,0.034782608695652174,0.034782608695652174,6.3130434782608695,,,,,,,,,,,,,,,,,,,,,,,,,,
00-0011044,2000,10,277,153,1635.0,8,8.0,-50.320252139712885,0.0,0.0,66.0,0.0,0.6612601093793217,27.0,169.0,0,Cade McNown,Cade,McNown,QB,1977-01-12,1999,1999.0,1.0,12.0,UCLA,23.63586584531143,-4.707031932351509,22.156149612176776,1,5.6240175061873385,27.7,0.08881578947368421,-0.18166156007116566,-5.032025213971289,0.5523465703971119,0.02888086642599278,0.02888086642599278,5.902527075812275,-20.33502933756673,230.0,5.438079308923196,-0.08841317103289884,0.7828258929035177,-29.985222802146154,47.0,,,,,,,,,,,,,,,,,,,
00-0011276,1999,5,172,109,1233.0,7,6.0,22.34584056898817,0.0,0.0,53.0,0.0,0.3963414240264414,7.0,43.0,0,Jim Miller,James,Miller,QB,1971-02-09,1994,,,,Michigan State,28.55852156057495,0.21562378291201156,0.04649361575728629,5,5.147494476813453,34.4,0.03910614525139665,0.1299176777266754,4.469168113797634,0.6337209302325582,0.040697674418604654,0.03488372093023256,7.1686046511627906,,,,,,,,,,,,,,,,,,,,,,,,,,
00-0011276,2001,14,395,228,2299.0,13,10.0,-19.677748296560853,0.0,0.0,106.0,0.0,0.870296349771998,11.0,72.0,0,Jim Miller,James,Miller,QB,1971-02-09,1994,,,,Michigan State,30.559890485968516,2.216992708305579,4.915056668680106,7,5.978885764901122,28.214285714285715,0.027093596059113302,-0.04981708429509077,-1.4055534497543467,0.5772151898734177,0.03291139240506329,0.02531645569620253,5.820253164556962,0.920734478350438,80.0,4.382026634673881,0.011509180979380475,0.1627767197217604,-20.598482774911293,315.0,,,,,,,,,,,,,,,,,,,
00-0011276,2002,10,314,180,1944.0,13,9.0,-9.756311424688771,0.0,0.0,98.0,0.0,0.7412823135055555,16.0,101.0,0,Jim Miller,James,Miller,QB,1971-02-09,1994,,,,Michigan State,31.55920602327173,3.2163082456087935,10.344638730771115,8,5.749392985908253,31.4,0.048484848484848485,-0.031071055492639398,-0.9756311424688772,0.5732484076433121,0.041401273885350316,0.028662420382165606,6.191082802547771,-19.677748296560853,395.0,5.978885764901122,-0.04981708429509077,0.870296349771998,9.921436871872082,-81.0,,,,,,,,,,,,,,,,,,,
00-0011378,1999,7,173,92,1042.0,5,9.0,-21.054655714727748,0.0,0.0,47.0,0.0,0.4152258904918806,22.0,102.0,0,Rick Mirer,Rick,Mirer,QB,1970-03-19,1993,1993.0,1.0,2.0,Notre Dame,29.453798767967147,1.1109009903042093,1.234101010258873,6,5.153291594497779,24.714285714285715,0.11282051282051282,-0.12170321222385981,-3.007807959246821,0.5317919075144508,0.028901734104046242,0.05202312138728324,6.023121387283237,,,,,,,,,,,,,,,,,,,,,,,,,,
00-0011378,2003,9,221,116,1267.0,3,5.0,-37.43280487639267,0.0,0.0,64.0,0.0,0.7397887224014337,22.0,122.0,0,Rick Mirer,Rick,Mirer,QB,1970-03-19,1993,1993.0,1.0,2.0,Notre Dame,33.45379876796714,5.110900990304206,26.12130893269251,10,5.3981627015177525,24.555555555555557,0.09053497942386832,-0.16937920758548722,-4.159200541821408,0.5248868778280543,0.013574660633484163,0.02262443438914027,5.733031674208145,3.398562681279145,20.0,2.995732273553991,0.16992813406395726,0.1458065173851179,-40.83136755767182,201.0,,,,,,,,,,,,,,,,,,,
00-0011434,2000,8,186,89,966.0,3,8.0,-42.61700583964115,0.0,0.0,51.0,0.0,0.3832732456745484,16.0,82.0,0,Scott Mitchell,William,Mitchell,QB,1968-01-02,1991,1990.0,4.0,93.0,Utah,32.6652977412731,4.322399963610163,18.68314144541714,9,5.225746673713202,23.25,0.07920792079207921,-0.22912368730989865,-5.327125729955144,0.478494623655914,0.016129032258064516,0.043010752688172046,5.193548387096774,-6.240894504063415,16.0,2.772588722239781,-0.39005590650396343,0.0309575570800016,-36.37611133557774,170.0,,,,,,,,,,,,,,,,,,,
00-0012261,1999,8,192,114,1374.0,10,4.0,15.946952362100092,0.0,0.0,64.0,0.0,0.5640143577449642,9.0,63.0,0,Neil O'Donnell,Neil,O'Donnell,QB,1966-07-03,1990,1990.0,3.0,70.0,Maryland,33.163586584531146,4.820688806868208,23.23904057266443,9,5.2574953720277815,24.0,0.04477611940298507,0.08305704355260464,1.9933690452625115,0.59375,0.052083333333333336,0.020833333333333332,7.15625,,,,,,,,,,,,,,,,,,,,,,,,,,
00-0012726,1999,10,226,118,1257.0,7,9.0,-53.786842985315175,0.0,0.0,61.0,0.0,0.4941366779726154,20.0,109.0,0,Doug Pederson,Douglas,Pederson,QB,1968-01-31,1993,,,,Louisiana-Monroe,31.583846680355922,3.2409489026929847,10.503749789866863,6,5.420534999272286,22.6,0.08130081300813008,-0.23799488046599634,-5.3786842985315175,0.5221238938053098,0.030973451327433628,0.03982300884955752,5.561946902654867,,,,,,,,,,,,,,,,,,,,,,,,,,
00-0012726,2000,10,210,117,1047.0,2,8.0,-53.215568151801406,0.0,0.0,45.0,0.0,0.3149666860437927,16.0,111.0,0,Doug Pederson,Douglas,Pederson,QB,1968-01-31,1993,,,,Louisiana-Monroe,32.58590006844627,4.243002290783334,18.00306843959262,7,5.3471075307174685,21.0,0.07079646017699115,-0.2534074673895305,-5.3215568151801405,0.5571428571428572,0.009523809523809525,0.0380952380952381,4.985714285714286,-53.786842985315175,226.0,5.420534999272286,-0.23799488046599634,0.4941366779726154,0.571274833513769,-16.0,,,,,,,,,,,,,,,,,,,
00-0012732,2002,14,381,223,2630.0,15,14.0,-28.858475699947025,0.0,0.0,114.0,0.0,0.9290654934666664,31.0,192.0,0,Rodney Peete,Rodney,Peete,QB,1966-03-16,1989,1989.0,6.0,141.0,USC,36.46269678302532,8.119799005362385,65.93113588748398,13,5.942799375126701,27.214285714285715,0.07524271844660194,-0.07574403070852237,-2.061319692853359,0.5853018372703412,0.03937007874015748,0.03674540682414698,6.902887139107611,-3.2520227178306467,17.0,2.833213344056216,-0.19129545399003803,0.2911024246174181,-25.60645298211638,364.0,,,,,,,,,,,,,,,,,,,
00-0013042,1999,12,379,200,2104.0,9,23.0,-64.721973629015,0.0,0.0,109.0,0.0,0.6437019891704278,27.0,152.0,0,Jake Plummer,Jason,Plummer,QB,1974-12-19,1997,1997.0,2.0,42.0,Arizona State,24.700889801505816,-3.642007976157121,13.264222098392088,2,5.937536205082426,31.583333333333332,0.0665024630541872,-0.1707703789683773,-5.393497802417916,0.5277044854881267,0.023746701846965697,0.06068601583113457,5.5514511873350925,,,,,,,,,,,,,,,,,,,,,,,,,,
00-0013042,2000,14,469,266,2852.0,12,20.0,-42.26545756017644,0.0,0.0,130.0,0.0,0.96711337079265,22.0,151.0,0,Jake Plummer,Jason,Plummer,QB,1974-12-19,1997,1997.0,2.0,42.0,Arizona State,25.702943189596166,-2.6399545880667716,6.969360227054798,3,6.150602768446279,33.5,0.04480651731160896,-0.0901182463969647,-3.0189612542983175,0.5671641791044776,0.0255863539445629,0.042643923240938165,6.081023454157783,-64.721973629015,379.0,5.937536205082426,-0.1707703789683773,0.6437019891704278,22.456516068838553,90.0,,,,,,,,,,,,,,,,,,,
00-0013042,2001,16,525,304,3653.0,18,14.0,40.203132033156265,0.0,0.0,177.0,0.0,1.4585598825272017,29.0,204.0,0,Jake Plummer,Jason,Plummer,QB,1974-12-19,1997,1997.0,2.0,42.0,Arizona State,26.702258726899384,-1.6406390507635535,2.691696494890334,4,6.263398262591624,32.8125,0.052346570397111915,0.07657739434886908,2.5126957520722666,0.579047619047619,0.03428571428571429,0.02666666666666667,6.958095238095238,-42.26545756017644,469.0,6.150602768446279,-0.0901182463969647,0.96711337079265,82.46858959333271,56.0,,,,,,,,,,,,,,,,,,,
00-0013042,2002,16,530,284,2972.0,18,20.0,-56.0086246991642,0.0,0.0,145.0,0.0,0.8331308032030946,36.0,248.0,1,Jake Plummer,Jason,Plummer,QB,1974-12-19,1997,1997.0,2.0,42.0,Arizona State,27.701574264202602,-0.6413235134603354,0.4112958489171091,5,6.272877006546167,33.125,0.0636042402826855,-0.10567665037578151,-3.5005390436977626,0.5358490566037736,0.033962264150943396,0.03773584905660377,5.607547169811321,40.203132033156265,525.0,6.263398262591624,0.07657739434886908,1.4585598825272017,-96.21175673232047,5.0,,,,,,,,,,,,,,,,,,,
00-0013042,2003,11,302,189,2183.0,15,7.0,45.50309377785823,0.0,0.0,114.0,0.0,1.651903130793926,14.0,73.0,0,Jake Plummer,Jason,Plummer,QB,1974-12-19,1997,1997.0,2.0,42.0,Arizona State,28.700889801505816,0.3579920238428791,0.1281582891351205,6,5.71042701737487,27.454545454545453,0.04430379746835443,0.15067249595317295,4.136644888896203,0.6258278145695364,0.04966887417218543,0.023178807947019868,7.228476821192053,-56.0086246991642,530.0,6.272877006546167,-0.10567665037578151,0.8331308032030946,101.51171847702244,-228.0,,,,,,,,,,,,,,,,,,,
00-0013042,2004,16,522,303,4089.0,27,20.0,65.45772583113018,0.0,0.0,184.0,0.0,2.0519811641487733,17.0,103.0,0,Jake Plummer,Jason,Plummer,QB,1974-12-19,1997,1997.0,2.0,42.0,Arizona State,29.702943189596166,1.3600454119332284,1.8497235225206248,7,6.257667587882639,32.625,0.03153988868274583,0.12539794220523023,4.091107864445636,0.5804597701149425,0.05172413793103448,0.038314176245210725,7.833333333333333,45.50309377785823,302.0,5.71042701737487,0.15067249595317295,1.651903130793926,19.954632053271943,220.0,,,,,,,,,,,,,,,,,,,
00-0013042,2005,16,456,277,3366.0,18,7.0,68.52753603458265,0.0,0.0,162.0,0.0,1.7940633067757468,23.0,140.0,1,Jake Plummer,Jason,Plummer,QB,1974-12-19,1997,1997.0,2.0,42.0,Arizona State,30.702258726899384,2.3593609492364465,5.566584088781906,8,6.1224928095143865,28.5,0.04801670146137787,0.15027968428636546,4.282971002161416,0.6074561403508771,0.039473684210526314,0.015350877192982455,7.381578947368421,65.45772583113018,522.0,6.257667587882639,0.12539794220523023,2.0519811641487733,3.0698102034524766,-66.0,,,,,,,,,,,,,,,,,,,
00-0013042,2006,12,317,175,1994.0,11,13.0,-26.12506597165406,2925.0,829.0,103.0,7.770207552208677,0.5986740371597515,18.0,111.0,0,Jake Plummer,Jason,Plummer,QB,1974-12-19,1997,1997.0,2.0,42.0,Arizona State,31.701574264202602,3.3586764865396646,11.280707741234426,9,5.75890177387728,26.416666666666668,0.05373134328358209,-0.08241345732382985,-2.177088830971172,0.5520504731861199,0.03470031545741325,0.04100946372239748,6.290220820189274,68.52753603458265,456.0,6.1224928095143865,0.15027968428636546,1.7940633067757468,-94.65260200623672,-139.0,,,,,,,,,,,,,,,,,,,
00-0015082,1999,7,150,79,793.0,2,6.0,-40.47305230097733,0.0,0.0,34.0,0.0,0.2581357247752135,19.0,110.0,0,Akili Smith,Kabisa,Smith,QB,1975-08-21,1999,1999.0,1.0,3.0,Oregon; Grossmont,24.030116358658454,-4.312781419004484,18.60008356811033,0,5.0106352940962555,21.428571428571427,0.11242603550295859,-0.2698203486731822,-5.7818646144253325,0.5266666666666666,0.013333333333333334,0.04,5.286666666666667,,,,,,,,,,,,,,,,,,,,,,,,,,
00-0015082,2000,11,262,117,1246.0,3,6.0,-94.46044435836646,0.0,0.0,58.0,0.0,0.3124881702528269,35.0,186.0,0,Akili Smith,Kabisa,Smith,QB,1975-08-21,1999,1999.0,1.0,3.0,Oregon; Grossmont,25.032169746748803,-3.3107280309141345,10.960920094680581,1,5.568344503761097,23.818181818181817,0.11784511784511785,-0.3605360471693376,-8.58731312348786,0.44656488549618323,0.011450381679389313,0.022900763358778626,4.755725190839694,-40.47305230097733,150.0,5.0106352940962555,-0.2698203486731822,0.2581357247752135,-53.98739205738913,112.0,,,,,,,,,,,,,,,,,,,
00-0015700,1999,15,272,159,1422.0,6,10.0,-58.647110427990114,0.0,0.0,79.0,0.0,0.7117519958848885,22.0,131.0,0,Kordell Stewart,Kordell,Stewart,QB,1972-10-16,1995,1995.0,2.0,60.0,Colorado,26.874743326488705,-1.4681544511742324,2.1554774925027114,4,5.605802066295998,18.133333333333333,0.07482993197278912,-0.21561437657349306,-3.9098073618660076,0.5845588235294118,0.022058823529411766,0.03676470588235294,5.227941176470588,,,,,,,,,,,,,,,,,,,,,,,,,,
00-0015700,2000,15,286,150,1827.0,11,8.0,7.0366332798707045,0.0,0.0,90.0,0.0,1.1079476696699493,28.0,135.0,0,Kordell Stewart,Kordell,Stewart,QB,1972-10-16,1995,1995.0,2.0,60.0,Colorado,27.876796714579054,-0.4661010630838831,0.21725020100792597,5,5.655991810819852,19.066666666666666,0.08917197452229299,0.024603612866680787,0.4691088853247136,0.5244755244755245,0.038461538461538464,0.027972027972027972,6.388111888111888,-58.647110427990114,272.0,5.605802066295998,-0.21561437657349306,0.7117519958848885,65.68374370786081,14.0,,,,,,,,,,,,,,,,,,,
00-0015700,2001,16,442,266,3109.0,14,11.0,57.62115655662349,0.0,0.0,145.0,0.0,1.6123214199336595,29.0,175.0,0,Kordell Stewart,Kordell,Stewart,QB,1972-10-16,1995,1995.0,2.0,60.0,Colorado,28.876112251882272,0.533214474219335,0.2843176755170019,6,6.091309882077698,27.625,0.06157112526539278,0.1303646075941708,3.601322284788968,0.6018099547511312,0.03167420814479638,0.024886877828054297,7.03393665158371,7.0366332798707045,286.0,5.655991810819852,0.024603612866680787,1.1079476696699493,50.58452327675278,156.0,,,,,,,,,,,,,,,,,,,
00-0015700,2002,7,166,109,1155.0,6,6.0,16.178044642006356,0.0,0.0,60.0,0.0,0.6974102839458413,7.0,46.0,1,Kordell Stewart,Kordell,Stewart,QB,1972-10-16,1995,1995.0,2.0,60.0,Colorado,29.87542778918549,1.532530011522553,2.3486482362173167,7,5.111987788356544,23.714285714285715,0.04046242774566474,0.09745810025305034,2.3111492345723366,0.6566265060240963,0.03614457831325301,0.03614457831325301,6.957831325301205,57.62115655662349,442.0,6.091309882077698,0.1303646075941708,1.6123214199336595,-41.443111914617134,-276.0,,,,,,,,,,,,,,,,,,,
00-0015700,2003,9,251,126,1418.0,7,12.0,-73.52391764121263,0.0,0.0,69.0,0.0,0.4692928922294194,25.0,146.0,0,Kordell Stewart,Kordell,Stewart,QB,1972-10-16,1995,1995.0,2.0,60.0,Colorado,30.874743326488705,2.5318455488257676,6.410241883108853,8,5.5254529391317835,27.88888888888889,0.09057971014492754,-0.2929239746661858,-8.16932418235696,0.50199203187251,0.027888446215139442,0.04780876494023904,5.649402390438247,16.178044642006356,166.0,5.111987788356544,0.09745810025305034,0.6974102839458413,-89.70196228321899,85.0,,,,,,,,,,,,,,,,,,,
00-0016193,2000,16,581,325,3692.0,21,23.0,9.60083461816262,0.0,0.0,177.0,0.0,0.9824667137089962,12.0,63.0,2,Vinny Testaverde,Vincent,Testaverde,QB,1963-11-13,1987,1987.0,1.0,1.0,Miami,36.80219028062971,8.459292502966772,71.55962965074983,13,6.364750756851911,36.3125,0.02023608768971332,0.016524672320417592,0.6000521636351638,0.5593803786574871,0.03614457831325301,0.039586919104991396,6.354561101549053,4.699977421783842,15.0,2.70805020110221,0.3133318281189228,0.1603941035744104,4.900857196378778,566.0,,,,,,,,,,,,,,,,,,,
00-0016193,2001,16,441,260,2752.0,15,14.0,7.213158364065942,0.0,0.0,144.0,0.0,0.9871771027113652,18.0,122.0,0,Vinny Testaverde,Vincent,Testaverde,QB,1963-11-13,1987,1987.0,1.0,1.0,Miami,37.80150581793292,9.458608040269983,89.46526605945996,14,6.089044875446846,27.5625,0.0392156862745098,0.01635636817248513,0.45082239775412136,0.5895691609977324,0.034013605442176874,0.031746031746031744,6.240362811791384,9.60083461816262,581.0,6.364750756851911,0.016524672320417592,0.9824667137089962,-2.3876762540966787,-140.0,,,,,,,,,,,,,,,,,,,
00-0016193,2003,7,198,123,1385.0,7,2.0,2.7844259880565234,0.0,0.0,65.0,0.0,0.6334019754386534,6.0,48.0,0,Vinny Testaverde,Vincent,Testaverde,QB,1963-11-13,1987,1987.0,1.0,1.0,Miami,39.800136892539356,11.457239114876419,131.2683281354542,16,5.288267030694535,28.285714285714285,0.029411764705882353,0.014062757515436987,0.39777514115093193,0.6212121212121212,0.03535353535353535,0.010101010101010102,6.994949494949495,-31.617497563379388,83.0,4.418840607796598,-0.3809337055828842,0.1861501896739428,34.401923551435914,115.0,,,,,,,,,,,,,,,,,,,
00-0016193,2004,16,494,296,3518.0,17,20.0,8.606151670197526,0.0,0.0,163.0,0.0,1.4644678409810756,35.0,186.0,1,Vinny Testaverde,Vincent,Testaverde,QB,1963-11-13,1987,1987.0,1.0,1.0,Miami,40.80219028062971,12.459292502966772,155.233969674484,17,6.202535517187923,30.875,0.0661625708884688,0.017421359656270296,0.5378844793873454,0.5991902834008097,0.03441295546558704,0.04048582995951417,7.1214574898785425,2.7844259880565234,198.0,5.288267030694535,0.014062757515436987,0.6334019754386534,5.821725682141003,296.0,,,,,,,,,,,,,,,,,,,
00-0016193,2005,6,106,60,777.0,1,6.0,-25.597922124235406,0.0,0.0,35.0,0.0,0.5481840414256921,12.0,102.0,0,Vinny Testaverde,Vincent,Testaverde,QB,1963-11-13,1987,1987.0,1.0,1.0,Miami,41.80150581793292,13.458608040269983,181.13413038161983,18,4.663439094112067,17.666666666666668,0.1016949152542373,-0.2414898313607114,-4.266320354039235,0.5660377358490566,0.009433962264150943,0.05660377358490566,7.330188679245283,8.606151670197526,494.0,6.202535517187923,0.017421359656270296,1.4644678409810756,-34.20407379443293,-388.0,,,,,,,,,,,,,,,,,,,
00-0016193,2007,7,172,94,936.0,5,6.0,-27.78821468342351,1245.0,470.0,46.0,4.905202192428047,-0.0569758001261155,9.0,46.0,0,Vinny Testaverde,Vincent,Testaverde,QB,1963-11-13,1987,1987.0,1.0,1.0,Miami,43.800136892539356,15.457239114876419,238.92624105446555,20,5.147494476813453,24.571428571428573,0.049723756906077346,-0.16155938769432274,-3.969744954774787,0.5465116279069767,0.029069767441860465,0.03488372093023256,5.441860465116279,6.229990537511185,3.0,1.0986122886681098,2.0766635125037283,0.0,-34.018205220934696,169.0,,,,,,,,,,,,,,,,,,,
00-0016534,1999,10,261,137,1897.0,7,13.0,-20.237429934729988,0.0,0.0,83.0,0.0,0.8802473677932154,19.0,152.0,3,Billy Joe Tolliver,Billy,Tolliver,QB,1966-02-07,1989,1989.0,2.0,51.0,Texas Tech,33.56331279945243,5.220415021789496,27.25273299972542,10,5.564520407322694,26.1,0.06785714285714285,-0.07753804572693482,-2.023742993472999,0.524904214559387,0.02681992337164751,0.04980842911877394,7.268199233716475,,,,,,,,,,,,,,,,,,,,,,,,,,
00-0016538,1999,9,255,137,1596.0,12,8.0,-2.752167798938886,0.0,0.0,76.0,0.0,0.8028233617584054,15.0,104.0,1,Mike Tomczak,Michael,Tomczak,QB,1962-10-23,1985,,,,Ohio State,36.85694729637235,8.51404951870941,72.48903920703593,14,5.541263545158426,28.333333333333332,0.05555555555555555,-0.010792814897799553,-0.3057964221043207,0.5372549019607843,0.047058823529411764,0.03137254901960784,6.258823529411765,,,,,,,,,,,,,,,,,,,,,,,,,,
00-0016838,2001,12,307,178,2056.0,12,11.0,19.14754434554635,0.0,0.0,99.0,0.0,0.948340304289453,14.0,73.0,1,Alex Van Pelt,Gregory,Van Pelt,QB,1970-05-01,1993,1993.0,8.0,216.0,Pittsburgh,31.33744010951403,2.9945423318510933,8.967283777248184,8,5.726847747587197,25.583333333333332,0.04361370716510903,0.062369851288424594,1.5956286954621959,0.5798045602605864,0.03908794788273615,0.035830618892508145,6.697068403908795,2.0001290816580877,8.0,2.0794415416798357,0.25001613520726096,0.1380537358433377,17.147415263888263,299.0,,,,,,,,,,,,,,,,,,,
00-0017200,1999,15,450,293,3956.0,38,11.0,161.95752189864797,0.0,0.0,179.0,0.0,2.620202784540598,26.0,176.0,1,Kurt Warner,Kurtis,Warner,QB,1971-06-22,1998,,,,Northern Iowa,28.194387405886378,-0.14851037177655968,0.022055330525211973,1,6.1092475827643655,30.0,0.0546218487394958,0.3599056042192177,10.797168126576532,0.6511111111111111,0.08444444444444445,0.024444444444444446,8.79111111111111,,,,,,,,,,,,,,,,,,,,,,,,,,
00-0017200,2000,11,344,232,3383.0,21,18.0,102.27495901887193,0.0,0.0,150.0,0.0,1.6319340243593776,20.0,115.0,1,Kurt Warner,Kurtis,Warner,QB,1971-06-22,1998,,,,Northern Iowa,29.196440793976727,0.8535430163137896,0.7285356806980421,2,5.840641657373398,31.272727272727273,0.054945054945054944,0.2973109273804416,9.297723547170175,0.6744186046511628,0.061046511627906974,0.05232558139534884,9.834302325581396,161.95752189864797,450.0,6.1092475827643655,0.3599056042192177,2.620202784540598,-59.68256287977604,-106.0,,,,,,,,,,,,,,,,,,,
00-0017200,2001,16,546,375,4830.0,36,22.0,152.676967651878,0.0,0.0,233.0,0.0,2.202048260811365,38.0,233.0,1,Kurt Warner,Kurtis,Warner,QB,1971-06-22,1998,,,,Northern Iowa,30.195756331279945,1.8528585536170077,3.4330848197117096,3,6.302618975744905,34.125,0.06506849315068493,0.2796281458825604,9.542310478242374,0.6868131868131868,0.06593406593406594,0.040293040293040296,8.846153846153847,102.27495901887193,344.0,5.840641657373398,0.2973109273804416,1.6319340243593776,50.40200863300606,202.0,,,,,,,,,,,,,,,,,,,
00-0017200,2002,7,220,144,1431.0,3,11.0,-26.000959560399274,0.0,0.0,66.0,0.0,0.303408435634659,21.0,130.0,0,Kurt Warner,Kurtis,Warner,QB,1971-06-22,1998,,,,Northern Iowa,31.195071868583163,2.852174090920226,8.134897044916617,4,5.393627546352362,31.428571428571427,0.08713692946058091,-0.1181861798199967,-3.7144227943427532,0.6545454545454545,0.013636363636363636,0.05,6.504545454545455,152.676967651878,546.0,6.302618975744905,0.2796281458825604,2.202048260811365,-178.67792721227727,-326.0,,,,,,,,,,,,,,,,,,,
00-0017200,2004,10,277,174,2054.0,6,4.0,6.5120841707889685,0.0,0.0,93.0,0.0,1.064461988268413,39.0,196.0,0,Kurt Warner,Kurtis,Warner,QB,1971-06-22,1998,,,,Northern Iowa,33.19644079397673,4.85354301631379,23.556879811208358,6,5.6240175061873385,27.7,0.12341772151898735,0.023509329136422268,0.6512084170788969,0.628158844765343,0.021660649819494584,0.01444043321299639,7.415162454873646,-25.19682104054357,65.0,4.174387269895637,-0.3876434006237472,0.0726467478634078,31.708905211332535,212.0,,,,,,,,,,,,,,,,,,,
00-0017200,2005,10,375,242,2713.0,11,9.0,30.815950529531698,0.0,0.0,134.0,0.0,0.9832103119843244,23.0,158.0,1,Kurt Warner,Kurtis,Warner,QB,1971-06-22,1998,,,,Northern Iowa,34.195756331279945,5.852858553617008,34.25595324864777,7,5.926926025970411,37.5,0.05778894472361809,0.0821758680787512,3.08159505295317,0.6453333333333333,0.029333333333333333,0.024,7.234666666666667,6.5120841707889685,277.0,5.6240175061873385,0.023509329136422268,1.064461988268413,24.30386635874273,98.0,,,,,,,,,,,,,,,,,,,
00-0017200,2006,6,168,108,1377.0,6,5.0,10.37292399037455,1288.0,641.0,63.0,6.2679233967884755,0.5675865381877017,14.0,104.0,0,Kurt Warner,Kurtis,Warner,QB,1971-06-22,1998,,,,Northern Iowa,35.19507186858316,6.852174090920226,46.95228977227842,8,5.123963979403259,28.0,0.07692307692307693,0.06174359518080089,1.7288206650624252,0.6428571428571429,0.03571428571428571,0.02976190476190476,8.196428571428571,30.815950529531698,375.0,5.926926025970411,0.0821758680787512,0.9832103119843244,-20.443026539157145,-207.0,,,,,,,,,,,,,,,,,,,
00-0017200,2007,14,452,282,3409.0,27,17.0,47.108145978385856,3811.0,1300.0,167.0,12.99840954607005,1.5479260615769197,20.0,140.0,0,Kurt Warner,Kurtis,Warner,QB,1971-06-22,1998,,,,Northern Iowa,36.19438740588638,7.851489628223444,61.645889382100314,9,6.113682179832232,32.285714285714285,0.0423728813559322,0.10422156189908376,3.364867569884704,0.6238938053097345,0.059734513274336286,0.03761061946902655,7.542035398230088,10.37292399037455,168.0,5.123963979403259,0.06174359518080089,0.5675865381877017,36.735221988011304,284.0,,,,,,,,,,,,,,,,,,,
00-0017200,2008,16,599,402,4582.0,30,14.0,114.33177088645904,4213.0,2115.0,220.0,17.41927716320227,2.337592150391433,26.0,182.0,0,Kurt Warner,Kurtis,Warner,QB,1971-06-22,1998,,,,Northern Iowa,37.19644079397673,8.85354301631379,78.38522394171868,10,6.395261598115449,37.4375,0.0416,0.1908710699273106,7.14573568040369,0.671118530884808,0.05008347245409015,0.02337228714524207,7.649415692821369,47.108145978385856,452.0,6.113682179832232,0.10422156189908376,1.5479260615769197,67.22362490807319,147.0,,,,,,,,,,,,,,,,,,,
00-0017200,2009,15,514,340,3758.0,27,14.0,52.96729159590208,3926.0,1595.0,192.0,15.631552034915558,2.102134676605565,24.0,172.0,0,Kurt Warner,Kurtis,Warner,QB,1971-06-22,1998,,,,Northern Iowa,38.195756331279945,9.852858553617008,97.07882167758383,11,6.2422232654551655,34.266666666666666,0.04460966542750929,0.10304920543949822,3.5311527730601386,0.6614785992217899,0.05252918287937743,0.027237354085603113,7.311284046692607,114.33177088645904,599.0,6.395261598115449,0.1908710699273106,2.337592150391433,-61.36447929055696,-85.0,,,,,,,,,,,,,,,,,,,
00-0018272,2003,7,178,94,1199.0,9,8.0,-12.191614177036628,0.0,0.0,55.0,0.0,0.330293496731347,19.0,127.0,0,Anthony Wright,Anthony,Wright,QB,1976-02-14,1999,,,,South Carolina,27.54551676933607,-0.797381008326866,0.6358164724403695,4,5.181783550292085,25.428571428571427,0.09644670050761421,-0.06849221447773386,-1.7416591681480897,0.5280898876404494,0.05056179775280899,0.0449438202247191,6.735955056179775,-23.571802902095477,98.0,4.584967478670572,-0.24052860104179058,0.2204912737275899,11.380188725058849,80.0,,,,,,,,,,,,,,,,,,,
00-0018272,2005,8,266,164,1582.0,6,9.0,-26.04539830318813,0.0,0.0,77.0,0.0,0.3489465102318768,19.0,147.0,0,Anthony Wright,Anthony,Wright,QB,1976-02-14,1999,,,,South Carolina,29.54688569472964,1.2039879170667014,1.4495869044426142,6,5.583496308781699,33.25,0.06666666666666667,-0.09791503121499297,-3.255674787898516,0.6165413533834586,0.022556390977443608,0.03383458646616541,5.947368421052632,-12.191614177036628,178.0,5.181783550292085,-0.06849221447773386,0.330293496731347,-13.853784126151501,88.0,,,,,,,,,,,,,,,,,,,
00-0019041,2004,10,357,218,2485.0,18,10.0,1.572055737891734,0.0,0.0,120.0,0.0,0.8137794092566659,30.0,216.0,0,Billy Volek,John,Volek,QB,1976-04-28,2000,,,,Fresno State,28.344969199178646,0.0020714215157084936,4.290787095740073e-06,4,5.877735781779639,35.7,0.07751937984496124,0.004403517473086089,0.15720557378917338,0.6106442577030813,0.05042016806722689,0.028011204481792718,6.96078431372549,6.324008162556016,69.0,4.23410650459726,0.09165229221095675,0.3156963208502834,-4.751952424664282,288.0,,,,,,,,,,,,,,,,,,,
00-0019087,2003,10,243,136,1655.0,8,12.0,-51.258268258546934,0.0,0.0,72.0,0.0,0.4966687975440836,19.0,121.0,0,Doug Johnson,Douglas,Johnson,QB,1977-10-27,2000,,,,Florida,25.845311430527037,-2.4975863471359006,6.237937561399651,3,5.493061443340548,24.3,0.07251908396946564,-0.21093937554957587,-5.125826825854693,0.5596707818930041,0.03292181069958848,0.04938271604938271,6.810699588477366,9.95069134588569,57.0,4.04305126783455,0.17457353238395948,0.4533391154836164,-61.20895960443262,186.0,,,,,,,,,,,,,,,,,,,
00-0019559,2002,15,399,275,3120.0,22,6.0,117.21764742421118,0.0,0.0,167.0,0.0,1.9941775278379965,22.0,135.0,1,Chad Pennington,James,Pennington,QB,1976-06-26,2000,2000.0,1.0,18.0,Marshall,26.182067077344286,-2.1608307003186518,4.669189315439595,2,5.988961416889864,26.6,0.052256532066508314,0.29377856497296034,7.8145098282807455,0.6892230576441103,0.05513784461152882,0.015037593984962405,7.819548872180451,-2.750727949256543,20.0,2.995732273553991,-0.13753639746282714,0.0610701637275219,119.96837537346772,379.0,,,,,,,,,,,,,,,,,,,
00-0019559,2003,10,297,189,2139.0,13,12.0,22.58380983818722,0.0,0.0,116.0,0.0,0.9289318185485472,25.0,160.0,1,Chad Pennington,James,Pennington,QB,1976-06-26,2000,2000.0,1.0,18.0,Marshall,27.1813826146475,-1.1615151630154372,1.3491174739147778,3,5.6937321388027,29.7,0.07763975155279502,0.07603976376494014,2.2583809838187223,0.6363636363636364,0.04377104377104377,0.04040404040404041,7.202020202020202,117.21764742421118,399.0,5.988961416889864,0.29377856497296034,1.9941775278379965,-94.63383758602396,-102.0,,,,,,,,,,,,,,,,,,,
00-0019559,2004,13,370,242,2673.0,16,9.0,29.422586842702454,0.0,0.0,136.0,0.0,1.39026904742421,18.0,103.0,0,Chad Pennington,James,Pennington,QB,1976-06-26,2000,2000.0,1.0,18.0,Marshall,28.18343600273785,-0.15946177492508795,0.025428057662259407,4,5.91350300563827,28.46153846153846,0.04639175257731959,0.07952050498027691,2.2632759109771117,0.654054054054054,0.043243243243243246,0.024324324324324326,7.224324324324324,22.58380983818722,297.0,5.6937321388027,0.07603976376494014,0.9289318185485472,6.838777004515233,73.0,,,,,,,,,,,,,,,,,,,
00-0019559,2006,16,485,313,3352.0,17,16.0,24.74479794571577,3660.0,1412.0,161.0,14.872741006059698,1.8968849696880203,29.0,172.0,0,Chad Pennington,James,Pennington,QB,1976-06-26,2000,2000.0,1.0,18.0,Marshall,30.182067077344286,1.8391692996813482,3.382543712890381,6,6.184148890937483,30.3125,0.05642023346303502,0.05102020194992942,1.5465498716072357,0.6453608247422681,0.03505154639175258,0.032989690721649485,6.911340206185567,-8.05009335718671,83.0,4.418840607796598,-0.09698907659261097,0.1990478587596803,32.794891302902485,402.0,,,,,,,,,,,,,,,,,,,
00-0019559,2007,9,260,179,1766.0,10,9.0,-2.4694395016270647,1913.0,640.0,90.0,8.872275904749436,1.0912541756317522,26.0,178.0,1,Chad Pennington,James,Pennington,QB,1976-06-26,2000,2000.0,1.0,18.0,Marshall,31.1813826146475,2.8384848369845628,8.05699616979128,7,5.560681631015528,28.88888888888889,0.09090909090909091,-0.009497844237027172,-0.27438216684745165,0.6884615384615385,0.038461538461538464,0.03461538461538462,6.792307692307692,24.74479794571577,485.0,6.184148890937483,0.05102020194992942,1.8968849696880203,-27.214237447342835,-225.0,,,,,,,,,,,,,,,,,,,
00-0019559,2008,16,476,321,3653.0,19,7.0,90.0194417308048,3884.0,1404.0,180.0,16.785920794629877,2.44208019723294,23.0,117.0,0,Chad Pennington,James,Pennington,QB,1976-06-26,2000,2000.0,1.0,18.0,Marshall,32.18343600273785,3.840538225074912,14.749733858261555,8,6.16541785423142,29.75,0.04609218436873747,0.18911647422437983,5.6262151081753,0.6743697478991597,0.03991596638655462,0.014705882352941176,7.67436974789916,-2.4694395016270647,260.0,5.560681631015528,-0.009497844237027172,1.0912541756317522,92.48888123243186,216.0,,,,,,,,,,,,,,,,,,,
00-0019596,2001,15,413,264,2843.0,18,12.0,14.048472081929631,0.0,0.0,143.0,0.0,1.290487273433312,41.0,216.0,0,Tom Brady,Thomas,Brady,QB,1977-08-03,2000,2000.0,6.0,199.0,Michigan,24.079397672826833,-4.263500104836105,18.177433143937478,1,6.023447592961033,27.533333333333335,0.09030837004405286,0.03401567090055601,0.9365648054619754,0.639225181598063,0.043583535108958835,0.029055690072639227,6.883777239709443,-1.342475933022797,3.0,1.0986122886681098,-0.4474919776742657,0.0,15.390948014952428,410.0,,,,,,,,,,,,,,,,,,,
00-0019596,2002,16,601,373,3764.0,28,14.0,13.039537683352256,0.0,0.0,184.0,0.0,1.43246856501538,31.0,190.0,2,Tom Brady,Thomas,Brady,QB,1977-08-03,2000,2000.0,6.0,199.0,Michigan,25.078713210130047,-3.26418456753289,10.654900890919881,2,6.398594934535208,37.5625,0.0490506329113924,0.02169640213536149,0.814971105209516,0.6206322795341098,0.04658901830282862,0.02329450915141431,6.262895174708818,14.048472081929631,413.0,6.023447592961033,0.03401567090055601,1.290487273433312,-1.0089343985773755,188.0,,,,,,,,,,,,,,,,,,,
00-0019596,2003,16,528,317,3620.0,23,12.0,35.284094999821775,0.0,0.0,175.0,0.0,1.4072079465029443,32.0,219.0,0,Tom Brady,Thomas,Brady,QB,1977-08-03,2000,2000.0,6.0,199.0,Michigan,26.078028747433265,-2.264869030229672,5.129631724093495,3,6.269096283706261,33.0,0.05714285714285714,0.06682593749966245,2.205255937488861,0.6003787878787878,0.043560606060606064,0.022727272727272728,6.856060606060606,13.039537683352256,601.0,6.398594934535208,0.02169640213536149,1.43246856501538,22.244557316469518,-73.0,,,,,,,,,,,,,,,,,,,
00-0019596,2004,16,474,288,3690.0,28,14.0,120.46439413787454,0.0,0.0,188.0,0.0,2.2457748198805523,26.0,162.0,0,Tom Brady,Thomas,Brady,QB,1977-08-03,2000,2000.0,6.0,199.0,Michigan,27.080082135523615,-1.2628156421393228,1.5947033460317503,4,6.161207321695077,29.625,0.052,0.2541442914301151,7.5290246336171585,0.6075949367088608,0.05907172995780591,0.029535864978902954,7.784810126582278,35.284094999821775,528.0,6.269096283706261,0.06682593749966245,1.4072079465029443,85.18029913805276,-54.0,,,,,,,,,,,,,,,,,,,
00-0019596,2005,16,530,334,4110.0,26,14.0,112.97456953332264,0.0,0.0,193.0,0.0,2.096359192076546,26.0,188.0,0,Tom Brady,Thomas,Brady,QB,1977-08-03,2000,2000.0,6.0,199.0,Michigan,28.079397672826833,-0.26350010483610475,0.0694323052486382,5,6.272877006546167,33.125,0.046762589928057555,0.21315956515721252,7.060910595832665,0.630188679245283,0.04905660377358491,0.026415094339622643,7.754716981132075,120.46439413787454,474.0,6.161207321695077,0.2541442914301151,2.2457748198805523,-7.489824604551899,56.0,,,,,,,,,,,,,,,,,,,
00-0019596,2006,16,517,320,3533.0,24,12.0,67.65501013516601,4170.0,1673.0,176.0,14.138026349196137,1.8858686359902892,26.0,175.0,2,Tom Brady,Thomas,Brady,QB,1977-08-03,2000,2000.0,6.0,199.0,Michigan,29.078713210130047,0.7358154324671098,0.5414243506567598,6,6.248042874508429,32.3125,0.04788213627992634,0.1308607546134739,4.228438133447876,0.6189555125725339,0.04642166344294004,0.02321083172147002,6.833655705996131,112.97456953332264,530.0,6.272877006546167,0.21315956515721252,2.096359192076546,-45.31955939815663,-13.0,,,,,,,,,,,,,,,,,,,
00-0019596,2007,16,578,398,4806.0,50,8.0,250.0281579677097,4746.0,2071.0,240.0,17.78809299907936,3.942845167006256,21.0,128.0,0,Tom Brady,Thomas,Brady,QB,1977-08-03,2000,2000.0,6.0,199.0,Michigan,30.078028747433265,1.7351309697703279,3.0106794822561187,7,6.359573868672378,36.125,0.035058430717863104,0.4325746677642036,15.626759872981856,0.6885813148788927,0.08650519031141868,0.01384083044982699,8.314878892733564,67.65501013516601,517.0,6.248042874508429,0.1308607546134739,1.8858686359902892,182.37314783254368,61.0,,,,,,,,,,,,,,,,,,,
00-0019596,2009,16,565,371,4398.0,28,13.0,136.5798376742497,4711.0,2222.0,214.0,15.84417799713378,2.639397791356565,16.0,86.0,1,Tom Brady,Thomas,Brady,QB,1977-08-03,2000,2000.0,6.0,199.0,Michigan,32.07939767282683,3.7364998951638917,13.961431466559773,9,6.336825731146441,35.3125,0.027538726333907058,0.24173422597212335,8.536239854640606,0.6566371681415929,0.049557522123893805,0.023008849557522124,7.784070796460177,0.037038876209408,11.0,2.3978952727983707,0.0033671705644916367,0.0397638401228831,136.54279879804028,554.0,,,,,,,,,,,,,,,,,,,
00-0019596,2010,16,492,324,3900.0,36,4.0,150.04829620827692,3872.0,1880.0,189.0,17.006376178407614,2.7150111858776365,25.0,175.0,0,Tom Brady,Thomas,Brady,QB,1977-08-03,2000,2000.0,6.0,199.0,Michigan,33.07871321013005,4.73581543246711,22.42794781039364,10,6.198478716492308,30.75,0.048355899419729204,0.3049762118054409,9.378018513017308,0.6585365853658537,0.07317073170731707,0.008130081300813009,7.926829268292683,136.5798376742497,565.0,6.336825731146441,0.24173422597212335,2.639397791356565,13.468458534027235,-73.0,,,,,,,,,,,,,,,,,,,
00-0019596,2011,16,611,401,5235.0,39,12.0,198.03348554604884,4989.0,2566.0,261.0,17.867145576074247,2.8624508173591283,32.0,173.0,0,Tom Brady,Thomas,Brady,QB,1977-08-03,2000,2000.0,6.0,199.0,Michigan,34.078028747433265,5.735130969770328,32.89172724041874,11,6.415096959171596,38.1875,0.049766718506998445,0.32411372429795227,12.377092846628052,0.6563011456628478,0.06382978723404255,0.019639934533551555,8.567921440261866,150.04829620827692,492.0,6.198478716492308,0.3049762118054409,2.7150111858776365,47.985189337771914,119.0,,,,,,,,,,,,,,,,,,,
00-0019596,2012,16,637,401,4827.0,35,8.0,190.1886397708397,5508.0,2218.0,255.0,14.622637311181151,2.8166740225016262,27.0,182.0,0,Tom Brady,Thomas,Brady,QB,1977-08-03,2000,2000.0,6.0,199.0,Michigan,35.08008213552361,6.737184357860674,45.389653071802535,12,6.456769655572163,39.8125,0.04066265060240964,0.29856929320382997,11.886789985677481,0.6295133437990581,0.054945054945054944,0.012558869701726845,7.577708006279435,198.03348554604884,611.0,6.415096959171596,0.32411372429795227,2.8624508173591283,-7.844845775209137,26.0,,,,,,,,,,,,,,,,,,,
00-0019596,2013,16,628,380,4343.0,25,11.0,69.39238269031705,5304.0,2014.0,225.0,13.807960406621536,1.555463540646113,40.0,256.0,2,Tom Brady,Thomas,Brady,QB,1977-08-03,2000,2000.0,6.0,199.0,Michigan,36.07939767282683,7.736499895163892,59.85343062787091,13,6.4425401664681985,39.25,0.059880239520958084,0.11049742466610996,4.337023918144816,0.6050955414012739,0.03980891719745223,0.01751592356687898,6.915605095541402,190.1886397708397,637.0,6.456769655572163,0.29856929320382997,2.8166740225016262,-120.79625708052265,-9.0,,,,,,,,,,,,,,,,,,,
00-0019596,2014,16,582,373,4109.0,33,9.0,110.73081503496122,4691.0,1862.0,220.0,14.61368789217741,2.1115059419120663,21.0,134.0,0,Tom Brady,Thomas,Brady,QB,1977-08-03,2000,2000.0,6.0,199.0,Michigan,37.07871321013005,8.73581543246711,76.31447127013051,14,6.366470447731438,36.375,0.03482587064676617,0.19025913236247632,6.9206759396850765,0.6408934707903781,0.05670103092783505,0.015463917525773196,7.060137457044673,69.39238269031705,628.0,6.4425401664681985,0.11049742466610996,1.555463540646113,41.338432344644175,-46.0,,,,,,,,,,,,,,,,,,,
00-0019596,2015,16,624,402,4770.0,36,7.0,127.53617939309687,4915.0,2414.0,228.0,17.189631811442812,1.9951222418290375,38.0,225.0,0,Tom Brady,Thomas,Brady,QB,1977-08-03,2000,2000.0,6.0,199.0,Michigan,38.078028747433265,9.735130969770328,94.77277499858137,15,6.436150368369428,39.0,0.05740181268882175,0.20438490287355268,7.971011212068555,0.6442307692307693,0.057692307692307696,0.011217948717948718,7.644230769230769,110.73081503496122,582.0,6.366470447731438,0.19025913236247632,2.1115059419120663,16.805364358135648,42.0,,,,,,,,,,,,,,,,,,,
00-0019596,2016,12,432,291,3554.0,28,2.0,147.29648005710283,3353.0,1744.0,163.0,13.359502540716695,2.230443066021901,15.0,87.0,1,Tom Brady,Thomas,Brady,QB,1977-08-03,2000,2000.0,6.0,199.0,Michigan,39.08008213552361,10.737184357860674,115.28712793468793,16,6.068425588244111,36.0,0.03355704697986577,0.3409640742062565,12.274706671425236,0.6736111111111112,0.06481481481481481,0.004629629629629629,8.226851851851851,127.53617939309687,624.0,6.436150368369428,0.20438490287355268,1.9951222418290375,19.760300664005953,-192.0,,,,,,,,,,,,,,,,,,,
00-0019596,2017,16,581,385,4577.0,32,8.0,138.50818443449458,5308.0,1910.0,230.0,14.757794827119636,2.6240444178350972,35.0,201.0,2,Tom Brady,Thomas,Brady,QB,1977-08-03,2000,2000.0,6.0,199.0,Michigan,40.07939767282683,11.736499895163892,137.74542978918205,17,6.364750756851911,36.3125,0.056818181818181816,0.23839618663424197,8.656761527155911,0.6626506024096386,0.055077452667814115,0.013769363166953529,7.877796901893287,147.29648005710283,432.0,6.068425588244111,0.3409640742062565,2.230443066021901,-8.788295622608246,149.0,,,,,,,,,,,,,,,,,,,
00-0019596,2018,16,570,375,4355.0,29,11.0,92.55194421713176,4487.0,2121.0,205.0,16.84065926549696,2.0598924597742205,21.0,147.0,0,Tom Brady,Thomas,Brady,QB,1977-08-03,2000,2000.0,6.0,199.0,Michigan,41.07871321013005,12.73581543246711,162.2009947298674,18,6.345636360828596,35.625,0.03553299492385787,0.16237183195988028,5.784496513570735,0.6578947368421053,0.05087719298245614,0.01929824561403509,7.640350877192983,138.50818443449458,581.0,6.364750756851911,0.23839618663424197,2.6240444178350972,-45.95624021736282,-11.0,19.0,36.578947368421055,6.167259336147478,6.126838158947368,8.941569691786468,0.1450973952903066,0.2747837753233116,7.593768104938327,1.2368207095995576,0.6577597703715684,0.045660858242690054,0.021520449738413126,-12.241975,19.845913,0.1686013343694994,1.4594101328967841,1.8937884775500782,15.0,0.7894736842105263
00-0019596,2019,16,613,373,4057.0,24,8.0,31.495536933869403,4613.0,1863.0,193.0,14.739259707018444,1.3741073944917566,27.0,185.0,1,Tom Brady,Thomas,Brady,QB,1977-08-03,2000,2000.0,6.0,199.0,Michigan,42.078028747433265,13.735130969770328,188.65382275674398,19,6.418364935936212,38.3125,0.0421875,0.05137934246960751,1.9684710583668377,0.6084828711256117,0.03915171288743882,0.013050570962479609,6.618270799347472,92.55194421713176,570.0,6.345636360828596,0.16237183195988028,2.0598924597742205,-61.05640728326236,43.0,17.0,38.23529411764706,6.210167185397526,1.6694505229411765,10.388688161289778,0.05090703108939102,0.2921481728723455,6.626170269180511,1.7750437186771815,0.6045289390835116,0.038835005226277676,0.013433312069421683,-19.551674,17.000393,0.1624197571565507,6.222818836815463,5.738857022703666,10.0,0.5882352941176471
00-0019596,2020,16,610,401,4633.0,40,12.0,133.306173572968,5532.0,1810.0,233.0,13.480106637924504,2.8546430218677945,21.0,143.0,0,Tom Brady,Thomas,Brady,QB,1977-08-03,2000,2000.0,6.0,199.0,Michigan,43.08008213552361,14.737184357860674,217.18460279757332,20,6.413458957167357,38.125,0.03328050713153724,0.21853471077535735,8.3316358483105,0.6573770491803279,0.06557377049180328,0.019672131147540985,7.5950819672131145,31.495536933869403,613.0,6.418364935936212,0.05137934246960751,1.3741073944917566,101.81063663909859,-3.0,20.0,37.4,6.80866321217624,8.727546535,13.0433591244592,0.24477563917331593,0.35500587077708773,7.670081926615363,1.8503948785069286,0.647054539254937,0.06876907233136773,0.019149210734506823,-23.323347,28.041578,0.1820498185073861,1.4945046780503017,1.4503317077469549,17.0,0.85
00-0019596,2021,17,719,485,5316.0,43,12.0,145.71488371139247,5804.0,2534.0,269.0,16.02689856101568,2.4575664605084473,22.0,144.0,0,Tom Brady,Thomas,Brady,QB,1977-08-03,2000,2000.0,6.0,199.0,Michigan,44.07939767282683,15.736499895163892,247.6374289504932,21,6.577861357721047,42.294117647058826,0.029689608636977057,0.20266325968204796,8.57146374772897,0.674547983310153,0.059805285118219746,0.016689847009735744,7.393602225312935,133.306173572968,610.0,6.413458957167357,0.21853471077535735,2.8546430218677945,12.408710138424482,109.0,19.0,42.63157894736842,7.387756585623341,7.367671891578947,11.226881188578279,0.1773468782416804,0.2531641691936552,7.326679006324983,1.2936715781447787,0.6730671206663189,0.05886117161609711,0.015933875965845275,-16.39122,28.323593,0.17329305571215248,1.5238030891970509,1.4275084608405362,15.0,0.7894736842105263
00-0019596,2022,17,733,490,4694.0,25,9.0,61.90626977165676,5027.0,2292.0,237.0,16.32944806347621,1.55658437000219,22.0,160.0,2,Tom Brady,Thomas,Brady,QB,1977-08-03,2000,2000.0,6.0,199.0,Michigan,45.07871321013005,16.73581543246711,280.0875181896043,22,6.597145701886651,43.11764705882353,0.02913907284768212,0.08445602970212382,3.641545280685692,0.6684856753069577,0.034106412005457026,0.01227830832196453,6.403819918144611,145.71488371139247,719.0,6.577861357721047,0.20266325968204796,2.4575664605084473,-83.80861393973572,14.0,18.0,44.388888888888886,11.961403069819728,3.2345268355555556,7.241790521841912,0.0933492693789491,0.17571308872533412,6.4155139527300635,1.400782656074262,0.6646582032759558,0.03598080182094234,0.012704148767367158,-9.466742,17.324783,0.2694684045766647,2.23890259380027,1.8823188429256053,12.0,0.6666666666666666
00-0019599,2002,7,214,138,1826.0,14,6.0,60.430205503497234,0.0,0.0,86.0,0.0,0.6899173831443974,12.0,102.0,0,Marc Bulger,Marc,Bulger,QB,1977-04-05,2001,2000.0,6.0,168.0,West Virginia,25.4072553045859,-2.9356424730770385,8.617996729733871,1,5.365976015021851,30.571428571428573,0.05309734513274336,0.2823841378668095,8.632886500499605,0.6448598130841121,0.06542056074766354,0.028037383177570093,8.532710280373832,,,,,,,,,,,,,,,,,,,,,,,,,,
00-0019599,2003,15,532,336,3845.0,22,22.0,34.9373443060663,0.0,0.0,193.0,0.0,1.593594212202989,37.0,288.0,0,Marc Bulger,Marc,Bulger,QB,1977-04-05,2001,2000.0,6.0,168.0,West Virginia,26.406570841889117,-1.9363269357738204,3.749362002203233,2,6.2766434893416445,35.46666666666667,0.06502636203866433,0.06567169982343289,2.3291562870710867,0.631578947368421,0.041353383458646614,0.041353383458646614,7.227443609022556,60.430205503497234,214.0,5.365976015021851,0.2823841378668095,0.6899173831443974,-25.492861197430933,318.0,,,,,,,,,,,,,,,,,,,
00-0019599,2004,14,485,321,3964.0,21,14.0,76.32803505016615,0.0,0.0,180.0,0.0,1.5158402330744023,41.0,302.0,1,Marc Bulger,Marc,Bulger,QB,1977-04-05,2001,2000.0,6.0,168.0,West Virginia,27.408624229979466,-0.9342735476834712,0.8728670619010592,3,6.184148890937483,34.642857142857146,0.0779467680608365,0.15737739185601268,5.452002503583296,0.6618556701030928,0.04329896907216495,0.0288659793814433,8.17319587628866,34.9373443060663,532.0,6.2766434893416445,0.06567169982343289,1.593594212202989,41.39069074409985,-47.0,,,,,,,,,,,,,,,,,,,
00-0019599,2005,8,287,192,2297.0,14,9.0,51.55671240887721,0.0,0.0,109.0,0.0,1.017564157905112,26.0,192.0,0,Marc Bulger,Marc,Bulger,QB,1977-04-05,2001,2000.0,6.0,168.0,West Virginia,28.407939767282684,0.06504198961974694,0.004230460413695269,4,5.659482215759621,35.875,0.08306709265175719,0.17964011292291712,6.444589051109651,0.6689895470383276,0.04878048780487805,0.0313588850174216,8.003484320557492,76.32803505016615,485.0,6.184148890937483,0.15737739185601268,1.5158402330744023,-24.77132264128894,-198.0,,,,,,,,,,,,,,,,,,,
00-0019599,2006,16,588,370,4301.0,24,8.0,55.18097075092615,5291.0,1618.0,211.0,13.386452513320869,1.7975633142227867,49.0,366.0,1,Marc Bulger,Marc,Bulger,QB,1977-04-05,2001,2000.0,6.0,168.0,West Virginia,29.4072553045859,1.0643575269229615,1.1328569451175627,5,6.376726947898627,36.75,0.07692307692307693,0.09384518835191522,3.4488106719328844,0.6292517006802721,0.04081632653061224,0.013605442176870748,7.3146258503401365,51.55671240887721,287.0,5.659482215759621,0.17964011292291712,1.017564157905112,3.6242583420489396,301.0,,,,,,,,,,,,,,,,,,,
00-0019599,2007,12,378,221,2392.0,11,15.0,-47.93895474614525,3308.0,724.0,128.0,9.673949605404314,0.7102150375816381,37.0,269.0,0,Marc Bulger,Marc,Bulger,QB,1977-04-05,2001,2000.0,6.0,168.0,West Virginia,30.406570841889117,2.0636730642261796,4.258746516012669,6,5.934894195619588,31.5,0.0891566265060241,-0.12682263160355886,-3.9949128955121043,0.5846560846560847,0.0291005291005291,0.03968253968253968,6.328042328042328,55.18097075092615,588.0,6.376726947898627,0.09384518835191522,1.7975633142227867,-103.11992549707139,-210.0,,,,,,,,,,,,,,,,,,,
00-0019599,2008,15,441,252,2727.0,11,13.0,-80.12942850714597,3819.0,1157.0,121.0,10.96741196660548,0.0731102726964836,38.0,263.0,0,Marc Bulger,Marc,Bulger,QB,1977-04-05,2001,2000.0,6.0,168.0,West Virginia,31.408624229979466,3.065726452316529,9.39867868043329,7,6.089044875446846,29.4,0.07933194154488518,-0.1816993843699455,-5.341961900476398,0.5714285714285714,0.024943310657596373,0.02947845804988662,6.183673469387755,-47.93895474614525,378.0,5.934894195619588,-0.12682263160355886,0.7102150375816381,-32.190473761000725,63.0,,,,,,,,,,,,,,,,,,,
00-0019599,2009,9,247,140,1469.0,5,6.0,-38.49705222251772,1904.0,690.0,78.0,8.066531377374318,0.478366920461633,14.0,85.0,0,Marc Bulger,Marc,Bulger,QB,1977-04-05,2001,2000.0,6.0,168.0,West Virginia,32.407939767282684,4.065041989619747,16.52456637737167,8,5.5093883366279774,27.444444444444443,0.05363984674329502,-0.15585851102233897,-4.2774502469464135,0.5668016194331984,0.020242914979757085,0.024291497975708502,5.947368421052632,-80.12942850714597,441.0,6.089044875446846,-0.1816993843699455,0.0731102726964836,41.63237628462825,-194.0,,,,,,,,,,,,,,,,,,,
00-0019623,2003,8,118,73,856.0,7,2.0,20.074316703208652,0.0,0.0,41.0,0.0,0.5923578848692779,7.0,54.0,0,Tim Rattay,Timothy,Rattay,QB,1977-03-15,2000,2000.0,7.0,212.0,Louisiana Tech; Scottsdale CC,26.46406570841889,-1.8788320692440479,3.530009944419871,3,4.770684624465665,14.75,0.056,0.17012132799329366,2.5092895879010815,0.6186440677966102,0.059322033898305086,0.01694915254237288,7.254237288135593,-3.1922018993326757,43.0,3.7612001156935624,-0.07423725347285293,0.1004033729755626,23.26651860254133,75.0,,,,,,,,,,,,,,,,,,,
00-0019623,2004,9,325,198,2169.0,10,10.0,-30.413287878685075,0.0,0.0,108.0,0.0,0.6630246384745886,37.0,211.0,2,Tim Rattay,Timothy,Rattay,QB,1977-03-15,2000,2000.0,7.0,212.0,Louisiana Tech; Scottsdale CC,27.46611909650924,-0.8767786811536986,0.7687408557256191,4,5.783825182329737,36.111111111111114,0.10220994475138122,-0.093579347319031,-3.379254208742786,0.6092307692307692,0.03076923076923077,0.03076923076923077,6.673846153846154,20.074316703208652,118.0,4.770684624465665,0.17012132799329366,0.5923578848692779,-50.48760458189373,207.0,,,,,,,,,,,,,,,,,,,
00-0019623,2006,4,101,61,748.0,4,2.0,9.134248078508366,587.0,334.0,26.0,5.511455255262795,0.3070336819015273,4.0,18.0,0,Tim Rattay,Timothy,Rattay,QB,1977-03-15,2000,2000.0,7.0,212.0,Louisiana Tech; Scottsdale CC,29.464750171115675,1.1218523934527376,1.258552792695636,6,4.61512051684126,25.25,0.0380952380952381,0.09043809978721154,2.2835620196270914,0.6039603960396039,0.039603960396039604,0.019801980198019802,7.405940594059406,-13.584449730135908,97.0,4.574710978503383,-0.14004587350655576,0.3532134123785374,22.718697808644272,4.0,,,,,,,,,,,,,,,,,,,
00-0019709,2002,6,182,97,1034.0,7,3.0,-19.836973515104425,0.0,0.0,49.0,0.0,0.4375003543024925,11.0,68.0,0,Chris Redman,Chris,Redman,QB,1977-07-07,2000,2000.0,3.0,75.0,Louisville,25.152635181382614,-3.1902625962803235,10.17777543322527,2,5.204006687076795,30.333333333333332,0.05699481865284974,-0.10899435997310124,-3.3061622525174044,0.532967032967033,0.038461538461538464,0.016483516483516484,5.681318681318682,-2.072561442829096,3.0,1.0986122886681098,-0.6908538142763653,0.0,-17.76441207227533,179.0,,,,,,,,,,,,,,,,,,,
00-0019709,2007,6,149,89,1079.0,10,5.0,-11.422329389726189,1014.0,510.0,48.0,6.873227632939786,0.2846760258903008,9.0,51.0,0,Chris Redman,Chris,Redman,QB,1977-07-07,2000,2000.0,3.0,75.0,Louisville,30.151950718685832,1.8090529410228946,3.2726725434235844,7,5.003946305945459,24.833333333333332,0.056962025316455694,-0.07665992879010865,-1.9037215649543648,0.5973154362416108,0.06711409395973154,0.03355704697986577,7.241610738255034,-19.91077481555752,13.0,2.5649493574615367,-1.531598062735194,0.0539504906817607,8.488445425831332,136.0,,,,,,,,,,,,,,,,,,,
00-0019709,2009,5,119,69,781.0,4,3.0,0.7165102831004582,986.0,348.0,40.0,2.4937121536542852,0.1902979141444118,8.0,34.0,0,Chris Redman,Chris,Redman,QB,1977-07-07,2000,2000.0,3.0,75.0,Louisville,32.153319644079396,3.8104218664164584,14.519314800064686,9,4.77912349311153,23.8,0.06299212598425197,0.006021094815970237,0.14330205662009163,0.5798319327731093,0.03361344537815126,0.025210084033613446,6.563025210084033,-11.422329389726189,149.0,5.003946305945459,-0.07665992879010865,0.2846760258903008,12.138839672826647,-30.0,,,,,,,,,,,,,,,,,,,
00-0019816,2003,7,177,95,1012.0,5,7.0,-25.228326395731436,0.0,0.0,53.0,0.0,0.6094332785918777,9.0,44.0,0,Tim Hasselbeck,Timothy,Hasselbeck,QB,1978-04-06,2002,,,,Boston College,25.404517453798768,-2.9383803238641697,8.634078927672103,1,5.176149732573829,25.285714285714285,0.04838709677419355,-0.14253291749000813,-3.6040466279616337,0.536723163841808,0.02824858757062147,0.03954802259887006,5.7175141242937855,,,,,,,,,,,,,,,,,,,,,,,,,,
00-0020245,2001,8,113,50,785.0,2,3.0,-44.9538732979145,0.0,0.0,34.0,0.0,0.3526404013612524,21.0,113.0,0,Mike Vick,Michael,Vick,QB,1980-06-26,2001,2001.0,1.0,1.0,Virginia Tech,21.182751540041068,-7.16014623762187,51.267694144130616,0,4.727387818712341,14.125,0.15671641791044777,-0.3978218875921637,-5.619234162239312,0.4424778761061947,0.017699115044247787,0.02654867256637168,6.946902654867257,,,,,,,,,,,,,,,,,,,,,,,,,,
00-0020245,2002,15,421,231,2936.0,16,8.0,33.615713160062654,0.0,0.0,139.0,0.0,1.789067889099876,33.0,206.0,0,Mike Vick,Michael,Vick,QB,1980-06-26,2001,2001.0,1.0,1.0,Virginia Tech,22.182067077344286,-6.160830700318652,37.95583491798881,1,6.042632833682381,28.066666666666666,0.07268722466960352,0.07984729966760726,2.241047544004177,0.5486935866983373,0.03800475059382423,0.019002375296912115,6.973871733966746,-44.9538732979145,113.0,4.727387818712341,-0.3978218875921637,0.3526404013612524,78.56958645797715,308.0,,,,,,,,,,,,,,,,,,,
00-0020245,2003,5,100,50,585.0,4,3.0,-13.32130151897788,0.0,0.0,32.0,0.0,0.5405979421463617,9.0,64.0,0,Mike Vick,Michael,Vick,QB,1980-06-26,2001,2001.0,1.0,1.0,Virginia Tech,23.1813826146475,-5.161515163015437,26.641238778038275,2,4.605170185988092,20.0,0.08256880733944955,-0.1332130151897788,-2.664260303795576,0.5,0.04,0.03,5.85,33.615713160062654,421.0,6.042632833682381,0.07984729966760726,1.789067889099876,-46.93701467904053,-321.0,,,,,,,,,,,,,,,,,,,
00-0020245,2004,15,321,181,2313.0,14,12.0,-71.01689360313296,0.0,0.0,103.0,0.0,1.5390225515742206,45.0,261.0,0,Mike Vick,Michael,Vick,QB,1980-06-26,2001,2001.0,1.0,1.0,Virginia Tech,24.18343600273785,-4.159461774925088,17.301122257062964,3,5.771441123130016,21.4,0.12295081967213115,-0.22123642867019613,-4.734459573542197,0.5638629283489096,0.04361370716510903,0.037383177570093455,7.205607476635514,-13.32130151897788,100.0,4.605170185988092,-0.1332130151897788,0.5405979421463617,-57.69559208415508,221.0,,,,,,,,,,,,,,,,,,,
00-0020245,2005,15,387,214,2412.0,15,13.0,-15.182438035430152,0.0,0.0,126.0,0.0,1.4360266201315304,34.0,210.0,1,Mike Vick,Michael,Vick,QB,1980-06-26,2001,2001.0,1.0,1.0,Virginia Tech,25.182751540041068,-3.16014623762187,9.98652424315566,4,5.958424693029782,25.8,0.08076009501187649,-0.039231106034703235,-1.0121625356953434,0.5529715762273901,0.03875968992248062,0.03359173126614987,6.232558139534884,-71.01689360313296,321.0,5.771441123130016,-0.22123642867019613,1.5390225515742206,55.834455567702804,66.0,,,,,,,,,,,,,,,,,,,
00-0020245,2006,16,389,205,2474.0,20,13.0,-66.99131294279393,4463.0,880.0,123.0,9.507974269205915,1.0008265915432712,45.0,303.0,0,Mike Vick,Michael,Vick,QB,1980-06-26,2001,2001.0,1.0,1.0,Virginia Tech,26.182067077344286,-2.1608307003186518,4.669189315439595,5,5.963579343618446,24.3125,0.10368663594470046,-0.17221417208944453,-4.18695705892462,0.5269922879177378,0.05141388174807198,0.033419023136246784,6.359897172236503,-15.182438035430152,387.0,5.958424693029782,-0.039231106034703235,1.4360266201315304,-51.80887490736377,2.0,,,,,,,,,,,,,,,,,,,
00-0020245,2010,12,372,233,3018.0,21,6.0,66.24013266749661,3419.0,1332.0,131.0,11.733102069885852,1.9980197488146627,35.0,211.0,1,Mike Vick,Michael,Vick,QB,1980-06-26,2001,2001.0,1.0,1.0,Virginia Tech,30.182067077344286,1.8391692996813482,3.382543712890381,9,5.918893854273146,31.0,0.085995085995086,0.17806487276208766,5.5200110556247175,0.6263440860215054,0.056451612903225805,0.016129032258064516,8.112903225806452,3.270934095606208,13.0,2.5649493574615367,0.2516103150466314,0.0,62.9691985718904,359.0,,,,,,,,,,,,,,,,,,,
00-0020245,2011,13,423,253,3303.0,18,14.0,49.776743787846485,3878.0,1332.0,155.0,11.694096732007154,1.6472916485920246,23.0,126.0,0,Mike Vick,Michael,Vick,QB,1980-06-26,2001,2001.0,1.0,1.0,Virginia Tech,31.1813826146475,2.8384848369845628,8.05699616979128,10,6.0473721790462776,32.53846153846154,0.0515695067264574,0.1176755172289515,3.8289802913728064,0.5981087470449172,0.0425531914893617,0.03309692671394799,7.808510638297872,66.24013266749661,372.0,5.918893854273146,0.17806487276208766,1.9980197488146627,-16.463388879650125,51.0,,,,,,,,,,,,,,,,,,,
00-0020245,2012,10,351,204,2362.0,12,10.0,-2.25061192759998,3111.0,1004.0,114.0,9.447139826030137,0.8708160740617373,28.0,153.0,0,Mike Vick,Michael,Vick,QB,1980-06-26,2001,2001.0,1.0,1.0,Virginia Tech,32.18343600273785,3.840538225074912,14.749733858261555,11,5.860786223465865,35.1,0.07387862796833773,-0.006411999793732137,-0.225061192759998,0.5811965811965812,0.03418803418803419,0.02849002849002849,6.72934472934473,49.776743787846485,423.0,6.0473721790462776,0.1176755172289515,1.6472916485920246,-52.02735571544646,-72.0,,,,,,,,,,,,,,,,,,,
00-0020245,2013,7,141,77,1215.0,5,3.0,1.838231289096252,1531.0,571.0,51.0,4.904492707838957,0.5591774237028886,15.0,99.0,0,Mike Vick,Michael,Vick,QB,1980-06-26,2001,2001.0,1.0,1.0,Virginia Tech,33.18275154004107,4.83985376237813,23.424184441205743,12,4.948759890378168,20.142857142857142,0.09615384615384616,0.01303710134110817,0.26260446987089314,0.5460992907801419,0.03546099290780142,0.02127659574468085,8.617021276595745,-2.25061192759998,351.0,5.860786223465865,-0.006411999793732137,0.8708160740617373,4.088843216696232,-210.0,,,,,,,,,,,,,,,,,,,
00-0020245,2014,9,121,64,604.0,3,2.0,-48.4193069326558,1055.0,250.0,33.0,2.916215600944716,0.0431291491327708,19.0,85.0,0,Mike Vick,Michael,Vick,QB,1980-06-26,2001,2001.0,1.0,1.0,Virginia Tech,34.182067077344286,5.839169299681348,34.09589811034117,13,4.795790545596741,13.444444444444445,0.1357142857142857,-0.40015956142690745,-5.3799229925173115,0.5289256198347108,0.024793388429752067,0.01652892561983471,4.991735537190083,1.838231289096252,141.0,4.948759890378168,0.01303710134110817,0.5591774237028886,-50.25753822175205,-20.0,,,,,,,,,,,,,,,,,,,
00-0020305,2002,6,154,86,1011.0,6,5.0,4.218718046445187,0.0,0.0,44.0,0.0,0.253066256757217,7.0,48.0,0,A.J. Feeley,Adam,Feeley,QB,1977-05-16,2001,2001.0,5.0,155.0,Oregon,25.295003422313485,-3.0478943553494524,9.289660001371054,1,5.0369526024136295,25.666666666666668,0.043478260869565216,0.02739427302886485,0.7031196744075312,0.5584415584415584,0.03896103896103896,0.032467532467532464,6.564935064935065,10.107295753698262,14.0,2.6390573296152584,0.721949696692733,0.2801220696727206,-5.8885777072530745,140.0,,,,,,,,,,,,,,,,,,,
00-0020305,2004,11,356,191,1893.0,11,15.0,-80.57842111483723,0.0,0.0,101.0,0.0,0.3265860089911288,23.0,136.0,2,A.J. Feeley,Adam,Feeley,QB,1977-05-16,2001,2001.0,5.0,155.0,Oregon,27.29637234770705,-1.0465254299558886,1.0952154755443575,3,5.87493073085203,32.36363636363637,0.06068601583113457,-0.2263438795360596,-7.325311010439748,0.5365168539325843,0.03089887640449438,0.042134831460674156,5.317415730337078,4.218718046445187,154.0,5.0369526024136295,0.02739427302886485,0.253066256757217,-84.79713916128242,202.0,,,,,,,,,,,,,,,,,,,
00-0020305,2007,3,103,59,681.0,5,8.0,-7.336493589519964,999.0,270.0,34.0,2.2498078921808804,0.3568651029921843,3.0,10.0,0,A.J. Feeley,Adam,Feeley,QB,1977-05-16,2001,2001.0,5.0,155.0,Oregon,30.2943189596167,1.9514211819537621,3.808044629377818,6,4.634728988229636,34.333333333333336,0.02830188679245283,-0.07122809310213557,-2.4454978631733213,0.5728155339805825,0.04854368932038835,0.07766990291262135,6.611650485436893,15.59684150404626,38.0,3.6375861597263857,0.4104431974749016,0.3494983566203226,-22.933335093566225,65.0,,,,,,,,,,,,,,,,,,,
00-0020308,2001,7,115,53,671.0,3,1.0,-18.365057815370932,0.0,0.0,34.0,0.0,0.354919246913143,21.0,122.0,0,Mike McMahon,Michael,McMahon,QB,1979-02-08,2001,2001.0,5.0,149.0,Rutgers,22.562628336755647,-5.78026944090729,33.411514809486675,0,4.74493212836325,16.428571428571427,0.15441176470588236,-0.15969615491626898,-2.623579687910133,0.4608695652173913,0.02608695652173913,0.008695652173913044,5.834782608695652,,,,,,,,,,,,,,,,,,,,,,,,,,
00-0020308,2002,8,147,62,874.0,7,9.0,-31.437048470848996,0.0,0.0,40.0,0.0,0.292892202002913,12.0,99.0,1,Mike McMahon,Michael,McMahon,QB,1979-02-08,2001,2001.0,5.0,149.0,Rutgers,23.561943874058862,-4.780953903604075,22.857520228387045,1,4.990432586778736,18.375,0.07547169811320754,-0.2138574725908095,-3.9296310588561245,0.4217687074829932,0.047619047619047616,0.061224489795918366,5.945578231292517,-18.365057815370932,115.0,4.74493212836325,-0.15969615491626898,0.354919246913143,-13.071990655478064,32.0,,,,,,,,,,,,,,,,,,,
00-0020308,2005,9,207,94,1158.0,5,8.0,-55.5199813035796,0.0,0.0,56.0,0.0,0.3534485225743964,21.0,103.0,0,Mike McMahon,Michael,McMahon,QB,1979-02-08,2001,2001.0,5.0,149.0,Rutgers,26.562628336755647,-1.78026944090729,3.1693592822283545,4,5.332718793265369,23.0,0.09210526315789473,-0.26821247006560195,-6.168886811508845,0.45410628019323673,0.024154589371980676,0.03864734299516908,5.594202898550725,-3.711220423982013,15.0,2.70805020110221,-0.2474146949321342,0.0282042909041234,-51.808760879597585,192.0,,,,,,,,,,,,,,,,,,,
00-0020404,2001,8,176,90,1072.0,5,7.0,-20.69882264111886,0.0,0.0,46.0,0.0,0.4995533222253677,12.0,56.0,0,Quincy Carter,Lavonya,Carter,QB,1977-10-13,2001,2001.0,2.0,53.0,Georgia,23.88501026694045,-4.457887510722486,19.872761058255524,0,5.170483995038151,22.0,0.06382978723404255,-0.11760694682453897,-2.5873528301398574,0.5113636363636364,0.028409090909090908,0.03977272727272727,6.090909090909091,,,,,,,,,,,,,,,,,,,,,,,,,,
00-0020404,2002,7,221,125,1465.0,7,8.0,-10.824405551989024,0.0,0.0,66.0,0.0,0.473663823396629,19.0,130.0,0,Quincy Carter,Lavonya,Carter,QB,1977-10-13,2001,2001.0,2.0,53.0,Georgia,24.88432580424367,-3.458571973419268,11.96172009532125,1,5.3981627015177525,31.571428571428573,0.07916666666666666,-0.04897921064248427,-1.5463436502841463,0.5656108597285068,0.03167420814479638,0.03619909502262444,6.6289592760181,-20.69882264111886,176.0,5.170483995038151,-0.11760694682453897,0.4995533222253677,9.874417089129835,45.0,,,,,,,,,,,,,,,,,,,
00-0020404,2003,16,506,292,3302.0,17,21.0,-49.63527101812181,0.0,0.0,148.0,0.0,0.8876888124489667,37.0,185.0,0,Quincy Carter,Lavonya,Carter,QB,1977-10-13,2001,2001.0,2.0,53.0,Georgia,25.883641341546884,-2.4592564361160534,6.047942218578232,2,6.226536669287466,31.625,0.06813996316758748,-0.09809342098443045,-3.1022044386326133,0.5770750988142292,0.03359683794466403,0.041501976284584984,6.525691699604743,-10.824405551989024,221.0,5.3981627015177525,-0.04897921064248427,0.473663823396629,-38.81086546613279,285.0,,,,,,,,,,,,,,,,,,,
00-0020434,2001,15,540,293,2931.0,11,19.0,-95.81140016016204,0.0,0.0,137.0,0.0,0.8258726410487661,26.0,177.0,0,Chris Weinke,Christopher,Weinke,QB,1972-07-31,2001,2001.0,4.0,106.0,Florida State,29.086926762491444,0.7440289848285069,0.5535791302649385,0,6.29156913955832,36.0,0.045936395759717315,-0.17742851881511487,-6.387426677344136,0.5425925925925926,0.020370370370370372,0.03518518518518519,5.427777777777778,,,,,,,,,,,,,,,,,,,,,,,,,,
00-0020480,2007,9,240,154,1684.0,15,12.0,31.028751039268883,1913.0,734.0,93.0,8.80499583544504,1.1569250904353188,6.0,48.0,1,Sage Rosenfels,Sage,Rosenfels,QB,1978-03-06,2001,2001.0,4.0,109.0,Iowa State,29.489390828199863,1.1464930505369253,1.3144463149294647,6,5.480638923341991,26.666666666666668,0.024390243902439025,0.12928646266362034,3.447639004363209,0.6416666666666667,0.0625,0.05,7.016666666666667,8.533400273532607,39.0,3.6635616461296463,0.21880513521878478,0.4236990829893299,22.495350765736276,201.0,,,,,,,,,,,,,,,,,,,
00-0020480,2008,6,174,116,1431.0,6,10.0,6.264888305926954,1286.0,659.0,64.0,6.929331628975744,0.6094134840011446,9.0,58.0,0,Sage Rosenfels,Sage,Rosenfels,QB,1978-03-06,2001,2001.0,4.0,109.0,Iowa State,30.491444216290212,2.1485464386272746,4.616251798937945,7,5.159055299214529,29.0,0.04918032786885246,0.03600510520647675,1.0441480509878256,0.6666666666666666,0.034482758620689655,0.05747126436781609,8.224137931034482,31.028751039268883,240.0,5.480638923341991,0.12928646266362034,1.1569250904353188,-24.76386273334193,-66.0,,,,,,,,,,,,,,,,,,,
00-0020483,2003,5,116,60,532.0,3,4.0,-47.52483417807453,0.0,0.0,25.0,0.0,0.1476359243912162,16.0,95.0,0,Jesse Palmer,Jesse,Palmer,QB,1978-10-05,2001,2001.0,4.0,125.0,Florida,24.906228610540726,-3.4366691671222114,11.810694964248475,2,4.7535901911063645,23.2,0.12121212121212122,-0.4096968463627114,-9.504966835614905,0.5172413793103449,0.02586206896551724,0.034482758620689655,4.586206896551724,3.487858923501335,4.0,1.3862943611198906,0.8719647308753338,0.0,-51.01269310157586,112.0,,,,,,,,,,,,,,,,,,,
00-0020531,2002,16,526,320,3284.0,17,16.0,6.135578352908768,0.0,0.0,163.0,0.0,1.272426175858972,24.0,180.0,1,Drew Brees,Drew,Brees,QB,1979-01-15,2001,2001.0,2.0,32.0,Purdue,23.627652292950035,-4.715245484712902,22.233539981105412,1,6.26530121273771,32.875,0.04363636363636364,0.011664597629104122,0.383473647056798,0.6083650190114068,0.03231939163498099,0.030418250950570342,6.243346007604563,10.566101451475433,27.0,3.295836866004329,0.3913370907953864,0.1661881667143947,-4.430523098566665,499.0,,,,,,,,,,,,,,,,,,,
00-0020531,2003,11,356,205,2108.0,11,15.0,-59.786184187180176,0.0,0.0,95.0,0.0,0.5685542904376433,21.0,178.0,1,Drew Brees,Drew,Brees,QB,1979-01-15,2001,2001.0,2.0,32.0,Purdue,24.62696783025325,-3.7159299474096876,13.808135374056164,2,5.87493073085203,32.36363636363637,0.05570291777188329,-0.1679387196269106,-5.435107653380016,0.5758426966292135,0.03089887640449438,0.042134831460674156,5.921348314606742,6.135578352908768,526.0,6.26530121273771,0.011664597629104122,1.272426175858972,-65.92176254008895,-170.0,,,,,,,,,,,,,,,,,,,
00-0020531,2004,15,400,262,3159.0,27,7.0,130.74531570183433,0.0,0.0,141.0,0.0,2.443925972593411,17.0,122.0,0,Drew Brees,Drew,Brees,QB,1979-01-15,2001,2001.0,2.0,32.0,Purdue,25.6290212183436,-2.7138765593193384,7.36512597922297,3,5.991464547107982,26.666666666666668,0.0407673860911271,0.3268632892545858,8.716354380122288,0.655,0.0675,0.0175,7.8975,-59.786184187180176,356.0,5.87493073085203,-0.1679387196269106,0.5685542904376433,190.5314998890145,44.0,,,,,,,,,,,,,,,,,,,
00-0020531,2005,16,500,323,3576.0,24,15.0,64.01175467035816,0.0,0.0,182.0,0.0,1.999219087678706,27.0,223.0,0,Drew Brees,Drew,Brees,QB,1979-01-15,2001,2001.0,2.0,32.0,Purdue,26.628336755646817,-1.7145610220161203,2.939719498216963,4,6.214608098422191,31.25,0.051233396584440226,0.12802350934071632,4.000734666897385,0.646,0.048,0.03,7.152,130.74531570183433,400.0,5.991464547107982,0.3268632892545858,2.443925972593411,-66.73356103147617,100.0,,,,,,,,,,,,,,,,,,,
00-0020531,2006,16,555,357,4424.0,26,11.0,124.24046867104968,3848.0,2060.0,202.0,19.804844550468744,2.2562430351945393,18.0,105.0,2,Drew Brees,Drew,Brees,QB,1979-01-15,2001,2001.0,2.0,32.0,Purdue,27.627652292950035,-0.7152454847129022,0.5115761034021944,5,6.318968113746434,34.6875,0.031413612565445025,0.22385670030819763,7.765029291940605,0.6432432432432432,0.04684684684684685,0.01981981981981982,7.9711711711711715,64.01175467035816,500.0,6.214608098422191,0.12802350934071632,1.999219087678706,60.228714000691525,55.0,,,,,,,,,,,,,,,,,,,
00-0020531,2007,16,655,443,4428.0,28,18.0,53.030763382990074,4459.0,2050.0,233.0,16.62933064257723,2.2165245824716333,15.0,100.0,0,Drew Brees,Drew,Brees,QB,1979-01-15,2001,2001.0,2.0,32.0,Purdue,28.62696783025325,0.28407005259031237,0.08069579477866283,6,6.484635235635252,40.9375,0.022388059701492536,0.08096299753128255,3.3144227114368796,0.6763358778625954,0.042748091603053436,0.02748091603053435,6.76030534351145,124.24046867104968,555.0,6.318968113746434,0.22385670030819763,2.2562430351945393,-71.20970528805961,100.0,,,,,,,,,,,,,,,,,,,
00-0020531,2008,16,635,413,5069.0,34,17.0,163.06032784462403,5006.0,2311.0,232.0,18.381395284409304,2.6003548499996434,13.0,92.0,0,Drew Brees,Drew,Brees,QB,1979-01-15,2001,2001.0,2.0,32.0,Purdue,29.6290212183436,1.2861234406806616,1.6541135046682633,7,6.453624998892692,39.6875,0.020061728395061727,0.25678791786554966,10.191270490289002,0.6503937007874016,0.05354330708661417,0.026771653543307086,7.982677165354331,53.030763382990074,655.0,6.484635235635252,0.08096299753128255,2.2165245824716333,110.02956446163395,-20.0,,,,,,,,,,,,,,,,,,,
00-0020531,2009,15,514,363,4388.0,34,11.0,157.81398207679922,4217.0,1975.0,210.0,16.242192330747887,3.089868575914934,20.0,135.0,0,Drew Brees,Drew,Brees,QB,1979-01-15,2001,2001.0,2.0,32.0,Purdue,30.628336755646817,2.2854389779838797,5.223231322088001,8,6.2422232654551655,34.266666666666666,0.03745318352059925,0.3070310935346288,10.520932138453281,0.7062256809338522,0.06614785992217899,0.021400778210116732,8.536964980544747,163.06032784462403,635.0,6.453624998892692,0.25678791786554966,2.6003548499996434,-5.246345767824806,-121.0,,,,,,,,,,,,,,,,,,,
00-0020531,2010,16,658,448,4620.0,33,22.0,84.0468688083093,4964.0,2048.0,236.0,15.657956427534614,2.289745788474261,26.0,195.0,0,Drew Brees,Drew,Brees,QB,1979-01-15,2001,2001.0,2.0,32.0,Purdue,31.627652292950035,3.284754515287098,10.789612225698978,9,6.489204931325317,41.125,0.038011695906432746,0.12773080366004452,5.252929300519331,0.6808510638297872,0.05015197568389058,0.03343465045592705,7.0212765957446805,157.81398207679922,514.0,6.2422232654551655,0.3070310935346288,3.089868575914934,-73.76711326848992,144.0,,,,,,,,,,,,,,,,,,,
00-0020531,2011,16,660,471,5535.0,46,14.0,225.52100298145996,5070.0,2449.0,280.0,19.182189829621382,3.295681069361761,24.0,158.0,2,Drew Brees,Drew,Brees,QB,1979-01-15,2001,2001.0,2.0,32.0,Purdue,32.62696783025325,4.284070052590312,18.353256215501162,10,6.492239835020471,41.25,0.03508771929824561,0.3416984893658484,14.095062686341247,0.7136363636363636,0.0696969696969697,0.021212121212121213,8.386363636363637,84.0468688083093,658.0,6.489204931325317,0.12773080366004452,2.289745788474261,141.47413417315067,2.0,,,,,,,,,,,,,,,,,,,
00-0020531,2012,16,670,422,5177.0,43,19.0,114.68509710656896,5468.0,2158.0,266.0,15.9862020143211,2.299946046790267,26.0,190.0,0,Drew Brees,Drew,Brees,QB,1979-01-15,2001,2001.0,2.0,32.0,Purdue,33.6290212183436,5.286123440680665,27.943101030113596,11,6.507277712385012,41.875,0.03735632183908046,0.17117178672622232,7.16781856916056,0.6298507462686567,0.06417910447761194,0.028358208955223882,7.726865671641791,225.52100298145996,660.0,6.492239835020471,0.3416984893658484,3.295681069361761,-110.835905874891,10.0,,,,,,,,,,,,,,,,,,,
00-0020531,2013,16,650,446,5162.0,39,12.0,147.93384446670268,5181.0,2435.0,244.0,16.81580293419872,2.708586996937385,37.0,244.0,0,Drew Brees,Drew,Brees,QB,1979-01-15,2001,2001.0,2.0,32.0,Purdue,34.62833675564682,6.285438977983883,39.506743145959085,12,6.476972362889683,40.625,0.053857350800582245,0.22759052994877335,9.245865279168918,0.6861538461538461,0.06,0.018461538461538463,7.941538461538461,114.68509710656896,670.0,6.507277712385012,0.17117178672622232,2.299946046790267,33.24874736013372,-20.0,,,,,,,,,,,,,,,,,,,
00-0020531,2014,16,659,456,4952.0,33,17.0,103.02978814409695,5072.0,2173.0,258.0,16.102021349789666,2.474547353833903,29.0,186.0,0,Drew Brees,Drew,Brees,QB,1979-01-15,2001,2001.0,2.0,32.0,Purdue,35.62765229295003,7.284754515287094,53.06764834799571,13,6.490723534502507,41.1875,0.04215116279069767,0.15634262237344,6.43936175900606,0.6919575113808801,0.05007587253414264,0.025796661608497723,7.514415781487101,147.93384446670268,650.0,6.476972362889683,0.22759052994877335,2.708586996937385,-44.904056322605726,9.0,,,,,,,,,,,,,,,,,,,
00-0020531,2015,15,627,428,4870.0,32,11.0,105.54360427458502,4908.0,2382.0,228.0,15.82960392351072,1.9792638989262912,31.0,235.0,0,Drew Brees,Drew,Brees,QB,1979-01-15,2001,2001.0,2.0,32.0,Purdue,36.62696783025325,8.284070052590312,68.62581663622366,14,6.440946540632921,41.8,0.04711246200607903,0.16833110729598888,7.036240284972335,0.682615629984051,0.051036682615629984,0.017543859649122806,7.767145135566188,103.02978814409695,659.0,6.490723534502507,0.15634262237344,2.474547353833903,2.513816130488067,-32.0,,,,,,,,,,,,,,,,,,,
00-0020531,2016,16,673,471,5208.0,37,15.0,113.29107356053856,4795.0,2410.0,264.0,18.13725597523634,2.386811593186469,27.0,184.0,0,Drew Brees,Drew,Brees,QB,1979-01-15,2001,2001.0,2.0,32.0,Purdue,37.6290212183436,9.286123440680665,86.23208855555892,15,6.511745329644728,42.0625,0.03857142857142857,0.16833740499337083,7.08069209753366,0.6998514115898959,0.0549777117384844,0.022288261515601784,7.738484398216939,105.54360427458502,627.0,6.440946540632921,0.16833110729598888,1.9792638989262912,7.747469285953542,46.0,,,,,,,,,,,,,,,,,,,
00-0020531,2017,16,536,386,4334.0,23,8.0,106.64644942046743,3417.0,2369.0,201.0,21.640208661103458,2.3674200541568777,20.0,145.0,0,Drew Brees,Drew,Brees,QB,1979-01-15,2001,2001.0,2.0,32.0,Purdue,38.62833675564682,10.285438977983883,105.79025496983014,16,6.284134161070802,33.5,0.03597122302158273,0.1989672563814691,6.665403088779215,0.7201492537313433,0.04291044776119403,0.014925373134328358,8.085820895522389,113.29107356053856,673.0,6.511745329644728,0.16833740499337083,2.386811593186469,-6.64462414007113,-137.0,,,,,,,,,,,,,,,,,,,
00-0020531,2018,15,489,364,3992.0,32,5.0,159.19895505122125,3502.0,1827.0,199.0,18.77312888704433,3.1604980834647027,17.0,121.0,1,Drew Brees,Drew,Brees,QB,1979-01-15,2001,2001.0,2.0,32.0,Purdue,39.62765229295003,11.284754515287094,127.34568447029247,17,6.192362489474872,32.6,0.03359683794466403,0.32556023527857103,10.613263670081416,0.7443762781186094,0.065439672801636,0.010224948875255624,8.16359918200409,106.64644942046743,536.0,6.284134161070802,0.1989672563814691,2.3674200541568777,52.552505630753814,-47.0,17.0,33.35294117647059,7.390375298915714,10.0408803,11.328707292087635,0.3023178142555393,0.36673139233327795,7.986532078214511,2.2824181956334195,0.7374160969556768,0.06712557635795165,0.013928963211743424,-9.376036,28.463793,0.22158091725144116,1.1282583751235074,1.2130657706571404,15.0,0.8823529411764706
00-0020531,2019,11,378,281,2979.0,27,4.0,93.79557738414712,2425.0,1495.0,159.0,13.487758183490776,1.8799012362353624,12.0,89.0,0,Drew Brees,Drew,Brees,QB,1979-01-15,2001,2001.0,2.0,32.0,Purdue,40.62696783025325,12.284070052590312,150.89837705694615,18,5.934894195619588,34.36363636363637,0.03076923076923077,0.24813644810620933,8.526870671286103,0.7433862433862434,0.07142857142857142,0.010582010582010581,7.880952380952381,159.19895505122125,489.0,6.192362489474872,0.32556023527857103,3.1604980834647027,-65.40337766707412,-111.0,12.0,34.25,10.66110176806745,6.626986266666667,12.74158117851112,0.155803434788769,0.405800474123097,7.74296898333771,1.262228553611982,0.7365525587450312,0.06498612481629618,0.02520464032091939,-17.636839,21.453377,0.31127304432313724,1.9226810899851248,2.604566931873243,8.0,0.6666666666666666
00-0020531,2020,12,390,275,2942.0,24,6.0,69.72044695507294,2361.0,1478.0,149.0,15.637096256248569,1.5455517447875238,13.0,89.0,0,Drew Brees,Drew,Brees,QB,1979-01-15,2001,2001.0,2.0,32.0,Purdue,41.6290212183436,13.286123440680665,176.52107608100422,19,5.966146739123692,32.5,0.03225806451612903,0.17877037680787936,5.810037246256079,0.7051282051282052,0.06153846153846154,0.015384615384615385,7.543589743589743,93.79557738414712,378.0,5.934894195619588,0.24813644810620933,1.8799012362353624,-24.07513042907418,12.0,14.0,33.07142857142857,8.156774303176903,4.626641871214287,9.262506522990146,0.14185915763161308,0.27974705909238273,7.267506235384146,1.9448072567492265,0.6912606730056817,0.06046647254338973,0.020154465783212245,-19.410814,14.998207,0.2466411236381785,2.0019934070581415,1.97200564110809,10.0,0.7142857142857143
00-0020562,2002,9,250,127,1555.0,7,8.0,-94.56040040710823,0.0,0.0,63.0,0.0,0.4291328778772347,34.0,265.0,0,Chad Hutchinson,Chad,Hutchinson,QB,1977-02-21,2002,,,,Stanford,25.52498288843258,-2.8179148892303587,7.940644322946145,0,5.521460917862246,27.77777777777778,0.11971830985915492,-0.37824160162843296,-10.506711156345359,0.508,0.028,0.032,6.22,,,,,,,,,,,,,,,,,,,,,,,,,,
00-0020562,2004,5,161,92,903.0,4,3.0,-48.515837560329274,0.0,0.0,43.0,0.0,0.2244244502780829,23.0,160.0,0,Chad Hutchinson,Chad,Hutchinson,QB,1977-02-21,2002,,,,Stanford,27.526351813826146,-0.8165459638367913,0.6667473110581545,2,5.081404364984463,32.2,0.125,-0.3013406059647781,-9.703167512065855,0.5714285714285714,0.024844720496894408,0.018633540372670808,5.608695652173913,-1.5126282908022404,2.0,0.6931471805599453,-0.7563141454011202,0.0,-47.003209269527034,159.0,,,,,,,,,,,,,,,,,,,
00-0020565,2007,9,309,173,1773.0,6,6.0,-16.73154446292555,2575.0,808.0,87.0,6.239173110711412,0.3824979117219581,23.0,147.0,0,Cleo Lemon,Cleotha,Lemon,QB,1979-08-16,2004,,,,Arkansas State,28.043805612594113,-0.2990921650688243,0.08945612320555685,3,5.733341276897746,34.333333333333336,0.06927710843373494,-0.054147393083901464,-1.859060495880617,0.5598705501618123,0.019417475728155338,0.019417475728155338,5.737864077669903,-2.4312697140690283,68.0,4.219507705176107,-0.035753966383368065,0.1908751041798103,-14.300274748856523,241.0,,,,,,,,,,,,,,,,,,,
00-0020608,2002,16,444,233,2592.0,9,15.0,-134.56527050028154,0.0,0.0,117.0,0.0,0.6526401541287066,76.0,411.0,2,David Carr,David,Carr,QB,1979-07-21,2002,2002.0,1.0,1.0,Fresno State,23.11567419575633,-5.227223581906607,27.323866375240538,0,6.095824562432225,27.75,0.14615384615384616,-0.3030749335591927,-8.410329406267596,0.5247747747747747,0.02027027027027027,0.033783783783783786,5.837837837837838,,,,,,,,,,,,,,,,,,,,,,,,,,
00-0020608,2003,12,295,167,2013.0,9,13.0,-26.906566108726633,0.0,0.0,86.0,0.0,0.8828582059261537,15.0,90.0,0,David Carr,David,Carr,QB,1979-07-21,2002,2002.0,1.0,1.0,Fresno State,24.11498973305955,-4.227908044603389,17.87520643362205,1,5.68697535633982,24.583333333333332,0.04838709677419355,-0.0912086986736496,-2.242213842393886,0.5661016949152542,0.030508474576271188,0.04406779661016949,6.823728813559322,-134.56527050028154,444.0,6.095824562432225,-0.3030749335591927,0.6526401541287066,107.6587043915549,-149.0,,,,,,,,,,,,,,,,,,,
00-0020608,2004,16,467,286,3539.0,16,14.0,30.81975013525494,0.0,0.0,173.0,0.0,1.425632267729101,50.0,305.0,0,David Carr,David,Carr,QB,1979-07-21,2002,2002.0,1.0,1.0,Fresno State,25.117043121149898,-3.2258546565130395,10.40613826494686,2,6.1463292576688975,29.1875,0.09671179883945841,0.0659951823024731,1.9262343834534337,0.6124197002141327,0.034261241970021415,0.029978586723768737,7.578158458244111,-26.906566108726633,295.0,5.68697535633982,-0.0912086986736496,0.8828582059261537,57.72631624398157,172.0,,,,,,,,,,,,,,,,,,,
00-0020608,2005,16,423,256,2488.0,14,11.0,-67.9094791361773,0.0,0.0,135.0,0.0,0.9286326886992506,68.0,424.0,1,David Carr,David,Carr,QB,1979-07-21,2002,2002.0,1.0,1.0,Fresno State,26.116358658453116,-2.2265391192098214,4.957476449371647,3,6.0473721790462776,26.4375,0.1384928716904277,-0.16054250386803143,-4.244342446011081,0.6052009456264775,0.03309692671394799,0.026004728132387706,5.881796690307328,30.81975013525494,467.0,6.1463292576688975,0.0659951823024731,1.425632267729101,-98.72922927143223,-44.0,,,,,,,,,,,,,,,,,,,
00-0020608,2006,16,442,302,2765.0,11,12.0,-46.038332191816,2401.0,1518.0,141.0,18.88772355667552,1.4595332380336932,40.0,237.0,1,David Carr,David,Carr,QB,1979-07-21,2002,2002.0,1.0,1.0,Fresno State,27.11567419575633,-1.2272235819066069,1.5060777199876823,4,6.091309882077698,27.625,0.08298755186721991,-0.10415912260591854,-2.8773957619885,0.6832579185520362,0.024886877828054297,0.027149321266968326,6.255656108597285,-67.9094791361773,423.0,6.0473721790462776,-0.16054250386803143,0.9286326886992506,21.8711469443613,19.0,,,,,,,,,,,,,,,,,,,
00-0020608,2007,6,136,73,635.0,3,5.0,-30.178160071953823,1091.0,297.0,32.0,4.004676202204144,0.0468939695245749,13.0,74.0,0,David Carr,David,Carr,QB,1979-07-21,2002,2002.0,1.0,1.0,Fresno State,28.11498973305955,-0.22790804460338876,0.05194207679494024,5,4.912654885736052,22.666666666666668,0.087248322147651,-0.22189823582318988,-5.029693345325637,0.5367647058823529,0.022058823529411766,0.03676470588235294,4.669117647058823,-46.038332191816,442.0,6.091309882077698,-0.10415912260591854,1.4595332380336932,15.860172119862174,-306.0,,,,,,,,,,,,,,,,,,,
00-0020613,2007,8,144,80,986.0,10,5.0,24.19435943205888,1532.0,351.0,54.0,4.58650703893351,0.7274267548516697,10.0,68.0,0,Quinn Gray,Quinn,Gray,QB,1979-05-21,2003,,,,Florida A&M,28.281998631074607,-0.060899146588329955,0.0037087060551869,4,4.969813299576001,18.0,0.06493506493506493,0.16801638494485335,3.02429492900736,0.5555555555555556,0.06944444444444445,0.034722222222222224,6.847222222222222,5.357983792782761,22.0,3.091042453358316,0.24354471785376186,0.1920921341302199,18.83637563927612,122.0,,,,,,,,,,,,,,,,,,,
00-0020679,2008,9,288,181,2046.0,14,8.0,27.0031798116924,2295.0,798.0,99.0,9.377554471154676,1.151492707744202,23.0,148.0,0,Shaun Hill,Shaun,Hill,QB,1980-01-09,2002,,,,Maryland; Hutchinson CC,28.646132785763175,0.30323500810023774,0.09195147013755124,6,5.662960480135946,32.0,0.07395498392282958,0.09376104101282084,3.000353312410267,0.6284722222222222,0.04861111111111111,0.027777777777777776,7.104166666666667,5.681415820081563,80.0,4.382026634673881,0.07101769775101954,0.3784578426283957,21.321763991610837,208.0,,,,,,,,,,,,,,,,,,,
00-0020679,2009,6,155,87,943.0,5,2.0,-18.631601619526627,1083.0,499.0,39.0,6.231981026559437,0.1770346215951546,18.0,107.0,0,Shaun Hill,Shaun,Hill,QB,1980-01-09,2002,,,,Maryland; Hutchinson CC,29.645448323066393,1.3025505454034558,1.6966379233308402,7,5.043425116919247,25.833333333333332,0.10404624277456648,-0.12020388141630083,-3.105266936587771,0.5612903225806452,0.03225806451612903,0.012903225806451613,6.083870967741936,27.0031798116924,288.0,5.662960480135946,0.09376104101282084,1.151492707744202,-45.634781431219025,-133.0,,,,,,,,,,,,,,,,,,,
00-0020679,2010,11,416,257,2686.0,16,12.0,17.992639199960887,2992.0,1425.0,133.0,9.90666838910924,0.9013084991444942,17.0,113.0,1,Shaun Hill,Shaun,Hill,QB,1980-01-09,2002,,,,Maryland; Hutchinson CC,30.64476386036961,2.301866082706674,5.298587462715369,8,6.030685260261263,37.81818181818182,0.03926096997690531,0.04325153653836752,1.635694472723717,0.6177884615384616,0.038461538461538464,0.028846153846153848,6.456730769230769,-18.631601619526627,155.0,5.043425116919247,-0.12020388141630083,0.1770346215951546,36.62424081948751,261.0,,,,,,,,,,,,,,,,,,,
00-0020679,2014,8,229,145,1657.0,8,7.0,-23.89881369991659,1807.0,809.0,81.0,8.138262848815145,0.4738397200301559,18.0,116.0,0,Shaun Hill,Shaun,Hill,QB,1980-01-09,2002,,,,Maryland; Hutchinson CC,34.64476386036961,6.30186608270667,39.71351612436872,12,5.43372200355424,28.625,0.0728744939271255,-0.10436163187736502,-2.987351712489574,0.6331877729257642,0.034934497816593885,0.03056768558951965,7.235807860262009,13.742976711306255,13.0,2.5649493574615367,1.0571520547158657,0.457202072154644,-37.64179041122284,216.0,,,,,,,,,,,,,,,,,,,
00-0021141,2002,14,429,215,2294.0,12,16.0,-86.77954108676421,0.0,0.0,110.0,0.0,0.7227446489635841,8.0,75.0,0,Joey Harrington,John,Harrington,QB,1978-10-21,2002,2002.0,1.0,3.0,Oregon,23.863107460643395,-4.479790317019543,20.068521284462054,0,6.061456918928017,30.642857142857142,0.018306636155606407,-0.20228331255655993,-6.198538649054586,0.5011655011655012,0.027972027972027972,0.037296037296037296,5.347319347319347,,,,,,,,,,,,,,,,,,,,,,,,,,
00-0021141,2003,16,554,309,2880.0,17,22.0,-92.40595086009588,0.0,0.0,147.0,0.0,0.85576899138497,11.0,67.0,2,Joey Harrington,John,Harrington,QB,1978-10-21,2002,2002.0,1.0,3.0,Oregon,24.862422997946613,-3.4804747797163245,12.113704692241397,1,6.317164686747284,34.625,0.019469026548672566,-0.16679774523483012,-5.775371928755993,0.5577617328519856,0.030685920577617327,0.039711191335740074,5.1985559566787005,-86.77954108676421,429.0,6.061456918928017,-0.20228331255655993,0.7227446489635841,-5.626409773331673,125.0,,,,,,,,,,,,,,,,,,,
00-0021141,2004,16,489,274,3047.0,19,12.0,-58.28722226254224,0.0,0.0,138.0,0.0,1.1333190964466948,35.0,196.0,1,Joey Harrington,John,Harrington,QB,1978-10-21,2002,2002.0,1.0,3.0,Oregon,25.864476386036962,-2.478421391625975,6.142572594469235,2,6.192362489474872,30.5625,0.06679389312977099,-0.11919677354303115,-3.64295139140889,0.5603271983640081,0.03885480572597137,0.024539877300613498,6.231083844580777,-92.40595086009588,554.0,6.317164686747284,-0.16679774523483012,0.85576899138497,34.11872859755365,-65.0,,,,,,,,,,,,,,,,,,,
00-0021141,2005,12,330,188,2021.0,12,12.0,-38.15716863856049,0.0,0.0,101.0,0.0,0.9821611772460306,23.0,136.0,0,Joey Harrington,John,Harrington,QB,1978-10-21,2002,2002.0,1.0,3.0,Oregon,26.863791923340177,-1.4791058543227606,2.1877541282918638,3,5.799092654460526,27.5,0.06515580736543909,-0.11562778375321361,-3.179764053213374,0.5696969696969697,0.03636363636363636,0.03636363636363636,6.124242424242424,-58.28722226254224,489.0,6.192362489474872,-0.11919677354303115,1.1333190964466948,20.130053623981745,-159.0,,,,,,,,,,,,,,,,,,,
00-0021141,2006,11,388,223,2236.0,12,15.0,-42.297489179354415,2949.0,923.0,113.0,7.872510218258326,0.4232582628747301,14.0,109.0,2,Joey Harrington,John,Harrington,QB,1978-10-21,2002,2002.0,1.0,3.0,Oregon,27.863107460643395,-0.47979031701954256,0.23019874830571316,4,5.961005339623274,35.27272727272727,0.03482587064676617,-0.10901414736947014,-3.8452262890322193,0.5747422680412371,0.030927835051546393,0.03865979381443299,5.762886597938144,-38.15716863856049,330.0,5.799092654460526,-0.11562778375321361,0.9821611772460306,-4.1403205407939225,58.0,,,,,,,,,,,,,,,,,,,
00-0021141,2007,12,348,215,2215.0,7,8.0,-38.03268107355535,2364.0,1110.0,100.0,12.794135766858624,0.7012299027637613,32.0,192.0,0,Joey Harrington,John,Harrington,QB,1978-10-21,2002,2002.0,1.0,3.0,Oregon,28.862422997946613,0.5195252202836755,0.2699064545108016,5,5.8522024797744745,29.0,0.08421052631578947,-0.10928931342975676,-3.169390089462946,0.617816091954023,0.020114942528735632,0.022988505747126436,6.364942528735632,-42.297489179354415,388.0,5.961005339623274,-0.10901414736947014,0.4232582628747301,4.264808105799062,-40.0,,,,,,,,,,,,,,,,,,,
00-0021206,2003,7,165,95,1018.0,5,6.0,-16.009218423207265,0.0,0.0,51.0,0.0,0.4171506503866004,24.0,173.0,0,Josh McCown,Joshua,McCown,QB,1979-07-04,2002,2002.0,3.0,81.0,Sam Houston State; SMU,24.161533196440793,-4.1813645812221445,17.48380976109904,1,5.10594547390058,23.571428571428573,0.12698412698412698,-0.09702556620125616,-2.2870312033153235,0.5757575757575758,0.030303030303030304,0.03636363636363636,6.16969696969697,-21.584006430523004,18.0,2.8903717578961645,-1.1991114683623891,0.0770320254730246,5.574788007315739,147.0,,,,,,,,,,,,,,,,,,,
00-0021206,2004,14,408,233,2511.0,11,10.0,-43.86217371800463,0.0,0.0,122.0,0.0,0.8144082994925994,31.0,263.0,0,Josh McCown,Joshua,McCown,QB,1979-07-04,2002,2002.0,3.0,81.0,Sam Houston State; SMU,25.163586584531142,-3.179311193131795,10.108019662773119,2,6.0112671744041615,29.142857142857142,0.07061503416856492,-0.10750532774020742,-3.1330124084289017,0.571078431372549,0.02696078431372549,0.024509803921568627,6.154411764705882,-16.009218423207265,165.0,5.10594547390058,-0.09702556620125616,0.4171506503866004,-27.85295529479736,243.0,,,,,,,,,,,,,,,,,,,
00-0021206,2005,9,270,163,1832.0,9,11.0,-7.14102420273545,0.0,0.0,84.0,0.0,0.5694296197319381,18.0,101.0,0,Josh McCown,Joshua,McCown,QB,1979-07-04,2002,2002.0,3.0,81.0,Sam Houston State; SMU,26.16290212183436,-2.179995655828577,4.752381059431468,3,5.598421958998375,30.0,0.0625,-0.026448237787909074,-0.7934471336372722,0.6037037037037037,0.03333333333333333,0.040740740740740744,6.785185185185185,-43.86217371800463,408.0,6.0112671744041615,-0.10750532774020742,0.8144082994925994,36.721149515269175,-138.0,,,,,,,,,,,,,,,,,,,
00-0021206,2007,9,191,111,1151.0,10,11.0,-23.820791199942416,1641.0,476.0,54.0,6.633756060246956,0.3754636681473378,15.0,98.0,1,Josh McCown,Joshua,McCown,QB,1979-07-04,2002,2002.0,3.0,81.0,Sam Houston State; SMU,28.161533196440793,-0.1813645812221445,0.03289311132188385,5,5.25227342804663,21.22222222222222,0.07281553398058252,-0.12471618429289223,-2.6467545777713797,0.581151832460733,0.05235602094240838,0.05759162303664921,6.026178010471204,-7.14102420273545,270.0,5.598421958998375,-0.026448237787909074,0.5694296197319381,-16.67976699720697,-79.0,,,,,,,,,,,,,,,,,,,
00-0021206,2013,8,224,149,1829.0,13,1.0,82.01391675626952,1769.0,835.0,90.0,7.98346064929799,1.5589619462140971,11.0,37.0,1,Josh McCown,Joshua,McCown,QB,1979-07-04,2002,2002.0,3.0,81.0,Sam Houston State; SMU,34.16290212183436,5.820004344171419,33.872450566174194,11,5.4116460518550396,28.0,0.04680851063829787,0.3661335569476318,10.25173959453369,0.6651785714285714,0.05803571428571429,0.004464285714285714,8.165178571428571,-2.0895292433112065,55.0,4.007333185232471,-0.03799144078747648,0.2235156027285207,84.10344599958073,169.0,,,,,,,,,,,,,,,,,,,
00-0021206,2014,11,327,184,2206.0,11,14.0,-29.44601484442695,3268.0,738.0,98.0,7.556378597551278,0.632079288421708,36.0,235.0,0,Josh McCown,Joshua,McCown,QB,1979-07-04,2002,2002.0,3.0,81.0,Sam Houston State; SMU,35.162217659137575,6.819319881474637,46.50312364587526,12,5.7899601708972535,29.727272727272727,0.09917355371900827,-0.09004897505940963,-2.67691044040245,0.5626911314984709,0.03363914373088685,0.04281345565749235,6.746177370030581,82.01391675626952,224.0,5.4116460518550396,0.3661335569476318,1.5589619462140971,-111.45993160069648,103.0,,,,,,,,,,,,,,,,,,,
00-0021206,2015,8,292,186,2109.0,12,4.0,15.662762937371989,2266.0,1014.0,96.0,8.200305946838347,0.7281724724378374,23.0,137.0,2,Josh McCown,Joshua,McCown,QB,1979-07-04,2002,2002.0,3.0,81.0,Sam Houston State; SMU,36.16153319644079,7.8186354187778555,61.13105981176757,13,5.676753802268282,36.5,0.07301587301587302,0.053639599100589005,1.9578453671714986,0.636986301369863,0.0410958904109589,0.0136986301369863,7.222602739726027,-29.44601484442695,327.0,5.7899601708972535,-0.09004897505940963,0.632079288421708,45.10877778179894,-35.0,,,,,,,,,,,,,,,,,,,
00-0021206,2016,5,165,90,1100.0,6,6.0,-26.370596484836565,1649.0,450.0,56.0,3.204257219124753,0.0531696814656503,18.0,126.0,1,Josh McCown,Joshua,McCown,QB,1979-07-04,2002,2002.0,3.0,81.0,Sam Houston State; SMU,37.163586584531146,8.820688806868208,77.8045510276101,14,5.10594547390058,33.0,0.09836065573770492,-0.15982179687779735,-5.274119296967313,0.5454545454545454,0.03636363636363636,0.03636363636363636,6.666666666666667,15.662762937371989,292.0,5.676753802268282,0.053639599100589005,0.7281724724378374,-42.033359422208555,-127.0,,,,,,,,,,,,,,,,,,,
00-0021206,2017,13,397,267,2926.0,18,9.0,14.320195225675937,3036.0,1256.0,133.0,13.0849865295581,1.6259360778690088,39.0,264.0,0,Josh McCown,Joshua,McCown,QB,1979-07-04,2002,2002.0,3.0,81.0,Sam Houston State; SMU,38.16290212183436,9.82000434417142,96.43248531954555,15,5.983936280687191,30.53846153846154,0.08944954128440367,0.03607102071958674,1.101553478898149,0.672544080604534,0.04534005037783375,0.022670025188916875,7.370277078085643,-26.370596484836565,165.0,5.10594547390058,-0.15982179687779735,0.0531696814656503,40.6907917105125,232.0,,,,,,,,,,,,,,,,,,,
00-0021206,2018,4,110,60,539.0,1,4.0,-32.38688326054918,805.0,308.0,27.0,1.9978941132913737,-0.038192464018678,7.0,35.0,0,Josh McCown,Joshua,McCown,QB,1979-07-04,2002,2002.0,3.0,81.0,Sam Houston State; SMU,39.162217659137575,10.819319881474637,117.05768269767236,16,4.700480365792417,27.5,0.05982905982905983,-0.294426211459538,-8.096720815137296,0.5454545454545454,0.00909090909090909,0.03636363636363636,4.9,14.320195225675937,397.0,5.983936280687191,0.03607102071958674,1.6259360778690088,-46.70707848622512,-287.0,4.0,27.5,18.77054430040145,-8.096721075000001,9.06843961565168,-0.43307753913398694,0.33628775580963965,3.5926470588235295,2.5793630737958586,0.4111111111111111,0.005555555555555556,0.028594771241830064,-21.17874,-0.8017319,0.6825652472873255,1.1200138341991335,0.7765070349344482,0.0,0.0
00-0021231,2005,7,168,98,1117.0,4,1.0,16.05184142377653,0.0,0.0,63.0,0.0,0.6885193299437662,10.0,58.0,0,David Garrard,David,Garrard,QB,1978-02-14,2002,2002.0,4.0,108.0,East Carolina,27.54551676933607,-0.797381008326866,0.6358164724403695,3,5.123963979403259,24.0,0.056179775280898875,0.09554667514152697,2.293120203396647,0.5833333333333334,0.023809523809523808,0.005952380952380952,6.648809523809524,-6.259678784128739,72.0,4.276666119016055,-0.08693998311289915,0.1400102419246959,22.311520207905268,96.0,,,,,,,,,,,,,,,,,,,
00-0021231,2006,10,241,145,1735.0,10,9.0,-18.141614301386305,2286.0,769.0,81.0,8.628959353866394,0.9259573752332816,20.0,119.0,0,David Garrard,David,Garrard,QB,1978-02-14,2002,2002.0,4.0,108.0,East Carolina,28.54483230663929,0.2019345289763521,0.04077755399290119,4,5.484796933490655,24.1,0.07662835249042145,-0.07527640788956973,-1.8141614301386304,0.6016597510373444,0.04149377593360996,0.03734439834024896,7.199170124481328,16.05184142377653,168.0,5.123963979403259,0.09554667514152697,0.6885193299437662,-34.193455725162835,73.0,,,,,,,,,,,,,,,,,,,
00-0021231,2007,12,325,208,2509.0,18,3.0,78.71033428136249,2994.0,969.0,126.0,10.683200956937206,1.976793919126371,20.0,96.0,0,David Garrard,David,Garrard,QB,1978-02-14,2002,2002.0,4.0,108.0,East Carolina,29.544147843942504,1.2012500662795667,1.4430017217366633,5,5.783825182329737,27.083333333333332,0.057971014492753624,0.24218564394265382,6.559194523446874,0.64,0.055384615384615386,0.009230769230769232,7.72,-18.141614301386305,241.0,5.484796933490655,-0.07527640788956973,0.9259573752332816,96.8519485827488,84.0,,,,,,,,,,,,,,,,,,,
00-0021231,2008,16,535,335,3620.0,15,13.0,15.541969915666687,4443.0,1466.0,182.0,13.757090154789768,1.836902747501137,42.0,288.0,0,David Garrard,David,Garrard,QB,1978-02-14,2002,2002.0,4.0,108.0,East Carolina,30.546201232032853,2.203303454369916,4.854546112038404,6,6.282266746896006,33.4375,0.07279029462738301,0.02905041105732091,0.971373119729168,0.6261682242990654,0.028037383177570093,0.024299065420560748,6.766355140186916,78.71033428136249,325.0,5.783825182329737,0.24218564394265382,1.976793919126371,-63.16836436569581,210.0,,,,,,,,,,,,,,,,,,,
00-0021231,2009,16,516,314,3597.0,15,10.0,-8.461835108037402,4224.0,1521.0,170.0,14.430425676446838,1.5711493273856951,42.0,231.0,0,David Garrard,David,Garrard,QB,1978-02-14,2002,2002.0,4.0,108.0,East Carolina,31.54551676933607,3.202618991673134,10.256768405825442,7,6.246106765481563,32.25,0.07526881720430108,-0.0163989052481345,-0.5288646942523376,0.6085271317829457,0.029069767441860465,0.01937984496124031,6.97093023255814,15.541969915666687,535.0,6.282266746896006,0.02905041105732091,1.836902747501137,-24.00380502370409,-19.0,,,,,,,,,,,,,,,,,,,
00-0021231,2010,14,366,236,2734.0,23,15.0,23.823731637378913,3142.0,1183.0,130.0,13.667108646650288,1.932000324680612,32.0,251.0,0,David Garrard,David,Garrard,QB,1978-02-14,2002,2002.0,4.0,108.0,East Carolina,32.544832306639286,4.201934528976349,17.65625378580369,8,5.902633333401366,26.142857142857142,0.08040201005025126,0.06509216294365823,1.7016951169556367,0.644808743169399,0.06284153005464481,0.040983606557377046,7.469945355191257,-8.461835108037402,516.0,6.246106765481563,-0.0163989052481345,1.5711493273856951,32.28556674541632,-150.0,,,,,,,,,,,,,,,,,,,
00-0021271,2003,6,114,44,391.0,2,6.0,-54.89101288310116,0.0,0.0,23.0,0.0,0.2073128473181739,5.0,30.0,0,Kurt Kittner,Kurt,Kittner,QB,1980-01-23,2002,2002.0,5.0,158.0,Illinois,23.60574948665298,-4.737148291009959,22.440573931018573,1,4.736198448394496,19.0,0.04201680672268908,-0.48150011300965934,-9.148502147183526,0.38596491228070173,0.017543859649122806,0.05263157894736842,3.4298245614035086,,,,,,,,,,,,,,,,,,,,,,,,,,
00-0021296,2008,9,220,128,1678.0,8,11.0,-55.542078082795115,1809.0,930.0,77.0,8.07509580144491,0.5162431005340475,32.0,197.0,1,J.T. O'Sullivan,John,O'Sullivan,QB,1979-08-25,2002,2002.0,6.0,186.0,UC Davis,29.021218343600275,0.6783205659373372,0.4601187901735495,6,5.393627546352362,24.444444444444443,0.12698412698412698,-0.25246399128543234,-6.171342009199457,0.5818181818181818,0.03636363636363636,0.05,7.627272727272727,-2.5830401036393607,25.0,3.2188758248682006,-0.10332160414557442,-0.0079427943379474,-52.95903797915575,195.0,,,,,,,,,,,,,,,,,,,
00-0021379,2002,9,227,117,1539.0,9,8.0,1.0225821981887897,0.0,0.0,67.0,0.0,0.5386882338979734,18.0,132.0,1,Patrick Ramsey,Patrick,Ramsey,QB,1979-02-14,2002,2002.0,1.0,32.0,Tulane,23.54551676933607,-4.797381008326866,23.014864539055296,0,5.424950017481403,25.22222222222222,0.07346938775510205,0.004504767392902158,0.11362024424319886,0.5154185022026432,0.039647577092511016,0.03524229074889868,6.779735682819383,,,,,,,,,,,,,,,,,,,,,,,,,,
00-0021379,2003,11,338,180,2169.0,14,9.0,-25.387596065719404,0.0,0.0,99.0,0.0,0.4527615512700331,30.0,206.0,2,Patrick Ramsey,Patrick,Ramsey,QB,1979-02-14,2002,2002.0,1.0,32.0,Tulane,24.54483230663929,-3.798065471023648,14.425301322182085,1,5.823045895483019,30.727272727272727,0.08152173913043478,-0.07511123096366687,-2.307963278701764,0.5325443786982249,0.04142011834319527,0.026627218934911243,6.4171597633136095,1.0225821981887897,227.0,5.424950017481403,0.004504767392902158,0.5386882338979734,-26.410178263908193,111.0,,,,,,,,,,,,,,,,,,,
00-0021379,2004,9,272,169,1665.0,10,11.0,-5.337676041472103,0.0,0.0,89.0,0.0,0.652482483743458,22.0,134.0,0,Patrick Ramsey,Patrick,Ramsey,QB,1979-02-14,2002,2002.0,1.0,32.0,Tulane,25.54688569472964,-2.7960120829332986,7.817683567909003,2,5.605802066295998,30.22222222222222,0.07482993197278912,-0.01962380897600038,-0.5930751157191225,0.6213235294117647,0.03676470588235294,0.04044117647058824,6.1213235294117645,-25.387596065719404,338.0,5.823045895483019,-0.07511123096366687,0.4527615512700331,20.0499200242473,-66.0,,,,,,,,,,,,,,,,,,,
00-0021429,2004,13,432,263,2897.0,18,18.0,-29.864142017494306,0.0,0.0,140.0,0.0,1.0742792501861336,25.0,178.0,0,Carson Palmer,Carson,Palmer,QB,1979-12-27,2003,2003.0,1.0,1.0,USC,24.681724845995895,-3.6611729316670427,13.404187235571449,1,6.068425588244111,33.23076923076923,0.05470459518599562,-0.06912995837382942,-2.297241693653408,0.6087962962962963,0.041666666666666664,0.041666666666666664,6.706018518518518,,,,,,,,,,,,,,,,,,,,,,,,,,
00-0021429,2005,16,509,345,3836.0,32,12.0,120.45502324354844,0.0,0.0,197.0,0.0,2.0441495318776557,20.0,108.0,1,Carson Palmer,Carson,Palmer,QB,1979-12-27,2003,2003.0,1.0,1.0,USC,25.68104038329911,-2.661857394363828,7.0854847879293885,2,6.2324480165505225,31.8125,0.03780718336483932,0.23665034036060598,7.528438952721777,0.6777996070726916,0.06286836935166994,0.023575638506876228,7.5363457760314345,-29.864142017494306,432.0,6.068425588244111,-0.06912995837382942,1.0742792501861336,150.31916526104274,77.0,,,,,,,,,,,,,,,,,,,
00-0021429,2006,16,520,324,4036.0,28,13.0,62.18936231082692,5067.0,1433.0,200.0,13.153057314120463,2.1362263817286835,36.0,231.0,0,Carson Palmer,Carson,Palmer,QB,1979-12-27,2003,2003.0,1.0,1.0,USC,26.680355920602327,-1.66254185706061,2.764045426478542,3,6.253828811575473,32.5,0.06474820143884892,0.119594927520821,3.8868351444266827,0.6230769230769231,0.05384615384615385,0.025,7.7615384615384615,120.45502324354844,509.0,6.2324480165505225,0.23665034036060598,2.0441495318776557,-58.26566093272152,11.0,,,,,,,,,,,,,,,,,,,
00-0021429,2007,16,575,373,4130.0,26,20.0,60.22681372071517,5041.0,1742.0,213.0,14.243875951038314,2.2615549315997896,17.0,119.0,0,Carson Palmer,Carson,Palmer,QB,1979-12-27,2003,2003.0,1.0,1.0,USC,27.679671457905545,-0.663226319757392,0.4398691512189344,4,6.354370040797351,35.9375,0.028716216216216218,0.10474228473167856,3.764175857544698,0.648695652173913,0.04521739130434783,0.034782608695652174,7.182608695652174,62.18936231082692,520.0,6.253828811575473,0.119594927520821,2.1362263817286835,-1.9625485901117514,55.0,,,,,,,,,,,,,,,,,,,
00-0021429,2008,4,130,76,736.0,3,4.0,-17.086664309294815,892.0,333.0,41.0,3.224311733451949,0.1660933155675144,11.0,67.0,0,Carson Palmer,Carson,Palmer,QB,1979-12-27,2003,2003.0,1.0,1.0,USC,28.681724845995895,0.3388270683329573,0.1148037822351065,5,4.867534450455582,32.5,0.07801418439716312,-0.1314358793022678,-4.271666077323704,0.5846153846153846,0.023076923076923078,0.03076923076923077,5.661538461538462,60.22681372071517,575.0,6.354370040797351,0.10474228473167856,2.2615549315997896,-77.31347803000999,-445.0,,,,,,,,,,,,,,,,,,,
00-0021429,2009,16,466,282,3094.0,21,13.0,47.67946300389795,3833.0,1299.0,158.0,12.67409090628902,1.556349798431476,26.0,213.0,1,Carson Palmer,Carson,Palmer,QB,1979-12-27,2003,2003.0,1.0,1.0,USC,29.68104038329911,1.3381426056361718,1.7906256330187633,6,6.144185634125646,29.125,0.052845528455284556,0.10231644421437329,2.979966437743622,0.6051502145922747,0.045064377682403435,0.027896995708154508,6.639484978540772,-17.086664309294815,130.0,4.867534450455582,-0.1314358793022678,0.1660933155675144,64.76612731319277,336.0,,,,,,,,,,,,,,,,,,,
00-0021429,2010,16,586,362,3970.0,26,20.0,35.687816629765834,4911.0,1648.0,205.0,13.365294321298592,1.5983098218202465,26.0,201.0,1,Carson Palmer,Carson,Palmer,QB,1979-12-27,2003,2003.0,1.0,1.0,USC,30.680355920602327,2.33745814293939,5.463710569993661,7,6.373319789577012,36.625,0.042483660130718956,0.06090071097229664,2.2304885393603646,0.6177474402730375,0.04436860068259386,0.034129692832764506,6.774744027303754,47.67946300389795,466.0,6.144185634125646,0.10231644421437329,1.556349798431476,-11.991646374132117,120.0,,,,,,,,,,,,,,,,,,,
00-0021429,2011,10,328,199,2753.0,13,16.0,34.36404957944187,3389.0,1051.0,122.0,8.517582778528238,1.2341146280897042,17.0,119.0,0,Carson Palmer,Carson,Palmer,QB,1979-12-27,2003,2003.0,1.0,1.0,USC,31.679671457905545,3.336773680242608,11.134058593159798,8,5.793013608384144,32.8,0.04927536231884058,0.10476844383976179,3.4364049579441867,0.6067073170731707,0.039634146341463415,0.04878048780487805,8.393292682926829,35.687816629765834,586.0,6.373319789577012,0.06090071097229664,1.5983098218202465,-1.3237670503239656,-258.0,,,,,,,,,,,,,,,,,,,
00-0021429,2012,15,565,345,4018.0,22,14.0,16.911176471452514,4712.0,1959.0,184.0,27.475351149562066,1.150508421297327,26.0,199.0,2,Carson Palmer,Carson,Palmer,QB,1979-12-27,2003,2003.0,1.0,1.0,USC,32.681724845995895,4.338827068332957,18.825420328898765,9,6.336825731146441,37.666666666666664,0.043993231810490696,0.02993128579018144,1.127411764763501,0.6106194690265486,0.03893805309734513,0.024778761061946902,7.111504424778761,34.36404957944187,328.0,5.793013608384144,0.10476844383976179,1.2341146280897042,-17.452873107989355,237.0,,,,,,,,,,,,,,,,,,,
00-0021429,2013,16,572,362,4274.0,24,22.0,12.825727478092794,5266.0,1756.0,204.0,13.539378591034886,1.7810471489029722,41.0,289.0,0,Carson Palmer,Carson,Palmer,QB,1979-12-27,2003,2003.0,1.0,1.0,USC,33.68104038329911,5.338142605636175,28.495766478108177,10,6.349138991379798,35.75,0.06688417618270799,0.022422600486176215,0.8016079673807996,0.6328671328671329,0.04195804195804196,0.038461538461538464,7.472027972027972,16.911176471452514,565.0,6.336825731146441,0.02993128579018144,1.150508421297327,-4.085448993359719,7.0,,,,,,,,,,,,,,,,,,,
00-0021429,2014,6,224,141,1626.0,11,3.0,32.81934315503189,2050.0,747.0,82.0,4.884785826020252,0.7048782347594096,9.0,59.0,0,Carson Palmer,Carson,Palmer,QB,1979-12-27,2003,2003.0,1.0,1.0,USC,34.680355920602324,6.337458142939386,40.163375713508735,11,5.4116460518550396,37.333333333333336,0.03862660944206009,0.1465149247992495,5.469890525838648,0.6294642857142857,0.049107142857142856,0.013392857142857142,7.258928571428571,12.825727478092794,572.0,6.349138991379798,0.022422600486176215,1.7810471489029722,19.993615676939093,-348.0,,,,,,,,,,,,,,,,,,,
00-0021429,2015,16,537,342,4671.0,35,11.0,157.61754612943565,5765.0,1756.0,231.0,13.482984032806518,3.1245383199759607,25.0,151.0,0,Carson Palmer,Carson,Palmer,QB,1979-12-27,2003,2003.0,1.0,1.0,USC,35.67967145790554,7.3367736802426045,53.82824803510061,12,6.285998094508865,33.5625,0.04448398576512456,0.2935149834812582,9.851096633089728,0.6368715083798883,0.06517690875232775,0.020484171322160148,8.69832402234637,32.81934315503189,224.0,5.4116460518550396,0.1465149247992495,0.7048782347594096,124.79820297440376,313.0,,,,,,,,,,,,,,,,,,,
00-0021429,2016,15,597,364,4233.0,26,14.0,34.85178977190047,5635.0,1669.0,218.0,11.544474700804944,1.4729038083675454,40.0,281.0,1,Carson Palmer,Carson,Palmer,QB,1979-12-27,2003,2003.0,1.0,1.0,USC,36.681724845995895,8.338827068332957,69.53603687556242,13,6.391917113392602,39.8,0.06279434850863422,0.05837820732311637,2.3234526514600313,0.609715242881072,0.04355108877721943,0.023450586264656615,7.090452261306533,157.61754612943565,537.0,6.285998094508865,0.2935149834812582,3.1245383199759607,-122.76575635753518,60.0,,,,,,,,,,,,,,,,,,,
00-0021429,2017,7,267,164,1978.0,9,7.0,-3.251267905359141,2499.0,743.0,94.0,5.7017141075081055,0.5029543534592292,22.0,150.0,0,Carson Palmer,Carson,Palmer,QB,1979-12-27,2003,2003.0,1.0,1.0,USC,37.68104038329911,9.338142605636175,87.20090732319758,14,5.58724865840025,38.142857142857146,0.07612456747404844,-0.012177033353405023,-0.46446684362273444,0.6142322097378277,0.033707865168539325,0.026217228464419477,7.408239700374532,34.85178977190047,597.0,6.391917113392602,0.05837820732311637,1.4729038083675454,-38.10305767725961,-330.0,,,,,,,,,,,,,,,,,,,
00-0021678,2006,13,337,220,2903.0,19,13.0,83.13981336166889,3439.0,983.0,143.0,10.750425565414233,1.8794311656477911,21.0,124.0,1,Tony Romo,Antonio,Romo,QB,1980-04-21,2003,,,,Eastern Illinois,26.362765229295004,-1.9801325483679335,3.9209249091060867,3,5.820082930352362,25.923076923076923,0.05865921787709497,0.24670567763106493,6.395370258589915,0.6528189910979229,0.05637982195845697,0.03857566765578635,8.614243323442137,,,,,,,,,,,,,,,,,,,,,,,,,,
00-0021678,2007,16,520,335,4211.0,36,19.0,139.9886226375508,4305.0,1681.0,215.0,16.248169140486446,2.8387296479435604,25.0,178.0,0,Tony Romo,Antonio,Romo,QB,1980-04-21,2003,,,,Eastern Illinois,27.362080766598222,-0.9808170110647154,0.9620020091939221,4,6.253828811575473,32.5,0.045871559633027525,0.2692088896875977,8.749288914846925,0.6442307692307693,0.06923076923076923,0.03653846153846154,8.098076923076922,83.13981336166889,337.0,5.820082930352362,0.24670567763106493,1.8794311656477911,56.84880927588192,183.0,,,,,,,,,,,,,,,,,,,
00-0021678,2008,13,451,276,3448.0,26,14.0,48.20309174642024,4103.0,1579.0,150.0,11.669339715276408,1.642488802322262,20.0,123.0,0,Tony Romo,Antonio,Romo,QB,1980-04-21,2003,,,,Eastern Illinois,28.36413415468857,0.021236377025633857,0.0004509837091748695,5,6.111467339502679,34.69230769230769,0.04246284501061571,0.10688046950425774,3.7079301343400184,0.6119733924611973,0.057649667405764965,0.031042128603104215,7.6452328159645235,139.9886226375508,520.0,6.253828811575473,0.2692088896875977,2.8387296479435604,-91.78553089113056,-69.0,,,,,,,,,,,,,,,,,,,
00-0021678,2009,16,550,347,4483.0,26,9.0,113.02790599830774,4163.0,2295.0,203.0,17.446886064549947,2.0512406291401377,34.0,196.0,0,Tony Romo,Antonio,Romo,QB,1980-04-21,2003,,,,Eastern Illinois,29.363449691991786,1.0205519143288484,1.041526209840277,6,6.309918278226516,34.375,0.05821917808219178,0.2055052836332868,7.064244124894234,0.6309090909090909,0.04727272727272727,0.016363636363636365,8.15090909090909,48.20309174642024,451.0,6.111467339502679,0.10688046950425774,1.642488802322262,64.8248142518875,99.0,,,,,,,,,,,,,,,,,,,
00-0021678,2010,6,213,148,1605.0,11,7.0,25.438720242337546,1522.0,815.0,75.0,7.907796628819521,0.7500935052631107,7.0,41.0,0,Tony Romo,Antonio,Romo,QB,1980-04-21,2003,,,,Eastern Illinois,30.362765229295004,2.0198674516320665,4.079864522162619,7,5.3612921657094255,35.5,0.031818181818181815,0.11943061146637346,4.239786707056258,0.6948356807511737,0.051643192488262914,0.03286384976525822,7.535211267605634,113.02790599830774,550.0,6.309918278226516,0.2055052836332868,2.0512406291401377,-87.58918575597019,-337.0,,,,,,,,,,,,,,,,,,,
00-0021678,2011,16,522,346,4184.0,31,10.0,93.954418204766,4020.0,1946.0,203.0,16.4034922068,2.30331911745929,36.0,227.0,0,Tony Romo,Antonio,Romo,QB,1980-04-21,2003,,,,Eastern Illinois,31.362080766598222,3.0191829889352846,9.115465920676199,8,6.257667587882639,32.625,0.06451612903225806,0.179989306905682,5.872151137797875,0.6628352490421456,0.05938697318007663,0.019157088122605363,8.015325670498084,25.438720242337546,213.0,5.3612921657094255,0.11943061146637346,0.7500935052631107,68.51569796242845,309.0,,,,,,,,,,,,,,,,,,,
00-0021678,2012,16,648,425,4903.0,28,19.0,83.71177806119434,5715.0,1952.0,231.0,14.533551671963114,2.160473851342636,36.0,263.0,1,Tony Romo,Antonio,Romo,QB,1980-04-21,2003,,,,Eastern Illinois,32.36413415468857,4.021236377025634,16.170341999914246,9,6.473890696352274,40.5,0.05263157894736842,0.1291848426870283,5.231986128824646,0.6558641975308642,0.043209876543209874,0.029320987654320986,7.566358024691358,93.954418204766,522.0,6.257667587882639,0.179989306905682,2.30331911745929,-10.242640143571663,126.0,,,,,,,,,,,,,,,,,,,
00-0021678,2013,15,535,342,3828.0,31,10.0,61.24347559387949,4248.0,1778.0,194.0,13.747582793233308,1.3908541782980446,35.0,272.0,1,Tony Romo,Antonio,Romo,QB,1980-04-21,2003,,,,Eastern Illinois,33.36344969199179,5.020551914328852,25.2059415244711,10,6.282266746896006,35.666666666666664,0.06140350877192982,0.1144737861567841,4.082898372925299,0.6392523364485981,0.05794392523364486,0.018691588785046728,7.1551401869158875,83.71177806119434,648.0,6.473890696352274,0.1291848426870283,2.160473851342636,-22.46830246731485,-113.0,,,,,,,,,,,,,,,,,,,
00-0021678,2014,15,435,304,3705.0,34,9.0,145.6905271308002,3924.0,1626.0,189.0,14.873316444005583,3.301981397538783,29.0,215.0,0,Tony Romo,Antonio,Romo,QB,1980-04-21,2003,,,,Eastern Illinois,34.362765229295,6.019867451632063,36.238804135219105,11,6.075346031088684,29.0,0.0625,0.3349207520248281,9.712701808720015,0.6988505747126437,0.07816091954022988,0.020689655172413793,8.517241379310345,61.24347559387949,535.0,6.282266746896006,0.1144737861567841,1.3908541782980446,84.44705153692072,-100.0,,,,,,,,,,,,,,,,,,,
00-0021678,2015,4,121,83,884.0,5,7.0,-10.050436075268909,859.0,426.0,46.0,4.23886691219634,0.3982655424453761,6.0,35.0,0,Tony Romo,Antonio,Romo,QB,1980-04-21,2003,,,,Eastern Illinois,35.36208076659822,7.019182988935281,49.26892983215843,12,4.795790545596741,30.25,0.047244094488188976,-0.08306145516751165,-2.512609018817227,0.6859504132231405,0.04132231404958678,0.05785123966942149,7.305785123966942,145.6905271308002,435.0,6.075346031088684,0.3349207520248281,3.301981397538783,-155.74096320606913,-314.0,,,,,,,,,,,,,,,,,,,
00-0022005,2005,11,313,191,2035.0,10,7.0,-25.77128270612362,0.0,0.0,107.0,0.0,0.6762542140992028,28.0,205.0,0,Chris Simms,Christopher,Simms,QB,1980-08-29,2003,2003.0,3.0,97.0,Texas,25.00752908966461,-3.3353686879983258,11.124684284879672,2,5.746203190540153,28.454545454545453,0.08211143695014662,-0.0823363664732384,-2.3428438823748747,0.610223642172524,0.03194888178913738,0.022364217252396165,6.501597444089457,-21.86483458947991,73.0,4.290459441148391,-0.29951828204767,0.0787280010038398,-3.9064481166437126,240.0,,,,,,,,,,,,,,,,,,,
00-0022005,2006,3,106,58,585.0,1,7.0,-44.14863956035799,713.0,227.0,28.0,2.4995649323559213,0.0957694635474581,4.0,32.0,0,Chris Simms,Christopher,Simms,QB,1980-08-29,2003,2003.0,3.0,97.0,Texas,26.00684462696783,-2.3360531506951077,5.45714432287254,3,4.663439094112067,35.333333333333336,0.03636363636363636,-0.4164965996260188,-14.716213186785998,0.5471698113207547,0.009433962264150943,0.0660377358490566,5.518867924528302,-25.77128270612362,313.0,5.746203190540153,-0.0823363664732384,0.6762542140992028,-18.37735685423437,-207.0,,,,,,,,,,,,,,,,,,,
00-0022026,2005,11,266,150,1558.0,7,6.0,-49.52974772500758,0.0,0.0,76.0,0.0,0.6829067687938504,33.0,196.0,0,Brooks Bollinger,Brooks,Bollinger,QB,1979-11-15,2003,2003.0,6.0,200.0,Wisconsin,25.796030116358658,-2.5468676613042796,6.48653488419753,2,5.583496308781699,24.181818181818183,0.11036789297658862,-0.18620205911656987,-4.502704338637053,0.5639097744360902,0.02631578947368421,0.022556390977443608,5.857142857142857,-2.6698304689489305,9.0,2.1972245773362196,-0.2966478298832145,0.0293242976754748,-46.85991725605865,257.0,,,,,,,,,,,,,,,,,,,
00-0022039,2004,8,226,123,1231.0,6,9.0,-53.25916998996506,0.0,0.0,60.0,0.0,0.4896718679807501,13.0,94.0,0,Ken Dorsey,Kenneth,Dorsey,QB,1981-04-22,2003,2003.0,7.0,241.0,Miami,23.362080766598222,-4.980817011064715,24.808538097711644,1,5.420534999272286,28.25,0.05439330543933055,-0.2356600442033852,-6.657396248745632,0.5442477876106194,0.02654867256637168,0.03982300884955752,5.446902654867257,,,,,,,,,,,,,,,,,,,,,,,,,,
00-0022055,2006,6,141,82,927.0,8,7.0,-23.89818709632931,1322.0,285.0,42.0,3.8417389201147545,0.2796131663879513,13.0,80.0,0,Seneca Wallace,Seneca,Wallace,QB,1980-08-06,2003,2003.0,4.0,110.0,Iowa State; Sacramento City,26.069815195071868,-2.273082582591069,5.166904427278885,3,4.948759890378168,23.5,0.08441558441558442,-0.169490688626449,-3.9830311827215517,0.5815602836879432,0.05673758865248227,0.04964539007092199,6.574468085106383,-2.5260541207738494,25.0,3.2188758248682006,-0.10104216483095398,0.1528529431374126,-21.37213297555546,116.0,,,,,,,,,,,,,,,,,,,
00-0022055,2008,9,242,141,1532.0,11,3.0,15.601658627035144,1849.0,750.0,72.0,7.504776634336185,0.6843114732297285,14.0,76.0,0,Seneca Wallace,Seneca,Wallace,QB,1980-08-06,2003,2003.0,4.0,110.0,Iowa State; Sacramento City,28.071184120465436,-0.27171365719750185,0.07382831150764155,5,5.488937726156687,26.88888888888889,0.0546875,0.06446966374807911,1.733517625226127,0.5826446280991735,0.045454545454545456,0.012396694214876033,6.330578512396694,-4.404976474700458,28.0,3.332204510175204,-0.1573205883821592,0.1748953623555678,20.006635101735604,214.0,,,,,,,,,,,,,,,,,,,
00-0022055,2009,13,120,78,700.0,3,2.0,0.1502463127995184,891.0,340.0,37.0,12.697264798723609,0.1783279265944824,9.0,59.0,0,Seneca Wallace,Seneca,Wallace,QB,1980-08-06,2003,2003.0,4.0,110.0,Iowa State; Sacramento City,29.07049965776865,0.7276018801057127,0.5294044959333679,6,4.787491742782046,9.23076923076923,0.06976744186046512,0.0012520526066626533,0.01155740867688603,0.65,0.025,0.016666666666666666,5.833333333333333,15.601658627035144,242.0,5.488937726156687,0.06446966374807911,0.6843114732297285,-15.451412314235625,-122.0,,,,,,,,,,,,,,,,,,,
00-0022055,2010,6,101,64,694.0,4,2.0,5.175237016667688,771.0,365.0,35.0,4.134475219966742,0.4123993324080899,6.0,33.0,0,Seneca Wallace,Seneca,Wallace,QB,1980-08-06,2003,2003.0,4.0,110.0,Iowa State; Sacramento City,30.069815195071868,1.7269174174089308,2.982243766550331,7,4.61512051684126,16.833333333333332,0.056074766355140186,0.05123997046205631,0.862539502777948,0.6336633663366337,0.039603960396039604,0.019801980198019802,6.871287128712871,0.1502463127995184,120.0,4.787491742782046,0.0012520526066626533,0.1783279265944824,5.02499070386817,-19.0,,,,,,,,,,,,,,,,,,,
00-0022055,2011,6,107,55,567.0,2,2.0,-20.57370664712164,823.0,178.0,29.0,4.071105105867012,-0.0711225389708501,6.0,30.0,0,Seneca Wallace,Seneca,Wallace,QB,1980-08-06,2003,2003.0,4.0,110.0,Iowa State; Sacramento City,31.069130732375086,2.726232954712149,7.432346123358534,8,4.672828834461906,17.833333333333332,0.05309734513274336,-0.1922776322160901,-3.4289511078536066,0.514018691588785,0.018691588785046728,0.018691588785046728,5.299065420560748,5.175237016667688,101.0,4.61512051684126,0.05123997046205631,0.4123993324080899,-25.748943663789326,6.0,,,,,,,,,,,,,,,,,,,
00-0022121,2006,16,480,262,3197.0,23,20.0,-27.0587427658017,4317.0,1264.0,150.0,12.37424605758752,1.5230070107773823,21.0,142.0,0,Rex Grossman,Rex,Grossman,QB,1980-08-23,2003,2003.0,1.0,22.0,Florida,26.023271731690624,-2.3196260459723135,5.380664993153149,3,6.173786103901937,30.0,0.041916167664670656,-0.05637238076208687,-1.6911714228626062,0.5458333333333333,0.04791666666666667,0.041666666666666664,6.660416666666666,8.653247457546449,39.0,3.6635616461296463,0.22187813993708844,0.2606550914640923,-35.71199022334815,441.0,,,,,,,,,,,,,,,,,,,
00-0022121,2007,8,225,122,1411.0,4,7.0,-50.29701226284215,1984.0,574.0,66.0,5.6018678299747675,-0.0602778628950616,25.0,198.0,0,Rex Grossman,Rex,Grossman,QB,1980-08-23,2003,2003.0,1.0,22.0,Florida,27.02258726899384,-1.320310508669099,1.7432198393020548,4,5.41610040220442,28.125,0.1,-0.2235422767237429,-6.287126532855269,0.5422222222222223,0.017777777777777778,0.03111111111111111,6.271111111111111,-27.0587427658017,480.0,6.173786103901937,-0.05637238076208687,1.5230070107773823,-23.238269497040452,-255.0,,,,,,,,,,,,,,,,,,,
00-0022121,2010,4,133,74,884.0,7,4.0,-15.140292248867684,938.0,417.0,42.0,3.8243445002032574,0.0431910800489812,9.0,77.0,2,Rex Grossman,Rex,Grossman,QB,1980-08-23,2003,2003.0,1.0,22.0,Florida,30.023271731690624,1.6803739540276865,2.8236566253746416,7,4.890349128221754,33.25,0.06338028169014084,-0.11383678382607282,-3.785073062216921,0.556390977443609,0.05263157894736842,0.03007518796992481,6.646616541353383,-6.4396577352890745,9.0,2.1972245773362196,-0.7155175261432305,-0.052250825919902,-8.70063451357861,124.0,,,,,,,,,,,,,,,,,,,
00-0022121,2011,13,458,265,3151.0,16,20.0,-13.972273377445095,4139.0,1315.0,159.0,10.244095708486386,0.9208394927467082,25.0,201.0,0,Rex Grossman,Rex,Grossman,QB,1980-08-23,2003,2003.0,1.0,22.0,Florida,31.02258726899384,2.679689491330901,7.180735769949263,8,6.126869184114185,35.23076923076923,0.051759834368530024,-0.030507147112325536,-1.0747902598034689,0.5786026200873362,0.034934497816593885,0.043668122270742356,6.879912663755459,-15.140292248867684,133.0,4.890349128221754,-0.11383678382607282,0.0431910800489812,1.1680188714225892,325.0,,,,,,,,,,,,,,,,,,,
00-0022164,2003,10,224,116,1260.0,7,9.0,-40.09142249372381,0.0,0.0,62.0,0.0,0.3630580937732743,17.0,92.0,4,Kyle Boller,Kyle,Boller,QB,1981-06-17,2003,2003.0,1.0,19.0,California,22.206707734428473,-6.136190043234464,37.65282824668977,0,5.4116460518550396,22.4,0.07053941908713693,-0.17897956470412416,-4.009142249372381,0.5178571428571429,0.03125,0.04017857142857143,5.625,,,,,,,,,,,,,,,,,,,,,,,,,,
00-0022164,2004,16,464,258,2559.0,13,11.0,-76.6370986789032,0.0,0.0,135.0,0.0,0.8550172228884316,35.0,247.0,1,Kyle Boller,Kyle,Boller,QB,1981-06-17,2003,2003.0,1.0,19.0,California,23.208761122518823,-5.134136655144115,26.3593591936944,1,6.139884552226255,29.0,0.07014028056112225,-0.16516616094591208,-4.78981866743145,0.5560344827586207,0.028017241379310345,0.023706896551724137,5.515086206896552,-40.09142249372381,224.0,5.4116460518550396,-0.17897956470412416,0.3630580937732743,-36.54567618517939,240.0,,,,,,,,,,,,,,,,,,,
00-0022164,2005,9,293,171,1799.0,11,12.0,-11.626264982917238,0.0,0.0,86.0,0.0,0.7843820717054326,23.0,146.0,0,Kyle Boller,Kyle,Boller,QB,1981-06-17,2003,2003.0,1.0,19.0,California,24.20807665982204,-4.134821117840897,17.096745676543044,2,5.680172609017068,32.55555555555556,0.07278481012658228,-0.039680085265929144,-1.2918072203241375,0.5836177474402731,0.03754266211604096,0.040955631399317405,6.139931740614334,-76.6370986789032,464.0,6.139884552226255,-0.16516616094591208,0.8550172228884316,65.01083369598597,-171.0,,,,,,,,,,,,,,,,,,,
00-0022164,2007,12,275,168,1743.0,9,10.0,-33.0828660469204,2541.0,553.0,90.0,9.061804233631596,0.9506407802027976,24.0,159.0,0,Kyle Boller,Kyle,Boller,QB,1981-06-17,2003,2003.0,1.0,19.0,California,26.206707734428473,-2.136190043234464,4.563307900814062,4,5.616771097666572,22.916666666666668,0.0802675585284281,-0.12030133107971056,-2.7569055039100334,0.610909090909091,0.03272727272727273,0.03636363636363636,6.338181818181818,13.844093034800608,55.0,4.007333185232471,0.25171078245092016,0.2004821895936504,-46.92695908172101,220.0,,,,,,,,,,,,,,,,,,,
00-0022164,2009,7,176,98,899.0,3,6.0,-68.58252961639968,1095.0,576.0,50.0,4.549881481168528,-0.0774928706076504,17.0,117.0,0,Kyle Boller,Kyle,Boller,QB,1981-06-17,2003,2003.0,1.0,19.0,California,28.20807665982204,-0.13482111784089668,0.01817673381586895,6,5.170483995038151,25.142857142857142,0.08808290155440414,-0.38967346372954365,-9.79750423091424,0.5568181818181818,0.017045454545454544,0.03409090909090909,5.107954545454546,-33.0828660469204,275.0,5.616771097666572,-0.12030133107971056,0.9506407802027976,-35.49966356947928,-99.0,,,,,,,,,,,,,,,,,,,
00-0022177,2003,15,419,239,2819.0,14,17.0,-15.065598284481371,0.0,0.0,135.0,0.0,1.5443531286512828,18.0,86.0,0,Byron Leftwich,Byron,Leftwich,QB,1980-01-14,2003,2003.0,1.0,7.0,Marshall,23.630390143737166,-4.712507633925771,22.207728199808667,0,6.037870919922137,27.933333333333334,0.041189931350114416,-0.035956081824537876,-1.0043732189654249,0.5704057279236276,0.03341288782816229,0.0405727923627685,6.727923627684964,,,,,,,,,,,,,,,,,,,,,,,,,,
00-0022177,2004,14,441,267,2941.0,15,10.0,19.795156618576343,0.0,0.0,140.0,0.0,1.2918691210773805,25.0,114.0,4,Byron Leftwich,Byron,Leftwich,QB,1980-01-14,2003,2003.0,1.0,7.0,Marshall,24.632443531827516,-3.7104542458354217,13.767470710438108,1,6.089044875446846,31.5,0.0536480686695279,0.044886976459356784,1.4139397584697388,0.6054421768707483,0.034013605442176874,0.022675736961451247,6.668934240362812,-15.065598284481371,419.0,6.037870919922137,-0.035956081824537876,1.5443531286512828,34.86075490305771,22.0,,,,,,,,,,,,,,,,,,,
00-0022177,2005,11,302,175,2123.0,15,5.0,28.25330797039489,0.0,0.0,101.0,0.0,0.9765702930720278,23.0,110.0,0,Byron Leftwich,Byron,Leftwich,QB,1980-01-14,2003,2003.0,1.0,7.0,Marshall,25.631759069130734,-2.7111387085322036,7.350273096901665,2,5.71042701737487,27.454545454545453,0.07076923076923076,0.09355399990196983,2.5684825427631717,0.5794701986754967,0.04966887417218543,0.016556291390728478,7.029801324503311,19.795156618576343,441.0,6.089044875446846,0.044886976459356784,1.2918691210773805,8.458151351818547,-139.0,,,,,,,,,,,,,,,,,,,
00-0022177,2006,6,184,109,1158.0,7,5.0,2.389967728322665,1316.0,615.0,58.0,5.684970895987477,0.372573180122939,9.0,48.0,0,Byron Leftwich,Byron,Leftwich,QB,1980-01-14,2003,2003.0,1.0,7.0,Marshall,26.63107460643395,-1.711823171228989,2.930338569556473,3,5.214935757608986,30.666666666666668,0.046632124352331605,0.012988955045231874,0.39832795472044413,0.592391304347826,0.03804347826086957,0.02717391304347826,6.293478260869565,28.25330797039489,302.0,5.71042701737487,0.09355399990196983,0.9765702930720278,-25.863340242072226,-118.0,,,,,,,,,,,,,,,,,,,
00-0022177,2009,3,107,58,594.0,4,3.0,-11.17022326929303,995.0,178.0,27.0,1.5351699958761982,0.152495900210719,2.0,0.0,0,Byron Leftwich,Byron,Leftwich,QB,1980-01-14,2003,2003.0,1.0,7.0,Marshall,29.631759069130734,1.2888612914677964,1.661163428644036,6,4.672828834461906,35.666666666666664,0.01834862385321101,-0.10439460999339281,-3.72340775643101,0.5420560747663551,0.037383177570093455,0.028037383177570093,5.5514018691588785,16.325803046926243,36.0,3.58351893845611,0.4534945290812845,0.7872976558982823,-27.49602631621927,71.0,,,,,,,,,,,,,,,,,,,
00-0022787,2007,11,289,192,2241.0,9,9.0,8.466493125943469,2348.0,760.0,97.0,11.408521504402367,1.107899100813639,16.0,126.0,0,Matt Schaub,Matthew,Schaub,QB,1981-06-25,2004,2004.0,3.0,90.0,Virginia,26.184804928131417,-2.1580928495315206,4.657364747199078,3,5.666426688112432,26.272727272727273,0.05245901639344262,0.029295823965202313,0.7696811932675881,0.6643598615916955,0.031141868512110725,0.031141868512110725,7.7543252595155705,-3.854350706591504,27.0,3.295836866004329,-0.14275372987375942,0.2653464780160181,12.320843832534973,262.0,,,,,,,,,,,,,,,,,,,
00-0022787,2008,11,380,251,3043.0,15,10.0,35.355537266731915,2891.0,1340.0,146.0,12.30317521059598,1.6927949129904354,23.0,149.0,1,Matt Schaub,Matthew,Schaub,QB,1981-06-25,2004,2004.0,3.0,90.0,Virginia,27.186858316221766,-1.1560394614411713,1.3364272364091934,4,5.940171252720432,34.54545454545455,0.05707196029776675,0.09304088754403135,3.214139751521083,0.6605263157894737,0.039473684210526314,0.02631578947368421,8.007894736842106,8.466493125943469,289.0,5.666426688112432,0.029295823965202313,1.107899100813639,26.889044140788446,91.0,,,,,,,,,,,,,,,,,,,
00-0022787,2009,16,583,396,4770.0,29,15.0,135.58121106589786,4444.0,2161.0,230.0,17.513491569242344,2.475299492802634,26.0,153.0,1,Matt Schaub,Matthew,Schaub,QB,1981-06-25,2004,2004.0,3.0,90.0,Virginia,28.186173853524984,-0.15672392413795322,0.024562388397198917,5,6.368187186350492,36.4375,0.042692939244663386,0.23255782344064813,8.473825691618616,0.6792452830188679,0.04974271012006861,0.025728987993138937,8.181818181818182,35.355537266731915,380.0,5.940171252720432,0.09304088754403135,1.6927949129904354,100.22567379916595,203.0,,,,,,,,,,,,,,,,,,,
00-0022787,2010,16,574,365,4370.0,24,12.0,76.91602591059832,4411.0,1993.0,222.0,17.008446330838662,1.915557057653004,32.0,226.0,1,Matt Schaub,Matthew,Schaub,QB,1981-06-25,2004,2004.0,3.0,90.0,Virginia,29.1854893908282,0.8425916131652613,0.7099606265764373,6,6.352629396319567,35.875,0.052805280528052806,0.1340000451404152,4.807251619412395,0.6358885017421603,0.041811846689895474,0.020905923344947737,7.613240418118467,135.58121106589786,583.0,6.368187186350492,0.23255782344064813,2.475299492802634,-58.66518515529954,-9.0,,,,,,,,,,,,,,,,,,,
00-0022787,2011,10,292,178,2479.0,15,6.0,63.54495502661205,2463.0,1189.0,118.0,11.10282711118444,1.5651778298383736,16.0,98.0,0,Matt Schaub,Matthew,Schaub,QB,1981-06-25,2004,2004.0,3.0,90.0,Virginia,30.184804928131417,1.8419071504684794,3.3926219509469138,7,5.676753802268282,29.2,0.05194805194805195,0.21761970899524674,6.354495502661205,0.6095890410958904,0.05136986301369863,0.02054794520547945,8.48972602739726,76.91602591059832,574.0,6.352629396319567,0.1340000451404152,1.915557057653004,-13.37107088398627,-282.0,,,,,,,,,,,,,,,,,,,
00-0022787,2012,16,544,350,4008.0,22,12.0,84.80408646627983,4351.0,1758.0,202.0,15.053933713677075,1.8297130847128136,27.0,216.0,0,Matt Schaub,Matthew,Schaub,QB,1981-06-25,2004,2004.0,3.0,90.0,Virginia,31.186858316221766,2.8439605385588287,8.088111544879823,8,6.298949246855942,34.0,0.047285464098073555,0.15588986482772027,5.300255404142489,0.6433823529411765,0.04044117647058824,0.022058823529411766,7.367647058823529,63.54495502661205,292.0,5.676753802268282,0.21761970899524674,1.5651778298383736,21.259131439667776,252.0,,,,,,,,,,,,,,,,,,,
00-0022787,2013,10,358,219,2310.0,10,14.0,-32.328896102023755,2796.0,910.0,115.0,8.798864239261432,0.4532309251792843,21.0,162.0,0,Matt Schaub,Matthew,Schaub,QB,1981-06-25,2004,2004.0,3.0,90.0,Virginia,32.186173853524984,3.843276075862047,14.770770995293573,9,5.8805329864007,35.8,0.055408970976253295,-0.09030417905593227,-3.2328896102023754,0.611731843575419,0.027932960893854747,0.03910614525139665,6.4525139664804465,84.80408646627983,544.0,6.298949246855942,0.15588986482772027,1.8297130847128136,-117.13298256830359,-186.0,,,,,,,,,,,,,,,,,,,
00-0022803,2004,8,197,95,1043.0,6,9.0,-33.953269697845926,0.0,0.0,50.0,0.0,0.5624916942020828,13.0,83.0,0,Eli Manning,Elisha,Manning,QB,1981-01-03,2004,2004.0,1.0,1.0,Mississippi,23.66050650239562,-4.682391275267317,21.924788054699494,0,5.2832037287379885,24.625,0.06190476190476191,-0.17235162283170521,-4.244158712230741,0.48223350253807107,0.030456852791878174,0.04568527918781726,5.2944162436548226,,,,,,,,,,,,,,,,,,,,,,,,,,
00-0022803,2005,16,558,294,3762.0,24,17.0,41.346540567868885,0.0,0.0,172.0,0.0,1.5960832187378553,27.0,184.0,1,Eli Manning,Elisha,Manning,QB,1981-01-03,2004,2004.0,1.0,1.0,Mississippi,24.659822039698838,-3.6830757379640993,13.565046891579794,1,6.324358962381311,34.875,0.046153846153846156,0.07409774295317005,2.5841587854918053,0.5268817204301075,0.043010752688172046,0.03046594982078853,6.741935483870968,-33.953269697845926,197.0,5.2832037287379885,-0.17235162283170521,0.5624916942020828,75.29981026571481,361.0,,,,,,,,,,,,,,,,,,,
00-0022803,2006,16,522,301,3244.0,25,18.0,-6.605720006958046,4363.0,1304.0,163.0,11.9919394630543,0.8911563859186392,25.0,186.0,0,Eli Manning,Elisha,Manning,QB,1981-01-03,2004,2004.0,1.0,1.0,Mississippi,25.659137577002053,-2.6837602006608847,7.202568814651352,2,6.257667587882639,32.625,0.04570383912248629,-0.01265463602865526,-0.4128575004348779,0.5766283524904214,0.04789272030651341,0.034482758620689655,6.21455938697318,41.346540567868885,558.0,6.324358962381311,0.07409774295317005,1.5960832187378553,-47.95226057482693,-36.0,,,,,,,,,,,,,,,,,,,
00-0022803,2007,16,528,297,3336.0,23,20.0,-50.09168922029341,4540.0,1317.0,165.0,12.126722882351174,0.7639000684006595,27.0,217.0,0,Eli Manning,Elisha,Manning,QB,1981-01-03,2004,2004.0,1.0,1.0,Mississippi,26.65845311430527,-1.6844446633576666,2.837353823914123,3,6.269096283706261,33.0,0.04864864864864865,-0.09487062352328297,-3.130730576268338,0.5625,0.043560606060606064,0.03787878787878788,6.318181818181818,-6.605720006958046,522.0,6.257667587882639,-0.01265463602865526,0.8911563859186392,-43.485969213335366,6.0,,,,,,,,,,,,,,,,,,,
00-0022803,2008,16,479,289,3238.0,21,10.0,46.24533213347021,4271.0,1220.0,169.0,12.585562653976371,1.6884942720901142,27.0,174.0,1,Eli Manning,Elisha,Manning,QB,1981-01-03,2004,2004.0,1.0,1.0,Mississippi,27.66050650239562,-0.6823912752673174,0.4656578525609557,4,6.171700597410915,29.9375,0.0533596837944664,0.09654557856674365,2.890333258341888,0.6033402922755741,0.04384133611691023,0.020876826722338204,6.759916492693111,-50.09168922029341,528.0,6.269096283706261,-0.09487062352328297,0.7639000684006595,96.33702135376362,-49.0,,,,,,,,,,,,,,,,,,,
00-0022803,2009,16,509,317,4021.0,27,14.0,88.22736758675096,4515.0,1750.0,183.0,15.690031387918884,2.6387085664391665,30.0,216.0,0,Eli Manning,Elisha,Manning,QB,1981-01-03,2004,2004.0,1.0,1.0,Mississippi,28.659822039698838,0.31692426203590074,0.10044098786700027,5,6.2324480165505225,31.8125,0.055658627087198514,0.17333471038654413,5.514210474171935,0.6227897838899804,0.05304518664047151,0.0275049115913556,7.899803536345776,46.24533213347021,479.0,6.171700597410915,0.09654557856674365,1.6884942720901142,41.98203545328075,30.0,,,,,,,,,,,,,,,,,,,
00-0022803,2010,16,539,339,4002.0,31,25.0,43.21750294362546,4991.0,1611.0,192.0,12.875841339120036,1.751974968776716,16.0,117.0,0,Eli Manning,Elisha,Manning,QB,1981-01-03,2004,2004.0,1.0,1.0,Mississippi,29.659137577002053,1.3162397993391153,1.7324872093642745,6,6.289715570908998,33.6875,0.02882882882882883,0.08018089599930513,2.7010939339765914,0.6289424860853432,0.0575139146567718,0.04638218923933209,7.424860853432282,88.22736758675096,509.0,6.2324480165505225,0.17333471038654413,2.6387085664391665,-45.009864643125496,30.0,,,,,,,,,,,,,,,,,,,
00-0022803,2011,16,589,359,4933.0,29,16.0,89.43524404839545,5770.0,2089.0,216.0,14.089769249024616,2.040430648315998,28.0,199.0,0,Eli Manning,Elisha,Manning,QB,1981-01-03,2004,2004.0,1.0,1.0,Mississippi,30.65845311430527,2.3155553366423334,5.36179651705279,7,6.3784261836515865,36.8125,0.04538087520259319,0.15184251960678344,5.589702753024715,0.6095076400679117,0.04923599320882852,0.027164685908319185,8.375212224108658,43.21750294362546,539.0,6.289715570908998,0.08018089599930513,1.751974968776716,46.217741104769985,50.0,,,,,,,,,,,,,,,,,,,
00-0022803,2012,16,536,321,3948.0,26,15.0,57.48117236682826,5122.0,1389.0,186.0,12.29880076455516,1.922212559086701,19.0,136.0,0,Eli Manning,Elisha,Manning,QB,1981-01-03,2004,2004.0,1.0,1.0,Mississippi,31.66050650239562,3.3176087247326826,11.006527650422417,8,6.284134161070802,33.5,0.03423423423423423,0.10724099322169452,3.5925732729267663,0.5988805970149254,0.048507462686567165,0.027985074626865673,7.365671641791045,89.43524404839545,589.0,6.3784261836515865,0.15184251960678344,2.040430648315998,-31.954071681567186,-53.0,,,,,,,,,,,,,,,,,,,
00-0022803,2013,16,551,317,3818.0,18,27.0,-46.27777276162307,5241.0,1463.0,174.0,12.236061181561755,0.6826970960203519,39.0,281.0,0,Eli Manning,Elisha,Manning,QB,1981-01-03,2004,2004.0,1.0,1.0,Mississippi,32.65982203969884,4.316924262035901,18.635835084154206,9,6.311734809152915,34.4375,0.06610169491525424,-0.08398869829695657,-2.892360797601442,0.5753176043557169,0.032667876588021776,0.04900181488203267,6.929219600725953,57.48117236682826,536.0,6.284134161070802,0.10724099322169452,1.922212559086701,-103.75894512845133,15.0,,,,,,,,,,,,,,,,,,,
00-0022803,2014,16,601,379,4410.0,30,14.0,66.40867828881022,4953.0,1938.0,216.0,15.546822339350868,1.9007056118383443,28.0,187.0,0,Eli Manning,Elisha,Manning,QB,1981-01-03,2004,2004.0,1.0,1.0,Mississippi,33.659137577002056,5.316239799339119,28.262405604077234,10,6.398594934535208,37.5625,0.04451510333863275,0.11049696886657275,4.150542393050639,0.6306156405990017,0.04991680532445923,0.02329450915141431,7.337770382695507,-46.27777276162307,551.0,6.311734809152915,-0.08398869829695657,0.6826970960203519,112.68645105043329,50.0,,,,,,,,,,,,,,,,,,,
00-0022803,2015,16,618,387,4432.0,35,14.0,56.872562863799345,4668.0,2086.0,204.0,15.746688513058862,1.5188259464762406,27.0,157.0,0,Eli Manning,Elisha,Manning,QB,1981-01-03,2004,2004.0,1.0,1.0,Mississippi,34.65845311430527,6.31555533664233,39.88623921019141,11,6.42648845745769,38.625,0.04186046511627907,0.09202680075048437,3.554535178987459,0.6262135922330098,0.05663430420711974,0.022653721682847898,7.171521035598706,66.40867828881022,601.0,6.398594934535208,0.11049696886657275,1.9007056118383443,-9.536115425010877,17.0,,,,,,,,,,,,,,,,,,,
00-0022803,2016,16,598,377,4027.0,26,16.0,-5.597733376855103,4702.0,2011.0,190.0,14.234321649970331,0.9865976468617416,21.0,142.0,0,Eli Manning,Elisha,Manning,QB,1981-01-03,2004,2004.0,1.0,1.0,Mississippi,35.66050650239562,7.317608724732683,53.54739744828388,12,6.393590753950631,37.375,0.033925686591276254,-0.009360758155276093,-0.34985833605344396,0.6304347826086957,0.043478260869565216,0.026755852842809364,6.734113712374582,56.872562863799345,618.0,6.42648845745769,0.09202680075048437,1.5188259464762406,-62.47029624065445,-20.0,,,,,,,,,,,,,,,,,,,
00-0022803,2017,15,571,352,3468.0,19,13.0,-59.33555444778795,4171.0,1619.0,170.0,13.323945624036762,0.4940236961403249,32.0,189.0,0,Eli Manning,Elisha,Manning,QB,1981-01-03,2004,2004.0,1.0,1.0,Mississippi,36.65982203969884,8.3169242620359,69.17122918044141,13,6.3473892096560105,38.06666666666667,0.05306799336650083,-0.10391515665111725,-3.95570362985253,0.6164623467600701,0.03327495621716287,0.02276707530647986,6.073555166374781,-5.597733376855103,598.0,6.393590753950631,-0.009360758155276093,0.9865976468617416,-53.737821070932846,-27.0,,,,,,,,,,,,,,,,,,,
00-0022803,2018,16,576,380,4299.0,21,11.0,27.83334421025058,4229.0,2162.0,206.0,17.470958459985855,1.8205675942067037,47.0,358.0,3,Eli Manning,Elisha,Manning,QB,1981-01-03,2004,2004.0,1.0,1.0,Mississippi,37.659137577002056,9.316239799339119,86.79232399879018,14,6.3561076606958915,36.0,0.0754414125200642,0.048321778142796146,1.7395840131406612,0.6597222222222222,0.036458333333333336,0.019097222222222224,7.463541666666667,-59.33555444778795,571.0,6.3473892096560105,-0.10391515665111725,0.4940236961403249,87.16889865803853,5.0,16.0,36.0,7.99166232186187,1.7395839499999999,10.505899187652371,0.09588641982894773,0.3140609843194344,7.769744263508235,2.206502074766149,0.6729592795575378,0.043635118085906886,0.017588161909789395,-15.449424,18.503647,0.22199062005171863,6.0393171526170795,3.2753437335515225,10.0,0.625
00-0022803,2019,4,147,91,1042.0,6,5.0,-6.980309834191953,1199.0,417.0,47.0,3.5115110256145674,0.1582611346935918,5.0,44.0,0,Eli Manning,Elisha,Manning,QB,1981-01-03,2004,2004.0,1.0,1.0,Mississippi,38.65845311430527,10.31555533664233,106.41068190333004,15,4.990432586778736,36.75,0.03289473684210526,-0.04748510091287043,-1.7450774585479882,0.6190476190476191,0.04081632653061224,0.034013605442176874,7.08843537414966,27.83334421025058,576.0,6.3561076606958915,0.048321778142796146,1.8205675942067037,-34.81365404444253,-429.0,4.0,36.75,8.995369179009089,-1.7450775,4.9254455972689,-0.03749581463924964,0.11700453207804246,7.345977633477633,1.942375260384399,0.6184704184704184,0.04576118326118326,0.037896825396825394,-8.681276,1.8245274,0.2447719504492269,2.8224795731243453,3.1204691297882925,2.0,0.5
00-0022818,2004,6,127,59,718.0,3,6.0,-78.91408865489379,0.0,0.0,32.0,0.0,0.2312432821893525,23.0,158.0,0,Craig Krenzel,Craig,Krenzel,QB,1981-07-01,2004,2004.0,5.0,148.0,Ohio State,23.170431211498972,-5.1724665661639655,26.754410378084046,0,4.844187086458591,21.166666666666668,0.15333333333333332,-0.6213707768101873,-13.152348109148965,0.4645669291338583,0.023622047244094488,0.047244094488188976,5.653543307086614,,,,,,,,,,,,,,,,,,,,,,,,,,
00-0022864,2007,5,139,94,1009.0,5,3.0,-2.0081809493244425,784.0,630.0,45.0,6.667496063044009,0.3676794545559384,15.0,104.0,0,Luke McCown,Luke,McCown,QB,1981-07-12,2004,2004.0,4.0,106.0,Louisiana Tech,26.138261464750173,-2.204636312912765,4.86042127221359,3,4.9344739331306915,27.8,0.09740259740259741,-0.014447344959168652,-0.40163618986488847,0.6762589928057554,0.03597122302158273,0.02158273381294964,7.258992805755396,-42.98212096234468,98.0,4.584967478670572,-0.4385930710443335,0.190790721783599,40.97394001302024,41.0,,,,,,,,,,,,,,,,,,,
00-0022912,2005,9,228,114,1340.0,8,8.0,-46.8496544046815,0.0,0.0,55.0,0.0,0.4768217015910958,25.0,195.0,0,J.P. Losman,Jonathan,Losman,QB,1981-03-12,2004,2004.0,1.0,22.0,Tulane; UCLA,24.473648186173854,-3.8692495914890834,14.971092401238439,1,5.429345628954441,25.333333333333332,0.09881422924901186,-0.2054809403714101,-5.2055171560757225,0.5,0.03508771929824561,0.03508771929824561,5.87719298245614,-2.19699606744689,5.0,1.6094379124341003,-0.43939921348937794,0.0,-44.65265833723461,223.0,,,,,,,,,,,,,,,,,,,
00-0022912,2006,16,430,269,3050.0,19,14.0,-25.221815203578885,3816.0,1246.0,132.0,13.26998590038442,1.5370294250062266,47.0,332.0,0,J.P. Losman,Jonathan,Losman,QB,1981-03-12,2004,2004.0,1.0,22.0,Tulane; UCLA,25.472963723477072,-2.8699340541858653,8.236521475375717,2,6.063785208687608,26.875,0.09853249475890985,-0.0586553841943695,-1.5763634502236803,0.6255813953488372,0.044186046511627906,0.03255813953488372,7.093023255813954,-46.8496544046815,228.0,5.429345628954441,-0.2054809403714101,0.4768217015910958,21.627839201102617,202.0,,,,,,,,,,,,,,,,,,,
00-0022912,2007,8,175,111,1204.0,4,6.0,-25.33410495314546,1407.0,577.0,59.0,5.97474408790267,0.8666744401869738,14.0,103.0,0,J.P. Losman,Jonathan,Losman,QB,1981-03-12,2004,2004.0,1.0,22.0,Tulane; UCLA,26.472279260780287,-1.8706185168826508,3.499213635704248,3,5.1647859739235145,21.875,0.07407407407407407,-0.14476631401797405,-3.1667631191431824,0.6342857142857142,0.022857142857142857,0.03428571428571429,6.88,-25.221815203578885,430.0,6.063785208687608,-0.0586553841943695,1.5370294250062266,-0.11228974956657467,-255.0,,,,,,,,,,,,,,,,,,,
00-0022912,2008,5,104,63,584.0,2,5.0,-40.89992473414723,771.0,265.0,34.0,3.4549660535453155,0.083254345073341,15.0,119.0,0,J.P. Losman,Jonathan,Losman,QB,1981-03-12,2004,2004.0,1.0,22.0,Tulane; UCLA,27.474332648870636,-0.8685651287923015,0.7544053829539873,4,4.6443908991413725,20.8,0.12605042016806722,-0.39326850705910793,-8.179984946829446,0.6057692307692307,0.019230769230769232,0.04807692307692308,5.615384615384615,-25.33410495314546,175.0,5.1647859739235145,-0.14476631401797405,0.8666744401869738,-15.565819781001768,-71.0,,,,,,,,,,,,,,,,,,,
00-0022924,2004,14,295,196,2621.0,17,11.0,59.679949361660064,0.0,0.0,130.0,0.0,1.920010320358311,30.0,213.0,0,Ben Roethlisberger,Benjamin,Roethlisberger,QB,1982-03-02,2004,2004.0,1.0,11.0,Miami (Ohio),22.50239561943874,-5.840502158224197,34.1114654602215,0,5.68697535633982,21.071428571428573,0.09230769230769231,0.2023049130903731,4.2628535258328615,0.6644067796610169,0.0576271186440678,0.03728813559322034,8.884745762711864,,,,,,,,,,,,,,,,,,,,,,,,,,
00-0022924,2005,12,268,168,2385.0,17,9.0,72.4329629728527,0.0,0.0,111.0,0.0,1.936510924342561,23.0,129.0,0,Ben Roethlisberger,Benjamin,Roethlisberger,QB,1982-03-02,2004,2004.0,1.0,11.0,Miami (Ohio),23.50171115674196,-4.841186620920979,23.437087898584288,1,5.5909869805108565,22.333333333333332,0.07903780068728522,0.27027224989870413,6.036080247737726,0.6268656716417911,0.06343283582089553,0.033582089552238806,8.899253731343284,59.679949361660064,295.0,5.68697535633982,0.2023049130903731,1.920010320358311,12.753013611192642,-27.0,,,,,,,,,,,,,,,,,,,
00-0022924,2006,15,470,281,3528.0,18,23.0,9.3415464755273,4344.0,1503.0,179.0,12.805502753808424,1.9812966379499923,46.0,280.0,0,Ben Roethlisberger,Benjamin,Roethlisberger,QB,1982-03-02,2004,2004.0,1.0,11.0,Miami (Ohio),24.501026694045173,-3.8418710836177645,14.759973423138335,2,6.152732694704104,31.333333333333332,0.08914728682170543,0.019875630798994254,0.6227697650351534,0.597872340425532,0.03829787234042553,0.04893617021276596,7.506382978723404,72.4329629728527,268.0,5.5909869805108565,0.27027224989870413,1.936510924342561,-63.091416497325405,202.0,,,,,,,,,,,,,,,,,,,
00-0022924,2007,15,405,265,3158.0,32,11.0,77.24751767419593,3910.0,1081.0,168.0,13.175479261879753,2.777282142253376,47.0,347.0,1,Ben Roethlisberger,Benjamin,Roethlisberger,QB,1982-03-02,2004,2004.0,1.0,11.0,Miami (Ohio),25.50034223134839,-2.8425555463145464,8.08012203388359,3,6.003887067106539,27.0,0.10398230088495575,0.19073461154122454,5.149834511613062,0.654320987654321,0.07901234567901234,0.027160493827160494,7.7975308641975305,9.3415464755273,470.0,6.152732694704104,0.019875630798994254,1.9812966379499923,67.90597119866864,-65.0,,,,,,,,,,,,,,,,,,,
00-0022924,2008,16,470,282,3314.0,17,15.0,-6.34045047439985,4033.0,1289.0,162.0,14.3754329148074,1.243492460365104,47.0,291.0,0,Ben Roethlisberger,Benjamin,Roethlisberger,QB,1982-03-02,2004,2004.0,1.0,11.0,Miami (Ohio),26.50239561943874,-1.8405021582241972,3.3874481944279276,4,6.152732694704104,29.375,0.09090909090909091,-0.013490320158297552,-0.3962781546499906,0.6,0.036170212765957444,0.031914893617021274,7.051063829787234,77.24751767419593,405.0,6.003887067106539,0.19073461154122454,2.777282142253376,-83.58796814859578,65.0,,,,,,,,,,,,,,,,,,,
00-0022924,2009,15,506,337,4328.0,26,12.0,87.78840817841593,4548.0,1795.0,202.0,14.783888698106663,2.2871214102696467,50.0,348.0,0,Ben Roethlisberger,Benjamin,Roethlisberger,QB,1982-03-02,2004,2004.0,1.0,11.0,Miami (Ohio),27.50171115674196,-0.8411866209209791,0.7075949312164549,5,6.226536669287466,33.733333333333334,0.08992805755395683,0.1734948778229564,5.852560545227729,0.66600790513834,0.05138339920948617,0.023715415019762844,8.553359683794467,-6.34045047439985,470.0,6.152732694704104,-0.013490320158297552,1.243492460365104,94.12885865281578,36.0,,,,,,,,,,,,,,,,,,,
00-0022924,2010,12,389,240,3200.0,17,5.0,78.62572160339533,3659.0,1336.0,149.0,11.255032975107206,1.8826723099007985,32.0,220.0,0,Ben Roethlisberger,Benjamin,Roethlisberger,QB,1982-03-02,2004,2004.0,1.0,11.0,Miami (Ohio),28.501026694045173,0.15812891638223547,0.02500475419622002,6,5.963579343618446,32.416666666666664,0.07600950118764846,0.2021226776436898,6.5521434669496115,0.6169665809768637,0.043701799485861184,0.012853470437017995,8.226221079691516,87.78840817841593,506.0,6.226536669287466,0.1734948778229564,2.2871214102696467,-9.1626865750206,-117.0,,,,,,,,,,,,,,,,,,,
00-0022924,2011,15,513,324,4077.0,21,14.0,81.67987079168356,4793.0,1741.0,210.0,13.170135335298328,2.0773236499562024,40.0,269.0,0,Ben Roethlisberger,Benjamin,Roethlisberger,QB,1982-03-02,2004,2004.0,1.0,11.0,Miami (Ohio),29.50034223134839,1.1574444536854536,1.339677663367218,7,6.240275845170769,34.2,0.07233273056057866,0.1592200210364202,5.44532471944557,0.631578947368421,0.04093567251461988,0.02729044834307992,7.947368421052632,78.62572160339533,389.0,5.963579343618446,0.2021226776436898,1.8826723099007985,3.0541491882882212,124.0,,,,,,,,,,,,,,,,,,,
00-0022924,2012,13,449,284,3265.0,26,8.0,67.95383736201597,3704.0,1474.0,167.0,11.851156003151166,1.585130337268432,30.0,182.0,1,Ben Roethlisberger,Benjamin,Roethlisberger,QB,1982-03-02,2004,2004.0,1.0,11.0,Miami (Ohio),30.50239561943874,2.159497841775803,4.663430928634351,8,6.1070228877422545,34.53846153846154,0.06263048016701461,0.1513448493586102,5.227218258616613,0.6325167037861915,0.05790645879732739,0.017817371937639197,7.271714922048997,81.67987079168356,513.0,6.240275845170769,0.1592200210364202,2.0773236499562024,-13.72603342966758,-64.0,,,,,,,,,,,,,,,,,,,
00-0022924,2013,16,584,375,4261.0,28,14.0,60.671946859195245,4928.0,2042.0,205.0,14.455457703392826,1.8005525326622365,42.0,282.0,0,Ben Roethlisberger,Benjamin,Roethlisberger,QB,1982-03-02,2004,2004.0,1.0,11.0,Miami (Ohio),31.50171115674196,3.158813379079021,9.978101963848623,9,6.369900982828227,36.5,0.0670926517571885,0.10389031996437542,3.791996678699703,0.6421232876712328,0.04794520547945205,0.023972602739726026,7.296232876712328,67.95383736201597,449.0,6.1070228877422545,0.1513448493586102,1.585130337268432,-7.28189050282073,135.0,,,,,,,,,,,,,,,,,,,
00-0022924,2014,16,608,408,4952.0,32,9.0,155.46690631696674,5198.0,2259.0,240.0,16.350741785614115,2.652505300253688,33.0,172.0,3,Ben Roethlisberger,Benjamin,Roethlisberger,QB,1982-03-02,2004,2004.0,1.0,11.0,Miami (Ohio),32.50102669404517,4.1581289163822355,17.290036085254105,10,6.410174881966167,38.0,0.0514820592823713,0.25570214854764267,9.716681644810421,0.6710526315789473,0.05263157894736842,0.014802631578947368,8.144736842105264,60.671946859195245,584.0,6.369900982828227,0.10389031996437542,1.8005525326622365,94.7949594577715,24.0,,,,,,,,,,,,,,,,,,,
00-0022924,2015,12,469,319,3938.0,21,16.0,95.27050652401628,4738.0,1463.0,174.0,10.430933697771628,2.291631868378266,20.0,141.0,8,Ben Roethlisberger,Benjamin,Roethlisberger,QB,1982-03-02,2004,2004.0,1.0,11.0,Miami (Ohio),33.50034223134839,5.157444453685454,26.599233292850847,11,6.150602768446279,39.083333333333336,0.0408997955010225,0.20313540836677246,7.939208877001357,0.6801705756929638,0.04477611940298507,0.03411513859275053,8.396588486140725,155.46690631696674,608.0,6.410174881966167,0.25570214854764267,2.652505300253688,-60.19639979295046,-139.0,,,,,,,,,,,,,,,,,,,
00-0022924,2016,14,509,328,3819.0,29,13.0,86.4211359282757,4412.0,1741.0,184.0,12.852041386683917,2.033112151294057,17.0,141.0,3,Ben Roethlisberger,Benjamin,Roethlisberger,QB,1982-03-02,2004,2004.0,1.0,11.0,Miami (Ohio),34.502395619438744,6.159497841775806,37.93941366284081,12,6.2324480165505225,36.357142857142854,0.03231939163498099,0.16978612166655344,6.172938280591121,0.6444007858546169,0.05697445972495088,0.025540275049115914,7.50294695481336,95.27050652401628,469.0,6.150602768446279,0.20313540836677246,2.291631868378266,-8.84937059574058,40.0,,,,,,,,,,,,,,,,,,,
00-0022924,2017,15,562,361,4259.0,28,14.0,85.54563093095166,5002.0,2096.0,208.0,13.624653691082424,2.117069501337776,21.0,139.0,2,Ben Roethlisberger,Benjamin,Roethlisberger,QB,1982-03-02,2004,2004.0,1.0,11.0,Miami (Ohio),35.501711156741955,7.158813379079017,51.24860899648074,13,6.331501849893691,37.46666666666667,0.036020583190394515,0.1522164251440421,5.703042062063444,0.6423487544483986,0.0498220640569395,0.02491103202846975,7.57829181494662,86.4211359282757,509.0,6.2324480165505225,0.16978612166655344,2.033112151294057,-0.8755049973240432,53.0,,,,,,,,,,,,,,,,,,,
00-0022924,2018,16,675,452,5129.0,34,16.0,142.84618901639533,5254.0,2802.0,248.0,17.546766993014014,2.58144635131704,24.0,166.0,4,Ben Roethlisberger,Benjamin,Roethlisberger,QB,1982-03-02,2004,2004.0,1.0,11.0,Miami (Ohio),36.50102669404517,8.158128916382235,66.55506741631199,14,6.51471269087253,42.1875,0.034334763948497854,0.21162398372799307,8.927886813524708,0.6696296296296296,0.05037037037037037,0.023703703703703703,7.598518518518518,85.54563093095166,562.0,6.331501849893691,0.1522164251440421,2.117069501337776,57.30055808544367,113.0,16.0,42.1875,9.785831594708748,8.92788655625,10.717701520705209,0.24959116020884814,0.3343227644879396,7.828643775464515,1.8332290728809553,0.6798265861828819,0.057048525567266035,0.024114731258042935,-7.5653358,27.658562,0.23196045261531847,1.2004746535676176,1.3394815914481562,12.0,0.75
00-0022924,2020,15,608,399,3803.0,33,10.0,55.11086141312222,4225.0,1956.0,193.0,13.850798052502869,1.4792242628770276,13.0,118.0,2,Ben Roethlisberger,Benjamin,Roethlisberger,QB,1982-03-02,2004,2004.0,1.0,11.0,Miami (Ohio),38.502395619438744,10.159497841775806,103.21539639704727,16,6.410174881966167,40.53333333333333,0.020933977455716585,0.09064286416631945,3.6740574275414817,0.65625,0.054276315789473686,0.01644736842105263,6.254934210526316,-13.165258370914652,62.0,4.127134385045092,-0.21234287695023632,-0.0933068316997597,68.27611978403688,546.0,16.0,42.25,10.79814798935447,3.93993971875,8.521901707535763,0.10135105128767183,0.2287556216870286,6.376815616845948,1.0044626202707567,0.6576746623203297,0.05591981990186159,0.017813937796137484,-13.884794,15.8451,0.2555774672036561,2.1629523078691806,2.257062149634101,12.0,0.75
00-0022924,2021,16,605,390,3740.0,22,10.0,-44.58255300954863,4069.0,1932.0,188.0,15.35868853643637,0.9369653447037288,38.0,239.0,2,Ben Roethlisberger,Benjamin,Roethlisberger,QB,1982-03-02,2004,2004.0,1.0,11.0,Miami (Ohio),39.501711156741955,11.158813379079017,124.51911602911288,17,6.405228458030842,37.8125,0.05909797822706065,-0.07369017026371674,-2.7864095630967896,0.6446280991735537,0.03636363636363636,0.01652892561983471,6.181818181818182,55.11086141312222,608.0,6.410174881966167,0.09064286416631945,1.4792242628770276,-99.69341442267086,-3.0,17.0,38.1764705882353,8.323425482618672,-2.8360815729411764,8.162738992971999,-0.056570308109817405,0.22765498372368642,6.26678191533145,1.6282298281378245,0.6455100682747135,0.038244139940437565,0.013605945774061861,-17.46314,9.348527,0.2180250126417834,2.8781749688908906,4.024283963271864,7.0,0.4117647058823529
00-0022942,2006,16,460,284,3387.0,22,9.0,85.5473995034387,4108.0,1310.0,167.0,13.963282121590296,2.0956688984073018,28.0,148.0,1,Philip Rivers,Philip,Rivers,QB,1981-12-08,2004,2004.0,1.0,4.0,N.C. State,24.73100616016427,-3.6118916174986673,13.045761056557138,2,6.131226489483141,28.75,0.05737704918032787,0.18597260761617107,5.346712468964919,0.6173913043478261,0.04782608695652174,0.01956521739130435,7.363043478260869,-8.734237724507693,22.0,3.091042453358316,-0.3970108056594406,0.0328666927792895,94.28163722794639,438.0,,,,,,,,,,,,,,,,,,,
00-0022942,2007,16,460,277,3152.0,21,15.0,30.640627636919323,3918.0,1272.0,157.0,13.7070946013919,2.0994419144843626,22.0,163.0,0,Philip Rivers,Philip,Rivers,QB,1981-12-08,2004,2004.0,1.0,4.0,N.C. State,25.730321697467488,-2.612576080195449,6.825553774809418,3,6.131226489483141,28.75,0.04564315352697095,0.0666100600802594,1.9150392273074577,0.6021739130434782,0.04565217391304348,0.03260869565217391,6.852173913043479,85.5473995034387,460.0,6.131226489483141,0.18597260761617107,2.0956688984073018,-54.90677186651938,0.0,,,,,,,,,,,,,,,,,,,
00-0022942,2008,16,478,312,4004.0,34,11.0,134.40771293824346,4215.0,1698.0,191.0,15.623818714163038,2.9310245290608425,25.0,151.0,2,Philip Rivers,Philip,Rivers,QB,1981-12-08,2004,2004.0,1.0,4.0,N.C. State,26.732375085557837,-1.6105226921051,2.5937833417854583,4,6.169610732491456,29.875,0.04970178926441352,0.2811876839712206,8.400482058640216,0.6527196652719666,0.07112970711297072,0.02301255230125523,8.376569037656903,30.640627636919323,460.0,6.131226489483141,0.0666100600802594,2.0994419144843626,103.76708530132414,18.0,,,,,,,,,,,,,,,,,,,
00-0022942,2009,16,486,317,4254.0,28,9.0,168.66925643416928,4730.0,1862.0,208.0,15.173597746248712,3.4210592577632735,25.0,167.0,0,Philip Rivers,Philip,Rivers,QB,1981-12-08,2004,2004.0,1.0,4.0,N.C. State,27.731690622861056,-0.6112071548018818,0.3735741860810115,5,6.186208623900494,30.375,0.04892367906066536,0.3470560831978792,10.54182852713558,0.6522633744855967,0.05761316872427984,0.018518518518518517,8.753086419753087,134.40771293824346,478.0,6.169610732491456,0.2811876839712206,2.9310245290608425,34.26154349592582,8.0,,,,,,,,,,,,,,,,,,,
00-0022942,2010,16,541,357,4710.0,30,13.0,164.92084636326834,4612.0,2223.0,234.0,19.60388940625783,3.1939908191082664,38.0,227.0,1,Philip Rivers,Philip,Rivers,QB,1981-12-08,2004,2004.0,1.0,4.0,N.C. State,28.73100616016427,0.3881083825013327,0.15062811656780078,6,6.293419278846481,33.8125,0.06563039723661486,0.3048444479912539,10.307552897704271,0.6598890942698706,0.05545286506469501,0.024029574861367836,8.706099815157117,168.66925643416928,486.0,6.186208623900494,0.3470560831978792,3.4210592577632735,-3.7484100709009454,55.0,,,,,,,,,,,,,,,,,,,
00-0022942,2011,16,582,366,4624.0,27,20.0,101.6892132750464,5222.0,1974.0,234.0,14.845820976104925,2.5690429487497357,30.0,198.0,1,Philip Rivers,Philip,Rivers,QB,1981-12-08,2004,2004.0,1.0,4.0,N.C. State,29.730321697467488,1.3874239198045508,1.9249451332458247,7,6.366470447731438,36.375,0.049019607843137254,0.17472373414956427,6.3555758296904,0.6288659793814433,0.04639175257731959,0.03436426116838488,7.945017182130584,164.92084636326834,541.0,6.293419278846481,0.3048444479912539,3.1939908191082664,-63.23163308822194,41.0,,,,,,,,,,,,,,,,,,,
00-0022942,2012,16,527,338,3606.0,26,15.0,-2.156317642490418,3960.0,1796.0,184.0,15.724938744094231,1.839969532914199,49.0,311.0,0,Philip Rivers,Philip,Rivers,QB,1981-12-08,2004,2004.0,1.0,4.0,N.C. State,30.732375085557837,2.3894773078949,5.7096018049446595,8,6.267200548541362,32.9375,0.08506944444444445,-0.004091684331101362,-0.1347698526556511,0.6413662239089184,0.04933586337760911,0.028462998102466792,6.842504743833017,101.6892132750464,582.0,6.366470447731438,0.17472373414956427,2.5690429487497357,-103.84553091753682,-55.0,,,,,,,,,,,,,,,,,,,
00-0022942,2013,16,544,378,4478.0,32,11.0,173.44334986829443,4218.0,2066.0,230.0,17.499426679829146,3.111558387387042,30.0,150.0,0,Philip Rivers,Philip,Rivers,QB,1981-12-08,2004,2004.0,1.0,4.0,N.C. State,31.731690622861056,3.388792845198118,11.483916947665957,9,6.298949246855942,34.0,0.05226480836236934,0.3188296872578942,10.840209366768402,0.6948529411764706,0.058823529411764705,0.02022058823529412,8.231617647058824,-2.156317642490418,527.0,6.267200548541362,-0.004091684331101362,1.839969532914199,175.59966751078485,17.0,,,,,,,,,,,,,,,,,,,
00-0022942,2014,16,570,379,4286.0,31,18.0,77.77659778304047,4853.0,1925.0,213.0,15.559966808517926,2.262191905979855,36.0,189.0,0,Philip Rivers,Philip,Rivers,QB,1981-12-08,2004,2004.0,1.0,4.0,N.C. State,32.73100616016427,4.388108382501333,19.255495176578464,10,6.345636360828596,35.625,0.0594059405940594,0.1364501715491938,4.8610373614400295,0.6649122807017543,0.054385964912280704,0.031578947368421054,7.519298245614035,173.44334986829443,544.0,6.298949246855942,0.3188296872578942,3.111558387387042,-95.66675208525396,26.0,,,,,,,,,,,,,,,,,,,
00-0022942,2015,16,661,437,4792.0,29,13.0,65.92256311614923,4754.0,2618.0,226.0,17.68438027973732,1.7954475205695446,40.0,264.0,2,Philip Rivers,Philip,Rivers,QB,1981-12-08,2004,2004.0,1.0,4.0,N.C. State,33.73032169746749,5.387423919804551,29.02433649168223,11,6.493753839851686,41.3125,0.05706134094151213,0.09973156295937857,4.120160194759327,0.6611195158850227,0.04387291981845688,0.019667170953101363,7.249621785173979,77.77659778304047,570.0,6.345636360828596,0.1364501715491938,2.262191905979855,-11.854034666891238,91.0,,,,,,,,,,,,,,,,,,,
00-0022942,2016,16,578,349,4386.0,33,21.0,51.945378468018355,4856.0,2020.0,214.0,15.40366835597621,1.8547982395773768,36.0,188.0,0,Philip Rivers,Philip,Rivers,QB,1981-12-08,2004,2004.0,1.0,4.0,N.C. State,34.732375085557834,6.3894773078948965,40.82542026810381,12,6.359573868672378,36.125,0.05863192182410423,0.08987089700349196,3.246586154251147,0.6038062283737025,0.05709342560553633,0.03633217993079585,7.588235294117647,65.92256311614923,661.0,6.493753839851686,0.09973156295937857,1.7954475205695446,-13.97718464813088,-83.0,,,,,,,,,,,,,,,,,,,
00-0022942,2017,16,575,360,4515.0,28,10.0,117.54848241619028,4745.0,2144.0,216.0,15.894782350790791,2.158229388609574,18.0,120.0,0,Philip Rivers,Philip,Rivers,QB,1981-12-08,2004,2004.0,1.0,4.0,N.C. State,35.73169062286105,7.388792845198115,54.59425970925085,13,6.354370040797351,35.9375,0.03035413153456998,0.20443214333250484,7.346780151011893,0.6260869565217392,0.04869565217391304,0.017391304347826087,7.852173913043479,51.945378468018355,578.0,6.359573868672378,0.08987089700349196,1.8547982395773768,65.60310394817193,-3.0,,,,,,,,,,,,,,,,,,,
00-0022942,2018,16,508,347,4308.0,32,12.0,137.72665280236802,3948.0,2119.0,213.0,19.299801486535493,2.67092845785958,32.0,204.0,5,Philip Rivers,Philip,Rivers,QB,1981-12-08,2004,2004.0,1.0,4.0,N.C. State,36.73100616016427,8.388108382501333,70.36036223658913,14,6.230481447578482,31.75,0.05925925925925926,0.271115458272378,8.607915800148001,0.6830708661417323,0.06299212598425197,0.023622047244094488,8.48031496062992,117.54848241619028,575.0,6.354370040797351,0.20443214333250484,2.158229388609574,20.17817038617774,-67.0,18.0,32.833333333333336,8.893156655210658,7.997882883888888,8.12766929692459,0.2591961400742806,0.26256361918646903,8.325576590296777,2.012701978906405,0.6726873402905736,0.061749315662611944,0.02165826914548925,-10.293822,19.144842,0.2708575631028627,1.0162275960926044,1.0129920110354398,15.0,0.8333333333333334
00-0022942,2019,16,591,390,4615.0,23,20.0,67.68109725720754,5047.0,2154.0,217.0,15.809967435634514,2.1772752003917786,34.0,222.0,1,Philip Rivers,Philip,Rivers,QB,1981-12-08,2004,2004.0,1.0,4.0,N.C. State,37.73032169746749,9.38742391980455,88.12372785011864,15,6.3818160174060985,36.9375,0.0544,0.1145196231086422,4.230068578575471,0.6598984771573604,0.038917089678511,0.0338409475465313,7.808798646362098,137.72665280236802,508.0,6.230481447578482,0.271115458272378,2.67092845785958,-70.04555554516048,83.0,16.0,36.9375,8.543759906114715,4.230068504375,10.79768523297391,0.15698625524700632,0.37256315646766774,8.184234315720529,2.2925085372322367,0.6671758501158037,0.04307152769094477,0.031710930006897356,-16.390259,25.134481,0.23130314466638824,2.552602923996685,2.3732215019809666,11.0,0.6875
00-0022942,2020,16,543,369,4169.0,24,11.0,104.33805718987291,3888.0,2226.0,200.0,17.83661011441691,2.252025191828626,19.0,118.0,1,Philip Rivers,Philip,Rivers,QB,1981-12-08,2004,2004.0,1.0,4.0,N.C. State,38.732375085557834,10.389477307894897,107.94123873126298,16,6.297109319933935,33.9375,0.033807829181494664,0.19215111821339395,6.521128574367057,0.6795580110497238,0.04419889502762431,0.020257826887661142,7.677716390423573,67.68109725720754,591.0,6.3818160174060985,0.1145196231086422,2.1772752003917786,36.65695993266537,-48.0,17.0,34.64705882352941,7.721246470539813,6.946552345882353,9.179618221156376,0.20937412572504518,0.2617038106938072,7.706127490684492,1.1529854704841622,0.6781946301152957,0.045261900880665895,0.018123735969800464,-13.752143,18.386179,0.22285431239249034,1.3214639095892942,1.2499338673656484,13.0,0.7647058823529411
00-0023436,2005,9,165,84,875.0,1,11.0,-85.50437735931625,0.0,0.0,37.0,0.0,0.2787772307607212,29.0,185.0,0,Alex Smith,Alexander,Smith,QB,1984-05-07,2005,2005.0,1.0,1.0,Utah,21.319644079397673,-7.023253698265265,49.326092510196716,0,5.10594547390058,18.333333333333332,0.14948453608247422,-0.5182083476322197,-9.500486373257361,0.509090909090909,0.006060606060606061,0.06666666666666667,5.303030303030303,,,,,,,,,,,,,,,,,,,,,,,,,,
00-0023436,2006,16,443,259,2901.0,16,15.0,-33.63505306853237,3455.0,1410.0,132.0,15.021879736151568,1.1670453153253657,37.0,209.0,0,Alex Smith,Alexander,Smith,QB,1984-05-07,2005,2005.0,1.0,1.0,Utah,22.31895961670089,-6.023938160962047,36.287830967094806,1,6.093569770045136,27.6875,0.07708333333333334,-0.075925627694204,-2.1021908167832732,0.5846501128668171,0.03611738148984198,0.033860045146726865,6.548532731376975,-85.50437735931625,165.0,5.10594547390058,-0.5182083476322197,0.2787772307607212,51.86932429078388,278.0,,,,,,,,,,,,,,,,,,,
00-0023436,2007,7,193,94,914.0,2,4.0,-72.64497970249118,1819.0,317.0,47.0,3.216313121763164,-0.1043822996128859,17.0,121.0,0,Alex Smith,Alexander,Smith,QB,1984-05-07,2005,2005.0,1.0,1.0,Utah,23.318275154004105,-5.024622623658832,25.246832510184166,2,5.262690188904886,27.571428571428573,0.08095238095238096,-0.3763988585621305,-10.377854243213026,0.48704663212435234,0.010362694300518135,0.02072538860103627,4.7357512953367875,-33.63505306853237,443.0,6.093569770045136,-0.075925627694204,1.1670453153253657,-39.00992663395881,-250.0,,,,,,,,,,,,,,,,,,,
00-0023436,2009,11,372,225,2350.0,18,12.0,-17.02034486779206,2543.0,1123.0,98.0,10.537155595566391,0.689128540296264,22.0,134.0,0,Alex Smith,Alexander,Smith,QB,1984-05-07,2005,2005.0,1.0,1.0,Utah,25.319644079397673,-3.0232536982652647,9.1400629240746,4,5.918893854273146,33.81818181818182,0.05583756345177665,-0.045753615236000154,-1.547304078890187,0.6048387096774194,0.04838709677419355,0.03225806451612903,6.317204301075269,-72.64497970249118,193.0,5.262690188904886,-0.3763988585621305,-0.1043822996128859,55.62463483469912,179.0,,,,,,,,,,,,,,,,,,,
00-0023436,2010,11,342,204,2370.0,14,10.0,-15.185472563148853,2548.0,1242.0,103.0,11.47180657177839,0.6967842855799765,25.0,140.0,1,Alex Smith,Alexander,Smith,QB,1984-05-07,2005,2005.0,1.0,1.0,Utah,26.31895961670089,-2.0239381609620466,4.096325679398431,5,5.834810737062605,31.09090909090909,0.0681198910081744,-0.04440196655891478,-1.3804975057408049,0.5964912280701754,0.04093567251461988,0.029239766081871343,6.9298245614035086,-17.02034486779206,372.0,5.918893854273146,-0.045753615236000154,0.689128540296264,1.8348723046432056,-30.0,,,,,,,,,,,,,,,,,,,
00-0023436,2011,16,445,273,3144.0,17,5.0,21.331183642427,3386.0,1429.0,147.0,15.353191557699173,1.5329102187775132,44.0,263.0,1,Alex Smith,Alexander,Smith,QB,1984-05-07,2005,2005.0,1.0,1.0,Utah,27.318275154004105,-1.024622623658832,1.0498515209135086,6,6.09807428216624,27.8125,0.08997955010224949,0.047935244140285396,1.3331989776516875,0.6134831460674157,0.038202247191011236,0.011235955056179775,7.0651685393258425,-15.185472563148853,342.0,5.834810737062605,-0.04440196655891478,0.6967842855799765,36.516656205575856,103.0,,,,,,,,,,,,,,,,,,,
00-0023436,2012,10,218,153,1737.0,13,5.0,33.56166513759301,1674.0,775.0,87.0,13.166135597562404,1.4924325697056833,24.0,137.0,0,Alex Smith,Alexander,Smith,QB,1984-05-07,2005,2005.0,1.0,1.0,Utah,28.320328542094455,-0.02256923556848278,0.0005093703941456683,7,5.384495062789089,21.8,0.09917355371900827,0.15395259237427986,3.356166513759301,0.7018348623853211,0.05963302752293578,0.022935779816513763,7.967889908256881,21.331183642427,445.0,6.09807428216624,0.047935244140285396,1.5329102187775132,12.23048149516601,-227.0,,,,,,,,,,,,,,,,,,,
00-0023436,2013,15,508,308,3313.0,23,7.0,24.394525886672568,3362.0,1756.0,165.0,15.884574811915591,1.2477213372465463,39.0,210.0,0,Alex Smith,Alexander,Smith,QB,1984-05-07,2005,2005.0,1.0,1.0,Utah,29.319644079397673,0.9767463017347353,0.9540333379524826,8,6.230481447578482,33.86666666666667,0.0712979890310786,0.04802072024935545,1.6263017257781711,0.6062992125984252,0.045275590551181105,0.013779527559055118,6.521653543307087,33.56166513759301,218.0,5.384495062789089,0.15395259237427986,1.4924325697056833,-9.167139250920442,290.0,,,,,,,,,,,,,,,,,,,
00-0023436,2014,15,464,303,3265.0,18,6.0,63.463065944768246,2702.0,1818.0,175.0,22.488994425840858,1.5659460231110762,45.0,229.0,0,Alex Smith,Alexander,Smith,QB,1984-05-07,2005,2005.0,1.0,1.0,Utah,30.31895961670089,1.9760618390379534,3.9048203917020583,9,6.139884552226255,30.933333333333334,0.08840864440078586,0.13677384901889708,4.23087106298455,0.6530172413793104,0.03879310344827586,0.01293103448275862,7.036637931034483,24.394525886672568,508.0,6.230481447578482,0.04802072024935545,1.2477213372465463,39.06854005809568,-44.0,,,,,,,,,,,,,,,,,,,
00-0023436,2015,16,470,307,3486.0,20,7.0,30.328905517484312,3173.0,1920.0,154.0,19.177837295817778,1.555673194137581,45.0,235.0,2,Alex Smith,Alexander,Smith,QB,1984-05-07,2005,2005.0,1.0,1.0,Utah,31.318275154004105,2.975377376341168,8.852870531642852,10,6.152732694704104,29.375,0.08737864077669903,0.06452958620741343,1.8955565948427695,0.6531914893617021,0.0425531914893617,0.014893617021276596,7.417021276595745,63.463065944768246,464.0,6.139884552226255,0.13677384901889708,1.5659460231110762,-33.13416042728393,6.0,,,,,,,,,,,,,,,,,,,
00-0023436,2016,15,489,328,3502.0,15,8.0,42.13984683601021,3296.0,1855.0,181.0,16.665320984516534,1.9296670646376153,28.0,140.0,2,Alex Smith,Alexander,Smith,QB,1984-05-07,2005,2005.0,1.0,1.0,Utah,32.32032854209446,3.9774307644315208,15.819955485846311,11,6.192362489474872,32.6,0.05415860735009671,0.08617555590186136,2.8093231224006803,0.6707566462167689,0.03067484662576687,0.016359918200409,7.161554192229039,30.328905517484312,470.0,6.152732694704104,0.06452958620741343,1.555673194137581,11.810941318525895,19.0,,,,,,,,,,,,,,,,,,,
00-0023436,2017,15,505,341,4042.0,26,5.0,92.04293372487636,3877.0,1964.0,184.0,17.290010155225286,2.0800967050872172,35.0,207.0,0,Alex Smith,Alexander,Smith,QB,1984-05-07,2005,2005.0,1.0,1.0,Utah,33.319644079397676,4.976746301734739,24.7680037518304,12,6.22455842927536,33.666666666666664,0.06481481481481481,0.18226323509876508,6.136195581658424,0.6752475247524753,0.05148514851485148,0.009900990099009901,8.003960396039604,42.13984683601021,489.0,6.192362489474872,0.08617555590186136,1.9296670646376153,49.903086888866156,16.0,,,,,,,,,,,,,,,,,,,
00-0023436,2018,10,328,205,2180.0,10,5.0,-6.617012404721574,2650.0,975.0,106.0,9.36852666728355,0.6978180241843718,22.0,121.0,0,Alex Smith,Alexander,Smith,QB,1984-05-07,2005,2005.0,1.0,1.0,Utah,34.31895961670089,5.97606183903795,35.713315104005645,13,5.793013608384144,32.8,0.06285714285714286,-0.02017381830707797,-0.6617012404721574,0.625,0.03048780487804878,0.01524390243902439,6.646341463414634,92.04293372487636,505.0,6.22455842927536,0.18226323509876508,2.0800967050872172,-98.65994612959794,-177.0,10.0,32.8,8.804039476916895,-0.6617012980000005,9.66109383476879,-0.0008642935564892263,0.3416948487085528,6.835415242165242,1.8525277621236633,0.6175790288616375,0.03522483896940419,0.017145423014988233,-20.095694,13.331767,0.26841583771088096,14.600385194905243,34.16948487085528,5.0,0.5
00-0023436,2020,8,252,168,1582.0,6,8.0,-32.68786900252314,1286.0,949.0,74.0,10.486933411429174,0.3254890042975778,22.0,139.0,0,Alex Smith,Alexander,Smith,QB,1984-05-07,2005,2005.0,1.0,1.0,Utah,36.32032854209446,7.977430764431521,63.63940160129848,15,5.529429087511423,31.5,0.08029197080291971,-0.12971376588302835,-4.085983625315393,0.6666666666666666,0.023809523809523808,0.031746031746031744,6.277777777777778,-6.617012404721574,328.0,5.793013608384144,-0.02017381830707797,0.6978180241843718,-26.07085659780157,-76.0,8.0,31.5,13.103979766249859,-4.08598370375,10.844471441240444,-0.2671949260060327,0.466381618339374,5.786460189826158,2.4862222415156583,0.6454444701801765,0.024243833612040133,0.03591788967611336,-20.42017,16.134172,0.4159993576587257,2.6540662487928413,1.7454733340589115,3.0,0.375
00-0023459,2008,16,536,341,4038.0,28,13.0,77.93465967768161,4844.0,1526.0,182.0,13.86252673980228,2.2167433911412404,34.0,231.0,2,Aaron Rodgers,Aaron,Rodgers,QB,1983-12-02,2005,2005.0,1.0,24.0,California; Butte College,24.750171115674195,-3.592726661988742,12.907684867764768,3,6.284134161070802,33.5,0.05964912280701754,0.14540048447328657,4.8709162298551005,0.6361940298507462,0.05223880597014925,0.024253731343283583,7.5335820895522385,7.166247891378589,28.0,3.332204510175204,0.25593742469209246,0.2221811848808262,70.76841178630302,508.0,,,,,,,,,,,,,,,,,,,
00-0023459,2009,16,541,350,4434.0,30,7.0,122.22421536294344,4984.0,2057.0,197.0,15.363255914295989,2.6279968946666425,49.0,294.0,3,Aaron Rodgers,Aaron,Rodgers,QB,1983-12-02,2005,2005.0,1.0,24.0,California; Butte College,25.749486652977414,-2.593411124685524,6.725781261642633,4,6.293419278846481,33.8125,0.08305084745762711,0.22592276407198417,7.639013460183965,0.6469500924214417,0.05545286506469501,0.012939001848428836,8.195933456561923,77.93465967768161,536.0,6.284134161070802,0.14540048447328657,2.2167433911412404,44.28955568526183,5.0,,,,,,,,,,,,,,,,,,,
00-0023459,2010,15,475,312,3922.0,28,11.0,116.86728530821212,4411.0,1777.0,183.0,13.43524805703684,2.5384153387501875,31.0,193.0,0,Aaron Rodgers,Aaron,Rodgers,QB,1983-12-02,2005,2005.0,1.0,24.0,California; Butte College,26.748802190280628,-1.5940955873823093,2.5411407417117498,5,6.163314804034641,31.666666666666668,0.06126482213438735,0.24603639012255182,7.791152353880808,0.6568421052631579,0.05894736842105263,0.023157894736842106,8.256842105263157,122.22421536294344,541.0,6.293419278846481,0.22592276407198417,2.6279968946666425,-5.356930054731322,-66.0,,,,,,,,,,,,,,,,,,,
00-0023459,2011,15,501,342,4636.0,45,6.0,224.3149269880729,4549.0,2015.0,208.0,15.971530220680254,3.351795078930768,36.0,219.0,0,Aaron Rodgers,Aaron,Rodgers,QB,1983-12-02,2005,2005.0,1.0,24.0,California; Butte College,27.748117727583846,-0.5947800500790912,0.3537633079720862,6,6.2166061010848646,33.4,0.0670391061452514,0.44773438520573433,14.954328465871527,0.6826347305389222,0.08982035928143713,0.011976047904191617,9.253493013972056,116.86728530821212,475.0,6.163314804034641,0.24603639012255182,2.5384153387501875,107.44764167986078,26.0,,,,,,,,,,,,,,,,,,,
00-0023459,2012,16,552,371,4295.0,39,8.0,115.05985499440348,4467.0,2044.0,211.0,15.736083785230662,2.4320181407022763,51.0,293.0,1,Aaron Rodgers,Aaron,Rodgers,QB,1983-12-02,2005,2005.0,1.0,24.0,California; Butte College,28.750171115674195,0.4072733380112581,0.16587157185483248,7,6.313548046277095,34.5,0.0845771144278607,0.2084417662942092,7.1912409371502175,0.6721014492753623,0.07065217391304347,0.014492753623188406,7.780797101449275,224.3149269880729,501.0,6.2166061010848646,0.44773438520573433,3.351795078930768,-109.25507199366942,51.0,,,,,,,,,,,,,,,,,,,
00-0023459,2013,9,290,193,2536.0,17,6.0,94.2014997188724,2364.0,1251.0,108.0,10.215657099389691,1.552381112344878,21.0,117.0,0,Aaron Rodgers,Aaron,Rodgers,QB,1983-12-02,2005,2005.0,1.0,24.0,California; Butte College,29.749486652977414,1.4065888753144762,1.978492264158443,8,5.66988092298052,32.22222222222222,0.06752411575562701,0.3248327576512841,10.466833302096934,0.6655172413793103,0.05862068965517241,0.020689655172413793,8.744827586206897,115.05985499440348,552.0,6.313548046277095,0.2084417662942092,2.4320181407022763,-20.858355275531082,-262.0,,,,,,,,,,,,,,,,,,,
00-0023459,2014,16,520,341,4381.0,38,5.0,170.94749426149733,4204.0,2059.0,219.0,18.515069579892117,3.2645628665369495,28.0,174.0,1,Aaron Rodgers,Aaron,Rodgers,QB,1983-12-02,2005,2005.0,1.0,24.0,California; Butte College,30.748802190280628,2.4059044126176907,5.788376042653275,9,6.253828811575473,32.5,0.051094890510948905,0.3287451812721102,10.684218391343583,0.6557692307692308,0.07307692307692308,0.009615384615384616,8.425,94.2014997188724,290.0,5.66988092298052,0.3248327576512841,1.552381112344878,76.74599454262493,230.0,,,,,,,,,,,,,,,,,,,
00-0023459,2015,16,572,347,3821.0,31,8.0,-7.692705138248115,4629.0,1952.0,173.0,14.089956815149856,1.5252714160783714,46.0,314.0,4,Aaron Rodgers,Aaron,Rodgers,QB,1983-12-02,2005,2005.0,1.0,24.0,California; Butte College,31.748117727583846,3.405219949920909,11.595522907339356,10,6.349138991379798,35.75,0.0744336569579288,-0.013448785206727475,-0.4807940711405072,0.6066433566433567,0.05419580419580419,0.013986013986013986,6.68006993006993,170.94749426149733,520.0,6.253828811575473,0.3287451812721102,3.2645628665369495,-178.64019939974543,52.0,,,,,,,,,,,,,,,,,,,
00-0023459,2016,16,610,401,4428.0,40,7.0,132.41956615379067,5287.0,2030.0,222.0,14.19081545503504,2.5902934509982276,35.0,246.0,1,Aaron Rodgers,Aaron,Rodgers,QB,1983-12-02,2005,2005.0,1.0,24.0,California; Butte College,32.7501711156742,4.407273338011262,19.42405827594493,11,6.413458957167357,38.125,0.05426356589147287,0.21708125598982078,8.276222884611917,0.6573770491803279,0.06557377049180328,0.011475409836065573,7.259016393442623,-7.692705138248115,572.0,6.349138991379798,-0.013448785206727475,1.5252714160783714,140.11227129203877,38.0,,,,,,,,,,,,,,,,,,,
00-0023459,2017,7,238,154,1675.0,16,6.0,23.49950614524161,1643.0,870.0,85.0,6.736680106474269,0.7767876547995216,22.0,168.0,0,Aaron Rodgers,Aaron,Rodgers,QB,1983-12-02,2005,2005.0,1.0,24.0,California; Butte College,33.74948665297741,5.406588875314473,29.231203266674214,12,5.472270673671475,34.0,0.08461538461538462,0.09873742077832609,3.3570723064630874,0.6470588235294118,0.06722689075630252,0.025210084033613446,7.03781512605042,132.41956615379067,610.0,6.413458957167357,0.21708125598982078,2.5902934509982276,-108.92006000854906,-372.0,,,,,,,,,,,,,,,,,,,
00-0023459,2018,16,597,372,4442.0,25,2.0,52.818098437914315,5241.0,2134.0,200.0,13.611298157500814,1.4524689174493042,49.0,353.0,2,Aaron Rodgers,Aaron,Rodgers,QB,1983-12-02,2005,2005.0,1.0,24.0,California; Butte College,34.74880219028063,6.405904412617691,41.0356113435948,13,6.391917113392602,37.3125,0.07585139318885449,0.0884725266966739,3.3011311523696447,0.6231155778894473,0.04187604690117253,0.0033500837520938024,7.440536013400335,23.49950614524161,238.0,5.472270673671475,0.09873742077832609,0.7767876547995216,29.318592292672705,359.0,16.0,37.3125,12.381269455646839,3.3011311,6.075143328045226,0.03294062352148645,0.29055939879459314,7.423916727126093,1.7657436948560725,0.6244700505878937,0.04174704745246328,0.003050595238095238,-5.2512136,15.912008,0.331826317069262,1.8403217394320468,8.820701241586018,11.0,0.6875
00-0023459,2019,16,569,353,4002.0,26,4.0,57.70745093267907,5006.0,2020.0,189.0,13.523566391199427,1.750913828202606,36.0,284.0,2,Aaron Rodgers,Aaron,Rodgers,QB,1983-12-02,2005,2005.0,1.0,24.0,California; Butte College,35.748117727583846,7.405219949920909,54.83728250670663,14,6.343880434126331,35.5625,0.05950413223140496,0.10141907018045532,3.606715683292442,0.6203866432337434,0.04569420035149385,0.007029876977152899,7.033391915641476,52.818098437914315,597.0,6.391917113392602,0.0884725266966739,1.4524689174493042,4.889352494764758,-28.0,18.0,35.27777777777778,7.759666120436728,4.5239835500000005,11.48329736642413,0.1326492928094333,0.3531380604481358,7.289673270251672,2.2419693830949297,0.6323607225015712,0.04864892183432426,0.007720712201844278,-18.084644,31.815393,0.21995903963442695,2.538315455727979,2.6621933141811858,11.0,0.6111111111111112
00-0023459,2020,16,526,372,4299.0,48,5.0,186.2518480531837,4135.0,2248.0,216.0,17.374026061954453,3.555300860147336,20.0,182.0,0,Aaron Rodgers,Aaron,Rodgers,QB,1983-12-02,2005,2005.0,1.0,24.0,California; Butte College,36.7501711156742,8.407273338011262,70.68224498003502,15,6.26530121273771,32.875,0.03663003663003663,0.35409096588057737,11.64074050332398,0.7072243346007605,0.09125475285171103,0.009505703422053232,8.173003802281368,57.70745093267907,569.0,6.343880434126331,0.10141907018045532,1.750913828202606,128.5443971205046,-43.0,18.0,33.888888888888886,6.076849889141856,11.746892927777777,10.008546627086709,0.36217259993981143,0.3229245166596026,8.163424019842328,1.528245541659924,0.7062075790201169,0.09035773475380374,0.009650208036430945,-15.289743,25.907597,0.17931688197467774,0.8520165024590958,0.8916315500213672,16.0,0.8888888888888888
00-0023459,2021,16,531,366,4115.0,37,4.0,129.76606195780067,4084.0,2177.0,213.0,16.83842883558605,2.84116520492683,30.0,188.0,0,Aaron Rodgers,Aaron,Rodgers,QB,1983-12-02,2005,2005.0,1.0,24.0,California; Butte College,37.74948665297741,9.406588875314473,88.48391426919,16,6.274762021241939,33.1875,0.053475935828877004,0.24438053099397491,8.110378872362542,0.6892655367231638,0.0696798493408663,0.007532956685499058,7.749529190207157,186.2518480531837,526.0,6.26530121273771,0.35409096588057737,3.555300860147336,-56.48578609538302,5.0,17.0,32.94117647058823,6.485277444289624,7.5692836,9.03699794061567,0.22911510653513809,0.29665533251492726,7.781194812746905,1.6676375913234,0.6943248030885707,0.06851961932873372,0.007299801417448476,-15.949715,23.260366,0.19687449384450645,1.1939039964912492,1.2947873101917482,15.0,0.8823529411764706
00-0023459,2022,17,542,350,3695.0,26,12.0,-6.309945535983276,4327.0,1893.0,177.0,16.405610028274516,1.5024781053495646,32.0,258.0,2,Aaron Rodgers,Aaron,Rodgers,QB,1983-12-02,2005,2005.0,1.0,24.0,California; Butte College,38.74880219028063,10.40590441261769,108.28284664453632,17,6.295266001439646,31.88235294117647,0.05574912891986063,-0.01164196593354848,-0.37117326682254564,0.6457564575645757,0.04797047970479705,0.02214022140221402,6.817343173431734,129.76606195780067,531.0,6.274762021241939,0.24438053099397491,2.84116520492683,-136.07600749378395,11.0,17.0,31.88235294117647,7.557135311587789,-0.3711731776470587,6.676628416365565,0.01343814948912776,0.20837545859245002,7.063369101188094,1.519825851105533,0.6518877044623402,0.05375978173777167,0.02419656216979956,-13.293249,11.532071,0.23703191936714468,17.987906504155426,15.506261391201058,11.0,0.6470588235294118
00-0023460,2006,7,207,110,1297.0,10,6.0,-3.0684007628614403,2105.0,544.0,68.0,4.396769640725054,0.3339822138201931,8.0,60.0,0,Jason Campbell,Jason,Campbell,QB,1981-12-31,2005,2005.0,1.0,25.0,Auburn,24.66803559206023,-3.6748621856027057,13.504612083172695,1,5.332718793265369,29.571428571428573,0.037209302325581395,-0.014823192091118069,-0.4383429661230629,0.5314009661835749,0.04830917874396135,0.028985507246376812,6.265700483091788,,,,,,,,,,,,,,,,,,,,,,,,,,
00-0023460,2007,13,417,250,2700.0,12,11.0,17.02019184372011,3575.0,1155.0,148.0,10.162496554630954,1.117342091048627,20.0,110.0,2,Jason Campbell,Jason,Campbell,QB,1981-12-31,2005,2005.0,1.0,25.0,Auburn,25.66735112936345,-2.6755466482994876,7.158549867226622,2,6.0330862217988015,32.07692307692308,0.04576659038901602,0.0408158077787053,1.3092455264400085,0.5995203836930456,0.02877697841726619,0.026378896882494004,6.474820143884892,-3.0684007628614403,207.0,5.332718793265369,-0.014823192091118069,0.3339822138201931,20.08859260658155,210.0,,,,,,,,,,,,,,,,,,,
00-0023460,2008,16,506,315,3245.0,13,6.0,0.6001066698705122,3316.0,1784.0,162.0,16.30936026971214,1.304843962449075,38.0,266.0,0,Jason Campbell,Jason,Campbell,QB,1981-12-31,2005,2005.0,1.0,25.0,Auburn,26.6694045174538,-1.6734932602091384,2.8005796919654107,3,6.226536669287466,31.625,0.06985294117647059,0.0011859815610089173,0.03750666686690701,0.6225296442687747,0.025691699604743084,0.011857707509881422,6.413043478260869,17.02019184372011,417.0,6.0330862217988015,0.0408158077787053,1.117342091048627,-16.420085173849596,89.0,,,,,,,,,,,,,,,,,,,
00-0023460,2009,16,507,327,3618.0,20,15.0,1.258786518209325,3317.0,2071.0,186.0,18.748275949522927,1.407262578102992,42.0,275.0,0,Jason Campbell,Jason,Campbell,QB,1981-12-31,2005,2005.0,1.0,25.0,Auburn,27.668720054757017,-0.6741777229059203,0.4545156020626118,4,6.2285110035911835,31.6875,0.07650273224043716,0.002482813645383284,0.07867415738808281,0.6449704142011834,0.03944773175542406,0.029585798816568046,7.136094674556213,0.6001066698705122,506.0,6.226536669287466,0.0011859815610089173,1.304843962449075,0.6586798483388128,1.0,,,,,,,,,,,,,,,,,,,
00-0023460,2010,13,329,194,2387.0,13,8.0,14.07489205979982,2792.0,1274.0,108.0,11.51815469172045,1.300856925158359,33.0,208.0,0,Jason Campbell,Jason,Campbell,QB,1981-12-31,2005,2005.0,1.0,25.0,Auburn,28.66803559206023,0.3251378143972943,0.10571459835104938,5,5.796057750765372,25.307692307692307,0.09116022099447514,0.042780826929482735,1.0826840045999861,0.5896656534954408,0.03951367781155015,0.0243161094224924,7.25531914893617,1.258786518209325,507.0,6.2285110035911835,0.002482813645383284,1.407262578102992,12.816105541590495,-178.0,,,,,,,,,,,,,,,,,,,
00-0023460,2011,6,165,100,1170.0,6,4.0,20.316755861351783,1664.0,445.0,56.0,4.256626048793693,0.6483323158567889,5.0,19.0,0,Jason Campbell,Jason,Campbell,QB,1981-12-31,2005,2005.0,1.0,25.0,Auburn,29.66735112936345,1.3244533517005124,1.754176680830721,6,5.10594547390058,27.5,0.029411764705882353,0.12313185370516232,3.386125976891964,0.6060606060606061,0.03636363636363636,0.024242424242424242,7.090909090909091,14.07489205979982,329.0,5.796057750765372,0.042780826929482735,1.300856925158359,6.241863801551963,-164.0,,,,,,,,,,,,,,,,,,,
00-0023460,2013,9,317,180,2015.0,11,8.0,-24.348667441981977,2387.0,1026.0,86.0,7.478445315711997,0.5362021948891336,16.0,97.0,0,Jason Campbell,Jason,Campbell,QB,1981-12-31,2005,2005.0,1.0,25.0,Auburn,31.668720054757017,3.3258222770940797,11.06109381881525,8,5.75890177387728,35.22222222222222,0.04804804804804805,-0.07680967647312927,-2.705407493553553,0.5678233438485805,0.03470031545741325,0.025236593059936908,6.356466876971608,-12.952095849936269,51.0,3.9318256327243257,-0.2539626637242406,0.3811991470872807,-11.396571592045708,266.0,,,,,,,,,,,,,,,,,,,
00-0023502,2005,7,165,98,1002.0,4,6.0,-35.73294420262114,0.0,0.0,48.0,0.0,0.4164046286172484,22.0,130.0,0,Charlie Frye,Charles,Frye,QB,1981-08-28,2005,2005.0,3.0,67.0,Akron,24.01095140314853,-4.331946374514409,18.765759391668535,0,5.10594547390058,23.571428571428573,0.11764705882352941,-0.2165632981977039,-5.104706314660163,0.593939393939394,0.024242424242424242,0.03636363636363636,6.072727272727272,,,,,,,,,,,,,,,,,,,,,,,,,,
00-0023502,2006,13,391,251,2449.0,10,17.0,-84.8102034313731,2891.0,1065.0,116.0,13.477512019642298,1.296750847809862,44.0,262.0,0,Charlie Frye,Charles,Frye,QB,1981-08-28,2005,2005.0,3.0,67.0,Akron,25.010266940451746,-3.332630837211191,11.106428297130964,1,5.968707559985366,30.076923076923077,0.10114942528735632,-0.21690589112883146,-6.5238618024133155,0.6419437340153452,0.02557544757033248,0.043478260869565216,6.263427109974424,-35.73294420262114,165.0,5.10594547390058,-0.2165632981977039,0.4164046286172484,-49.077259228751956,226.0,,,,,,,,,,,,,,,,,,,
00-0023504,2006,12,276,147,1677.0,3,13.0,-102.08331918354308,2738.0,508.0,80.0,7.601241327606404,0.0012272569977624,46.0,256.0,0,Andrew Walter,Andrew,Walter,QB,1982-05-11,2005,2005.0,3.0,69.0,Arizona State,24.309377138945926,-4.033520638717011,16.269288742956086,1,5.62040086571715,23.0,0.14285714285714285,-0.3698670984910981,-8.506943265295257,0.532608695652174,0.010869565217391304,0.04710144927536232,6.076086956521739,,,,,,,,,,,,,,,,,,,,,,,,,,
00-0023541,2005,15,368,190,1869.0,9,13.0,-93.0938189471403,0.0,0.0,92.0,0.0,0.5640867984325122,30.0,190.0,0,Kyle Orton,Kyle,Orton,QB,1982-11-14,2005,2005.0,4.0,106.0,Purdue,22.798083504449007,-5.54481427321393,30.744965324436926,0,5.908082938168931,24.533333333333335,0.07537688442211055,-0.25297233409548997,-6.20625459647602,0.5163043478260869,0.024456521739130436,0.035326086956521736,5.078804347826087,,,,,,,,,,,,,,,,,,,,,,,,,,
00-0023541,2008,15,466,273,2979.0,19,12.0,-22.008092501220716,3704.0,1387.0,142.0,12.334126947269691,0.9088798104459348,27.0,160.0,1,Kyle Orton,Kyle,Orton,QB,1982-11-14,2005,2005.0,4.0,106.0,Purdue,25.79876796714579,-2.5441298105171484,6.472596492762022,3,6.144185634125646,31.066666666666666,0.05476673427991886,-0.04722766631163244,-1.4672061667480478,0.5858369098712446,0.0407725321888412,0.02575107296137339,6.3927038626609445,-11.699600148021547,79.0,4.3694478524670215,-0.14809620440533605,0.1480752614791865,-10.308492353199169,387.0,,,,,,,,,,,,,,,,,,,
00-0023541,2009,16,541,336,3802.0,21,12.0,30.25936995442791,3806.0,1965.0,185.0,16.47545684227467,1.5538915364836794,29.0,159.0,0,Kyle Orton,Kyle,Orton,QB,1982-11-14,2005,2005.0,4.0,106.0,Purdue,26.798083504449007,-1.5448142732139303,2.3864511387254836,4,6.293419278846481,33.8125,0.05087719298245614,0.05593229196751924,1.8912106221517444,0.6210720887245841,0.038817005545286505,0.022181146025878003,7.027726432532347,-22.008092501220716,466.0,6.144185634125646,-0.04722766631163244,0.9088798104459348,52.26746245564863,75.0,,,,,,,,,,,,,,,,,,,
00-0023541,2010,13,498,293,3652.0,20,9.0,31.810430105387137,4556.0,1480.0,173.0,10.777465365815148,1.3171509456069022,34.0,242.0,0,Kyle Orton,Kyle,Orton,QB,1982-11-14,2005,2005.0,4.0,106.0,Purdue,27.797399041752225,-0.5454987359107122,0.2975688708801849,5,6.210600077024653,38.30769230769231,0.06390977443609022,0.06387636567346815,2.4469561619528566,0.5883534136546185,0.040160642570281124,0.018072289156626505,7.333333333333333,30.25936995442791,541.0,6.293419278846481,0.05593229196751924,1.5538915364836794,1.551060150959227,-43.0,,,,,,,,,,,,,,,,,,,
00-0023541,2011,9,252,150,1758.0,9,9.0,17.474885185649445,1981.0,751.0,94.0,6.969899335893834,0.6333986467373739,10.0,54.0,0,Kyle Orton,Kyle,Orton,QB,1982-11-14,2005,2005.0,4.0,106.0,Purdue,28.79671457905544,0.45381680139250236,0.20594968922612192,6,5.529429087511423,28.0,0.03816793893129771,0.06934478248273589,1.941653909516605,0.5952380952380952,0.03571428571428571,0.03571428571428571,6.976190476190476,31.810430105387137,498.0,6.210600077024653,0.06387636567346815,1.3171509456069022,-14.335544919737693,-246.0,,,,,,,,,,,,,,,,,,,
00-0023541,2014,12,447,287,3018.0,18,10.0,7.321141798229318,3170.0,1541.0,147.0,11.516715396759931,0.8958075114303478,33.0,198.0,1,Kyle Orton,Kyle,Orton,QB,1982-11-14,2005,2005.0,4.0,106.0,Purdue,31.797399041752225,3.454501264089288,11.933578983594488,9,6.102558594613569,37.25,0.06875,0.016378393284629346,0.6100951498524432,0.6420581655480985,0.040268456375838924,0.02237136465324385,6.751677852348993,2.456385893158336,51.0,3.9318256327243257,0.04816442927761443,0.2744563108309649,4.864755905070982,396.0,,,,,,,,,,,,,,,,,,,
00-0023578,2008,10,255,143,1616.0,8,8.0,-17.380360650441908,2604.0,618.0,73.0,5.455379562628112,0.3799723902914333,14.0,95.0,2,Dan Orlovsky,Daniel,Orlovsky,QB,1983-08-18,2005,2005.0,5.0,145.0,Connecticut,25.0403832991102,-3.3025144785527374,10.90660188105046,3,5.541263545158426,25.5,0.05204460966542751,-0.06815827706055651,-1.7380360650441908,0.5607843137254902,0.03137254901960784,0.03137254901960784,6.337254901960784,-4.1475709022488445,17.0,2.833213344056216,-0.24397475895581439,0.0589790852713419,-13.232789748193063,238.0,,,,,,,,,,,,,,,,,,,
00-0023578,2011,8,193,122,1201.0,6,4.0,4.892464669458844,1475.0,379.0,70.0,6.910990782136549,0.6682640689025069,14.0,84.0,0,Dan Orlovsky,Daniel,Orlovsky,QB,1983-08-18,2005,2005.0,5.0,145.0,Connecticut,28.03832991101985,-0.30456786664308666,0.09276158539152102,6,5.262690188904886,24.125,0.06763285024154589,0.025349557872843754,0.6115580836823555,0.6321243523316062,0.031088082901554404,0.02072538860103627,6.22279792746114,-17.380360650441908,255.0,5.541263545158426,-0.06815827706055651,0.3799723902914333,22.272825319900754,-62.0,,,,,,,,,,,,,,,,,,,
00-0023645,2006,4,117,66,793.0,5,8.0,-23.97679878450727,860.0,468.0,37.0,3.83486025949336,0.2732729225723191,8.0,66.0,0,Derek Anderson,Derek,Anderson,QB,1983-06-15,2005,2005.0,6.0,213.0,Oregon State,23.21423682409309,-5.128660953569849,26.30316317667199,1,4.762173934797756,29.25,0.064,-0.20492990414108778,-5.994199696126818,0.5641025641025641,0.042735042735042736,0.06837606837606838,6.777777777777778,,,,,,,,,,,,,,,,,,,,,,,,,,
00-0023645,2007,16,527,298,3786.0,29,19.0,43.40330899280429,4201.0,1602.0,187.0,15.27729152367592,1.4849147401736102,15.0,115.0,1,Derek Anderson,Derek,Anderson,QB,1983-06-15,2005,2005.0,6.0,213.0,Oregon State,24.213552361396303,-4.129345416266634,17.051493566842264,2,6.267200548541362,32.9375,0.027675276752767528,0.0823592201001979,2.712706812050268,0.5654648956356736,0.05502846299810247,0.036053130929791274,7.184060721062618,-23.97679878450727,117.0,4.762173934797756,-0.20492990414108778,0.2732729225723191,67.38010777731157,410.0,,,,,,,,,,,,,,,,,,,
00-0023645,2008,10,283,142,1615.0,9,8.0,-25.016199128233225,2195.0,781.0,82.0,7.424510262039794,0.2176305433761849,15.0,90.0,2,Derek Anderson,Derek,Anderson,QB,1983-06-15,2005,2005.0,6.0,213.0,Oregon State,25.215605749486652,-3.127292028176285,9.779955429494942,3,5.645446897643238,28.3,0.050335570469798654,-0.08839646335064744,-2.5016199128233225,0.5017667844522968,0.03180212014134275,0.028268551236749116,5.706713780918728,43.40330899280429,527.0,6.267200548541362,0.0823592201001979,1.4849147401736102,-68.41950812103752,-244.0,,,,,,,,,,,,,,,,,,,
00-0023645,2009,8,182,81,888.0,3,10.0,-70.04469669491452,1522.0,375.0,43.0,4.656307419249277,-0.1080176277140036,11.0,75.0,0,Derek Anderson,Derek,Anderson,QB,1983-06-15,2005,2005.0,6.0,213.0,Oregon State,26.21492128678987,-2.127976490873067,4.528283945708452,4,5.204006687076795,22.75,0.05699481865284974,-0.3848609708511787,-8.755587086864315,0.44505494505494503,0.016483516483516484,0.054945054945054944,4.8791208791208796,-25.016199128233225,283.0,5.645446897643238,-0.08839646335064744,0.2176305433761849,-45.028497566681295,-101.0,,,,,,,,,,,,,,,,,,,
00-0023645,2010,12,327,169,2065.0,7,10.0,-57.669392494951936,3234.0,691.0,97.0,7.595883769458733,-0.0424126966136192,25.0,176.0,1,Derek Anderson,Derek,Anderson,QB,1983-06-15,2005,2005.0,6.0,213.0,Oregon State,27.21423682409309,-1.1286609535698489,1.2738755481132005,5,5.7899601708972535,27.25,0.07102272727272728,-0.1763589984555105,-4.805782707912662,0.5168195718654435,0.021406727828746176,0.03058103975535168,6.314984709480123,-70.04469669491452,182.0,5.204006687076795,-0.3848609708511787,-0.1080176277140036,12.375304199962585,145.0,,,,,,,,,,,,,,,,,,,
00-0023662,2008,16,518,328,3693.0,21,11.0,76.29732779568691,3885.0,2053.0,182.0,16.6749647180412,2.457993984062773,44.0,219.0,2,Matt Cassel,Matthew,Cassel,QB,1982-05-17,2005,2005.0,7.0,230.0,USC,26.2943189596167,-2.048578818046238,4.196675173747721,3,6.249975242259483,32.375,0.07829181494661921,0.1472921386017122,4.768582987230432,0.6332046332046332,0.04054054054054054,0.021235521235521235,7.129343629343629,-4.358228123863228,7.0,1.9459101490553132,-0.6226040176947468,0.0,80.65555591955014,511.0,,,,,,,,,,,,,,,,,,,
00-0023662,2009,15,494,272,2924.0,16,16.0,-82.55727792547557,3966.0,1160.0,128.0,11.715026011194448,0.2005075561126086,42.0,250.0,1,Matt Cassel,Matthew,Cassel,QB,1982-05-17,2005,2005.0,7.0,230.0,USC,27.293634496919918,-1.0492632807430198,1.1009534323156052,4,6.202535517187923,32.93333333333333,0.07835820895522388,-0.16711999580055784,-5.503818528365039,0.5506072874493927,0.032388663967611336,0.032388663967611336,5.919028340080971,76.29732779568691,518.0,6.249975242259483,0.1472921386017122,2.457993984062773,-158.8546057211625,-24.0,,,,,,,,,,,,,,,,,,,
00-0023662,2010,15,450,262,3116.0,27,7.0,64.49943208677422,3601.0,1505.0,163.0,13.15217226003874,1.7325152131833663,26.0,182.0,0,Matt Cassel,Matthew,Cassel,QB,1982-05-17,2005,2005.0,7.0,230.0,USC,28.292950034223136,-0.049947743439801684,0.0024947770747282523,5,6.1092475827643655,30.0,0.0546218487394958,0.1433320713039427,4.299962139118281,0.5822222222222222,0.06,0.015555555555555555,6.924444444444444,-82.55727792547557,494.0,6.202535517187923,-0.16711999580055784,0.2005075561126086,147.0567100122498,-44.0,,,,,,,,,,,,,,,,,,,
00-0023662,2011,9,269,160,1713.0,10,9.0,-20.82500857551447,2444.0,682.0,83.0,6.684890676404429,0.7129939530415743,22.0,120.0,0,Matt Cassel,Matthew,Cassel,QB,1982-05-17,2005,2005.0,7.0,230.0,USC,29.29226557152635,0.9493677938634129,0.9012992080250836,6,5.594711379601839,29.88888888888889,0.07560137457044673,-0.07741638875655937,-2.31388984172383,0.5947955390334573,0.03717472118959108,0.03345724907063197,6.368029739776952,64.49943208677422,450.0,6.1092475827643655,0.1433320713039427,1.7325152131833663,-85.3244406622887,-181.0,,,,,,,,,,,,,,,,,,,
00-0023662,2012,9,277,161,1796.0,6,12.0,-38.921063091794,2298.0,784.0,96.0,7.194904982754594,0.341716480611997,19.0,101.0,0,Matt Cassel,Matthew,Cassel,QB,1982-05-17,2005,2005.0,7.0,230.0,USC,30.2943189596167,1.9514211819537621,3.808044629377818,7,5.6240175061873385,30.77777777777778,0.06418918918918919,-0.1405092530389675,-4.3245625657548885,0.5812274368231047,0.021660649819494584,0.04332129963898917,6.483754512635379,-20.82500857551447,269.0,5.594711379601839,-0.07741638875655937,0.7129939530415743,-18.096054516279526,8.0,,,,,,,,,,,,,,,,,,,
00-0023662,2013,9,254,153,1807.0,11,9.0,-11.876581504607708,2145.0,792.0,80.0,7.482605780536937,0.7619614679857746,16.0,85.0,0,Matt Cassel,Matthew,Cassel,QB,1982-05-17,2005,2005.0,7.0,230.0,USC,31.293634496919918,2.9507367192569802,8.706847186371446,8,5.537334267018537,28.22222222222222,0.05925925925925926,-0.046758194900030345,-1.3196201671786343,0.6023622047244095,0.04330708661417323,0.03543307086614173,7.1141732283464565,-38.921063091794,277.0,5.6240175061873385,-0.1405092530389675,0.341716480611997,27.04448158718629,-23.0,,,,,,,,,,,,,,,,,,,
00-0023662,2015,8,204,119,1276.0,5,7.0,-37.72678255998684,1630.0,571.0,54.0,6.49083656957806,0.2692810291723501,14.0,86.0,1,Matt Cassel,Matthew,Cassel,QB,1982-05-17,2005,2005.0,7.0,230.0,USC,33.29226557152635,4.949367793863413,24.496241558932386,10,5.318119993844216,25.5,0.06422018348623854,-0.18493520862738647,-4.715847819998355,0.5833333333333334,0.024509803921568627,0.03431372549019608,6.254901960784314,-12.552808126646426,71.0,4.2626798770413155,-0.1768001144598088,-0.0276173703286298,-25.173974433340412,133.0,,,,,,,,,,,,,,,,,,,
00-0023682,2005,4,135,76,777.0,4,8.0,-15.564312948649237,0.0,0.0,40.0,0.0,0.3438348106925389,9.0,49.0,0,Ryan Fitzpatrick,Ryan,Fitzpatrick,QB,1982-11-24,2005,2005.0,7.0,250.0,Harvard,22.770704996577688,-5.572192781085249,31.049332389578563,0,4.90527477843843,33.75,0.0625,-0.11529120702703138,-3.891078237162309,0.562962962962963,0.02962962962962963,0.05925925925925926,5.7555555555555555,,,,,,,,,,,,,,,,,,,,,,,,,,
00-0023682,2008,12,372,221,1905.0,8,9.0,-76.92392160116236,2734.0,817.0,100.0,8.61065628146812,0.4318871031133093,38.0,193.0,0,Ryan Fitzpatrick,Ryan,Fitzpatrick,QB,1982-11-24,2005,2005.0,7.0,250.0,Harvard,25.77138945927447,-2.5715083183884673,6.612655031541083,3,5.918893854273146,31.0,0.09268292682926829,-0.2067847354869956,-6.410326800096864,0.5940860215053764,0.021505376344086023,0.024193548387096774,5.120967741935484,-15.564312948649237,135.0,4.90527477843843,-0.11529120702703138,0.3438348106925389,-61.359608652513124,237.0,,,,,,,,,,,,,,,,,,,
00-0023682,2009,10,227,127,1422.0,9,10.0,-44.55617117849093,2045.0,691.0,63.0,7.184890886972839,0.3877516821332638,22.0,137.0,0,Ryan Fitzpatrick,Ryan,Fitzpatrick,QB,1982-11-24,2005,2005.0,7.0,250.0,Harvard,26.770704996577688,-1.5721927810852492,2.4717901408965703,4,5.424950017481403,22.7,0.08835341365461848,-0.1962826924162596,-4.455617117849092,0.5594713656387665,0.039647577092511016,0.04405286343612335,6.26431718061674,-76.92392160116236,372.0,5.918893854273146,-0.2067847354869956,0.4318871031133093,32.367750422671435,-145.0,,,,,,,,,,,,,,,,,,,
00-0023682,2010,13,441,255,2992.0,23,15.0,11.158662703560324,3980.0,1182.0,151.0,10.283062492170512,1.0747380788777894,24.0,145.0,0,Ryan Fitzpatrick,Ryan,Fitzpatrick,QB,1982-11-24,2005,2005.0,7.0,250.0,Harvard,27.770020533880903,-0.5728772437820346,0.32818833644330075,5,6.089044875446846,33.92307692307692,0.05161290322580645,0.025303090030749036,0.8583586695046403,0.5782312925170068,0.05215419501133787,0.034013605442176874,6.784580498866213,-44.55617117849093,227.0,5.424950017481403,-0.1962826924162596,0.3877516821332638,55.71483388205125,214.0,,,,,,,,,,,,,,,,,,,
00-0023682,2011,16,569,353,3832.0,24,23.0,-6.18484555746476,4315.0,1866.0,178.0,16.23383543312044,1.4267676346759623,22.0,148.0,0,Ryan Fitzpatrick,Ryan,Fitzpatrick,QB,1982-11-24,2005,2005.0,7.0,250.0,Harvard,28.76933607118412,0.42643829352118345,0.18184961818125903,6,6.343880434126331,35.5625,0.03722504230118443,-0.010869675847916977,-0.3865528473415475,0.6203866432337434,0.0421792618629174,0.040421792618629174,6.734622144112478,11.158662703560324,441.0,6.089044875446846,0.025303090030749036,1.0747380788777894,-17.343508261025086,128.0,,,,,,,,,,,,,,,,,,,
00-0023682,2012,16,505,306,3400.0,24,16.0,8.694933121841675,3906.0,1796.0,174.0,15.45802420695085,1.204467834998845,30.0,161.0,0,Ryan Fitzpatrick,Ryan,Fitzpatrick,QB,1982-11-24,2005,2005.0,7.0,250.0,Harvard,29.77138945927447,1.4284916816115327,2.0405884844333446,7,6.22455842927536,31.5625,0.056074766355140186,0.017217689350181534,0.5434333201151047,0.6059405940594059,0.047524752475247525,0.031683168316831684,6.732673267326732,-6.18484555746476,569.0,6.343880434126331,-0.010869675847916977,1.4267676346759623,14.879778679306435,-64.0,,,,,,,,,,,,,,,,,,,
00-0023682,2013,11,350,217,2454.0,14,12.0,27.315928703294613,3011.0,1094.0,116.0,9.163655122388308,1.2000906608125674,21.0,109.0,0,Ryan Fitzpatrick,Ryan,Fitzpatrick,QB,1982-11-24,2005,2005.0,7.0,250.0,Harvard,30.770704996577688,2.427807218914751,5.894247892214577,8,5.857933154483459,31.818181818181817,0.05660377358490566,0.07804551058084175,2.4832662457540557,0.62,0.04,0.03428571428571429,7.011428571428572,8.694933121841675,505.0,6.22455842927536,0.017217689350181534,1.204467834998845,18.620995581452938,-155.0,,,,,,,,,,,,,,,,,,,
00-0023682,2014,12,312,197,2483.0,17,8.0,47.85447296926065,2646.0,1076.0,119.0,11.481313568825955,1.1779318264156944,21.0,83.0,0,Ryan Fitzpatrick,Ryan,Fitzpatrick,QB,1982-11-24,2005,2005.0,7.0,250.0,Harvard,31.770020533880903,3.4271227562179654,11.745170386187024,9,5.7430031878094825,26.0,0.06306306306306306,0.15337972105532258,3.9878727474383875,0.6314102564102564,0.05448717948717949,0.02564102564102564,7.958333333333333,27.315928703294613,350.0,5.857933154483459,0.07804551058084175,1.2000906608125674,20.538544265966035,-38.0,,,,,,,,,,,,,,,,,,,
00-0023682,2015,16,562,335,3905.0,31,15.0,72.50829739591452,5173.0,1800.0,196.0,13.440453969370644,2.031362622862551,19.0,94.0,0,Ryan Fitzpatrick,Ryan,Fitzpatrick,QB,1982-11-24,2005,2005.0,7.0,250.0,Harvard,32.76933607118412,4.4264382935211835,19.593355966350728,10,6.331501849893691,35.125,0.03270223752151463,0.12901832276853117,4.531768587244658,0.5960854092526691,0.05516014234875445,0.026690391459074734,6.948398576512456,47.85447296926065,312.0,5.7430031878094825,0.15337972105532258,1.1779318264156944,24.653824426653877,250.0,,,,,,,,,,,,,,,,,,,
00-0023682,2016,14,403,228,2710.0,12,17.0,-18.125779991515593,3636.0,1125.0,128.0,10.972465865452405,0.6908549647386164,19.0,81.0,0,Ryan Fitzpatrick,Ryan,Fitzpatrick,QB,1982-11-24,2005,2005.0,7.0,250.0,Harvard,33.77138945927447,5.428491681611529,29.46852193732557,11,5.998936561946683,28.785714285714285,0.045023696682464455,-0.04497712156703621,-1.2946985708225422,0.56575682382134,0.02977667493796526,0.04218362282878412,6.7245657568238215,72.50829739591452,562.0,6.331501849893691,0.12901832276853117,2.031362622862551,-90.63407738743012,-159.0,,,,,,,,,,,,,,,,,,,
00-0023682,2017,6,163,96,1103.0,7,3.0,8.966295987526255,1479.0,385.0,63.0,3.697540055269131,0.3476216543175002,7.0,34.0,0,Ryan Fitzpatrick,Ryan,Fitzpatrick,QB,1982-11-24,2005,2005.0,7.0,250.0,Harvard,34.770704996577685,6.427807218914747,41.316705643532536,12,5.093750200806762,27.166666666666668,0.041176470588235294,0.05500795084371936,1.4943826645877092,0.588957055214724,0.04294478527607362,0.018404907975460124,6.766871165644171,-18.125779991515593,403.0,5.998936561946683,-0.04497712156703621,0.6908549647386164,27.092075979041848,-240.0,,,,,,,,,,,,,,,,,,,
00-0023682,2018,8,246,164,2366.0,17,12.0,59.56822162937678,2546.0,874.0,113.0,7.554684780797247,1.371697570209898,14.0,76.0,1,Ryan Fitzpatrick,Ryan,Fitzpatrick,QB,1982-11-24,2005,2005.0,7.0,250.0,Harvard,35.7700205338809,7.427122756217965,55.16215243593075,13,5.5053315359323625,30.75,0.05384615384615385,0.24214724239584057,7.446027703672097,0.6666666666666666,0.06910569105691057,0.04878048780487805,9.617886178861788,8.966295987526255,163.0,5.093750200806762,0.05500795084371936,0.3476216543175002,50.60192564185053,83.0,8.0,30.75,12.418304462135147,7.446027775,12.674104733874564,0.25485163447018094,0.5288890291560062,9.894728579347483,3.139437082741556,0.6659849804666877,0.06967532467532467,0.04843702706507584,-8.175059,29.170437,0.4038472995816308,1.7021296611903336,2.075282076395273,6.0,0.75
00-0023682,2019,15,502,311,3529.0,20,13.0,25.316553993446195,4513.0,1239.0,182.0,11.998283325615043,1.2808361283932268,40.0,209.0,1,Ryan Fitzpatrick,Ryan,Fitzpatrick,QB,1982-11-24,2005,2005.0,7.0,250.0,Harvard,36.76933607118412,8.426438293521183,71.0048623145202,14,6.218600119691729,33.46666666666667,0.07380073800738007,0.05043138245706413,1.6877702662297465,0.6195219123505976,0.0398406374501992,0.025896414342629483,7.02988047808765,59.56822162937678,246.0,5.5053315359323625,0.24214724239584057,1.371697570209898,-34.25166763593059,256.0,15.0,33.46666666666667,12.182344758277194,1.6877702093333333,11.882058171232767,0.07447521539325903,0.5474056940017601,7.368688722635687,2.387598373313302,0.6400372816525787,0.03593770282188627,0.027881250862995286,-31.65814,18.073566,0.3640142856058922,7.040092368928684,7.35017268646003,9.0,0.6
00-0023682,2020,9,267,183,2091.0,13,8.0,46.58721821586509,2080.0,855.0,106.0,9.150339742389267,1.600968603230088,14.0,65.0,2,Ryan Fitzpatrick,Ryan,Fitzpatrick,QB,1982-11-24,2005,2005.0,7.0,250.0,Harvard,37.77138945927447,9.42849168161153,88.8964553902178,15,5.58724865840025,29.666666666666668,0.0498220640569395,0.17448396335529998,5.176357579540566,0.6853932584269663,0.04868913857677903,0.0299625468164794,7.831460674157303,25.316553993446195,502.0,6.218600119691729,0.05043138245706413,1.2808361283932268,21.270664222418898,-235.0,9.0,29.666666666666668,11.937336386313323,5.176357655555555,9.402991065887871,0.23568970978637768,0.41287773310684733,8.334356414971072,2.8515521588179378,0.699713945104016,0.0543346986609398,0.030452674897119343,-8.427611,23.528559,0.40238212538134793,1.8165265407802835,1.7517851478584607,7.0,0.7777777777777778
00-0024218,2006,15,356,184,2199.0,12,13.0,-47.10570689064042,3454.0,880.0,107.0,10.07891784165022,0.8286009964106956,26.0,130.0,0,Vince Young,Vincent,Young,QB,1983-05-18,2006,2006.0,1.0,3.0,Texas,23.290896646132786,-5.052001131530151,25.522715432981926,0,5.87493073085203,23.733333333333334,0.06806282722513089,-0.13231940137820342,-3.140380459376028,0.5168539325842697,0.033707865168539325,0.03651685393258427,6.176966292134831,,,,,,,,,,,,,,,,,,,,,,,,,,
00-0024218,2007,15,382,238,2546.0,9,17.0,-13.214898481565449,3412.0,1088.0,141.0,11.329442426201524,1.2913075853425808,25.0,157.0,0,Vince Young,Vincent,Young,QB,1983-05-18,2006,2006.0,1.0,3.0,Texas,24.290212183436,-4.052685594226936,16.424260525654535,1,5.945420608606575,25.466666666666665,0.06142506142506143,-0.03459397508263207,-0.8809932321043632,0.6230366492146597,0.02356020942408377,0.04450261780104712,6.664921465968586,-47.10570689064042,356.0,5.87493073085203,-0.13231940137820342,0.8286009964106956,33.89080840907497,26.0,,,,,,,,,,,,,,,,,,,
00-0024218,2009,12,259,152,1879.0,10,7.0,32.83988959622345,2481.0,756.0,91.0,8.653861009844336,1.45545069516206,9.0,36.0,0,Vince Young,Vincent,Young,QB,1983-05-18,2006,2006.0,1.0,3.0,Texas,26.29158110882957,-2.051316668833369,4.20790007583363,3,5.556828061699537,21.583333333333332,0.033582089552238806,0.12679494052595927,2.736657466351954,0.5868725868725869,0.03861003861003861,0.02702702702702703,7.254826254826255,-10.20156888647956,36.0,3.58351893845611,-0.2833769135133211,0.042584076181658,43.04145848270301,223.0,,,,,,,,,,,,,,,,,,,
00-0024218,2010,9,156,93,1255.0,10,3.0,22.910363264807636,1763.0,402.0,58.0,7.437385120237645,1.5018696121410686,13.0,80.0,0,Vince Young,Vincent,Young,QB,1983-05-18,2006,2006.0,1.0,3.0,Texas,27.290896646132786,-1.052001131530151,1.106706380740718,4,5.049856007249537,17.333333333333332,0.07692307692307693,0.14686130297953612,2.5455959183119594,0.5961538461538461,0.0641025641025641,0.019230769230769232,8.044871794871796,32.83988959622345,259.0,5.556828061699537,0.12679494052595927,1.45545069516206,-9.929526331415815,-103.0,,,,,,,,,,,,,,,,,,,
00-0024218,2011,5,114,66,866.0,4,9.0,-5.750620667983622,1293.0,312.0,39.0,2.0298162261349857,0.1992135311451635,8.0,34.0,0,Vince Young,Vincent,Young,QB,1983-05-18,2006,2006.0,1.0,3.0,Texas,28.290212183436,-0.052685594226936416,0.002775771839045396,5,4.736198448394496,22.8,0.06557377049180328,-0.05044404094722475,-1.1501241335967243,0.5789473684210527,0.03508771929824561,0.07894736842105263,7.5964912280701755,22.910363264807636,156.0,5.049856007249537,0.14686130297953612,1.5018696121410686,-28.660983932791257,-42.0,,,,,,,,,,,,,,,,,,,
00-0024225,2006,12,376,213,2542.0,11,12.0,3.7000332981582424,2996.0,941.0,124.0,11.032338505543876,0.8883712825046272,20.0,153.0,0,Matt Leinart,Matthew,Leinart,QB,1983-05-11,2006,2006.0,1.0,10.0,USC,23.310061601642712,-5.032836176020226,25.329439974657888,0,5.929589143389895,31.333333333333332,0.050505050505050504,0.00984051409084639,0.3083361081798535,0.5664893617021277,0.02925531914893617,0.031914893617021274,6.76063829787234,,,,,,,,,,,,,,,,,,,,,,,,,,
00-0024225,2007,5,112,60,647.0,2,4.0,-10.713449097578772,919.0,259.0,33.0,3.2990193106672887,-0.042137363585645,4.0,23.0,0,Matt Leinart,Matthew,Leinart,QB,1983-05-11,2006,2006.0,1.0,10.0,USC,24.309377138945926,-4.033520638717011,16.269288742956086,1,4.718498871295094,22.4,0.034482758620689655,-0.09565579551409618,-2.1426898195157547,0.5357142857142857,0.017857142857142856,0.03571428571428571,5.776785714285714,3.7000332981582424,376.0,5.929589143389895,0.00984051409084639,0.8883712825046272,-14.413482395737015,-264.0,,,,,,,,,,,,,,,,,,,
00-0024226,2006,5,137,81,1001.0,9,5.0,-7.059023429188751,1405.0,406.0,48.0,3.635131024087195,0.3897529964654348,13.0,85.0,0,Jay Cutler,Jay,Cutler,QB,1983-04-29,2006,2006.0,1.0,11.0,Vanderbilt,23.342915811088297,-4.999981966574641,24.999819666071613,0,4.919980925828125,27.4,0.08666666666666667,-0.05152571846123176,-1.4118046858377502,0.5912408759124088,0.06569343065693431,0.0364963503649635,7.306569343065694,,,,,,,,,,,,,,,,,,,,,,,,,,
00-0024226,2007,16,467,297,3497.0,20,14.0,56.27241555721115,3849.0,1580.0,175.0,15.363388743383236,1.8218184876014336,27.0,153.0,0,Jay Cutler,Jay,Cutler,QB,1983-04-29,2006,2006.0,1.0,11.0,Vanderbilt,24.34223134839151,-4.000666429271426,16.005331878299383,1,6.1463292576688975,29.1875,0.05465587044534413,0.12049767785270053,3.5170259723256967,0.6359743040685225,0.042826552462526764,0.029978586723768737,7.488222698072805,-7.059023429188751,137.0,4.919980925828125,-0.05152571846123176,0.3897529964654348,63.331438986399895,330.0,,,,,,,,,,,,,,,,,,,
00-0024226,2008,16,616,384,4525.0,25,18.0,127.62812400843622,5487.0,1813.0,222.0,14.017595634184952,2.0732889265904175,11.0,69.0,1,Jay Cutler,Jay,Cutler,QB,1983-04-29,2006,2006.0,1.0,11.0,Vanderbilt,25.34428473648186,-2.998613041181077,8.991680170741228,2,6.423246963533519,38.5,0.017543859649122806,0.20718851300070815,7.9767577505272635,0.6233766233766234,0.040584415584415584,0.02922077922077922,7.345779220779221,56.27241555721115,467.0,6.1463292576688975,0.12049767785270053,1.8218184876014336,71.35570845122507,149.0,,,,,,,,,,,,,,,,,,,
00-0024226,2009,16,555,336,3666.0,27,26.0,-48.81004671209921,4562.0,1591.0,170.0,13.497122719467756,1.0983115403597632,34.0,203.0,2,Jay Cutler,Jay,Cutler,QB,1983-04-29,2006,2006.0,1.0,11.0,Vanderbilt,26.34360027378508,-1.9992975038778589,3.997190509012237,3,6.318968113746434,34.6875,0.057724957555178265,-0.08794603011189046,-3.0506279195062005,0.6054054054054054,0.04864864864864865,0.04684684684684685,6.605405405405405,127.62812400843622,616.0,6.423246963533519,0.20718851300070815,2.0732889265904175,-176.43817072053542,-61.0,,,,,,,,,,,,,,,,,,,
00-0024226,2010,15,432,261,3274.0,23,16.0,-13.710707695869107,3871.0,1434.0,159.0,13.798507283915765,1.8595261670405323,52.0,352.0,1,Jay Cutler,Jay,Cutler,QB,1983-04-29,2006,2006.0,1.0,11.0,Vanderbilt,27.342915811088297,-0.9999819665746408,0.999963933474486,4,6.068425588244111,28.8,0.10743801652892562,-0.0317377492959933,-0.9140471797246071,0.6041666666666666,0.05324074074074074,0.037037037037037035,7.578703703703703,-48.81004671209921,555.0,6.318968113746434,-0.08794603011189046,1.0983115403597632,35.099339016230104,-123.0,,,,,,,,,,,,,,,,,,,
00-0024226,2011,10,314,182,2319.0,13,7.0,4.543881319639466,2753.0,972.0,106.0,8.591370663696434,0.8075064320191268,23.0,159.0,0,Jay Cutler,Jay,Cutler,QB,1983-04-29,2006,2006.0,1.0,11.0,Vanderbilt,28.34223134839151,-0.0006664292714262388,4.441279738137074e-07,5,5.749392985908253,31.4,0.06824925816023739,0.014470959616686197,0.45438813196394656,0.5796178343949044,0.041401273885350316,0.022292993630573247,7.385350318471337,-13.710707695869107,432.0,6.068425588244111,-0.0317377492959933,1.8595261670405323,18.25458901550857,-118.0,,,,,,,,,,,,,,,,,,,
00-0024226,2012,15,434,255,3033.0,19,14.0,-21.76011587875163,4441.0,1153.0,153.0,10.602127425554643,1.283095504477632,38.0,250.0,0,Jay Cutler,Jay,Cutler,QB,1983-04-29,2006,2006.0,1.0,11.0,Vanderbilt,29.34428473648186,1.001386958818923,1.0027758412926115,6,6.073044534100405,28.933333333333334,0.08050847457627118,-0.05013851584965814,-1.4506743919167753,0.5875576036866359,0.04377880184331797,0.03225806451612903,6.988479262672811,4.543881319639466,314.0,5.749392985908253,0.014470959616686197,0.8075064320191268,-26.303997198391095,120.0,,,,,,,,,,,,,,,,,,,
00-0024226,2013,11,355,224,2621.0,19,12.0,11.77136347705926,3261.0,928.0,125.0,8.864480510637456,1.3340621256313223,19.0,132.0,3,Jay Cutler,Jay,Cutler,QB,1983-04-29,2006,2006.0,1.0,11.0,Vanderbilt,30.34360027378508,2.000702496122141,4.0028104779893665,7,5.872117789475416,32.27272727272727,0.05080213903743316,0.03315877035791341,1.0701239524599329,0.6309859154929578,0.05352112676056338,0.03380281690140845,7.383098591549296,-21.76011587875163,434.0,6.073044534100405,-0.05013851584965814,1.283095504477632,33.53147935581089,-79.0,,,,,,,,,,,,,,,,,,,
00-0024226,2014,15,561,370,3812.0,28,18.0,-28.63086658874677,4106.0,2038.0,181.0,14.455070361773975,1.2026188977753185,38.0,223.0,4,Jay Cutler,Jay,Cutler,QB,1983-04-29,2006,2006.0,1.0,11.0,Vanderbilt,31.342915811088297,3.000018033425359,9.00010820087736,8,6.329720905522696,37.4,0.06343906510851419,-0.05103541281416536,-1.9087244392497846,0.6595365418894831,0.049910873440285206,0.03208556149732621,6.795008912655971,11.77136347705926,355.0,5.872117789475416,0.03315877035791341,1.3340621256313223,-40.40223006580603,206.0,,,,,,,,,,,,,,,,,,,
00-0024226,2015,15,483,311,3659.0,21,11.0,27.574544449517507,4044.0,1736.0,171.0,15.84288269070508,1.9186776492593955,29.0,150.0,1,Jay Cutler,Jay,Cutler,QB,1983-04-29,2006,2006.0,1.0,11.0,Vanderbilt,32.342231348391515,3.9993335707285773,15.994669009956592,9,6.180016653652572,32.2,0.056640625,0.057090154139787797,1.8383029633011672,0.6438923395445134,0.043478260869565216,0.022774327122153208,7.575569358178054,-28.63086658874677,561.0,6.329720905522696,-0.05103541281416536,1.2026188977753185,56.20541103826427,-78.0,,,,,,,,,,,,,,,,,,,
00-0024226,2016,5,137,81,1059.0,4,5.0,-26.047714958422432,1262.0,405.0,45.0,4.5129586812769205,0.2502256598413657,17.0,104.0,0,Jay Cutler,Jay,Cutler,QB,1983-04-29,2006,2006.0,1.0,11.0,Vanderbilt,33.34428473648186,5.001386958818923,25.013871511843995,10,4.919980925828125,27.4,0.11038961038961038,-0.19012930626585717,-5.209542991684486,0.5912408759124088,0.029197080291970802,0.0364963503649635,7.7299270072992705,27.574544449517507,483.0,6.180016653652572,0.057090154139787797,1.9186776492593955,-53.622259407939936,-346.0,,,,,,,,,,,,,,,,,,,
00-0024226,2017,14,429,266,2666.0,19,14.0,-23.95735952403088,3530.0,1191.0,134.0,11.009056589742588,0.968759397725009,20.0,154.0,0,Jay Cutler,Jay,Cutler,QB,1983-04-29,2006,2006.0,1.0,11.0,Vanderbilt,34.34360027378508,6.000702496122141,36.00843044696649,11,6.061456918928017,30.642857142857142,0.044543429844097995,-0.05584466089517688,-1.7112399660022057,0.62004662004662,0.04428904428904429,0.03263403263403263,6.214452214452215,-26.047714958422432,137.0,4.919980925828125,-0.19012930626585717,0.2502256598413657,2.090355434391551,292.0,,,,,,,,,,,,,,,,,,,
00-0024264,2007,10,250,130,1529.0,5,10.0,-50.34140074604961,2207.0,665.0,82.0,6.070042066133546,0.1092022686338182,27.0,138.0,0,Kellen Clemens,Kellen,Clemens,QB,1983-06-06,2006,2006.0,2.0,49.0,Oregon,24.238193018480494,-4.104704759182443,16.848601160054997,1,5.521460917862246,25.0,0.09747292418772563,-0.20136560298419842,-5.034140074604961,0.52,0.02,0.04,6.116,-6.798028664488811,1.0,0.0,-6.798028664488811,0.0,-43.5433720815608,249.0,,,,,,,,,,,,,,,,,,,
00-0024264,2013,10,242,142,1673.0,8,7.0,-16.929046157055645,2123.0,742.0,80.0,8.936592124690698,0.6625605503926109,21.0,138.0,1,Kellen Clemens,Kellen,Clemens,QB,1983-06-06,2006,2006.0,2.0,49.0,Oregon,30.239561943874058,1.8966641662111208,3.597334959389326,7,5.488937726156687,24.2,0.07984790874524715,-0.06995473618618035,-1.6929046157055645,0.5867768595041323,0.03305785123966942,0.028925619834710745,6.913223140495868,-4.023541818372905,3.0,1.0986122886681098,-1.3411806061243017,0.0,-12.90550433868274,239.0,,,,,,,,,,,,,,,,,,,
00-0024279,2007,12,294,171,1911.0,9,12.0,-7.380110183899258,2610.0,889.0,95.0,10.019197761940848,1.098381205732672,19.0,70.0,0,Tarvaris Jackson,Tarvaris,Jackson,QB,1983-04-21,2006,2006.0,2.0,64.0,Alabama State; Arkansas,24.36413415468857,-3.978763622974366,15.830559967504104,1,5.683579767338681,24.5,0.06070287539936102,-0.025102415591494075,-0.6150091819916048,0.5816326530612245,0.030612244897959183,0.04081632653061224,6.5,-27.83083928382257,81.0,4.394449154672439,-0.343590608442254,0.0680641980458345,20.45072909992331,213.0,,,,,,,,,,,,,,,,,,,
00-0024279,2008,7,149,88,1056.0,9,2.0,2.275284891991145,1326.0,472.0,48.0,6.596689190061264,1.02135470321348,15.0,98.0,0,Tarvaris Jackson,Tarvaris,Jackson,QB,1983-04-21,2006,2006.0,2.0,64.0,Alabama State; Arkansas,25.366187542778917,-2.9767102348840204,8.86080382246328,2,5.003946305945459,21.285714285714285,0.09146341463414634,0.015270368402625134,0.3250406988558779,0.5906040268456376,0.06040268456375839,0.013422818791946308,7.087248322147651,-7.380110183899258,294.0,5.683579767338681,-0.025102415591494075,1.098381205732672,9.655395075890404,-145.0,,,,,,,,,,,,,,,,,,,
00-0024279,2011,15,450,271,3091.0,14,13.0,-13.80825762951278,3969.0,1362.0,138.0,12.52210588638416,1.2370895603660073,42.0,293.0,0,Tarvaris Jackson,Tarvaris,Jackson,QB,1983-04-21,2006,2006.0,2.0,64.0,Alabama State; Arkansas,28.36413415468857,0.021236377025633857,0.0004509837091748695,5,6.1092475827643655,30.0,0.08536585365853659,-0.030685016954472847,-0.9205505086341854,0.6022222222222222,0.03111111111111111,0.028888888888888888,6.868888888888889,-15.622399180186314,58.0,4.060443010546419,-0.2693517100032123,0.1815875973016504,1.8141415506735328,392.0,,,,,,,,,,,,,,,,,,,
00-0024296,2014,7,185,105,1326.0,7,2.0,-3.817638288934157,1731.0,550.0,56.0,5.379140265023064,0.2841472289501393,18.0,103.0,0,Charlie Whitehurst,Charlie,Whitehurst,QB,1982-08-06,2006,2006.0,3.0,81.0,Clemson,32.07118412046543,3.7282863428024946,13.9001190539276,8,5.220355825078324,26.428571428571427,0.08866995073891626,-0.020635882642887335,-0.5453768984191653,0.5675675675675675,0.03783783783783784,0.010810810810810811,7.167567567567567,-22.390047928223822,56.0,4.02535169073515,-0.39982228443256823,0.0556661801622231,18.572409639289667,129.0,,,,,,,,,,,,,,,,,,,
00-0024300,2007,9,224,127,1227.0,6,6.0,-33.24573446200736,1598.0,543.0,58.0,9.669678852507165,0.2029071180331128,16.0,98.0,0,Brodie Croyle,John,Croyle,QB,1983-02-06,2006,2006.0,3.0,85.0,Alabama,24.566735112936346,-3.7761626647265913,14.259404470475031,1,5.4116460518550396,24.88888888888889,0.06666666666666667,-0.14841845741967571,-3.6939704957785957,0.5669642857142857,0.026785714285714284,0.026785714285714284,5.477678571428571,-11.001063558389433,7.0,1.9459101490553132,-1.5715805083413474,-0.0360362472115366,-22.24467090361793,217.0,,,,,,,,,,,,,,,,,,,
00-0024408,2006,13,328,177,1661.0,9,9.0,-84.50815918179369,2241.0,794.0,79.0,14.766304563125708,0.0279737665786157,25.0,146.0,0,Bruce Gradkowski,Bruce,Gradkowski,QB,1983-01-27,2006,2006.0,6.0,194.0,Toledo,23.59479808350445,-4.748099694158487,22.544450705667916,0,5.793013608384144,25.23076923076923,0.0708215297450425,-0.2576468267737612,-6.500627629368745,0.5396341463414634,0.027439024390243903,0.027439024390243903,5.064024390243903,,,,,,,,,,,,,,,,,,,,,,,,,,
00-0024408,2009,7,149,81,1004.0,6,3.0,-5.083778055240818,1544.0,421.0,44.0,5.482573046119711,0.3370635428923742,11.0,71.0,0,Bruce Gradkowski,Bruce,Gradkowski,QB,1983-01-27,2006,2006.0,6.0,194.0,Toledo,26.595482546201232,-1.747415231461705,3.0534599911443645,3,5.003946305945459,21.285714285714285,0.06875,-0.03411931580698536,-0.7262540078915454,0.5436241610738255,0.040268456375838924,0.020134228187919462,6.738255033557047,-31.101286410892424,21.0,3.044522437723423,-1.481013638613925,-0.2527449595901535,26.017508355651607,128.0,,,,,,,,,,,,,,,,,,,
00-0024408,2010,6,158,83,1059.0,5,7.0,-20.433944597519492,1392.0,516.0,50.0,4.174354925887767,-0.0800291754219868,10.0,77.0,0,Bruce Gradkowski,Bruce,Gradkowski,QB,1983-01-27,2006,2006.0,6.0,194.0,Toledo,27.59479808350445,-0.748099694158487,0.5596531524000218,4,5.062595033026967,26.333333333333332,0.05952380952380952,-0.12932876327543982,-3.405657432919915,0.5253164556962026,0.03164556962025317,0.04430379746835443,6.7025316455696204,-5.083778055240818,149.0,5.003946305945459,-0.03411931580698536,0.3370635428923742,-15.350166542278675,9.0,,,,,,,,,,,,,,,,,,,
00-0024812,2011,6,134,80,796.0,2,7.0,-26.408653814026753,965.0,338.0,40.0,6.612595339070447,0.3987284748291509,11.0,83.0,0,Tyler Palko,Tyler,Palko,QB,1983-08-09,2007,,,,Pittsburgh,28.06297056810404,-0.27992720955889894,0.07835924265143172,4,4.897839799950911,22.333333333333332,0.07586206896551724,-0.19707950607482652,-4.401442302337792,0.5970149253731343,0.014925373134328358,0.05223880597014925,5.940298507462686,0.89640189812053,6.0,1.791759469228055,0.14940031635342166,0.0,-27.305055712147283,128.0,,,,,,,,,,,,,,,,,,,
00-0025388,2008,15,367,198,2423.0,13,8.0,-58.281563832837946,3622.0,1025.0,111.0,10.457117482777498,0.8847991563564173,30.0,200.0,0,JaMarcus Russell,JaMarcus,Russell,QB,1985-08-09,2007,2007.0,1.0,1.0,LSU,23.06365503080082,-5.279242746862117,27.87040398029627,1,5.905361848054571,24.466666666666665,0.07556675062972293,-0.15880535104315516,-3.885437588855863,0.5395095367847411,0.035422343324250684,0.021798365122615803,6.602179836512262,-19.360563514503184,66.0,4.189654742026425,-0.2933418714318664,-0.2178252391316995,-38.92100031833476,301.0,,,,,,,,,,,,,,,,,,,
00-0025388,2009,12,247,121,1290.0,3,11.0,-120.68255710442946,2300.0,594.0,58.0,7.687660859063171,-0.047801197692567,32.0,207.0,0,JaMarcus Russell,JaMarcus,Russell,QB,1985-08-09,2007,2007.0,1.0,1.0,LSU,24.06297056810404,-4.279927209558899,18.317776919122622,2,5.5093883366279774,20.583333333333332,0.11469534050179211,-0.488593348600929,-10.056879758702456,0.4898785425101215,0.012145748987854251,0.044534412955465584,5.222672064777328,-58.281563832837946,367.0,5.905361848054571,-0.15880535104315516,0.8847991563564173,-62.40099327159152,-120.0,,,,,,,,,,,,,,,,,,,
00-0025409,2009,10,256,136,1339.0,8,7.0,-50.834900449128824,2144.0,669.0,73.0,6.888649062128773,0.288887511395995,19.0,104.0,0,Brady Quinn,Brayden,Quinn,QB,1984-10-27,2007,2007.0,1.0,22.0,Notre Dame,24.84599589322382,-3.4969018844391186,12.228322789393859,2,5.545177444479562,25.6,0.06909090909090909,-0.19857382987940947,-5.083490044912883,0.53125,0.03125,0.02734375,5.23046875,-2.774015568180589,89.0,4.48863636973214,-0.031168714249220103,0.0354642290635075,-48.06088488094824,167.0,,,,,,,,,,,,,,,,,,,
00-0025409,2012,10,197,112,1141.0,2,8.0,-76.62354845233358,1620.0,477.0,48.0,7.670966690604393,0.2212915977358108,21.0,123.0,0,Brady Quinn,Brayden,Quinn,QB,1984-10-27,2007,2007.0,1.0,22.0,Notre Dame,27.8466803559206,-0.49621742174233674,0.24623172964061207,5,5.2832037287379885,19.7,0.0963302752293578,-0.38895202260067807,-7.662354845233358,0.5685279187817259,0.01015228426395939,0.04060913705583756,5.791878172588833,-50.834900449128824,256.0,5.545177444479562,-0.19857382987940947,0.288887511395995,-25.788648003204756,-59.0,,,,,,,,,,,,,,,,,,,
00-0025423,2010,7,189,115,1197.0,7,7.0,-13.44334721498138,1552.0,590.0,58.0,4.925696003366137,0.4573707711182602,14.0,99.0,0,Kevin Kolb,Kevin,Kolb,QB,1984-08-24,2007,2007.0,2.0,36.0,Houston,26.02053388090349,-2.322363896759448,5.393374068971729,3,5.241747015059643,27.0,0.06896551724137931,-0.07112882124328772,-1.9204781735687686,0.6084656084656085,0.037037037037037035,0.037037037037037035,6.333333333333333,-2.793616517742139,96.0,4.564348191467836,-0.02910017205981395,0.3051182433773947,-10.64973069723924,93.0,,,,,,,,,,,,,,,,,,,
00-0025423,2011,9,253,146,1955.0,9,8.0,-8.029222160653099,2042.0,905.0,88.0,8.073570983612921,0.3783818934231343,30.0,219.0,0,Kevin Kolb,Kevin,Kolb,QB,1984-08-24,2007,2007.0,2.0,36.0,Houston,27.019849418206707,-1.3230483594562301,1.750456961459822,4,5.53338948872752,28.11111111111111,0.10600706713780919,-0.031736055970960866,-0.8921357956281221,0.5770750988142292,0.03557312252964427,0.03162055335968379,7.7272727272727275,-13.44334721498138,189.0,5.241747015059643,-0.07112882124328772,0.4573707711182602,5.414125054328281,64.0,,,,,,,,,,,,,,,,,,,
00-0025423,2012,6,183,109,1169.0,8,3.0,-21.06558291849492,1446.0,478.0,62.0,5.395163540628277,0.385705668694041,27.0,159.0,0,Kevin Kolb,Kevin,Kolb,QB,1984-08-24,2007,2007.0,2.0,36.0,Houston,28.021902806297057,-0.32099497136588084,0.10303777164218267,5,5.209486152841421,30.5,0.12857142857142856,-0.11511247496445311,-3.5109304864158197,0.5956284153005464,0.04371584699453552,0.01639344262295082,6.387978142076503,-8.029222160653099,253.0,5.53338948872752,-0.031736055970960866,0.3783818934231343,-13.03636075784182,-70.0,,,,,,,,,,,,,,,,,,,
00-0025427,2007,5,107,60,559.0,1,3.0,-41.52711620522706,793.0,192.0,24.0,2.8640699691038427,0.092870570078435,10.0,69.0,1,John Beck,John,Beck,QB,1981-08-21,2007,2007.0,2.0,40.0,BYU,26.028747433264886,-2.314150344398051,5.355291816477618,0,4.672828834461906,21.4,0.08547008547008547,-0.3881038897684772,-8.305423241045412,0.5607476635514018,0.009345794392523364,0.028037383177570093,5.224299065420561,,,,,,,,,,,,,,,,,,,,,,,,,,
00-0025427,2011,4,132,80,858.0,2,4.0,-22.607872966631675,1097.0,402.0,44.0,3.193432351797458,0.2283801400476154,16.0,84.0,1,John Beck,John,Beck,QB,1981-08-21,2007,2007.0,2.0,40.0,BYU,30.028747433264886,1.6858496556019489,2.8420890612932097,4,4.882801922586371,33.0,0.10810810810810811,-0.1712717648987248,-5.651968241657919,0.6060606060606061,0.015151515151515152,0.030303030303030304,6.5,-41.52711620522706,107.0,4.672828834461906,-0.3881038897684772,0.092870570078435,18.919243238595385,25.0,,,,,,,,,,,,,,,,,,,
00-0025430,2010,6,119,69,780.0,4,3.0,1.7402123016413693,844.0,422.0,39.0,9.533770698095545,0.1934464353752912,6.0,42.0,0,Drew Stanton,Drew,Stanton,QB,1984-05-07,2007,2007.0,2.0,43.0,Michigan State,26.31895961670089,-2.0239381609620466,4.096325679398431,3,4.77912349311153,19.833333333333332,0.048,0.014623632786902263,0.2900353836068949,0.5798319327731093,0.03361344537815126,0.025210084033613446,6.554621848739496,-35.347714949474195,51.0,3.9318256327243257,-0.6930924499896901,-0.04810925162857,37.087927251115566,68.0,,,,,,,,,,,,,,,,,,,
00-0025430,2014,9,240,132,1711.0,7,5.0,4.506461395394161,2656.0,639.0,77.0,6.083405872164389,0.6686299879746967,11.0,66.0,1,Drew Stanton,Drew,Stanton,QB,1984-05-07,2007,2007.0,2.0,43.0,Michigan State,30.31895961670089,1.9760618390379534,3.9048203917020583,7,5.480638923341991,26.666666666666668,0.043824701195219126,0.018776922480809,0.5007179328215734,0.55,0.029166666666666667,0.020833333333333332,7.129166666666666,1.7402123016413693,119.0,4.77912349311153,0.014623632786902263,0.1934464353752912,2.7662490937527915,121.0,,,,,,,,,,,,,,,,,,,
00-0025430,2017,5,159,79,894.0,6,5.0,-22.236957853646302,1718.0,299.0,50.0,2.5984884555847416,0.0363675897112747,7.0,40.0,0,Drew Stanton,Drew,Stanton,QB,1984-05-07,2007,2007.0,2.0,43.0,Michigan State,33.319644079397676,4.976746301734739,24.7680037518304,10,5.0689042022202315,31.8,0.04216867469879518,-0.1398550808405428,-4.447391570729261,0.4968553459119497,0.03773584905660377,0.031446540880503145,5.622641509433962,-13.17432080087415,48.0,3.871201010907891,-0.27446501668487816,-0.1139992641735212,-9.062637052772152,111.0,,,,,,,,,,,,,,,,,,,
00-0025479,2007,10,269,151,1630.0,7,8.0,-41.92331456533116,1899.0,837.0,81.0,9.927430491514432,0.3513426909292063,12.0,105.0,0,Trent Edwards,Trent,Edwards,QB,1983-10-30,2007,2007.0,3.0,92.0,Stanford,23.838466803559207,-4.50443097410373,20.28989840046508,0,5.594711379601839,26.9,0.042704626334519574,-0.15584875303097087,-4.1923314565331165,0.5613382899628253,0.026022304832713755,0.02973977695167286,6.059479553903346,,,,,,,,,,,,,,,,,,,,,,,,,,
00-0025479,2008,14,374,245,2699.0,11,10.0,10.220437590546355,2737.0,1096.0,132.0,15.941499936124956,1.225893195304269,23.0,143.0,1,Trent Edwards,Trent,Edwards,QB,1983-10-30,2007,2007.0,3.0,92.0,Stanford,24.840520191649556,-3.502377586013381,12.266648755008918,1,5.924255797414532,26.714285714285715,0.05793450881612091,0.02732737323675496,0.7300312564675968,0.6550802139037433,0.029411764705882353,0.026737967914438502,7.216577540106952,-41.92331456533116,269.0,5.594711379601839,-0.15584875303097087,0.3513426909292063,52.143752155877515,105.0,,,,,,,,,,,,,,,,,,,
00-0025479,2009,8,183,110,1169.0,6,7.0,-31.665966272958705,1286.0,582.0,53.0,7.9010323796366,0.6265183490809062,22.0,129.0,0,Trent Edwards,Trent,Edwards,QB,1983-10-30,2007,2007.0,3.0,92.0,Stanford,25.83983572895277,-2.5030620487101665,6.265319619693136,2,5.209486152841421,22.875,0.1073170731707317,-0.1730380670653481,-3.958245784119838,0.6010928961748634,0.03278688524590164,0.03825136612021858,6.387978142076503,10.220437590546355,374.0,5.924255797414532,0.02732737323675496,1.225893195304269,-41.88640386350506,-191.0,,,,,,,,,,,,,,,,,,,
00-0025479,2010,4,101,55,521.0,2,5.0,-39.82121801965859,589.0,246.0,23.0,5.940992951202375,0.0087175677666715,11.0,95.0,0,Trent Edwards,Trent,Edwards,QB,1983-10-30,2007,2007.0,3.0,92.0,Stanford,26.83915126625599,-1.5037465114069484,2.2612535705685675,3,4.61512051684126,25.25,0.09821428571428571,-0.3942694853431543,-9.955304504914647,0.5445544554455446,0.019801980198019802,0.04950495049504951,5.158415841584159,-31.665966272958705,183.0,5.209486152841421,-0.1730380670653481,0.6265183490809062,-8.155251746699882,-82.0,,,,,,,,,,,,,,,,,,,
00-0025561,2010,6,145,73,1176.0,5,4.0,-6.14869257596761,1460.0,580.0,43.0,4.924223442559069,0.2348342257803157,18.0,112.0,0,Troy Smith,Troy,Smith,QB,1984-07-20,2007,2007.0,5.0,174.0,Ohio State,26.116358658453116,-2.2265391192098214,4.957476449371647,3,4.976733742420574,24.166666666666668,0.11042944785276074,-0.04240477638598352,-1.0247820959946017,0.503448275862069,0.034482758620689655,0.027586206896551724,8.110344827586207,-6.432560040906537,9.0,2.1972245773362196,-0.7147288934340597,0.0,0.2838674649389272,136.0,,,,,,,,,,,,,,,,,,,
00-0025604,2008,14,420,230,2608.0,18,12.0,-17.36533497765846,3589.0,1005.0,127.0,10.998741146977467,0.6215121749797958,26.0,162.0,1,Tyler Thigpen,Tyler,Thigpen,QB,1984-04-14,2007,2007.0,7.0,217.0,Coastal Carolina,24.383299110198493,-3.9595986674644443,15.678421607386204,1,6.040254711277414,30.0,0.05829596412556054,-0.041346035661091574,-1.240381069832747,0.5476190476190477,0.04285714285714286,0.02857142857142857,6.20952380952381,-5.098594418959692,6.0,1.791759469228055,-0.849765736493282,-0.0456701938008944,-12.266740558698768,414.0,,,,,,,,,,,,,,,,,,,
00-0025708,2007,8,111,63,730.0,3,5.0,0.1715188881030043,1166.0,256.0,37.0,4.517898876521073,0.1589067423229509,6.0,40.0,0,Matt Moore,Matthew,Moore,QB,1984-08-09,2007,,,,Oregon State; UCLA; College of the Canyons,23.06091718001369,-5.281980597649248,27.899319033943108,0,4.709530201312334,13.875,0.05128205128205128,0.001545215208135174,0.02143986101287554,0.5675675675675675,0.02702702702702703,0.04504504504504504,6.576576576576577,,,,,,,,,,,,,,,,,,,,,,,,,,
00-0025708,2009,7,138,85,1053.0,8,2.0,18.24638965807425,1204.0,432.0,52.0,5.59895211513316,0.6422461232269427,9.0,78.0,0,Matt Moore,Matthew,Moore,QB,1984-08-09,2007,,,,Oregon State; UCLA; College of the Canyons,25.062286105407257,-3.280611672255681,10.762412944140214,2,4.927253685157205,19.714285714285715,0.061224489795918366,0.13222021491358152,2.6066270940106073,0.6159420289855072,0.057971014492753624,0.014492753623188406,7.630434782608695,0.1715188881030043,111.0,4.709530201312334,0.001545215208135174,0.1589067423229509,18.074870769971245,27.0,,,,,,,,,,,,,,,,,,,
00-0025708,2010,6,143,79,857.0,5,10.0,-37.049706099115014,1247.0,351.0,47.0,3.812741345458896,0.0723349268532069,13.0,90.0,0,Matt Moore,Matthew,Moore,QB,1984-08-09,2007,,,,Oregon State; UCLA; College of the Canyons,26.06160164271047,-2.2812961349524663,5.204312055349061,3,4.962844630259907,23.833333333333332,0.08333333333333333,-0.2590888538399651,-6.174951016519169,0.5524475524475524,0.03496503496503497,0.06993006993006994,5.993006993006993,18.24638965807425,138.0,4.927253685157205,0.13222021491358152,0.6422461232269427,-55.29609575718926,5.0,,,,,,,,,,,,,,,,,,,
00-0025708,2011,13,347,210,2497.0,16,9.0,3.751228296813261,3471.0,838.0,122.0,9.728456546017,1.3952968005053827,36.0,229.0,0,Matt Moore,Matthew,Moore,QB,1984-08-09,2007,,,,Oregon State; UCLA; College of the Canyons,27.06091718001369,-1.2819805976492482,1.6434742527491237,4,5.849324779946859,26.692307692307693,0.09399477806788512,0.010810456186781732,0.28855602283178927,0.6051873198847262,0.04610951008645533,0.025936599423631124,7.195965417867435,-37.049706099115014,143.0,4.962844630259907,-0.2590888538399651,0.0723349268532069,40.80093439592827,204.0,,,,,,,,,,,,,,,,,,,
00-0025708,2017,4,127,78,861.0,4,5.0,-21.44826386769341,1039.0,324.0,38.0,3.416221108383356,0.4155243007237416,12.0,95.0,0,Matt Moore,Matthew,Moore,QB,1984-08-09,2007,,,,Oregon State; UCLA; College of the Canyons,33.06228610540725,4.719388327744316,22.272626188049287,10,4.844187086458591,31.75,0.08633093525179857,-0.16888396746215284,-5.362065966923352,0.6141732283464567,0.031496062992125984,0.03937007874015748,6.7795275590551185,29.377741281897112,87.0,4.465908118654584,0.3376751871482427,0.7936794825411908,-50.82600514959052,40.0,,,,,,,,,,,,,,,,,,,
00-0025970,2011,4,102,51,613.0,3,9.0,-61.26348904216037,925.0,216.0,29.0,2.70739450164995,-0.0138320588001356,19.0,133.0,0,Caleb Hanie,Caleb,Hanie,QB,1985-09-11,2008,,,,Colorado State,25.971252566735114,-2.3716452109278237,5.624701006516881,3,4.624972813284271,25.5,0.15702479338842976,-0.6006224415898076,-15.315872260540093,0.5,0.029411764705882353,0.08823529411764706,6.009803921568627,-3.2183081166585907,7.0,1.9459101490553132,-0.4597583023797987,0.0,-58.04518092550178,95.0,,,,,,,,,,,,,,,,,,,
00-0026143,2008,16,434,265,3440.0,16,11.0,80.96877924539848,3986.0,1325.0,157.0,14.698481182529484,2.4446882793348435,17.0,104.0,1,Matt Ryan,Matthew,Ryan,QB,1985-05-17,2008,2008.0,1.0,3.0,Boston College,23.293634496919918,-5.04926328074302,25.495059678259764,0,6.073044534100405,27.125,0.037694013303769404,0.1865640074778767,5.060548702837405,0.6105990783410138,0.03686635944700461,0.02534562211981567,7.926267281105991,,,,,,,,,,,,,,,,,,,,,,,,,,
00-0026143,2009,14,451,263,2916.0,22,14.0,47.71010538004808,3746.0,1172.0,152.0,11.373355931350872,1.206014845063025,19.0,92.0,0,Matt Ryan,Matthew,Ryan,QB,1985-05-17,2008,2008.0,1.0,3.0,Boston College,24.292950034223136,-4.049947743439802,16.40207672459314,1,6.111467339502679,32.214285714285715,0.04042553191489362,0.1057873733482219,3.407864670003434,0.5831485587583148,0.04878048780487805,0.031042128603104215,6.465631929046563,80.96877924539848,434.0,6.073044534100405,0.1865640074778767,2.4446882793348435,-33.2586738653504,17.0,,,,,,,,,,,,,,,,,,,
00-0026143,2010,16,571,357,3705.0,28,9.0,99.49467244909644,4781.0,1351.0,199.0,12.92858665549454,2.1835112104711247,23.0,158.0,2,Matt Ryan,Matthew,Ryan,QB,1985-05-17,2008,2008.0,1.0,3.0,Boston College,25.29226557152635,-3.050632206136587,9.30635685711778,2,6.3473892096560105,35.6875,0.03872053872053872,0.1742463615570866,6.218417028068528,0.6252189141856392,0.04903677758318739,0.01576182136602452,6.48861646234676,47.71010538004808,451.0,6.111467339502679,0.1057873733482219,1.206014845063025,51.784567069048364,120.0,,,,,,,,,,,,,,,,,,,
00-0026143,2011,16,566,347,4177.0,29,12.0,87.78109609545749,5099.0,1718.0,205.0,14.483020773297584,2.442921967740386,26.0,173.0,0,Matt Ryan,Matthew,Ryan,QB,1985-05-17,2008,2008.0,1.0,3.0,Boston College,26.29158110882957,-2.051316668833369,4.20790007583363,3,6.338594078203183,35.375,0.04391891891891892,0.15509027578702736,5.486318505966093,0.6130742049469965,0.05123674911660778,0.02120141342756184,7.379858657243816,99.49467244909644,571.0,6.3473892096560105,0.1742463615570866,2.1835112104711247,-11.713576353638956,-5.0,,,,,,,,,,,,,,,,,,,
00-0026143,2012,16,615,422,4719.0,32,14.0,141.7550071679022,5004.0,2061.0,246.0,16.63798871236908,2.860381403315789,28.0,210.0,0,Matt Ryan,Matthew,Ryan,QB,1985-05-17,2008,2008.0,1.0,3.0,Boston College,27.293634496919918,-1.0492632807430198,1.1009534323156052,4,6.421622267806518,38.4375,0.04354587869362364,0.23049594661447512,8.859687947993887,0.6861788617886179,0.05203252032520325,0.022764227642276424,7.673170731707317,87.78109609545749,566.0,6.338594078203183,0.15509027578702736,2.442921967740386,53.97391107244471,49.0,,,,,,,,,,,,,,,,,,,
00-0026143,2013,16,651,439,4515.0,26,17.0,37.06585420053572,4439.0,2117.0,225.0,17.45019370077574,1.7703545915263867,44.0,298.0,0,Matt Ryan,Matthew,Ryan,QB,1985-05-17,2008,2008.0,1.0,3.0,Boston College,28.292950034223136,-0.049947743439801684,0.0024947770747282523,5,6.478509642208569,40.6875,0.06330935251798561,0.056936796006967307,2.3166158875334824,0.674347158218126,0.039938556067588324,0.026113671274961597,6.935483870967742,141.7550071679022,615.0,6.421622267806518,0.23049594661447512,2.860381403315789,-104.68915296736648,36.0,,,,,,,,,,,,,,,,,,,
00-0026143,2014,16,628,415,4694.0,28,14.0,71.84747865334776,4853.0,2073.0,230.0,16.25646412976488,2.135818012480791,31.0,205.0,1,Matt Ryan,Matthew,Ryan,QB,1985-05-17,2008,2008.0,1.0,3.0,Boston College,29.29226557152635,0.9493677938634129,0.9012992080250836,6,6.4425401664681985,39.25,0.04704097116843703,0.11440681314227351,4.490467415834235,0.660828025477707,0.044585987261146494,0.022292993630573247,7.474522292993631,37.06585420053572,651.0,6.478509642208569,0.056936796006967307,1.7703545915263867,34.781624452812046,-23.0,,,,,,,,,,,,,,,,,,,
00-0026143,2015,16,614,407,4591.0,21,16.0,79.66134243190754,4741.0,1835.0,229.0,16.599099744017856,1.64857112574951,30.0,206.0,1,Matt Ryan,Matthew,Ryan,QB,1985-05-17,2008,2008.0,1.0,3.0,Boston College,30.29158110882957,1.948683331166631,3.7973667251666776,7,6.419994928147142,38.375,0.046583850931677016,0.1297416000519667,4.978833901994221,0.6628664495114006,0.03420195439739414,0.026058631921824105,7.477198697068404,71.84747865334776,628.0,6.4425401664681985,0.11440681314227351,2.135818012480791,7.813863778559778,-14.0,,,,,,,,,,,,,,,,,,,
00-0026143,2016,16,534,373,4944.0,38,7.0,176.4265240257243,4619.0,2262.0,238.0,18.11942541894716,3.285631167304054,37.0,235.0,1,Matt Ryan,Matthew,Ryan,QB,1985-05-17,2008,2008.0,1.0,3.0,Boston College,31.293634496919918,2.9507367192569802,8.706847186371446,8,6.280395838960195,33.375,0.0647985989492119,0.33038674911184324,11.026657751607768,0.6985018726591761,0.07116104868913857,0.013108614232209739,9.258426966292134,79.66134243190754,614.0,6.419994928147142,0.1297416000519667,1.64857112574951,96.76518159381675,-80.0,,,,,,,,,,,,,,,,,,,
00-0026143,2017,16,529,342,4095.0,20,12.0,70.37926863303906,4719.0,1861.0,199.0,14.258494410220454,2.1210817713642287,24.0,156.0,0,Matt Ryan,Matthew,Ryan,QB,1985-05-17,2008,2008.0,1.0,3.0,Boston College,32.29295003422313,3.9500522565601948,15.602912829556287,9,6.270988431858299,33.0625,0.0433996383363472,0.1330420957146296,4.398704289564941,0.6465028355387523,0.03780718336483932,0.022684310018903593,7.741020793950851,176.4265240257243,534.0,6.280395838960195,0.33038674911184324,3.285631167304054,-106.04725539268523,-5.0,,,,,,,,,,,,,,,,,,,
00-0026143,2018,16,608,422,4924.0,35,7.0,122.4606328052705,5201.0,2133.0,236.0,15.39399463072155,2.6107959821037117,42.0,296.0,2,Matt Ryan,Matthew,Ryan,QB,1985-05-17,2008,2008.0,1.0,3.0,Boston College,33.29226557152635,4.949367793863413,24.496241558932386,10,6.410174881966167,38.0,0.06461538461538462,0.20141551448235281,7.653789550329407,0.694078947368421,0.05756578947368421,0.011513157894736841,8.098684210526315,70.37926863303906,529.0,6.270988431858299,0.1330420957146296,2.1210817713642287,52.081364172231446,79.0,16.0,38.0,7.220341635499897,7.6537897,10.304645892239918,0.19620388067029443,0.2946071808887444,8.154406553923117,1.7564432371525347,0.6919750824239287,0.05989442605419774,0.011406940383051126,-12.8366995,19.785025,0.19000899040789201,1.3463455746948363,1.5015359527154775,13.0,0.8125
00-0026143,2019,15,616,408,4466.0,26,14.0,20.470535377422227,5051.0,1626.0,228.0,13.33401183864376,1.687209496375227,48.0,316.0,1,Matt Ryan,Matthew,Ryan,QB,1985-05-17,2008,2008.0,1.0,3.0,Boston College,34.29158110882957,5.948683331166631,35.38683337449972,11,6.423246963533519,41.06666666666667,0.07228915662650602,0.033231388599711406,1.364702358494815,0.6623376623376623,0.04220779220779221,0.022727272727272728,7.25,122.4606328052705,608.0,6.410174881966167,0.20141551448235281,2.6107959821037117,-101.99009742784828,8.0,15.0,41.06666666666667,7.923443214976201,1.3647021866666667,12.051795220734224,0.04955872556814367,0.33726884132361673,7.337242522137547,1.6273094668967543,0.6638433455020976,0.04394307113169437,0.022412575890559196,-16.7606,21.298214,0.1929409873776672,8.831080757752106,6.80543814347827,8.0,0.5333333333333333
00-0026143,2020,16,626,407,4581.0,26,11.0,68.41089281225402,5342.0,1642.0,242.0,14.369335328052175,1.8408972840899616,41.0,257.0,1,Matt Ryan,Matthew,Ryan,QB,1985-05-17,2008,2008.0,1.0,3.0,Boston College,35.29363449691992,6.950736719256984,48.31274094042734,12,6.439350371100098,39.125,0.06146926536731634,0.10928257637740259,4.275680800765876,0.6501597444089456,0.04153354632587859,0.01757188498402556,7.317891373801917,20.470535377422227,616.0,6.423246963533519,0.033231388599711406,1.687209496375227,47.940357434831796,10.0,16.0,39.125,5.998610950322861,4.2756808625,11.4475481447103,0.10800990813287138,0.2999210451877548,7.329532399140012,1.2661826131414478,0.6490744803802839,0.040998919778877485,0.01920069853869196,-15.592277,30.441586,0.1533191297207121,2.677362626643022,2.776791966333298,10.0,0.625
00-0026143,2021,17,560,375,3968.0,20,12.0,8.224791799200407,4002.0,1721.0,195.0,17.839688325057043,1.6425844286860396,40.0,274.0,0,Matt Ryan,Matthew,Ryan,QB,1985-05-17,2008,2008.0,1.0,3.0,Boston College,36.29295003422313,7.950052256560195,63.20333088203785,13,6.327936783729195,32.94117647058823,0.06666666666666667,0.01468712821285787,0.4838112823059063,0.6696428571428571,0.03571428571428571,0.02142857142857143,7.085714285714285,68.41089281225402,626.0,6.439350371100098,0.10928257637740259,1.8408972840899616,-60.186101013053616,-66.0,17.0,32.94117647058823,7.733616458644155,0.48381132941176475,11.477736870999683,-0.018110482145330516,0.37172537108173254,7.093961753733016,1.6088477234863252,0.6623217891259848,0.03328451771270803,0.023279054174635796,-15.975289,21.30798,0.23477049963741187,23.72358019179652,20.525426551251464,8.0,0.47058823529411764
00-0026143,2022,12,461,309,3057.0,14,13.0,-24.760005779762064,2772.0,1405.0,156.0,13.382329482733397,0.7375237775341289,38.0,287.0,0,Matt Ryan,Matthew,Ryan,QB,1985-05-17,2008,2008.0,1.0,3.0,Boston College,37.29226557152635,8.949367793863413,80.09118390983969,14,6.133398042996649,38.416666666666664,0.07615230460921844,-0.053709340086251764,-2.063333814980172,0.6702819956616052,0.03036876355748373,0.028199566160520606,6.631236442516269,8.224791799200407,560.0,6.327936783729195,0.01468712821285787,1.6425844286860396,-32.98479757896247,-99.0,12.0,38.416666666666664,8.691253004479778,-2.0633338416666667,10.368557730598651,-0.07287905861949395,0.2822777845606274,6.6469506735896715,1.1545446573471785,0.6666842526787704,0.029336887795305647,0.029312908839451163,-20.349194,17.657375,0.22623652072398556,5.025147904433829,3.873235877461276,4.0,0.3333333333333333
00-0026158,2008,16,428,257,2971.0,14,12.0,-6.327041898062928,3642.0,1376.0,143.0,13.367840124067191,1.2201697709882096,33.0,277.0,1,Joe Flacco,Joseph,Flacco,QB,1985-01-16,2008,2008.0,1.0,18.0,Delaware; Pittsburgh,23.6249144421629,-4.717983335500037,22.259366754056053,0,6.059123195581797,26.75,0.07158351409978309,-0.014782808173044224,-0.395440118628933,0.6004672897196262,0.03271028037383177,0.028037383177570093,6.941588785046729,,,,,,,,,,,,,,,,,,,,,,,,,,
00-0026158,2009,16,499,315,3613.0,21,12.0,51.8488912794945,4328.0,1649.0,186.0,14.65043530617472,1.8203586855454896,37.0,224.0,0,Joe Flacco,Joseph,Flacco,QB,1985-01-16,2008,2008.0,1.0,18.0,Delaware; Pittsburgh,24.62422997946612,-3.718667798196819,13.828490193345976,1,6.212606095751519,31.1875,0.06902985074626866,0.10390559374648196,3.2405557049684064,0.6312625250501002,0.04208416833667335,0.02404809619238477,7.240480961923848,-6.327041898062928,428.0,6.059123195581797,-0.014782808173044224,1.2201697709882096,58.17593317755743,71.0,,,,,,,,,,,,,,,,,,,
00-0026158,2010,16,489,306,3622.0,25,10.0,45.02374387248377,4442.0,1507.0,174.0,13.853458530362154,2.015839035917908,40.0,294.0,0,Joe Flacco,Joseph,Flacco,QB,1985-01-16,2008,2008.0,1.0,18.0,Delaware; Pittsburgh,25.623545516769337,-2.7193522608936007,7.394876718827138,2,6.192362489474872,30.5625,0.07561436672967864,0.09207309585375004,2.8139839920302356,0.6257668711656442,0.05112474437627812,0.02044989775051125,7.406952965235174,51.8488912794945,499.0,6.212606095751519,0.10390559374648196,1.8203586855454896,-6.825147407010732,-10.0,,,,,,,,,,,,,,,,,,,
00-0026158,2011,16,542,312,3610.0,20,12.0,30.54128362630674,5020.0,1586.0,179.0,12.266983633234076,1.4539021792968452,31.0,203.0,0,Joe Flacco,Joseph,Flacco,QB,1985-01-16,2008,2008.0,1.0,18.0,Delaware; Pittsburgh,26.622861054072555,-1.7200367235903826,2.9585263304995384,3,6.295266001439646,33.875,0.05410122164048865,0.05634923178285376,1.9088302266441712,0.5756457564575646,0.03690036900369004,0.02214022140221402,6.660516605166052,45.02374387248377,489.0,6.192362489474872,0.09207309585375004,2.015839035917908,-14.48246024617703,53.0,,,,,,,,,,,,,,,,,,,
00-0026158,2012,16,531,317,3817.0,22,10.0,15.820617883477349,5341.0,1544.0,174.0,11.568392559178845,1.6162243957544975,35.0,227.0,1,Joe Flacco,Joseph,Flacco,QB,1985-01-16,2008,2008.0,1.0,18.0,Delaware; Pittsburgh,27.6249144421629,-0.7179833355000369,0.5155000700557586,4,6.274762021241939,33.1875,0.061837455830388695,0.029794007313516665,0.9887886177173343,0.5969868173258004,0.04143126177024482,0.018832391713747645,7.188323917137477,30.54128362630674,542.0,6.295266001439646,0.05634923178285376,1.4539021792968452,-14.720665742829391,-11.0,,,,,,,,,,,,,,,,,,,
00-0026158,2013,16,614,362,3912.0,19,22.0,-35.64454589617082,5754.0,1750.0,189.0,11.324291838546024,1.1974818178051168,48.0,324.0,2,Joe Flacco,Joseph,Flacco,QB,1985-01-16,2008,2008.0,1.0,18.0,Delaware; Pittsburgh,28.62422997946612,0.2813322018031812,0.07914780777142587,5,6.419994928147142,38.375,0.07250755287009064,-0.05805300634555508,-2.227784118510676,0.5895765472312704,0.030944625407166124,0.035830618892508145,6.371335504885994,15.820617883477349,531.0,6.274762021241939,0.029794007313516665,1.6162243957544975,-51.465163779648165,83.0,,,,,,,,,,,,,,,,,,,
00-0026158,2014,16,554,344,3986.0,27,12.0,73.29455290800261,4623.0,1751.0,194.0,14.8810606028822,2.377263428871371,19.0,167.0,0,Joe Flacco,Joseph,Flacco,QB,1985-01-16,2008,2008.0,1.0,18.0,Delaware; Pittsburgh,29.623545516769337,1.2806477391063993,1.640058631678332,6,6.317164686747284,34.625,0.03315881326352531,0.13230063701805525,4.580909556750163,0.6209386281588448,0.048736462093862815,0.021660649819494584,7.194945848375451,-35.64454589617082,614.0,6.419994928147142,-0.05805300634555508,1.1974818178051168,108.93909880417343,-60.0,,,,,,,,,,,,,,,,,,,
00-0026158,2015,10,413,266,2791.0,14,12.0,6.087360314581819,3039.0,1487.0,123.0,9.5633576746312,0.7295394203363852,16.0,124.0,1,Joe Flacco,Joseph,Flacco,QB,1985-01-16,2008,2008.0,1.0,18.0,Delaware; Pittsburgh,30.622861054072555,2.2799632764096174,5.198232541776477,7,6.023447592961033,41.3,0.037296037296037296,0.014739371221747745,0.6087360314581819,0.6440677966101694,0.03389830508474576,0.029055690072639227,6.757869249394673,73.29455290800261,554.0,6.317164686747284,0.13230063701805525,2.377263428871371,-67.2071925934208,-141.0,,,,,,,,,,,,,,,,,,,
00-0026158,2016,16,672,436,4317.0,20,15.0,-26.375798897186947,4967.0,2071.0,204.0,14.701157875594523,0.9145474972617677,33.0,243.0,4,Joe Flacco,Joseph,Flacco,QB,1985-01-16,2008,2008.0,1.0,18.0,Delaware; Pittsburgh,31.6249144421629,3.282016664499963,10.771633386055463,8,6.51025834052315,42.0,0.04680851063829787,-0.039249700739861525,-1.6484874310741842,0.6488095238095238,0.02976190476190476,0.022321428571428572,6.424107142857143,6.087360314581819,413.0,6.023447592961033,0.014739371221747745,0.7295394203363852,-32.46315921176877,259.0,,,,,,,,,,,,,,,,,,,
00-0026158,2017,16,549,352,3141.0,18,13.0,-52.5727826322,3679.0,1470.0,161.0,14.79025264187482,1.1777085710003254,27.0,205.0,1,Joe Flacco,Joseph,Flacco,QB,1985-01-16,2008,2008.0,1.0,18.0,Delaware; Pittsburgh,32.62422997946612,4.281332201803185,18.329805422196905,9,6.3080984415095305,34.3125,0.046875,-0.0957609884010929,-3.2857989145125,0.6411657559198543,0.03278688524590164,0.023679417122040074,5.721311475409836,-26.375798897186947,672.0,6.51025834052315,-0.039249700739861525,0.9145474972617677,-26.196983735013056,-123.0,,,,,,,,,,,,,,,,,,,
00-0026158,2018,9,379,232,2465.0,12,6.0,19.17978335528972,3237.0,1015.0,122.0,7.041391667420812,0.7559634167437849,16.0,79.0,0,Joe Flacco,Joseph,Flacco,QB,1985-01-16,2008,2008.0,1.0,18.0,Delaware; Pittsburgh,33.62354551676933,5.280647739106396,27.885240544529488,10,5.937536205082426,42.111111111111114,0.04050632911392405,0.05060628853638449,2.1310870394766357,0.6121372031662269,0.0316622691292876,0.0158311345646438,6.503957783641161,-52.5727826322,549.0,6.3080984415095305,-0.0957609884010929,1.1777085710003254,71.75256598748973,-170.0,9.0,42.111111111111114,7.912718313646147,2.1310871000000002,8.806232383504783,0.07272029178975561,0.20775489424846033,6.52708321090674,1.13197089289328,0.6197532844591669,0.03346312022782611,0.014725539725539725,-10.237718,11.536174,0.18790096259318026,4.132272389760504,2.856904024107994,5.0,0.5555555555555556
00-0026158,2019,8,262,171,1822.0,6,5.0,-23.281209961145215,1777.0,907.0,86.0,8.731914483048534,0.4870294049146756,26.0,194.0,1,Joe Flacco,Joseph,Flacco,QB,1985-01-16,2008,2008.0,1.0,18.0,Delaware; Pittsburgh,34.62286105407255,6.279963276409614,39.43793875305337,11,5.568344503761097,32.75,0.09027777777777778,-0.08885958000437105,-2.910151245143152,0.6526717557251909,0.022900763358778626,0.019083969465648856,6.9541984732824424,19.17978335528972,379.0,5.937536205082426,0.05060628853638449,0.7559634167437849,-42.46099331643494,-117.0,8.0,32.75,8.6972902183874,-2.9101512375,9.316202294371484,-0.11499170294941863,0.27564645936890225,7.115913442604663,1.3556315418558618,0.6539407621692784,0.022650679117147708,0.020814104226082448,-20.40842,7.573604,0.26556611353854653,3.2012777117297446,2.3970986801556524,3.0,0.375
00-0026158,2020,5,134,74,864.0,6,3.0,-9.165092194288736,1425.0,342.0,36.0,4.4408872302214695,0.4224763679746084,7.0,69.0,0,Joe Flacco,Joseph,Flacco,QB,1985-01-16,2008,2008.0,1.0,18.0,Delaware; Pittsburgh,35.624914442162904,7.282016664499967,53.02776670205522,12,4.897839799950911,26.8,0.04964539007092199,-0.06839621040513982,-1.833018438857747,0.5522388059701493,0.04477611940298507,0.022388059701492536,6.447761194029851,-23.281209961145215,262.0,5.568344503761097,-0.08885958000437105,0.4870294049146756,14.11611776685648,-128.0,5.0,26.8,15.514509338035799,-1.833018646,11.47071841722368,-0.09039836542424243,0.41463021663742344,7.089939393939394,2.343919339398253,0.6485454545454545,0.043393939393939394,0.019212121212121215,-18.157492,14.237413,0.5788996021655148,6.257829641970636,4.5867003755162,1.0,0.2
00-0026158,2022,5,191,110,1051.0,5,3.0,-25.36170515305042,1537.0,432.0,55.0,2.9259999318418233,0.1847631111054904,10.0,66.0,0,Joe Flacco,Joseph,Flacco,QB,1985-01-16,2008,2008.0,1.0,18.0,Delaware; Pittsburgh,37.62354551676933,9.280647739106396,86.13042245738066,14,5.25227342804663,38.2,0.04975124378109453,-0.1327837966128294,-5.072341030610084,0.5759162303664922,0.02617801047120419,0.015706806282722512,5.50261780104712,6.294119076454828,42.0,3.7376696182833684,0.14985997801082923,0.0840961728319155,-31.655824229505246,149.0,5.0,38.2,21.924871721403527,-5.072340848,12.998124685975473,-0.5389614466799415,1.0761947979158173,4.508762988424006,2.5001669431205666,0.5270554304452609,0.02157164869029276,0.011082138200782268,-23.438705,12.344181,0.5739495215027101,2.5625495359012738,1.99679365666188,2.0,0.4
00-0026158,2023,5,204,123,1616.0,13,8.0,-1.607587160902579,1910.0,678.0,60.0,4.883884955405668,0.3678736895371929,8.0,57.0,1,Joe Flacco,Joseph,Flacco,QB,1985-01-16,2008,2008.0,1.0,18.0,Delaware; Pittsburgh,38.62286105407255,10.279963276409614,105.67764496433028,15,5.318119993844216,40.8,0.03773584905660377,-0.007880329220110682,-0.32151743218051576,0.6029411764705882,0.06372549019607843,0.0392156862745098,7.921568627450981,-25.36170515305042,191.0,5.25227342804663,-0.1327837966128294,0.1847631111054904,23.75411799214784,13.0,6.0,41.666666666666664,6.3456021516217564,-3.2278134666666674,14.279196858095403,-0.054719690193770355,0.33795565285072404,7.879138100502419,1.7718760256257053,0.6290047797169236,0.0590319558835301,0.0397852300401026,-17.759293,19.032988,0.15229445163892216,4.423798650558762,6.176125114268266,2.0,0.3333333333333333
00-0026197,2009,14,451,274,2878.0,12,14.0,13.642078074660438,3778.0,1136.0,156.0,11.147000196446626,1.1298446802050832,26.0,176.0,0,Chad Henne,Chad,Henne,QB,1985-07-02,2008,2008.0,2.0,57.0,Michigan,24.16700889801506,-4.175888879647879,17.438047935166814,1,6.111467339502679,32.214285714285715,0.05450733752620545,0.03024851014337126,0.9744341481900313,0.6075388026607539,0.026607538802660754,0.031042128603104215,6.381374722838138,3.130583201069385,12.0,2.4849066497880004,0.26088193342244875,0.1642559917621037,10.511494873591053,439.0,,,,,,,,,,,,,,,,,,,
00-0026197,2010,15,491,302,3298.0,15,18.0,-3.105561226960066,3965.0,1306.0,168.0,12.633635899330024,0.8802433288177403,30.0,178.0,0,Chad Henne,Chad,Henne,QB,1985-07-02,2008,2008.0,2.0,57.0,Michigan,25.166324435318277,-3.1765733423446605,10.090618199294727,2,6.19644412779452,32.733333333333334,0.05758157389635317,-0.0063249719490021715,-0.20703741513067106,0.615071283095723,0.03054989816700611,0.03665987780040733,6.716904276985743,13.642078074660438,451.0,6.111467339502679,0.03024851014337126,1.1298446802050832,-16.747639301620502,40.0,,,,,,,,,,,,,,,,,,,
00-0026197,2011,4,112,64,868.0,4,4.0,5.6628644867453275,1028.0,333.0,41.0,3.1006525427594145,0.2939680835677104,11.0,67.0,0,Chad Henne,Chad,Henne,QB,1985-07-02,2008,2008.0,2.0,57.0,Michigan,26.16563997262149,-2.177257805041446,4.740451549613895,3,4.718498871295094,28.0,0.08943089430894309,0.05056129006022614,1.4157161216863319,0.5714285714285714,0.03571428571428571,0.03571428571428571,7.75,-3.105561226960066,491.0,6.19644412779452,-0.0063249719490021715,0.8802433288177403,8.768425713705394,-379.0,,,,,,,,,,,,,,,,,,,
00-0026197,2012,10,308,166,2084.0,11,11.0,-44.91556376237337,2802.0,853.0,85.0,7.960409933512726,0.3215633527578803,28.0,169.0,0,Chad Henne,Chad,Henne,QB,1985-07-02,2008,2008.0,2.0,57.0,Michigan,27.16769336071184,-1.1752044169510967,1.3811054216213672,4,5.730099782973574,30.8,0.08333333333333333,-0.14582975247523822,-4.4915563762373365,0.538961038961039,0.03571428571428571,0.03571428571428571,6.766233766233766,5.6628644867453275,112.0,4.718498871295094,0.05056129006022614,0.2939680835677104,-50.578428249118694,196.0,,,,,,,,,,,,,,,,,,,
00-0026197,2013,15,503,305,3241.0,13,14.0,-33.60874612017805,3266.0,1801.0,151.0,15.285808184722676,0.468179802484379,38.0,243.0,0,Chad Henne,Chad,Henne,QB,1985-07-02,2008,2008.0,2.0,57.0,Michigan,28.16700889801506,-0.17588887964787858,0.030936897983785915,5,6.220590170099739,33.53333333333333,0.07024029574861368,-0.0668165926842506,-2.2405830746785367,0.6063618290258449,0.02584493041749503,0.027833001988071572,6.443339960238569,-44.91556376237337,308.0,5.730099782973574,-0.14582975247523822,0.3215633527578803,11.30681764219532,195.0,,,,,,,,,,,,,,,,,,,
00-0026300,2009,5,125,63,685.0,4,8.0,-30.191430002775075,1008.0,280.0,32.0,4.006898451125541,-0.0977654601145166,11.0,59.0,0,Josh Johnson,Joshua,Johnson,QB,1986-05-15,2008,2008.0,5.0,160.0,San Diego,23.299110198494184,-5.043787579168754,25.439793143777,1,4.8283137373023015,25.0,0.08088235294117647,-0.2415314400222006,-6.038286000555015,0.504,0.032,0.064,5.48,,,,,,,,,,,,,,,,,,,,,,,,,,
00-0026349,2013,7,200,124,1392.0,8,5.0,-25.65496661985814,1424.0,721.0,69.0,6.644103210023242,0.4270426723225444,24.0,135.0,0,Matt Flynn,Matthew,Flynn,QB,1985-06-20,2008,2008.0,7.0,209.0,LSU,28.199863107460644,-0.14303467020229377,0.020458916879878945,5,5.298317366548036,28.571428571428573,0.10714285714285714,-0.1282748330992907,-3.6649952314083056,0.62,0.04,0.025,6.96,3.654005476112261,9.0,2.1972245773362196,0.4060006084569179,0.1643984824837238,-29.3089720959704,191.0,,,,,,,,,,,,,,,,,,,
00-0026498,2009,10,377,201,2267.0,13,20.0,-73.41789469682463,3035.0,1192.0,111.0,7.537126906516847,0.195022426691204,23.0,169.0,1,Matthew Stafford,John,Stafford,QB,1988-02-07,2009,2009.0,1.0,1.0,Georgia,21.56605065023956,-6.776847127423377,45.92565698846647,0,5.932245187448011,37.7,0.0575,-0.19474242625152421,-7.341789469682463,0.53315649867374,0.034482758620689655,0.05305039787798409,6.013262599469496,,,,,,,,,,,,,,,,,,,,,,,,,,
00-0026498,2011,16,673,428,5100.0,41,16.0,92.20655684904467,5457.0,2271.0,246.0,15.646409653380143,1.9674341352774616,38.0,265.0,2,Matthew Stafford,John,Stafford,QB,1988-02-07,2009,2009.0,1.0,1.0,Georgia,23.564681724845997,-4.778216052816941,22.831348647397505,2,6.511745329644728,42.0625,0.053445850914205346,0.13700825683364737,5.762909803065292,0.6359583952451708,0.06092124814264487,0.0237741456166419,7.578008915304606,-0.0562482454697601,96.0,4.564348191467836,-0.0005859192236433344,0.1768377188537041,92.26280509451443,577.0,,,,,,,,,,,,,,,,,,,
00-0026498,2012,16,727,435,4967.0,20,17.0,32.44172258084128,6317.0,2048.0,264.0,13.329172937966115,1.3105402543575426,29.0,212.0,1,Matthew Stafford,John,Stafford,QB,1988-02-07,2009,2009.0,1.0,1.0,Georgia,24.566735112936346,-3.7761626647265913,14.259404470475031,3,6.588926477533519,45.4375,0.03835978835978836,0.04462410258712693,2.02760766130258,0.5983493810178817,0.027510316368638238,0.023383768913342505,6.832187070151306,92.20655684904467,673.0,6.511745329644728,0.13700825683364737,1.9674341352774616,-59.764834268203394,54.0,,,,,,,,,,,,,,,,,,,
00-0026498,2013,16,634,371,4650.0,29,19.0,56.62307376059545,5241.0,2270.0,221.0,15.14216035644994,1.0878428240198423,23.0,168.0,2,Matthew Stafford,John,Stafford,QB,1988-02-07,2009,2009.0,1.0,1.0,Georgia,25.56605065023956,-2.776847127423377,7.71087996907946,4,6.452048954437226,39.625,0.0350076103500761,0.08931084189368368,3.538942110037216,0.5851735015772871,0.04574132492113565,0.02996845425867508,7.334384858044164,32.44172258084128,727.0,6.588926477533519,0.04462410258712693,1.3105402543575426,24.181351179754174,-93.0,,,,,,,,,,,,,,,,,,,
00-0026498,2014,16,602,363,4257.0,22,12.0,30.499920785969284,4822.0,2206.0,209.0,14.787025943279266,0.9434971401198574,45.0,254.0,1,Matthew Stafford,John,Stafford,QB,1988-02-07,2009,2009.0,1.0,1.0,Georgia,26.56536618754278,-1.7775315901201587,3.1596185538751,5,6.400257445308821,37.625,0.0695517774343122,0.050664320242473894,1.9062450491230802,0.6029900332225914,0.036544850498338874,0.019933554817275746,7.071428571428571,56.62307376059545,634.0,6.452048954437226,0.08931084189368368,1.0878428240198423,-26.12315297462617,-32.0,,,,,,,,,,,,,,,,,,,
00-0026498,2015,16,592,398,4262.0,32,13.0,25.566938680494655,3820.0,2413.0,223.0,19.505241326789537,1.4983522412905614,44.0,251.0,0,Matthew Stafford,John,Stafford,QB,1988-02-07,2009,2009.0,1.0,1.0,Georgia,27.564681724845997,-0.7782160528169406,0.6056202248619793,6,6.3835066348840055,37.0,0.06918238993710692,0.043187396419754484,1.597933667530916,0.6722972972972973,0.05405405405405406,0.02195945945945946,7.199324324324325,30.499920785969284,602.0,6.400257445308821,0.050664320242473894,0.9434971401198574,-4.932982105474629,-10.0,,,,,,,,,,,,,,,,,,,
00-0026498,2016,16,594,388,4327.0,24,10.0,73.89057127971115,4421.0,2227.0,217.0,17.622828953708005,1.8259337680609768,37.0,216.0,1,Matthew Stafford,John,Stafford,QB,1988-02-07,2009,2009.0,1.0,1.0,Georgia,28.566735112936346,0.22383733527340866,0.05010315266230035,7,6.386879319362645,37.125,0.058637083993660855,0.12439490114429487,4.618160704981947,0.6531986531986532,0.04040404040404041,0.016835016835016835,7.284511784511785,25.566938680494655,592.0,6.3835066348840055,0.043187396419754484,1.4983522412905614,48.323632599216495,2.0,,,,,,,,,,,,,,,,,,,
00-0026498,2017,16,565,371,4446.0,29,10.0,38.3132342865771,4543.0,2103.0,209.0,16.23736693367934,1.7139434615049742,47.0,287.0,1,Matthew Stafford,John,Stafford,QB,1988-02-07,2009,2009.0,1.0,1.0,Georgia,29.56605065023956,1.2231528725766232,1.496102949692445,8,6.336825731146441,35.3125,0.07679738562091504,0.06781103413553469,2.3945771429110687,0.6566371681415929,0.05132743362831858,0.017699115044247787,7.869026548672567,73.89057127971115,594.0,6.386879319362645,0.12439490114429487,1.8259337680609768,-35.577336993134054,-29.0,,,,,,,,,,,,,,,,,,,
00-0026498,2018,16,555,367,3777.0,21,11.0,10.256432385859132,3836.0,2030.0,198.0,16.6750375017898,1.354659786398122,40.0,255.0,0,Matthew Stafford,John,Stafford,QB,1988-02-07,2009,2009.0,1.0,1.0,Georgia,30.56536618754278,2.2224684098798413,4.93936583291383,9,6.318968113746434,34.6875,0.06722689075630252,0.018480058352899335,0.6410270241161957,0.6612612612612613,0.03783783783783784,0.01981981981981982,6.805405405405406,38.3132342865771,565.0,6.336825731146441,0.06781103413553469,1.7139434615049742,-28.056801900717968,-10.0,16.0,34.6875,8.203403765104662,0.6410269749999999,10.62462264267067,0.042150663053942355,0.3374876861198486,6.8788306410857665,1.7153307451607558,0.6664131742294579,0.03877057235274206,0.01689299727414716,-15.735497,17.518835,0.23649452295797224,16.57437683128806,8.00669934154887,9.0,0.5625
00-0026498,2019,8,291,187,2499.0,19,5.0,69.60849164905136,3109.0,890.0,117.0,6.4082713715126784,1.0927714532640564,18.0,137.0,0,Matthew Stafford,John,Stafford,QB,1988-02-07,2009,2009.0,1.0,1.0,Georgia,31.564681724845997,3.2217839471830594,10.379891802326455,10,5.673323267171493,36.375,0.05825242718446602,0.23920443865653387,8.70106145613142,0.6426116838487973,0.06529209621993128,0.01718213058419244,8.587628865979381,10.256432385859132,555.0,6.318968113746434,0.018480058352899335,1.354659786398122,59.35205926319223,-264.0,8.0,36.375,6.254998001598402,8.70106155,5.468231186540138,0.2339461098606005,0.14948237075055373,8.56529670811414,1.3079567159485266,0.644755425035868,0.06357853100589829,0.01806614159891599,0.9877928,16.98674,0.1719587079477224,0.6284556378687078,0.6389607027003977,8.0,1.0
00-0026498,2020,16,528,339,4084.0,26,10.0,55.84689829382474,4609.0,1741.0,205.0,16.86393990038365,1.7380348453668275,38.0,254.0,2,Matthew Stafford,John,Stafford,QB,1988-02-07,2009,2009.0,1.0,1.0,Georgia,32.56673511293634,4.223837335273405,17.84080183484954,11,6.269096283706261,33.0,0.06713780918727916,0.10577064070800139,3.490431143364046,0.6420454545454546,0.04924242424242424,0.01893939393939394,7.734848484848484,69.60849164905136,291.0,5.673323267171493,0.23920443865653387,1.0927714532640564,-13.761593355226623,237.0,16.0,33.0,9.13600934033381,3.49043115,8.137765954661537,0.07960631757519272,0.26241003462563695,7.598407094845514,1.2726415207904767,0.645033832967449,0.04700021657001021,0.01780095744309454,-11.072867,17.361822,0.27684876788890334,2.331450071622681,3.2963468556094893,10.0,0.625
00-0026498,2021,17,601,404,4886.0,41,17.0,116.43642310095348,5094.0,2124.0,233.0,17.10571240608431,2.4369472029108756,30.0,243.0,2,Matthew Stafford,John,Stafford,QB,1988-02-07,2009,2009.0,1.0,1.0,Georgia,33.56605065023956,5.223152872576623,27.28132593030543,12,6.398594934535208,35.35294117647059,0.04754358161648178,0.1937378088202221,6.849201358879617,0.6722129783693843,0.06821963394342762,0.028286189683860232,8.129783693843594,55.84689829382474,528.0,6.269096283706261,0.10577064070800139,1.7380348453668275,60.58952480712874,73.0,21.0,35.285714285714285,7.079144419651694,7.884874180952382,10.861897521325464,0.2632143474187185,0.32537424533996145,8.446960882003285,1.7749343154917532,0.683930548341238,0.07202983938318416,0.025936035856626866,-20.003672,18.848577,0.2006235260630035,1.3775612992740867,1.236156951666315,16.0,0.7619047619047619
00-0026498,2022,9,303,206,2087.0,10,8.0,-24.03734681550175,2027.0,1119.0,105.0,9.687971224528836,0.6961748722739384,29.0,208.0,0,Matthew Stafford,John,Stafford,QB,1988-02-07,2009,2009.0,1.0,1.0,Georgia,34.56536618754278,6.222468409879841,38.71911311195256,13,5.713732805509369,33.666666666666664,0.08734939759036145,-0.07933117760891667,-2.670816312833528,0.6798679867986799,0.033003300330033,0.026402640264026403,6.887788778877888,116.43642310095348,601.0,6.398594934535208,0.1937378088202221,2.4369472029108756,-140.47376991645524,-298.0,9.0,33.666666666666664,9.354143466934852,-2.67081633,9.899556329148833,-0.027773449155169588,0.2843138872743786,7.1413324299909675,1.5655485341869888,0.6730876059602346,0.03780970108883388,0.022630241634306672,-16.745453,10.104671,0.2778458455525204,3.7065657484387304,10.236895161487643,5.0,0.5555555555555556
00-0026498,2023,15,521,326,3965.0,24,11.0,55.03210787712951,4033.0,1890.0,187.0,15.714152391074744,1.2871096315545254,30.0,205.0,1,Matthew Stafford,John,Stafford,QB,1988-02-07,2009,2009.0,1.0,1.0,Georgia,35.564681724846,7.221783947183059,52.15416337979093,14,6.255750041753367,34.733333333333334,0.0544464609800363,0.1056278462133004,3.668807191808634,0.6257197696737045,0.046065259117082535,0.02111324376199616,7.610364683301343,-24.03734681550175,303.0,5.713732805509369,-0.07933117760891667,0.6961748722739384,79.06945469263127,218.0,16.0,34.8125,7.458496273825354,4.60051013375,9.201972862617893,0.12364357735001695,0.2637127175446329,7.875408764528916,1.35392146396351,0.6288605347983935,0.047578861379794744,0.02020572657974101,-8.40479,20.679981,0.21424764879929203,2.0002070629321964,2.132846066060517,10.0,0.625
00-0026625,2014,14,438,242,3326.0,12,13.0,-2.00794273202818,4535.0,1343.0,163.0,11.030615334701844,0.8359703294686538,24.0,160.0,0,Brian Hoyer,Brian,Hoyer,QB,1985-10-13,2009,,,,Michigan State,28.88432580424367,0.5414280265807321,0.29314430796710594,5,6.082218910376446,31.285714285714285,0.05194805194805195,-0.00458434413705064,-0.14342448085915574,0.5525114155251142,0.0273972602739726,0.02968036529680365,7.593607305936073,-1.3417650681219353,96.0,4.564348191467836,-0.013976719459603493,0.1191815838751355,-0.6661776639062449,342.0,,,,,,,,,,,,,,,,,,,
00-0026625,2015,11,369,224,2606.0,19,7.0,15.478775021734968,3494.0,931.0,130.0,8.55288568708957,0.8965953270197176,25.0,185.0,0,Brian Hoyer,Brian,Hoyer,QB,1985-10-13,2009,,,,Michigan State,29.883641341546884,1.5407435638839466,2.3738907296498053,6,5.910796644040527,33.54545454545455,0.06345177664974619,0.041947899787899645,1.40716136561227,0.6070460704607046,0.051490514905149054,0.018970189701897018,7.062330623306233,-2.00794273202818,438.0,6.082218910376446,-0.00458434413705064,0.8359703294686538,17.48671775376315,-69.0,,,,,,,,,,,,,,,,,,,
00-0026625,2016,6,200,134,1445.0,6,0.0,34.807929013654274,1566.0,704.0,75.0,5.214021671729986,0.5413469207640313,4.0,18.0,0,Brian Hoyer,Brian,Hoyer,QB,1985-10-13,2009,,,,Michigan State,30.885694729637233,2.542796951974296,6.46581633896977,7,5.298317366548036,33.333333333333336,0.0196078431372549,0.17403964506827138,5.801321502275712,0.67,0.03,0.0,7.225,15.478775021734968,369.0,5.910796644040527,0.041947899787899645,0.8965953270197176,19.329153991919306,-169.0,,,,,,,,,,,,,,,,,,,
00-0026625,2017,10,211,123,1287.0,4,4.0,-29.952640037107944,1667.0,569.0,64.0,4.414960910165888,0.1431160682802558,16.0,112.0,0,Brian Hoyer,Brian,Hoyer,QB,1985-10-13,2009,,,,Michigan State,31.88501026694045,3.542112489277514,12.546560886695747,8,5.351858133476067,21.1,0.07048458149779736,-0.14195563998629357,-2.9952640037107945,0.5829383886255924,0.018957345971563982,0.018957345971563982,6.099526066350711,34.807929013654274,200.0,5.298317366548036,0.17403964506827138,0.5413469207640313,-64.76056905076221,11.0,,,,,,,,,,,,,,,,,,,
00-0026898,2009,15,363,196,2444.0,12,20.0,-70.6657333439983,3407.0,997.0,123.0,11.630951760453849,0.8124752019730074,26.0,195.0,2,Mark Sanchez,Mark,Sanchez,QB,1986-11-11,2009,2009.0,1.0,5.0,USC,22.806297056810404,-5.536600720852533,30.653947542144792,0,5.8944028342648505,24.2,0.06683804627249357,-0.19467144171900358,-4.711048889599886,0.5399449035812672,0.03305785123966942,0.05509641873278237,6.732782369146006,,,,,,,,,,,,,,,,,,,,,,,,,,
00-0026898,2010,15,507,278,3291.0,17,13.0,-9.535986741055014,4662.0,1299.0,162.0,10.749986375635604,0.9481770580970929,27.0,171.0,1,Mark Sanchez,Mark,Sanchez,QB,1986-11-11,2009,2009.0,1.0,5.0,USC,23.805612594113622,-4.537285183549315,20.586956836856142,1,6.2285110035911835,33.8,0.05056179775280899,-0.018808652349220936,-0.6357324494036676,0.5483234714003945,0.03353057199211045,0.02564102564102564,6.491124260355029,-70.6657333439983,363.0,5.8944028342648505,-0.19467144171900358,0.8124752019730074,61.129746602943285,144.0,,,,,,,,,,,,,,,,,,,
00-0026898,2011,16,543,308,3474.0,26,18.0,-57.65046149161719,4384.0,1506.0,171.0,13.29879032291086,1.1144457858858046,39.0,243.0,0,Mark Sanchez,Mark,Sanchez,QB,1986-11-11,2009,2009.0,1.0,5.0,USC,24.804928131416837,-3.5379696462461006,12.517229217758757,2,6.297109319933935,33.9375,0.06701030927835051,-0.10617027899008691,-3.6031538432260746,0.567219152854512,0.04788213627992634,0.03314917127071823,6.397790055248619,-9.535986741055014,507.0,6.2285110035911835,-0.018808652349220936,0.9481770580970929,-48.11447475056218,36.0,,,,,,,,,,,,,,,,,,,
00-0026898,2012,15,453,246,2883.0,13,18.0,-63.86828877350389,4065.0,976.0,146.0,11.106804916199328,0.5760638535575625,34.0,209.0,0,Mark Sanchez,Mark,Sanchez,QB,1986-11-11,2009,2009.0,1.0,5.0,USC,25.806981519507186,-2.5359162581557513,6.430871268378667,3,6.115892125483034,30.2,0.06981519507186858,-0.1409895999415097,-4.257885918233593,0.543046357615894,0.02869757174392936,0.039735099337748346,6.364238410596027,-57.65046149161719,543.0,6.297109319933935,-0.10617027899008691,1.1144457858858046,-6.217827281886699,-90.0,,,,,,,,,,,,,,,,,,,
00-0026898,2014,9,309,198,2418.0,14,11.0,38.80004449308877,2582.0,1124.0,117.0,8.44285912910523,0.8672333053910014,23.0,151.0,0,Mark Sanchez,Mark,Sanchez,QB,1986-11-11,2009,2009.0,1.0,5.0,USC,27.805612594113622,-0.5372851835493151,0.28867536846162123,5,5.733341276897746,34.333333333333336,0.06927710843373494,0.12556648703264975,4.311116054787641,0.6407766990291263,0.045307443365695796,0.03559870550161812,7.825242718446602,-63.86828877350389,453.0,6.115892125483034,-0.1409895999415097,0.5760638535575625,102.66833326659267,-144.0,,,,,,,,,,,,,,,,,,,
00-0026993,2009,10,291,159,1857.0,10,18.0,-58.36053504719536,2649.0,658.0,89.0,7.337232996717029,0.3907559788206127,19.0,102.0,1,Josh Freeman,Josh,Freeman,QB,1988-01-13,2009,2009.0,1.0,17.0,Kansas State,21.634496919917865,-6.708400857745072,45.002642068194824,0,5.673323267171493,29.1,0.06129032258064516,-0.20055166682885003,-5.836053504719536,0.5463917525773195,0.03436426116838488,0.061855670103092786,6.381443298969073,,,,,,,,,,,,,,,,,,,,,,,,,,
00-0026993,2010,16,474,291,3451.0,25,6.0,75.28410727410261,4350.0,1510.0,166.0,13.954084696959915,2.326399232968145,28.0,195.0,0,Josh Freeman,Josh,Freeman,QB,1988-01-13,2009,2009.0,1.0,17.0,Kansas State,22.633812457221083,-5.709085320441854,32.59365519608467,1,6.161207321695077,29.625,0.055776892430278883,0.15882723053608144,4.705256704631413,0.6139240506329114,0.052742616033755275,0.012658227848101266,7.280590717299578,-58.36053504719536,291.0,5.673323267171493,-0.20055166682885003,0.3907559788206127,133.64464232129797,183.0,,,,,,,,,,,,,,,,,,,
00-0026993,2011,15,551,346,3592.0,16,22.0,-37.93021810764364,4004.0,1650.0,168.0,13.771798348679296,0.9054942229906418,29.0,164.0,2,Josh Freeman,Josh,Freeman,QB,1988-01-13,2009,2009.0,1.0,17.0,Kansas State,23.633127994524298,-4.70976978313864,22.18193141016579,2,6.311734809152915,36.733333333333334,0.05,-0.06883887133873619,-2.5286812071762426,0.6279491833030852,0.029038112522686024,0.039927404718693285,6.519056261343013,75.28410727410261,474.0,6.161207321695077,0.15882723053608144,2.326399232968145,-113.21432538174625,77.0,,,,,,,,,,,,,,,,,,,
00-0026993,2012,16,558,306,4065.0,27,17.0,25.48503153146985,5579.0,1642.0,185.0,12.322545060084048,1.3124367400550596,26.0,161.0,1,Josh Freeman,Josh,Freeman,QB,1988-01-13,2009,2009.0,1.0,17.0,Kansas State,24.635181382614647,-3.7077163950482905,13.74716086610989,3,6.324358962381311,34.875,0.04452054794520548,0.04567209951876317,1.5928144707168657,0.5483870967741935,0.04838709677419355,0.03046594982078853,7.28494623655914,-37.93021810764364,551.0,6.311734809152915,-0.06883887133873619,0.9054942229906418,63.41524963911349,7.0,,,,,,,,,,,,,,,,,,,
00-0026993,2013,4,147,63,761.0,2,4.0,-37.20489621086833,1579.0,306.0,40.0,2.062445706566274,-0.1618136196029043,8.0,61.0,0,Josh Freeman,Josh,Freeman,QB,1988-01-13,2009,2009.0,1.0,17.0,Kansas State,25.634496919917865,-2.7084008577450724,7.335435206234244,4,4.990432586778736,36.75,0.05161290322580645,-0.25309453204672333,-9.301224052717082,0.42857142857142855,0.013605442176870748,0.027210884353741496,5.1768707482993195,25.48503153146985,558.0,6.324358962381311,0.04567209951876317,1.3124367400550596,-62.68992774233818,-411.0,,,,,,,,,,,,,,,,,,,
00-0027131,2009,4,118,72,558.0,3,9.0,-49.80047839457089,804.0,267.0,30.0,2.739735348826258,0.0079851946689536,13.0,82.0,0,Keith Null,Keith,Null,QB,1985-09-24,2009,2009.0,6.0,196.0,West Texas State,23.93702943189596,-4.405868345766976,19.411675880231428,0,4.770684624465665,29.5,0.09923664122137404,-0.42203795249636344,-12.450119598642722,0.6101694915254238,0.025423728813559324,0.07627118644067797,4.728813559322034,,,,,,,,,,,,,,,,,,,,,,,,,,
00-0027134,2011,9,243,132,1541.0,6,9.0,-45.33637057195394,2034.0,748.0,71.0,6.55841532728762,0.1945811125317687,16.0,104.0,0,Curtis Painter,Curtis,Painter,QB,1985-06-24,2009,2009.0,6.0,201.0,Purdue,26.187542778918548,-2.1553549987443894,4.645555170612427,2,5.493061443340548,27.0,0.06177606177606178,-0.18656942622203268,-5.037374507994882,0.5432098765432098,0.024691358024691357,0.037037037037037035,6.341563786008231,-27.8893808904686,28.0,3.332204510175204,-0.9960493175167358,-0.2277184191608635,-17.44698968148534,215.0,,,,,,,,,,,,,,,,,,,
00-0027253,2013,5,157,93,1092.0,4,3.0,0.3831081827475504,1397.0,457.0,48.0,4.029308368135698,0.2003741276747414,18.0,100.0,0,Thad Lewis,Thaddeus,Lewis,QB,1987-11-19,2010,,,,Duke,25.78507871321013,-2.557819064452808,6.542438366478237,3,5.056245805348308,31.4,0.10285714285714286,0.0024401795079461806,0.07662163654951007,0.5923566878980892,0.025477707006369428,0.01910828025477707,6.955414012738854,-0.2787321135303182,32.0,3.4657359027997265,-0.008710378547822443,0.1021632808971735,0.6618402962778686,125.0,,,,,,,,,,,,,,,,,,,
00-0027659,2010,13,299,157,1558.0,3,9.0,-92.9927586087408,1974.0,813.0,73.0,10.384880677842917,-0.1488127190693133,33.0,223.0,0,Jimmy Clausen,James,Clausen,QB,1987-09-21,2010,2010.0,2.0,48.0,Notre Dame,22.94592744695414,-5.396970330708797,29.12728875055102,0,5.700443573390687,23.0,0.09939759036144578,-0.3110125705977953,-7.153289123749293,0.5250836120401338,0.010033444816053512,0.030100334448160536,5.210702341137123,,,,,,,,,,,,,,,,,,,,,,,,,,
00-0027659,2015,4,125,72,739.0,2,4.0,-35.7227474250296,1095.0,294.0,32.0,2.655000093238252,0.0192492631755738,7.0,38.0,0,Jimmy Clausen,James,Clausen,QB,1987-09-21,2010,2010.0,2.0,48.0,Notre Dame,27.94524298425736,-0.39765479340557874,0.15812933471843352,5,4.8283137373023015,31.25,0.05303030303030303,-0.2857819794002368,-8.9306868562574,0.576,0.016,0.032,5.912,-10.473095975175966,48.0,3.871201010907891,-0.21818949948283262,-0.0648822898279109,-25.249651449853637,77.0,,,,,,,,,,,,,,,,,,,
00-0027688,2010,8,222,135,1576.0,6,9.0,0.3519448365392899,1945.0,723.0,79.0,7.125491828799996,0.85445273339056,23.0,132.0,0,Colt McCoy,Daniel,McCoy,QB,1986-09-05,2010,2010.0,3.0,85.0,Texas,23.98904859685147,-4.353849180811466,18.95600268925267,0,5.402677381872279,27.75,0.09387755102040816,0.0015853371015283329,0.043993104567411234,0.6081081081081081,0.02702702702702703,0.04054054054054054,7.099099099099099,,,,,,,,,,,,,,,,,,,,,,,,,,
00-0027688,2011,13,463,265,2733.0,14,11.0,-34.884873588207526,3383.0,1213.0,144.0,11.552749339271564,0.3928683279567577,32.0,173.0,0,Colt McCoy,Daniel,McCoy,QB,1986-09-05,2010,2010.0,3.0,85.0,Texas,24.98836413415469,-3.3545336435082476,11.252895965428719,1,6.137727054086234,35.61538461538461,0.06464646464646465,-0.07534529932658213,-2.683451814477502,0.572354211663067,0.03023758099352052,0.023758099352051837,5.90280777537797,0.3519448365392899,222.0,5.402677381872279,0.0015853371015283329,0.85445273339056,-35.236818424746815,241.0,,,,,,,,,,,,,,,,,,,
00-0027688,2014,5,128,91,1057.0,4,3.0,-0.298772753510991,916.0,546.0,44.0,8.264234049418278,0.6075874905202875,17.0,117.0,0,Colt McCoy,Daniel,McCoy,QB,1986-09-05,2010,2010.0,3.0,85.0,Texas,27.98904859685147,-0.35384918081146566,0.1252092427609453,4,4.852030263919617,25.6,0.11724137931034483,-0.002334162136804617,-0.05975455070219819,0.7109375,0.03125,0.0234375,8.2578125,1.662437965394929,1.0,0.0,1.662437965394929,0.0,-1.96121071890592,127.0,,,,,,,,,,,,,,,,,,,
00-0027688,2022,4,132,90,780.0,1,3.0,-30.083980903608307,801.0,368.0,34.0,3.8908957382959617,0.1565997225597137,13.0,97.0,0,Colt McCoy,Daniel,McCoy,QB,1986-09-05,2010,2010.0,3.0,85.0,Texas,35.98904859685147,7.646150819188531,58.46362234977744,12,4.882801922586371,33.0,0.0896551724137931,-0.22790894623945687,-7.520995225902077,0.6818181818181818,0.007575757575757576,0.022727272727272728,5.909090909090909,14.313491760355214,99.0,4.59511985013459,0.14458072485207288,0.4698784475110569,-44.39747266396352,33.0,4.0,33.0,8.366600265340756,-7.520995274999999,9.709237845513101,-0.23697966992296915,0.2616551681740753,5.677120713150125,1.3148553332390405,0.6756581686728746,0.006756756756756757,0.025507703081232493,-20.419024,2.8018472,0.2535333413739623,1.2909511960188145,1.1041249583102508,1.0,0.25
00-0027754,2010,5,126,60,662.0,3,2.0,-40.09820708578052,1128.0,204.0,30.0,2.9391677795300923,-0.1563369881198625,9.0,65.0,0,John Skelton,John,Skelton,QB,1988-03-17,2010,2010.0,5.0,155.0,Fordham,22.458590006844627,-5.88430777081831,34.62507794171275,0,4.836281906951478,25.2,0.06666666666666667,-0.3182397387760359,-8.019641417156105,0.47619047619047616,0.023809523809523808,0.015873015873015872,5.253968253968254,,,,,,,,,,,,,,,,,,,,,,,,,,
00-0027754,2011,8,275,151,1913.0,11,14.0,-49.70495597176042,2632.0,808.0,82.0,6.044242906217773,0.1199340519758832,23.0,162.0,0,John Skelton,John,Skelton,QB,1988-03-17,2010,2010.0,5.0,155.0,Fordham,23.457905544147845,-4.884992233515092,23.86314912150277,1,5.616771097666572,34.375,0.07718120805369127,-0.18074529444276516,-6.2131194964700525,0.5490909090909091,0.04,0.05090909090909091,6.956363636363636,-40.09820708578052,126.0,4.836281906951478,-0.3182397387760359,-0.1563369881198625,-9.606748885979897,149.0,,,,,,,,,,,,,,,,,,,
00-0027754,2012,7,201,109,1132.0,2,9.0,-67.33181184670829,1531.0,531.0,55.0,5.02157774457107,-0.3679607305686506,15.0,98.0,0,John Skelton,John,Skelton,QB,1988-03-17,2010,2010.0,5.0,155.0,Fordham,24.459958932238195,-3.882938845424743,15.077214077308435,2,5.303304908059076,28.714285714285715,0.06944444444444445,-0.33498413854083725,-9.61883026381547,0.5422885572139303,0.009950248756218905,0.04477611940298507,5.6318407960199,-49.70495597176042,275.0,5.616771097666572,-0.18074529444276516,0.1199340519758832,-17.62685587494787,-74.0,,,,,,,,,,,,,,,,,,,
00-0027854,2010,16,590,354,3512.0,18,15.0,-44.42408020200839,3919.0,1862.0,179.0,14.91192288878579,0.5924047194879714,34.0,244.0,0,Sam Bradford,Samuel,Bradford,QB,1987-11-08,2010,2010.0,1.0,1.0,Oklahoma,22.8145106091718,-5.528387168491136,30.56306468473744,0,6.380122536899765,36.875,0.05448717948717949,-0.07529505118984473,-2.7765050126255244,0.6,0.030508474576271188,0.025423728813559324,5.952542372881356,,,,,,,,,,,,,,,,,,,,,,,,,,
00-0027854,2011,10,357,191,2164.0,6,6.0,-79.5534111252532,3269.0,854.0,104.0,7.102091547990727,-0.0495825020843643,36.0,248.0,0,Sam Bradford,Samuel,Bradford,QB,1987-11-08,2010,2010.0,1.0,1.0,Oklahoma,23.813826146475016,-4.5290716311879216,20.512489840431222,1,5.877735781779639,35.7,0.0916030534351145,-0.2228386866253591,-7.95534111252532,0.5350140056022409,0.01680672268907563,0.01680672268907563,6.061624649859944,-44.42408020200839,590.0,6.380122536899765,-0.07529505118984473,0.5924047194879714,-35.129330923244815,-233.0,,,,,,,,,,,,,,,,,,,
00-0027854,2012,16,551,328,3702.0,21,13.0,0.2816349855832194,4507.0,1518.0,185.0,13.388042982858256,1.0181966405756322,35.0,233.0,4,Sam Bradford,Samuel,Bradford,QB,1987-11-08,2010,2010.0,1.0,1.0,Oklahoma,24.815879534565365,-3.5270182430975723,12.439857687143085,2,6.311734809152915,34.4375,0.059726962457337884,0.0005111342751056613,0.017602186598951214,0.5952813067150635,0.038112522686025406,0.023593466424682397,6.718693284936479,-79.5534111252532,357.0,5.877735781779639,-0.2228386866253591,-0.0495825020843643,79.83504611083643,194.0,,,,,,,,,,,,,,,,,,,
00-0027854,2013,7,262,159,1687.0,14,4.0,-2.048588471707706,1824.0,903.0,85.0,7.185902909634175,0.752286116513145,15.0,97.0,0,Sam Bradford,Samuel,Bradford,QB,1987-11-08,2010,2010.0,1.0,1.0,Oklahoma,25.815195071868583,-2.527702705794354,6.389280968880099,3,5.568344503761097,37.42857142857143,0.05415162454873646,-0.007819039968350022,-0.2926554959582437,0.6068702290076335,0.05343511450381679,0.015267175572519083,6.438931297709924,0.2816349855832194,551.0,6.311734809152915,0.0005111342751056613,1.0181966405756322,-2.3302234572909253,-289.0,,,,,,,,,,,,,,,,,,,
00-0027854,2015,14,532,346,3725.0,19,14.0,4.109355180489409,3707.0,1938.0,164.0,14.790423548300158,0.9076443514736492,28.0,200.0,0,Sam Bradford,Samuel,Bradford,QB,1987-11-08,2010,2010.0,1.0,1.0,Oklahoma,27.813826146475016,-0.5290716311879216,0.2799167909278481,5,6.2766434893416445,38.0,0.05,0.007724351843025205,0.29352537003495777,0.650375939849624,0.03571428571428571,0.02631578947368421,7.0018796992481205,-2.048588471707706,262.0,5.568344503761097,-0.007819039968350022,0.752286116513145,6.157943652197115,270.0,,,,,,,,,,,,,,,,,,,
00-0027854,2016,15,552,395,3877.0,20,5.0,36.28674542173499,3508.0,1964.0,197.0,17.48496474705863,1.7456086169150875,37.0,276.0,0,Sam Bradford,Samuel,Bradford,QB,1987-11-08,2010,2010.0,1.0,1.0,Oklahoma,28.815879534565365,0.4729817569024277,0.22371174236250724,6,6.313548046277095,36.8,0.06281833616298811,0.06573685764807063,2.4191163614489994,0.7155797101449275,0.036231884057971016,0.009057971014492754,7.023550724637682,4.109355180489409,532.0,6.2766434893416445,0.007724351843025205,0.9076443514736492,32.17739024124558,20.0,,,,,,,,,,,,,,,,,,,
00-0027876,2011,13,271,126,1729.0,12,6.0,-62.11039144926014,3491.0,605.0,76.0,6.187702753331719,0.1801214782432792,33.0,225.0,0,Tim Tebow,Timothy,Tebow,QB,1987-08-14,2010,2010.0,1.0,25.0,Florida,24.04928131416838,-4.293616463494558,18.435142335591518,1,5.602118820879701,20.846153846153847,0.10855263157894737,-0.22918963634413336,-4.777722419173857,0.46494464944649444,0.04428044280442804,0.02214022140221402,6.380073800738008,10.294883166454069,82.0,4.406719247264253,0.12554735568846426,0.3148418450199222,-72.4052746157142,189.0,,,,,,,,,,,,,,,,,,,
00-0027939,2011,16,517,310,4051.0,21,17.0,48.29621748840418,4907.0,1911.0,173.0,14.916062293413038,1.8451572368448368,35.0,260.0,2,Cam Newton,Cameron,Newton,QB,1989-05-11,2011,2011.0,1.0,1.0,Auburn; Blinn College; Florida,22.308008213552363,-6.034889564110575,36.41989205101073,0,6.248042874508429,32.3125,0.06340579710144928,0.09341628140890558,3.0185135930252613,0.5996131528046421,0.04061895551257253,0.03288201160541586,7.835589941972921,,,,,,,,,,,,,,,,,,,,,,,,,,
00-0027939,2012,16,485,280,3869.0,19,12.0,54.95805549863879,4511.0,1715.0,168.0,14.434751573937971,1.8817115526481825,36.0,244.0,0,Cam Newton,Cameron,Newton,QB,1989-05-11,2011,2011.0,1.0,1.0,Auburn; Blinn College; Florida,23.310061601642712,-5.032836176020226,25.329439974657888,1,6.184148890937483,30.3125,0.0690978886756238,0.11331557834770885,3.4348784686649245,0.5773195876288659,0.03917525773195876,0.024742268041237112,7.977319587628866,48.29621748840418,517.0,6.248042874508429,0.09341628140890558,1.8451572368448368,6.661838010234611,-32.0,,,,,,,,,,,,,,,,,,,
00-0027939,2013,16,473,292,3379.0,24,13.0,33.1253804500164,4238.0,1613.0,169.0,14.336228202950933,2.072012724372788,43.0,336.0,0,Cam Newton,Cameron,Newton,QB,1989-05-11,2011,2011.0,1.0,1.0,Auburn; Blinn College; Florida,24.309377138945926,-4.033520638717011,16.269288742956086,2,6.159095388491933,29.5625,0.08333333333333333,0.07003251680764566,2.070336278126025,0.6173361522198731,0.0507399577167019,0.02748414376321353,7.143763213530655,54.95805549863879,485.0,6.184148890937483,0.11331557834770885,1.8817115526481825,-21.83267504862239,-12.0,,,,,,,,,,,,,,,,,,,
00-0027939,2014,14,448,262,3127.0,18,12.0,-10.557302570438983,4421.0,1246.0,155.0,10.328420968055177,0.929023080570458,38.0,300.0,1,Cam Newton,Cameron,Newton,QB,1989-05-11,2011,2011.0,1.0,1.0,Auburn; Blinn College; Florida,25.308692676249144,-3.034205101413793,9.206400597445485,3,6.104793232414985,32.0,0.07818930041152264,-0.0235654075233013,-0.7540930407456417,0.5848214285714286,0.04017857142857143,0.026785714285714284,6.979910714285714,33.1253804500164,473.0,6.159095388491933,0.07003251680764566,2.072012724372788,-43.682683020455386,-25.0,,,,,,,,,,,,,,,,,,,
00-0027939,2015,16,495,296,3837.0,35,10.0,85.87007847376454,5114.0,1473.0,195.0,12.516937826833582,1.9026578351417325,33.0,284.0,0,Cam Newton,Cameron,Newton,QB,1989-05-11,2011,2011.0,1.0,1.0,Auburn; Blinn College; Florida,26.308008213552363,-2.034889564110575,4.1407755381261255,4,6.20455776256869,30.9375,0.0625,0.17347490600760512,5.3668799046102835,0.597979797979798,0.0707070707070707,0.020202020202020204,7.751515151515152,-10.557302570438983,448.0,6.104793232414985,-0.0235654075233013,0.929023080570458,96.42738104420351,47.0,,,,,,,,,,,,,,,,,,,
00-0027939,2016,15,510,270,3509.0,19,14.0,-23.490819193906837,5253.0,1310.0,172.0,10.287235470961352,0.4368095172346478,36.0,277.0,1,Cam Newton,Cameron,Newton,QB,1989-05-11,2011,2011.0,1.0,1.0,Auburn; Blinn College; Florida,27.310061601642712,-1.0328361760202256,1.0667505664960824,5,6.234410725718371,34.0,0.06593406593406594,-0.04606042979197419,-1.5660546129271224,0.5294117647058824,0.03725490196078431,0.027450980392156862,6.8803921568627455,85.87007847376454,495.0,6.20455776256869,0.17347490600760512,1.9026578351417325,-109.36089766767137,15.0,,,,,,,,,,,,,,,,,,,
00-0027939,2017,16,492,291,3302.0,22,16.0,-2.1696097014514795,4150.0,1617.0,166.0,13.499180296025138,1.265741604061141,35.0,242.0,0,Cam Newton,Cameron,Newton,QB,1989-05-11,2011,2011.0,1.0,1.0,Auburn; Blinn College; Florida,28.309377138945926,-0.03352063871701105,0.0011236332199963805,6,6.198478716492308,30.75,0.06641366223908918,-0.004409775815958292,-0.13560060634071747,0.5914634146341463,0.044715447154471545,0.032520325203252036,6.711382113821138,-23.490819193906837,510.0,6.234410725718371,-0.04606042979197419,0.4368095172346478,21.32120949245536,-18.0,,,,,,,,,,,,,,,,,,,
00-0027939,2018,14,471,320,3395.0,24,13.0,32.13335891689222,3380.0,1743.0,180.0,14.718870489020434,1.5682262669664877,29.0,213.0,2,Cam Newton,Cameron,Newton,QB,1989-05-11,2011,2011.0,1.0,1.0,Auburn; Blinn College; Florida,29.308692676249144,0.965794898586207,0.932759786135142,7,6.154858094016418,33.642857142857146,0.058,0.06822369196792404,2.2952399226351585,0.6794055201698513,0.050955414012738856,0.027600849256900213,7.208067940552017,-2.1696097014514795,492.0,6.198478716492308,-0.004409775815958292,1.265741604061141,34.3029686183437,-21.0,14.0,33.642857142857146,7.012155850402192,2.2952398357142854,7.693842734272383,0.07410011220654981,0.23994174834470805,7.203095249920613,1.4070935399210456,0.6818522771820862,0.0516345841757352,0.025361532599007065,-11.520204,13.977297,0.20842926094613734,3.3520866162023704,3.238075371274529,8.0,0.5714285714285714
00-0027939,2020,15,368,242,2657.0,8,10.0,-4.540039214108631,2496.0,1258.0,133.0,15.637683400565004,1.0590464207823218,31.0,195.0,1,Cam Newton,Cameron,Newton,QB,1989-05-11,2011,2011.0,1.0,1.0,Auburn; Blinn College; Florida,31.310061601642712,2.9671638239797744,8.804061158334278,9,5.908082938168931,24.533333333333335,0.07769423558897243,-0.012337063081816934,-0.30266928094057544,0.657608695652174,0.021739130434782608,0.02717391304347826,7.220108695652174,-6.708514380294688,89.0,4.48863636973214,-0.07537656607072683,-0.019599258073954,2.168475166186057,279.0,15.0,24.533333333333335,9.6796300598338,-0.30266926000000016,11.035267042775526,-0.14288415660182555,0.4864406994115016,6.771838036614611,1.766710961827569,0.6445518502634086,0.019659777786712775,0.03413684463684464,-17.413664,20.789547,0.3945501383084429,36.45982100321493,3.404441128956397,7.0,0.4666666666666667
00-0027939,2021,7,126,69,684.0,4,5.0,-40.78142059471429,878.0,309.0,32.0,5.369804306157531,-0.1625161225245902,10.0,83.0,1,Cam Newton,Cameron,Newton,QB,1989-05-11,2011,2011.0,1.0,1.0,Auburn; Blinn College; Florida,32.309377138945926,3.966479361282989,15.732958523483909,10,4.836281906951478,18.0,0.07352941176470588,-0.3236620682120182,-5.825917227816327,0.5476190476190477,0.031746031746031744,0.03968253968253968,5.428571428571429,-4.540039214108631,368.0,5.908082938168931,-0.012337063081816934,1.0590464207823218,-36.24138138060566,-242.0,6.0,21.0,11.679041056525147,-6.796903733333333,7.361815463374888,-0.346186719794582,0.3137055460972016,4.98627561098957,2.087110630182892,0.5716987796507248,0.058398310591293044,0.0403258704174036,-16.217415,2.6437895,0.5561448122154832,1.0831130985820967,0.9061744086640473,1.0,0.16666666666666666
00-0027946,2012,11,314,177,2176.0,10,11.0,-23.894235787919317,3031.0,824.0,93.0,7.341574211372261,0.5926465437329324,25.0,151.0,0,Jake Locker,Jacob,Locker,QB,1988-06-15,2011,2011.0,1.0,8.0,Washington,24.213552361396303,-4.129345416266634,17.051493566842264,1,5.749392985908253,28.545454545454547,0.07374631268436578,-0.07609629231821438,-2.172203253447211,0.5636942675159236,0.03184713375796178,0.03503184713375796,6.929936305732484,9.17893913083692,66.0,4.189654742026425,0.1390748353157109,0.248383507137083,-33.07317491875624,248.0,,,,,,,,,,,,,,,,,,,
00-0027946,2013,7,183,111,1256.0,8,4.0,7.382069419389301,1788.0,561.0,56.0,4.980324625161946,0.6234795815266896,16.0,105.0,0,Jake Locker,Jacob,Locker,QB,1988-06-15,2011,2011.0,1.0,8.0,Washington,25.21286789869952,-3.1300298789634162,9.797087043203739,2,5.209486152841421,26.142857142857142,0.08040201005025126,0.04033917715513279,1.054581345627043,0.6065573770491803,0.04371584699453552,0.02185792349726776,6.863387978142076,-23.894235787919317,314.0,5.749392985908253,-0.07609629231821438,0.5926465437329324,31.276305207308617,-131.0,,,,,,,,,,,,,,,,,,,
00-0027946,2014,7,146,86,993.0,5,7.0,-32.45284006786507,1403.0,462.0,47.0,6.134362321282491,0.5538511101116621,14.0,85.0,0,Jake Locker,Jacob,Locker,QB,1988-06-15,2011,2011.0,1.0,8.0,Washington,26.21218343600274,-2.130714341660198,4.539943605756451,3,4.983606621708336,20.857142857142858,0.0875,-0.2222797264922265,-4.63612000969501,0.589041095890411,0.03424657534246575,0.04794520547945205,6.801369863013699,7.382069419389301,183.0,5.209486152841421,0.04033917715513279,0.6234795815266896,-39.83490948725437,-37.0,,,,,,,,,,,,,,,,,,,
00-0027948,2011,15,413,210,2214.0,12,11.0,-101.76424196678244,3216.0,1135.0,109.0,12.05198386567238,-0.0845944490767239,40.0,293.0,0,Blaine Gabbert,Blaine,Gabbert,QB,1989-10-15,2011,2011.0,1.0,10.0,Missouri,21.87816563997262,-6.464732137690316,41.792761612086,0,6.023447592961033,27.533333333333335,0.08830022075055188,-0.24640252292199136,-6.784282797785496,0.5084745762711864,0.029055690072639227,0.026634382566585957,5.3607748184019375,,,,,,,,,,,,,,,,,,,,,,,,,,
00-0027948,2012,10,278,162,1662.0,9,6.0,-37.66674826655969,2194.0,691.0,72.0,8.20444465056088,0.3144971863854908,22.0,158.0,2,Blaine Gabbert,Blaine,Gabbert,QB,1989-10-15,2011,2011.0,1.0,10.0,Missouri,22.88021902806297,-5.4626787495999665,29.840859121331054,1,5.627621113690637,27.8,0.07333333333333333,-0.13549190023942337,-3.7666748266559695,0.5827338129496403,0.03237410071942446,0.02158273381294964,5.9784172661870505,-101.76424196678244,413.0,6.023447592961033,-0.24640252292199136,-0.0845944490767239,64.09749370022274,-135.0,,,,,,,,,,,,,,,,,,,
00-0027948,2015,8,282,178,2031.0,10,7.0,-30.87260658638509,2027.0,1083.0,83.0,8.169918387204653,0.3921167224785331,25.0,164.0,0,Blaine Gabbert,Blaine,Gabbert,QB,1989-10-15,2011,2011.0,1.0,10.0,Missouri,25.87816563997262,-2.4647321376903157,6.074904510563473,4,5.641907070938114,35.25,0.08143322475570032,-0.1094773283205145,-3.859075823298136,0.6312056737588653,0.03546099290780142,0.024822695035460994,7.202127659574468,3.99110510078026,7.0,1.9459101490553132,0.5701578715400372,0.1651167667783044,-34.86371168716535,275.0,,,,,,,,,,,,,,,,,,,
00-0027948,2016,6,160,91,925.0,5,6.0,-33.18219087480132,1351.0,358.0,51.0,4.01702059225342,0.0003470639812509,11.0,48.0,0,Blaine Gabbert,Blaine,Gabbert,QB,1989-10-15,2011,2011.0,1.0,10.0,Missouri,26.88021902806297,-1.4626787495999665,2.1394291245313215,5,5.075173815233827,26.666666666666668,0.06432748538011696,-0.20738869296750825,-5.5303651458002205,0.56875,0.03125,0.0375,5.78125,-30.87260658638509,282.0,5.641907070938114,-0.1094773283205145,0.3921167224785331,-2.3095842884162323,-122.0,,,,,,,,,,,,,,,,,,,
00-0027948,2017,5,171,95,1086.0,6,6.0,-54.940678147842306,1572.0,412.0,55.0,3.5378590062188593,-0.0119147800107384,23.0,149.0,1,Blaine Gabbert,Blaine,Gabbert,QB,1989-10-15,2011,2011.0,1.0,10.0,Missouri,27.87953456536619,-0.4633632122967484,0.2147054665099615,6,5.14166355650266,34.2,0.11855670103092783,-0.3212905154844579,-10.988135629568461,0.5555555555555556,0.03508771929824561,0.03508771929824561,6.350877192982456,-33.18219087480132,160.0,5.075173815233827,-0.20738869296750825,0.0003470639812509,-21.758487273040984,11.0,,,,,,,,,,,,,,,,,,,
00-0027948,2018,8,101,61,626.0,4,4.0,-23.27536538691046,710.0,301.0,32.0,5.048599771692471,0.216118184588648,5.0,37.0,0,Blaine Gabbert,Blaine,Gabbert,QB,1989-10-15,2011,2011.0,1.0,10.0,Missouri,28.878850102669404,0.5359523250064662,0.2872448946798367,7,4.61512051684126,12.625,0.04716981132075472,-0.23044916224663822,-2.9094206733638077,0.6039603960396039,0.039603960396039604,0.039603960396039604,6.198019801980198,-54.940678147842306,171.0,5.14166355650266,-0.3212905154844579,-0.0119147800107384,31.665312760931844,-70.0,6.0,16.833333333333332,9.064583093924764,-3.8792274916666667,6.55422691776523,-0.3013617088384927,0.5243758791882636,6.0135536398467435,2.1775348810711925,0.5713144374782306,0.039648641588296764,0.02948667711598746,-15.34206,2.7666645,0.5384900847876097,1.68957013525115,1.7400215880421945,2.0,0.3333333333333333
00-0027950,2011,11,291,158,1853.0,13,13.0,-56.44692570977574,2667.0,831.0,91.0,7.611355737760013,0.1855630508779492,30.0,164.0,0,Christian Ponder,Christian,Ponder,QB,1988-02-25,2011,2011.0,1.0,12.0,Florida State,23.515400410677618,-4.82749736698532,23.304730828250193,0,5.673323267171493,26.454545454545453,0.09345794392523364,-0.19397568972431525,-5.1315387008887035,0.5429553264604811,0.044673539518900345,0.044673539518900345,6.367697594501718,,,,,,,,,,,,,,,,,,,,,,,,,,
00-0027950,2012,16,483,300,2935.0,18,12.0,-8.96750798814706,3344.0,1610.0,163.0,14.03662486656911,0.929145372999141,32.0,184.0,1,Christian Ponder,Christian,Ponder,QB,1988-02-25,2011,2011.0,1.0,12.0,Florida State,24.517453798767967,-3.8254439788949703,14.634021635663782,1,6.180016653652572,30.1875,0.062135922330097085,-0.018566269126598468,-0.5604692492591913,0.6211180124223602,0.037267080745341616,0.024844720496894408,6.076604554865424,-56.44692570977574,291.0,5.673323267171493,-0.19397568972431525,0.1855630508779492,47.47941772162868,192.0,,,,,,,,,,,,,,,,,,,
00-0027950,2013,9,239,152,1648.0,7,9.0,-23.037471617175378,2041.0,705.0,83.0,7.672964857418612,0.718090989888008,27.0,119.0,0,Christian Ponder,Christian,Ponder,QB,1988-02-25,2011,2011.0,1.0,12.0,Florida State,25.516769336071185,-2.8261284415917522,7.987001968373826,2,5.476463551931511,26.555555555555557,0.10150375939849623,-0.09639109463253297,-2.559719068575042,0.6359832635983264,0.029288702928870293,0.03765690376569038,6.895397489539749,-8.96750798814706,483.0,6.180016653652572,-0.018566269126598468,0.929145372999141,-14.069963629028317,-244.0,,,,,,,,,,,,,,,,,,,
00-0027973,2011,16,516,300,3398.0,20,13.0,2.6546236803845287,4298.0,1317.0,156.0,13.1466234981652,0.9959097766095222,24.0,160.0,0,Andy Dalton,Andrew,Dalton,QB,1987-10-29,2011,2011.0,2.0,35.0,TCU,23.84120465434634,-4.501693123316599,20.26524097651596,0,6.246106765481563,32.25,0.044444444444444446,0.005144619535628931,0.16591398002403304,0.5813953488372093,0.03875968992248062,0.025193798449612403,6.5852713178294575,,,,,,,,,,,,,,,,,,,,,,,,,,
00-0027973,2012,16,528,329,3669.0,27,16.0,-0.9018503584871532,4528.0,1660.0,171.0,13.172487835365834,1.6421317795074075,46.0,229.0,0,Andy Dalton,Andrew,Dalton,QB,1987-10-29,2011,2011.0,2.0,35.0,TCU,24.843258042436688,-3.49963973522625,12.247478276374457,1,6.269096283706261,33.0,0.08013937282229965,-0.001708049921377184,-0.05636564740544708,0.6231060606060606,0.05113636363636364,0.030303030303030304,6.948863636363637,2.6546236803845287,516.0,6.246106765481563,0.005144619535628931,0.9959097766095222,-3.556474038871682,12.0,,,,,,,,,,,,,,,,,,,
00-0027973,2013,16,586,363,4293.0,33,20.0,67.86008473726129,5001.0,2077.0,204.0,14.74892893166242,2.03137774643199,29.0,182.0,0,Andy Dalton,Andrew,Dalton,QB,1987-10-29,2011,2011.0,2.0,35.0,TCU,25.842573579739906,-2.5003241979230317,6.251621094719452,2,6.373319789577012,36.625,0.04715447154471545,0.11580219238440494,4.241255296078831,0.6194539249146758,0.05631399317406143,0.034129692832764506,7.325938566552901,-0.9018503584871532,528.0,6.269096283706261,-0.001708049921377184,1.6421317795074075,68.76193509574844,58.0,,,,,,,,,,,,,,,,,,,
00-0027973,2014,16,481,309,3398.0,19,17.0,3.2633495169093507,3751.0,1737.0,158.0,15.061941746364983,1.7749635958596557,21.0,124.0,1,Andy Dalton,Andrew,Dalton,QB,1987-10-29,2011,2011.0,2.0,35.0,TCU,26.84188911704312,-1.5010086606198172,2.2530269992556975,3,6.175867270105761,30.0625,0.04183266932270916,0.00678451043016497,0.20395934480683442,0.6424116424116424,0.0395010395010395,0.035343035343035345,7.0644490644490645,67.86008473726129,586.0,6.373319789577012,0.11580219238440494,2.03137774643199,-64.59673522035195,-105.0,,,,,,,,,,,,,,,,,,,
00-0027973,2015,13,386,255,3250.0,25,7.0,116.20513929192992,3460.0,1486.0,147.0,12.951714761652552,2.416475737989319,20.0,118.0,0,Andy Dalton,Andrew,Dalton,QB,1987-10-29,2011,2011.0,2.0,35.0,TCU,27.84120465434634,-0.5016931233165991,0.25169598998316434,4,5.955837369464831,29.692307692307693,0.04926108374384237,0.30104958365784956,8.938856868609994,0.6606217616580311,0.06476683937823834,0.018134715025906734,8.419689119170984,3.2633495169093507,481.0,6.175867270105761,0.00678451043016497,1.7749635958596557,112.94178977502057,-95.0,,,,,,,,,,,,,,,,,,,
00-0027973,2016,16,563,364,4206.0,18,8.0,63.68831079074759,4416.0,1820.0,204.0,15.88304212605391,2.0033303875642843,41.0,264.0,0,Andy Dalton,Andrew,Dalton,QB,1987-10-29,2011,2011.0,2.0,35.0,TCU,28.843258042436688,0.5003602647737502,0.25036039456445736,5,6.333279628139691,35.1875,0.06788079470198675,0.11312310975266002,3.9805194244217246,0.6465364120781527,0.03197158081705151,0.014209591474245116,7.470692717584369,116.20513929192992,386.0,5.955837369464831,0.30104958365784956,2.416475737989319,-52.51682850118233,177.0,,,,,,,,,,,,,,,,,,,
00-0027973,2017,16,496,297,3320.0,25,12.0,-30.998743666825927,4064.0,1704.0,162.0,14.08986378327242,1.2510892986541335,39.0,255.0,0,Andy Dalton,Andrew,Dalton,QB,1987-10-29,2011,2011.0,2.0,35.0,TCU,29.842573579739906,1.4996758020769683,2.249027511335198,6,6.206575926724928,31.0,0.07289719626168224,-0.062497467070213565,-1.9374214791766204,0.5987903225806451,0.05040322580645161,0.024193548387096774,6.693548387096774,63.68831079074759,563.0,6.333279628139691,0.11312310975266002,2.0033303875642843,-94.68705445757352,-67.0,,,,,,,,,,,,,,,,,,,
00-0027973,2018,11,365,226,2566.0,21,11.0,27.37702385996771,2947.0,1142.0,132.0,10.20575476758478,0.9252197597222712,21.0,157.0,0,Andy Dalton,Andrew,Dalton,QB,1987-10-29,2011,2011.0,2.0,35.0,TCU,30.84188911704312,2.498991339380183,6.24495771429716,7,5.8998973535824915,33.18181818181818,0.054404145077720206,0.07500554482182935,2.4888203509061557,0.6191780821917808,0.057534246575342465,0.030136986301369864,7.03013698630137,-30.998743666825927,496.0,6.206575926724928,-0.062497467070213565,1.2510892986541335,58.37576752679364,-131.0,11.0,33.18181818181818,9.378893131048907,2.488820509090909,8.816588411414552,0.030285478852358348,0.31828425614991906,7.028275946464091,1.3148854477275491,0.6177996566319621,0.056541219381427685,0.03397278842924026,-14.5920725,16.202278,0.28265157381243283,3.5424765985374274,10.509467514169224,9.0,0.8181818181818182
00-0027973,2019,13,528,314,3494.0,16,14.0,-16.00874001621874,4278.0,1547.0,170.0,10.7870686110771,0.6645412118766015,37.0,249.0,1,Andy Dalton,Andrew,Dalton,QB,1987-10-29,2011,2011.0,2.0,35.0,TCU,31.84120465434634,3.498306876683401,12.23815100345037,8,6.269096283706261,40.61538461538461,0.06548672566371681,-0.030319583364050648,-1.231441539709134,0.5946969696969697,0.030303030303030304,0.026515151515151516,6.617424242424242,27.37702385996771,365.0,5.8998973535824915,0.07500554482182935,0.9252197597222712,-43.38576387618645,163.0,13.0,40.61538461538461,8.150035393976944,-1.2314416615384616,10.802710835965618,-0.04550544442794736,0.2813242191052501,6.540248231291065,0.9591558673148088,0.5913145364685509,0.028935278652998032,0.030220223626621783,-26.178446,12.566937,0.20066375023049296,8.772409748156159,6.182210121048145,6.0,0.46153846153846156
00-0027973,2020,11,333,216,2170.0,14,8.0,-11.200869862839085,2289.0,1043.0,116.0,9.863079766114591,0.806234315588982,24.0,184.0,0,Andy Dalton,Andrew,Dalton,QB,1987-10-29,2011,2011.0,2.0,35.0,TCU,32.84325804243669,4.50036026477375,20.253242512754458,9,5.808142489980444,30.272727272727273,0.06722689075630252,-0.033636245834351604,-1.018260896621735,0.6486486486486487,0.042042042042042045,0.024024024024024024,6.516516516516517,-16.00874001621874,528.0,6.269096283706261,-0.030319583364050648,0.6645412118766015,4.807870153379657,-195.0,11.0,30.272727272727273,16.118876568116708,-1.0182609309090909,10.196316703527527,-0.03409218630955766,0.3510742068930882,6.320298018483316,3.2431183023651764,0.5991708241415008,0.03909719964561862,0.02044848245156196,-21.698116,12.631039,0.5324553821299813,10.013461573571698,10.297790927965961,5.0,0.45454545454545453
00-0027973,2021,8,236,149,1515.0,8,9.0,-31.21305377452016,1643.0,752.0,83.0,8.755591810798045,0.4744862034357162,18.0,143.0,2,Andy Dalton,Andrew,Dalton,QB,1987-10-29,2011,2011.0,2.0,35.0,TCU,33.842573579739906,5.499675802076968,30.246433927950946,10,5.4638318050256105,29.5,0.07086614173228346,-0.13225870243440746,-3.90163172181502,0.6313559322033898,0.03389830508474576,0.038135593220338986,6.419491525423729,-11.200869862839085,333.0,5.808142489980444,-0.033636245834351604,0.806234315588982,-20.012183911681074,-97.0,8.0,29.5,16.318263212907013,-3.90163165,11.827714380154786,0.14366591033941367,0.6637847599851898,6.5847942019155985,1.5279071305738918,0.6822857093337817,0.037711485999860864,0.027469485745320148,-22.153126,11.954448,0.5531614648443055,3.03147899165591,4.62033587798932,4.0,0.5
00-0027973,2022,14,378,252,2871.0,18,9.0,17.990597040069932,2981.0,1318.0,135.0,14.018657302853672,1.185450478577533,25.0,189.0,1,Andy Dalton,Andrew,Dalton,QB,1987-10-29,2011,2011.0,2.0,35.0,TCU,34.841889117043124,6.498991339380186,42.23688842933867,11,5.934894195619588,27.0,0.062034739454094295,0.04759417206367707,1.285042645719281,0.6666666666666666,0.047619047619047616,0.023809523809523808,7.595238095238095,-31.21305377452016,236.0,5.4638318050256105,-0.13225870243440746,0.4744862034357162,49.20365081459009,142.0,14.0,27.0,7.493587001820033,1.2850427890357143,5.434694584580799,0.041414147362913364,0.2294353831959398,7.647833466219588,1.3706132664049315,0.6672989267536832,0.04609179587299173,0.023298178479763215,-5.012543,10.676714,0.27754025932666787,4.229193479743153,5.540024310663478,8.0,0.5714285714285714
00-0027974,2012,13,218,136,1814.0,10,3.0,52.86631071060112,2140.0,705.0,85.0,9.687389642119198,1.2391725515431886,16.0,112.0,0,Colin Kaepernick,Colin,Kaepernick,QB,1987-11-03,2011,2011.0,2.0,36.0,Nevada,24.829568788501028,-3.5133289891619093,12.343480586085443,1,5.384495062789089,16.76923076923077,0.06837606837606838,0.2425060124339501,4.066639285430855,0.6238532110091743,0.045871559633027525,0.013761467889908258,8.321100917431192,2.1088855830894317,5.0,1.6094379124341003,0.42177711661788636,0.0,50.75742512751169,213.0,,,,,,,,,,,,,,,,,,,
00-0027974,2013,16,416,243,3197.0,21,8.0,56.77815207297809,3950.0,1326.0,147.0,13.178374168949237,1.8722728478319015,39.0,231.0,0,Colin Kaepernick,Colin,Kaepernick,QB,1987-11-03,2011,2011.0,2.0,36.0,Nevada,25.828884325804243,-2.5140134518586947,6.3202636361264695,2,6.030685260261263,26.0,0.08571428571428572,0.1364859424831204,3.5486345045611305,0.5841346153846154,0.05048076923076923,0.019230769230769232,7.685096153846154,52.86631071060112,218.0,5.384495062789089,0.2425060124339501,1.2391725515431886,3.9118413623769683,198.0,,,,,,,,,,,,,,,,,,,
00-0027974,2014,16,478,289,3369.0,19,10.0,3.2674559081757355,4621.0,1388.0,163.0,12.55108659935952,1.0772422759087892,52.0,344.0,0,Colin Kaepernick,Colin,Kaepernick,QB,1987-11-03,2011,2011.0,2.0,36.0,Nevada,26.82819986310746,-1.5146979145554766,2.29430977235871,3,6.169610732491456,29.875,0.09811320754716982,0.006835681816267229,0.20421599426098347,0.604602510460251,0.0397489539748954,0.02092050209205021,7.048117154811716,56.77815207297809,416.0,6.030685260261263,0.1364859424831204,1.8722728478319015,-53.510696164802354,62.0,,,,,,,,,,,,,,,,,,,
00-0027974,2015,9,244,144,1615.0,6,5.0,-27.38028927537237,1875.0,840.0,71.0,6.801360159136466,0.4129509476613343,28.0,166.0,1,Colin Kaepernick,Colin,Kaepernick,QB,1987-11-03,2011,2011.0,2.0,36.0,Nevada,27.82751540041068,-0.5153823772522586,0.26561899478218937,4,5.497168225293202,27.11111111111111,0.10294117647058823,-0.11221430030890316,-3.0422543639302635,0.5901639344262295,0.02459016393442623,0.020491803278688523,6.618852459016393,3.2674559081757355,478.0,6.169610732491456,0.006835681816267229,1.0772422759087892,-30.647745183548103,-234.0,,,,,,,,,,,,,,,,,,,
00-0027974,2016,11,331,196,2241.0,16,4.0,-8.835200188322167,2662.0,1112.0,101.0,9.272026949816238,0.3154699142566527,36.0,207.0,0,Colin Kaepernick,Colin,Kaepernick,QB,1987-11-03,2011,2011.0,2.0,36.0,Nevada,28.829568788501028,0.4866710108380907,0.23684867279016902,5,5.802118375377063,30.09090909090909,0.09809264305177112,-0.02669244769885851,-0.8032000171201971,0.5921450151057401,0.04833836858006042,0.012084592145015106,6.770392749244713,-27.38028927537237,244.0,5.497168225293202,-0.11221430030890316,0.4129509476613343,18.5450890870502,87.0,,,,,,,,,,,,,,,,,,,
00-0028012,2015,7,244,136,1336.0,5,6.0,-17.338725583747983,2071.0,470.0,76.0,4.587824359648596,0.2968924883475533,6.0,32.0,1,Ryan Mallett,Ryan,Mallett,QB,1988-06-05,2011,2011.0,3.0,74.0,Arkansas; Michigan,27.238877481177276,-1.1040202964856611,1.218860815052287,4,5.497168225293202,34.857142857142854,0.024,-0.07106035075306551,-2.4769607976782835,0.5573770491803278,0.020491803278688523,0.02459016393442623,5.475409836065574,-4.692872022439422,75.0,4.31748811353631,-0.06257162696585897,0.099590691875128,-12.645853561308561,169.0,,,,,,,,,,,,,,,,,,,
00-0028090,2011,6,134,82,949.0,3,3.0,-4.505375525487727,1116.0,469.0,48.0,8.704546413954079,0.2483245932916955,15.0,74.0,0,T.J. Yates,Taylor,Yates,QB,1987-05-28,2011,2011.0,5.0,152.0,North Carolina,24.262833675564682,-4.080064102098255,16.64692307723084,0,4.897839799950911,22.333333333333332,0.10067114093959731,-0.033622205414087517,-0.7508959209146212,0.6119402985074627,0.022388059701492536,0.022388059701492536,7.082089552238806,,,,,,,,,,,,,,,,,,,,,,,,,,
00-0028118,2015,14,380,242,3035.0,20,6.0,56.59511852018485,3997.0,1125.0,129.0,11.34133320162727,1.8269741671331376,36.0,212.0,0,Tyrod Taylor,Tyrod,Taylor,QB,1989-08-03,2011,2011.0,6.0,180.0,Virginia Tech,26.078028747433265,-2.264869030229672,5.129631724093495,4,5.940171252720432,27.142857142857142,0.08653846153846154,0.14893452242153907,4.042508465727489,0.6368421052631579,0.05263157894736842,0.015789473684210527,7.9868421052631575,-10.241777423536403,5.0,1.6094379124341003,-2.0483554847072805,0.0,66.83689594372125,375.0,,,,,,,,,,,,,,,,,,,
00-0028118,2016,15,436,269,3023.0,17,6.0,33.04290422923219,4095.0,1138.0,147.0,11.870610774023788,1.5083410882096506,42.0,192.0,1,Tyrod Taylor,Tyrod,Taylor,QB,1989-08-03,2011,2011.0,6.0,180.0,Virginia Tech,27.080082135523615,-1.2628156421393228,1.5947033460317503,5,6.077642243349034,29.066666666666666,0.08786610878661087,0.0757864775899821,2.202860281948813,0.6169724770642202,0.0389908256880734,0.013761467889908258,6.93348623853211,56.59511852018485,380.0,5.940171252720432,0.14893452242153907,1.8269741671331376,-23.552214290952655,56.0,,,,,,,,,,,,,,,,,,,
00-0028118,2017,15,420,263,2799.0,14,4.0,4.030209646912175,3599.0,1231.0,134.0,12.081043059876787,1.4019756323398809,46.0,256.0,0,Tyrod Taylor,Tyrod,Taylor,QB,1989-08-03,2011,2011.0,6.0,180.0,Virginia Tech,28.079397672826833,-0.26350010483610475,0.0694323052486382,6,6.040254711277414,28.0,0.09871244635193133,0.009595737254552797,0.2686806431274783,0.6261904761904762,0.03333333333333333,0.009523809523809525,6.664285714285715,33.04290422923219,436.0,6.077642243349034,0.0757864775899821,1.5083410882096506,-29.012694582320016,-16.0,,,,,,,,,,,,,,,,,,,
00-0028118,2021,6,150,91,966.0,5,5.0,-14.875614879206069,1107.0,491.0,44.0,6.39998851480026,0.6120331854352492,13.0,119.0,0,Tyrod Taylor,Tyrod,Taylor,QB,1989-08-03,2011,2011.0,6.0,180.0,Virginia Tech,32.07939767282683,3.7364998951638917,13.961431466559773,10,5.0106352940962555,25.0,0.07975460122699386,-0.09917076586137379,-2.4792691465343446,0.6066666666666667,0.03333333333333333,0.03333333333333333,6.44,-0.1912330587976511,30.0,3.4011973816621555,-0.006374435293255037,0.0103464676445961,-14.684381820408417,120.0,6.0,25.0,12.083045973594572,-2.4792693383333333,11.997391184925641,-0.06472566787222629,0.5959779133640348,6.626668067075044,2.9446947791240268,0.6208981586888563,0.03807303807303807,0.030858676207513414,-14.54744,14.053602,0.4833218389437829,4.8390834345536575,9.207752240433324,2.0,0.3333333333333333
00-0028118,2023,10,180,116,1341.0,5,3.0,2.116015696653961,1541.0,578.0,52.0,6.960946885779897,0.7737828506503619,17.0,94.0,0,Tyrod Taylor,Tyrod,Taylor,QB,1989-08-03,2011,2011.0,6.0,180.0,Virginia Tech,34.078028747433265,5.735130969770328,32.89172724041874,12,5.19295685089021,18.0,0.08629441624365482,0.011755642759188674,0.21160156966539612,0.6444444444444445,0.027777777777777776,0.016666666666666666,7.45,-4.385336910490878,8.0,2.0794415416798357,-0.5481671138113597,0.2416565112471205,6.501352607144839,172.0,10.0,18.0,15.173075568988056,0.21160159600000003,5.143512348968479,-0.17067112804269963,0.5343578633595781,5.511000682512983,3.459536956810949,0.5923571478633505,0.018710576114381833,0.011814024390243903,-10.349501,9.550549,0.8429486427215587,24.307530974239338,3.130921260600615,5.0,0.5
00-0028825,2013,11,272,156,1798.0,7,11.0,-38.652472849445736,2107.0,926.0,85.0,8.700696110421825,0.2404355807212727,31.0,203.0,0,Terrelle Pryor,Terrelle,Pryor,WR,1989-06-20,2011,2011.0,3.0,1.0,Ohio State,24.199863107460644,-4.143034670202294,17.16473627849823,2,5.605802066295998,24.727272727272727,0.10231023102310231,-0.1421046795935505,-3.5138611681314305,0.5735294117647058,0.025735294117647058,0.04044117647058824,6.610294117647059,1.3403564269247,30.0,3.4011973816621555,0.044678547564156665,0.0335516957697186,-39.992829276370436,242.0,,,,,,,,,,,,,,,,,,,
00-0028957,2014,9,284,180,2001.0,12,9.0,-33.21686422676752,2417.0,891.0,106.0,8.233082441446651,0.758948432828771,29.0,179.0,0,Austin Davis,Austin,Davis,QB,1989-06-02,2012,,,,Southern Mississippi,25.248459958932237,-3.0944378187307002,9.575545413990813,2,5.648974238161206,31.555555555555557,0.0926517571884984,-0.11696078953087155,-3.690762691863058,0.6338028169014085,0.04225352112676056,0.03169014084507042,7.045774647887324,,,,,,,,,,,,,,,,,,,,,,,,,,
00-0028986,2013,8,253,137,1760.0,9,6.0,-31.31437301540487,2247.0,697.0,76.0,6.257804285944193,0.306141145662302,19.0,201.0,0,Case Keenum,Casey,Keenum,QB,1988-02-17,2012,,,,Houston,25.53867214236824,-2.8042256352946957,7.86368141364394,1,5.53338948872752,31.625,0.06985294117647059,-0.1237722253573315,-3.9142966269256085,0.541501976284585,0.03557312252964427,0.023715415019762844,6.956521739130435,,,,,,,,,,,,,,,,,,,,,,,,,,
00-0028986,2015,5,125,76,828.0,4,1.0,10.389424872394883,1009.0,400.0,41.0,4.796261678639136,0.3913237035383137,4.0,28.0,0,Case Keenum,Casey,Keenum,QB,1988-02-17,2012,,,,Houston,27.537303216974674,-0.8055945606882631,0.6489825962105156,3,4.8283137373023015,25.0,0.031007751937984496,0.08311539897915907,2.0778849744789767,0.608,0.032,0.008,6.624,-17.69512689149082,77.0,4.343805421853684,-0.22980684274663402,0.0004583652752674,28.084551763885703,48.0,,,,,,,,,,,,,,,,,,,
00-0028986,2016,10,322,196,2201.0,9,11.0,-35.95203738696044,2468.0,1037.0,102.0,9.090007533793957,0.5361884942711024,23.0,140.0,0,Case Keenum,Casey,Keenum,QB,1988-02-17,2012,,,,Houston,28.539356605065024,0.1964588274020862,0.0385960708642027,4,5.7745515455444085,32.2,0.06666666666666667,-0.11165229002161628,-3.595203738696044,0.6086956521739131,0.027950310559006212,0.034161490683229816,6.8354037267080745,10.389424872394883,125.0,4.8283137373023015,0.08311539897915907,0.3913237035383137,-46.341462259355325,197.0,,,,,,,,,,,,,,,,,,,
00-0028986,2017,15,481,325,3547.0,22,7.0,57.22962707811837,3641.0,1830.0,179.0,16.517423551401528,2.146655985207028,22.0,136.0,1,Case Keenum,Casey,Keenum,QB,1988-02-17,2012,,,,Houston,29.53867214236824,1.1957743647053043,1.429876331286374,5,6.175867270105761,32.06666666666667,0.0437375745526839,0.11898051367592176,3.815308471874558,0.6756756756756757,0.04573804573804574,0.014553014553014554,7.374220374220374,-35.95203738696044,322.0,5.7745515455444085,-0.11165229002161628,0.5361884942711024,93.18166446507881,159.0,,,,,,,,,,,,,,,,,,,
00-0028986,2018,16,586,365,3890.0,18,15.0,-16.750758365198063,4369.0,1795.0,179.0,14.75515451799544,0.7485003769412044,34.0,235.0,0,Case Keenum,Casey,Keenum,QB,1988-02-17,2012,,,,Houston,30.537987679671456,2.195089902008519,4.818419677899769,6,6.373319789577012,36.625,0.054838709677419356,-0.02858491188600352,-1.046922397824879,0.6228668941979523,0.030716723549488054,0.025597269624573378,6.638225255972697,57.22962707811837,481.0,6.175867270105761,0.11898051367592176,2.146655985207028,-73.98038544331644,105.0,16.0,36.625,8.80056816347672,-1.04692239125,3.57114088612431,-0.025282710453922965,0.10199831595327476,6.708197094652999,1.0924175684163262,0.6194456526218766,0.0320572426304582,0.025174515870131007,-7.077342,6.5769873,0.24028855053861353,3.4110846381463427,4.034310962788735,4.0,0.25
00-0028986,2019,10,247,160,1707.0,11,5.0,-3.211230029566176,1700.0,800.0,83.0,9.133169691238152,0.7941545190690296,15.0,145.0,0,Case Keenum,Casey,Keenum,QB,1988-02-17,2012,,,,Houston,31.537303216974674,3.194405439311737,10.204226110704411,7,5.5093883366279774,24.7,0.05725190839694656,-0.013000931293790187,-0.3211230029566176,0.6477732793522267,0.044534412955465584,0.020242914979757085,6.910931174089069,-16.750758365198063,586.0,6.373319789577012,-0.02858491188600352,0.7485003769412044,13.539528335631887,-339.0,9.0,27.444444444444443,13.106402167558333,-0.3568034211111109,11.394913895979448,-0.06533416662529706,0.36996769683933256,6.624995069064837,1.5823288366839185,0.651267673593255,0.035692119180491276,0.020855951088509225,-18.784487,21.749092,0.4775612125830972,31.936111656370574,5.6626986452764045,5.0,0.5555555555555556
00-0029234,2015,3,104,61,779.0,4,6.0,-0.4885821661215956,893.0,354.0,40.0,2.493250824792784,0.0362520073083204,5.0,23.0,0,Kellen Moore,Kellen,Moore,QB,1988-07-05,2012,,,,Boise State,27.156741957563312,-1.186155820099625,1.4069656295562138,3,4.6443908991413725,34.666666666666664,0.045871559633027525,-0.004697905443476881,-0.16286072204053187,0.5865384615384616,0.038461538461538464,0.057692307692307696,7.490384615384615,,,,,,,,,,,,,,,,,,,,,,,,,,
00-0029263,2012,16,393,252,3118.0,26,10.0,82.44575281519165,3903.0,1230.0,149.0,13.564936237110258,2.6791453422640057,33.0,203.0,0,Russell Wilson,Russell,Wilson,QB,1988-11-29,2012,2012.0,3.0,75.0,Wisconsin; N.C. State,23.756331279945243,-4.586566497717694,21.036592237986355,0,5.973809611869261,24.5625,0.07746478873239436,0.20978563057300675,5.152859550949478,0.6412213740458015,0.06615776081424936,0.02544529262086514,7.933842239185751,,,,,,,,,,,,,,,,,,,,,,,,,,
00-0029263,2013,16,407,257,3357.0,26,9.0,73.30102054195349,3878.0,1442.0,153.0,15.119802634511055,2.3454898971298475,44.0,272.0,0,Russell Wilson,Russell,Wilson,QB,1988-11-29,2012,2012.0,3.0,75.0,Wisconsin; N.C. State,24.75564681724846,-3.587250960414476,12.86836945299458,1,6.008813185442595,25.4375,0.0975609756097561,0.1801007875723673,4.581313783872093,0.6314496314496314,0.06388206388206388,0.022113022113022112,8.248157248157248,82.44575281519165,393.0,5.973809611869261,0.20978563057300675,2.6791453422640057,-9.144732273238162,14.0,,,,,,,,,,,,,,,,,,,
00-0029263,2014,16,452,285,3475.0,20,7.0,42.165206570775766,3700.0,1879.0,159.0,16.30122772569213,2.1697887073056457,42.0,242.0,0,Russell Wilson,Russell,Wilson,QB,1988-11-29,2012,2012.0,3.0,75.0,Wisconsin; N.C. State,25.754962354551676,-2.5879354231112615,6.697409754194064,2,6.113682179832232,28.25,0.08502024291497975,0.09328585524507912,2.6353254106734854,0.6305309734513275,0.04424778761061947,0.015486725663716814,7.688053097345133,73.30102054195349,407.0,6.008813185442595,0.1801007875723673,2.3454898971298475,-31.135813971177726,45.0,,,,,,,,,,,,,,,,,,,
00-0029263,2015,16,483,329,4024.0,34,8.0,130.4903456489878,4122.0,1826.0,187.0,16.572312536963896,2.9992043315722303,45.0,265.0,0,Russell Wilson,Russell,Wilson,QB,1988-11-29,2012,2012.0,3.0,75.0,Wisconsin; N.C. State,26.754277891854894,-1.5886198858080434,2.5237131415847607,3,6.180016653652572,30.1875,0.08522727272727272,0.27016634709935367,8.155646603061738,0.6811594202898551,0.07039337474120083,0.016563146997929608,8.331262939958592,42.165206570775766,452.0,6.113682179832232,0.09328585524507912,2.1697887073056457,88.32513907821205,31.0,,,,,,,,,,,,,,,,,,,
00-0029263,2016,16,546,353,4219.0,21,11.0,49.92780877378747,4714.0,1747.0,193.0,15.024314855591332,2.203989149110088,41.0,293.0,1,Russell Wilson,Russell,Wilson,QB,1988-11-29,2012,2012.0,3.0,75.0,Wisconsin; N.C. State,27.756331279945243,-0.5865664977176941,0.34406025624480163,4,6.302618975744905,34.125,0.06984667802385008,0.09144287321206496,3.120488048361717,0.6465201465201466,0.038461538461538464,0.020146520146520148,7.727106227106227,130.4903456489878,483.0,6.180016653652572,0.27016634709935367,2.9992043315722303,-80.56253687520035,63.0,,,,,,,,,,,,,,,,,,,
00-0029263,2017,16,553,339,3983.0,34,11.0,27.841122888504387,5411.0,1599.0,183.0,12.161896601071357,1.8973999560524233,43.0,322.0,2,Russell Wilson,Russell,Wilson,QB,1988-11-29,2012,2012.0,3.0,75.0,Wisconsin; N.C. State,28.75564681724846,0.412749039585524,0.17036176967877245,5,6.315358001522335,34.5625,0.07214765100671142,0.05034561100995368,1.7400701805315242,0.6130198915009042,0.06148282097649186,0.019891500904159132,7.2025316455696204,49.92780877378747,546.0,6.302618975744905,0.09144287321206496,2.203989149110088,-22.08668588528308,7.0,,,,,,,,,,,,,,,,,,,
00-0029263,2018,16,427,280,3448.0,35,7.0,63.47602963982203,3833.0,1385.0,156.0,14.787566784626309,2.955048833572139,51.0,355.0,1,Russell Wilson,Russell,Wilson,QB,1988-11-29,2012,2012.0,3.0,75.0,Wisconsin; N.C. State,29.754962354551676,1.4120645768887385,1.9939263693039722,6,6.056784013228625,26.6875,0.10669456066945607,0.14865580711902115,3.967251852488877,0.6557377049180327,0.08196721311475409,0.01639344262295082,8.074941451990632,27.841122888504387,553.0,6.315358001522335,0.05034561100995368,1.8973999560524233,35.634906751317644,-126.0,17.0,26.705882352941178,6.381268544364366,3.917379323529412,10.299232476498794,0.17254407599354393,0.4345533869745636,8.312091077130162,2.474908322958233,0.6570658114112863,0.08569198641279466,0.015007186618439815,-14.0938015,21.50564,0.2389461789739961,2.629112890507517,2.5185065582363038,12.0,0.7058823529411765
00-0029263,2019,16,516,341,4110.0,31,5.0,87.7924086832474,4830.0,1723.0,190.0,14.441860809011434,2.546694431801803,48.0,319.0,1,Russell Wilson,Russell,Wilson,QB,1988-11-29,2012,2012.0,3.0,75.0,Wisconsin; N.C. State,30.754277891854894,2.4113801141919566,5.814754055120414,7,6.246106765481563,32.25,0.0851063829787234,0.17014032690551822,5.487025542702963,0.6608527131782945,0.060077519379844964,0.009689922480620155,7.965116279069767,63.47602963982203,427.0,6.056784013228625,0.14865580711902115,2.955048833572139,24.31637904342537,89.0,18.0,32.05555555555556,8.03281667852875,6.329386205555555,9.803129059876463,0.21749925724936026,0.32574677919773687,8.377201222717726,1.7778508187216246,0.6641556279975835,0.06085096790053236,0.00854654727234601,-12.846737,18.2019,0.25059046830765597,1.548827760150244,1.4976914556736722,13.0,0.7222222222222222
00-0029263,2020,16,558,384,4212.0,40,13.0,78.27155225282836,4809.0,1827.0,213.0,14.615686342499489,2.629492442354223,47.0,301.0,1,Russell Wilson,Russell,Wilson,QB,1988-11-29,2012,2012.0,3.0,75.0,Wisconsin; N.C. State,31.756331279945243,3.413433502282306,11.65152827450325,8,6.324358962381311,34.875,0.07768595041322314,0.14027159901940567,4.891972015801772,0.6881720430107527,0.07168458781362007,0.023297491039426525,7.548387096774194,87.7924086832474,516.0,6.246106765481563,0.17014032690551822,2.546694431801803,-9.520856430419045,42.0,17.0,34.411764705882355,6.510173034657105,3.69080445,9.929612297579718,0.1107496705992068,0.3107108984431799,7.467357822709685,1.6674907669989412,0.6764863627754755,0.07413685487617043,0.02315161866727645,-15.527875,19.570175,0.18918451553704405,2.6903653206497347,2.8055243574277973,12.0,0.7058823529411765
00-0029263,2021,14,400,259,3113.0,25,6.0,16.506031373268872,3955.0,1383.0,135.0,11.846254433540036,1.6655767463966682,33.0,266.0,1,Russell Wilson,Russell,Wilson,QB,1988-11-29,2012,2012.0,3.0,75.0,Wisconsin; N.C. State,32.75564681724846,4.412749039585524,19.472354086362966,9,5.991464547107982,28.571428571428573,0.07621247113163972,0.04126507843317218,1.1790022409477765,0.6475,0.0625,0.015,7.7825,78.27155225282836,558.0,6.324358962381311,0.14027159901940567,2.629492442354223,-61.76552087955949,-158.0,14.0,28.571428571428573,5.996335877520868,1.1790023535714285,9.935166776765525,0.055701273825391036,0.32751214085971475,7.993552295856832,2.09986164086601,0.6502373374543928,0.06689458376471293,0.015017616428906751,-20.466978,15.2365465,0.20987175571323036,8.4267573738678,5.879796248221897,8.0,0.5714285714285714
00-0029263,2022,15,483,292,3524.0,16,11.0,-55.99700972790031,4264.0,1720.0,142.0,13.181928406144484,0.9342129219847752,55.0,368.0,0,Russell Wilson,Russell,Wilson,QB,1988-11-29,2012,2012.0,3.0,75.0,Wisconsin; N.C. State,33.75496235455168,5.412064576888742,29.290442984413918,10,6.180016653652572,32.2,0.10223048327137546,-0.11593583794596338,-3.733133981860021,0.6045548654244306,0.033126293995859216,0.022774327122153208,7.296066252587992,16.506031373268872,400.0,5.991464547107982,0.04126507843317218,1.6655767463966682,-72.50304110116919,83.0,15.0,32.2,6.383013171132983,-3.733134056,8.0410394845665,-0.10925613185102186,0.22541271498406373,7.4801043466583925,1.7989875486084521,0.6074950083557893,0.03527882130655192,0.023170287864685148,-14.1914,15.161885,0.19823022270599325,2.1539648359647603,2.063158480582392,6.0,0.4
00-0029263,2023,15,447,297,3070.0,26,8.0,-16.336197524169002,3189.0,1735.0,135.0,15.711004444947886,1.5927855881814104,45.0,258.0,2,Russell Wilson,Russell,Wilson,QB,1988-11-29,2012,2012.0,3.0,75.0,Wisconsin; N.C. State,34.75427789185489,6.411380114191953,41.10579496865602,11,6.102558594613569,29.8,0.09146341463414634,-0.036546303186060405,-1.0890798349446,0.6644295302013423,0.058165548098434,0.017897091722595078,6.868008948545861,-55.99700972790031,483.0,6.180016653652572,-0.11593583794596338,0.9342129219847752,39.66081220373131,-36.0,15.0,29.8,5.621387729022079,-1.0890798600000002,8.369341662620702,-0.05641411108719049,0.3320385178441973,6.7778137440527155,1.2435935222477905,0.6607047709442699,0.06104956602446073,0.01961083507136139,-18.298592,14.218062,0.18863717211483486,7.68478232865375,5.885735172375883,8.0,0.5333333333333333
00-0029531,2012,6,171,89,752.0,0,7.0,-87.94198339035462,1406.0,262.0,38.0,3.444949993913286,-0.2070941320505396,12.0,91.0,0,Ryan Lindley,Ryan,Lindley,QB,1989-06-22,2012,2012.0,6.0,185.0,San Diego State,23.195071868583163,-5.147825909079774,26.500111590193004,0,5.14166355650266,28.5,0.06557377049180328,-0.5142806046219569,-14.65699723172577,0.52046783625731,0.0,0.04093567251461988,4.39766081871345,,,,,,,,,,,,,,,,,,,,,,,,,,
00-0029567,2012,7,265,161,1699.0,6,5.0,-15.822112821580916,2164.0,818.0,76.0,5.649142254844693,0.4855896700447565,20.0,131.0,0,Nick Foles,Nicholas,Foles,QB,1989-01-20,2012,2012.0,3.0,88.0,Arizona; Michigan State,23.613963039014372,-4.728934738648565,22.362823762397174,0,5.579729825986222,37.857142857142854,0.07017543859649122,-0.05970608611917327,-2.2603018316544166,0.6075471698113207,0.022641509433962263,0.018867924528301886,6.411320754716981,,,,,,,,,,,,,,,,,,,,,,,,,,
00-0029567,2013,13,317,203,2891.0,27,2.0,104.93084527910024,2962.0,1385.0,129.0,14.05776408644442,2.185139424920385,28.0,173.0,2,Nick Foles,Nicholas,Foles,QB,1989-01-20,2012,2012.0,3.0,88.0,Arizona; Michigan State,24.61327857631759,-3.729619201345347,13.910059387043905,1,5.75890177387728,24.384615384615383,0.08115942028985507,0.3310121302179818,8.07160348300771,0.6403785488958991,0.08517350157728706,0.006309148264984227,9.1198738170347,-15.822112821580916,265.0,5.579729825986222,-0.05970608611917327,0.4855896700447565,120.75295810068116,52.0,,,,,,,,,,,,,,,,,,,
00-0029567,2014,8,311,186,2163.0,13,10.0,10.81058114134184,2999.0,980.0,101.0,6.311044985534956,0.6336313701868775,9.0,74.0,0,Nick Foles,Nicholas,Foles,QB,1989-01-20,2012,2012.0,3.0,88.0,Arizona; Michigan State,25.61259411362081,-2.730303664042129,7.454558097881875,2,5.739792912179234,38.875,0.028125,0.034760711065407845,1.35132264266773,0.5980707395498392,0.04180064308681672,0.03215434083601286,6.954983922829582,104.93084527910024,317.0,5.75890177387728,0.3310121302179818,2.185139424920385,-94.1202641377584,-6.0,,,,,,,,,,,,,,,,,,,
00-0029567,2015,11,337,190,2052.0,7,10.0,-89.16748965587412,2707.0,1154.0,82.0,9.003422007772295,0.1230099649809377,14.0,98.0,1,Nick Foles,Nicholas,Foles,QB,1989-01-20,2012,2012.0,3.0,88.0,Arizona; Michigan State,26.611909650924023,-1.7309881267389144,2.996319894911096,3,5.820082930352362,30.636363636363637,0.039886039886039885,-0.26459195743582825,-8.106135423261284,0.5637982195845698,0.020771513353115726,0.02967359050445104,6.089020771513353,10.81058114134184,311.0,5.739792912179234,0.034760711065407845,0.6336313701868775,-99.97807079721596,26.0,,,,,,,,,,,,,,,,,,,
00-0029567,2017,7,101,57,537.0,5,2.0,-16.765180207660602,825.0,241.0,29.0,5.430368855695633,0.0988949658320128,5.0,44.0,0,Nick Foles,Nicholas,Foles,QB,1989-01-20,2012,2012.0,3.0,88.0,Arizona; Michigan State,28.61327857631759,0.2703807986546529,0.07310577628112797,5,4.61512051684126,14.428571428571429,0.04716981132075472,-0.1659918832441644,-2.3950257439515146,0.5643564356435643,0.04950495049504951,0.019801980198019802,5.316831683168317,-6.430125908284399,55.0,4.007333185232471,-0.11691138015062544,0.2677267168612094,-10.335054299376203,46.0,,,,,,,,,,,,,,,,,,,
00-0029567,2018,5,195,141,1413.0,7,4.0,17.170552850342474,1320.0,717.0,60.0,5.968268846074195,0.7082049430842712,9.0,47.0,0,Nick Foles,Nicholas,Foles,QB,1989-01-20,2012,2012.0,3.0,88.0,Arizona; Michigan State,29.61259411362081,1.269696335957871,1.612128785544843,6,5.272999558563747,39.0,0.04411764705882353,0.08805411718124345,3.434110570068495,0.7230769230769231,0.035897435897435895,0.020512820512820513,7.246153846153846,-16.765180207660602,101.0,4.61512051684126,-0.1659918832441644,0.0988949658320128,33.93573305800308,94.0,7.0,38.0,7.788880963698614,2.959694057142857,9.990686727137962,0.06749179791313865,0.2464935656791516,6.936038969421032,1.9521723266759667,0.6900856383609162,0.035047158788106776,0.032413878831800844,-11.164289,19.461933,0.2049705516762793,3.3755808993252767,3.6522003161982237,4.0,0.5714285714285714
00-0029567,2019,4,117,77,736.0,3,2.0,-13.581143393876676,990.0,354.0,31.0,3.226031266783531,0.3681254799869993,8.0,60.0,1,Nick Foles,Nicholas,Foles,QB,1989-01-20,2012,2012.0,3.0,88.0,Arizona; Michigan State,30.611909650924023,2.2690118732610856,5.1484148809997805,7,4.762173934797756,29.25,0.064,-0.11607814866561261,-3.395285848469169,0.6581196581196581,0.02564102564102564,0.017094017094017096,6.2905982905982905,17.170552850342474,195.0,5.272999558563747,0.08805411718124345,0.7082049430842712,-30.75169624421915,-78.0,4.0,29.25,21.219095173922945,-3.395285975,9.519705583799233,-0.12101201300816872,0.8001609906100126,6.995599037487335,1.6369544459800245,0.6234485815602837,0.04188829787234043,0.02317629179331307,-16.524363,6.107098,0.7254391512452288,2.8038008149811984,6.612244278227146,1.0,0.25
00-0029567,2020,9,312,202,1852.0,10,8.0,-33.65516300228922,2502.0,701.0,93.0,5.955409343659161,0.5582134733051517,18.0,145.0,0,Nick Foles,Nicholas,Foles,QB,1989-01-20,2012,2012.0,3.0,88.0,Arizona; Michigan State,31.613963039014372,3.271065261351435,10.69986794402013,8,5.7430031878094825,34.666666666666664,0.05454545454545454,-0.10786911218682442,-3.7394625558099133,0.6474358974358975,0.03205128205128205,0.02564102564102564,5.935897435897436,-13.581143393876676,117.0,4.762173934797756,-0.11607814866561261,0.3681254799869993,-20.074019608412545,195.0,9.0,34.666666666666664,14.730919862656233,-3.739462621111111,7.967453597056174,-0.19683264014468368,0.32670887595363324,5.216927169176959,2.126879971451983,0.5696620732785578,0.02932781948761764,0.024510512693860047,-17.926327,5.130042,0.4249303806535452,2.1306413258621624,1.6598307867713546,3.0,0.3333333333333333
00-0029604,2013,5,155,81,854.0,4,7.0,-31.646294512820972,1243.0,319.0,41.0,3.413118567104787,-0.0132915999835367,5.0,32.0,0,Kirk Cousins,Kirk,Cousins,QB,1988-08-19,2012,2012.0,4.0,102.0,Michigan State,25.034907597535934,-3.3079901801270033,10.942799031816683,1,5.043425116919247,31.0,0.03125,-0.20416964201819982,-6.329258902564194,0.5225806451612903,0.025806451612903226,0.04516129032258064,5.509677419354839,12.056594693454942,48.0,3.871201010907891,0.2511790561136446,0.2272041631432574,-43.70288920627591,107.0,,,,,,,,,,,,,,,,,,,
00-0029604,2014,6,204,126,1710.0,10,9.0,14.255489417378458,1781.0,901.0,75.0,6.0690568568281025,0.4909115050970768,8.0,70.0,0,Kirk Cousins,Kirk,Cousins,QB,1988-08-19,2012,2012.0,4.0,102.0,Michigan State,26.034223134839152,-2.308674642823785,5.329978606417532,2,5.318119993844216,34.0,0.03773584905660377,0.06987985008518852,2.3759149028964095,0.6176470588235294,0.049019607843137254,0.04411764705882353,8.382352941176471,-31.646294512820972,155.0,5.043425116919247,-0.20416964201819982,-0.0132915999835367,45.90178393019943,49.0,,,,,,,,,,,,,,,,,,,
00-0029604,2015,16,543,379,4166.0,29,11.0,97.09486031646736,4352.0,1875.0,204.0,17.332757483886148,2.71235002226556,26.0,186.0,2,Kirk Cousins,Kirk,Cousins,QB,1988-08-19,2012,2012.0,4.0,102.0,Michigan State,27.033538672142367,-1.3093591055205707,1.7144212672096288,3,6.297109319933935,33.9375,0.04569420035149385,0.17881189745205775,6.06842876977921,0.6979742173112339,0.053406998158379376,0.020257826887661142,7.672191528545119,14.255489417378458,204.0,5.318119993844216,0.06987985008518852,0.4909115050970768,82.8393708990889,339.0,,,,,,,,,,,,,,,,,,,
00-0029604,2016,16,606,406,4917.0,25,12.0,115.1428493579364,5268.0,1969.0,225.0,15.511331039032,2.550619402346046,23.0,190.0,0,Kirk Cousins,Kirk,Cousins,QB,1988-08-19,2012,2012.0,4.0,102.0,Michigan State,28.035592060232716,-0.3073057174302214,0.09443680396530307,4,6.406879986069314,37.875,0.03656597774244833,0.19000470191078614,7.196428084871025,0.66996699669967,0.041254125412541254,0.019801980198019802,8.113861386138614,97.09486031646736,543.0,6.297109319933935,0.17881189745205775,2.71235002226556,18.047989041469037,63.0,,,,,,,,,,,,,,,,,,,
00-0029604,2017,16,540,347,4093.0,27,13.0,16.449299637370878,4153.0,2140.0,191.0,17.205165956917767,1.67103180495022,41.0,342.0,0,Kirk Cousins,Kirk,Cousins,QB,1988-08-19,2012,2012.0,4.0,102.0,Michigan State,29.034907597535934,0.6920098198729967,0.47887759080065734,5,6.29156913955832,33.75,0.07056798623063683,0.030461665995131254,1.0280812273356799,0.6425925925925926,0.05,0.024074074074074074,7.57962962962963,115.1428493579364,606.0,6.406879986069314,0.19000470191078614,2.550619402346046,-98.69354972056553,-66.0,,,,,,,,,,,,,,,,,,,
00-0029604,2018,16,606,425,4298.0,30,10.0,-12.061679241282334,4396.0,1947.0,218.0,16.573498786879597,1.5165524597091962,40.0,262.0,3,Kirk Cousins,Kirk,Cousins,QB,1988-08-19,2012,2012.0,4.0,102.0,Michigan State,30.034223134839152,1.6913253571762148,2.8605814638272506,6,6.406879986069314,37.875,0.06191950464396285,-0.019903761124228276,-0.7538549525801459,0.7013201320132013,0.04950495049504951,0.0165016501650165,7.092409240924092,16.449299637370878,540.0,6.29156913955832,0.030461665995131254,1.67103180495022,-28.510978878653212,66.0,16.0,37.875,9.528028827272372,-0.7538548975,11.99680222418368,-0.022515224498979233,0.3102229705415413,7.219884735770257,1.801616621778033,0.7012099941403307,0.05161777794174647,0.01717647247007354,-22.892393,14.962537,0.2515651175517458,15.913940818012236,13.778364526438802,9.0,0.5625
00-0029604,2019,15,444,307,3603.0,26,6.0,87.03896045200226,3391.0,1789.0,165.0,18.60838311464112,2.745323052480136,28.0,206.0,1,Kirk Cousins,Kirk,Cousins,QB,1988-08-19,2012,2012.0,4.0,102.0,Michigan State,31.033538672142367,2.6906408944794293,7.239548423045064,7,6.095824562432225,29.6,0.059322033898305086,0.1960336947117168,5.802597363466817,0.6914414414414415,0.05855855855855856,0.013513513513513514,8.114864864864865,-12.061679241282334,606.0,6.406879986069314,-0.019903761124228276,1.5165524597091962,99.10063969328459,-162.0,17.0,29.647058823529413,6.827711700037101,4.956619723529411,13.025443210934458,0.20679124535995394,0.4569411545814142,8.148576312977385,2.1002685942752195,0.7003034083766908,0.05650862759225868,0.013531727719481915,-22.88603,25.224983,0.2302997994060133,2.627888346790413,2.209673595156475,13.0,0.7647058823529411
00-0029604,2020,16,516,349,4265.0,35,13.0,91.6894228925342,4103.0,1936.0,212.0,21.899808499296064,2.557740877313698,39.0,256.0,5,Kirk Cousins,Kirk,Cousins,QB,1988-08-19,2012,2012.0,4.0,102.0,Michigan State,32.035592060232716,3.6926942825697786,13.635991064523532,8,6.246106765481563,32.25,0.07027027027027027,0.1776926800242911,5.730588930783387,0.6763565891472868,0.06782945736434108,0.025193798449612403,8.265503875968992,87.03896045200226,444.0,6.095824562432225,0.1960336947117168,2.745323052480136,4.650462440531939,72.0,16.0,32.25,9.05906544112949,5.730588878124999,7.139803407216016,0.20543232722141824,0.28796900124726443,8.606319937934906,2.1966752400215848,0.6765641582119177,0.06980874328559382,0.02612737929598395,-13.038895,18.675098,0.28090125398851135,1.2459109454650148,1.4017706226775442,13.0,0.8125
00-0029604,2021,16,561,372,4221.0,33,7.0,71.63356777481539,4573.0,1813.0,192.0,15.249050312055733,1.8000000110233607,28.0,197.0,0,Kirk Cousins,Kirk,Cousins,QB,1988-08-19,2012,2012.0,4.0,102.0,Michigan State,33.034907597535934,4.692009819872997,22.01495614978463,9,6.329720905522696,35.0625,0.04753820033955857,0.12768906911731798,4.477097985925962,0.6631016042780749,0.058823529411764705,0.012477718360071301,7.524064171122995,91.6894228925342,516.0,6.246106765481563,0.1776926800242911,2.557740877313698,-20.055855117718806,45.0,16.0,35.0625,7.279823715814369,4.4770979425,9.770057457731024,0.11741299988750242,0.2819265068422384,7.518581784661216,1.8071632547248313,0.6537472499960552,0.0621586548189052,0.013717258709510969,-9.925638,20.69339,0.20762420579862728,2.182230003276508,2.401152403161168,11.0,0.6875
00-0029604,2022,17,643,424,4547.0,29,14.0,18.464406551715793,4821.0,1967.0,230.0,16.98790585975999,1.819897111684366,46.0,329.0,3,Kirk Cousins,Kirk,Cousins,QB,1988-08-19,2012,2012.0,4.0,102.0,Michigan State,34.03422313483915,5.691325357176215,32.39118432123697,10,6.466144724237619,37.8235294117647,0.06676342525399129,0.02871602885181305,1.086141561865635,0.6594090202177294,0.04510108864696734,0.02177293934681182,7.07153965785381,71.63356777481539,561.0,6.329720905522696,0.12768906911731798,1.8000000110233607,-53.16916122309959,82.0,18.0,37.888888888888886,8.770866808654855,1.706248442222222,11.2414056908012,0.03985267694007869,0.37681794434541943,7.100786634705967,1.77394730711052,0.6702730928776355,0.044694170064869344,0.01898676012738457,-18.254179,22.573524,0.23148915330760617,6.588375650711432,9.455273102782826,9.0,0.5
00-0029604,2023,8,311,216,2331.0,18,5.0,37.10304547110406,2252.0,996.0,112.0,8.48299432724033,1.0611103338147516,17.0,110.0,0,Kirk Cousins,Kirk,Cousins,QB,1988-08-19,2012,2012.0,4.0,102.0,Michigan State,35.03353867214237,6.690640894479433,44.76467557888055,11,5.739792912179234,38.875,0.051829268292682924,0.11930239701319634,4.637880683888008,0.6945337620578779,0.05787781350482315,0.01607717041800643,7.495176848874598,18.464406551715793,643.0,6.466144724237619,0.02871602885181305,1.819897111684366,18.638638919388267,-332.0,8.0,38.875,10.682930309610748,4.6378807250000005,10.981753682910247,0.0788632033381307,0.3696824484138569,7.483333888865172,1.0850832020313907,0.6925347868746344,0.0606748279675708,0.021276581605528973,-10.878063,19.499933,0.2748020658420771,2.3678387466314685,4.687641799545236,6.0,0.75
00-0029665,2012,15,393,258,3200.0,20,5.0,85.0470963146171,3328.0,1450.0,151.0,14.795401325335396,2.467635108106056,30.0,217.0,0,Robert Griffin III,Robert,Griffin,QB,1990-02-12,2012,2012.0,1.0,2.0,Baylor,22.55167693360712,-5.791220844055818,33.538238864626585,0,5.973809611869261,26.2,0.07092198581560284,0.2164048252280333,5.6698064209744725,0.6564885496183206,0.05089058524173028,0.01272264631043257,8.142493638676845,,,,,,,,,,,,,,,,,,,,,,,,,,
00-0029665,2013,13,456,274,3203.0,16,12.0,7.590368202140009,3949.0,1524.0,157.0,11.077186225405883,0.9007139506967986,38.0,274.0,1,Robert Griffin III,Robert,Griffin,QB,1990-02-12,2012,2012.0,1.0,2.0,Baylor,23.550992470910334,-4.791905306752604,22.962356468883765,1,6.1224928095143865,35.07692307692308,0.07692307692307693,0.016645544302938617,0.583874477087693,0.6008771929824561,0.03508771929824561,0.02631578947368421,7.024122807017544,85.0470963146171,393.0,5.973809611869261,0.2164048252280333,2.467635108106056,-77.45672811247708,63.0,,,,,,,,,,,,,,,,,,,
00-0029665,2014,9,214,147,1694.0,4,6.0,-30.846570335832105,1474.0,1096.0,67.0,10.417101932309984,0.5035341952871563,33.0,227.0,0,Robert Griffin III,Robert,Griffin,QB,1990-02-12,2012,2012.0,1.0,2.0,Baylor,24.550308008213552,-3.7925897694493855,14.383737159332144,2,5.365976015021851,23.77777777777778,0.13360323886639677,-0.14414285203659863,-3.427396703981345,0.6869158878504673,0.018691588785046728,0.028037383177570093,7.91588785046729,7.590368202140009,456.0,6.1224928095143865,0.016645544302938617,0.9007139506967986,-38.43693853797211,-242.0,,,,,,,,,,,,,,,,,,,
00-0029665,2016,5,147,87,886.0,2,3.0,-22.773194649556345,1275.0,448.0,43.0,3.5898889846011253,0.1820019568368593,22.0,138.0,0,Robert Griffin III,Robert,Griffin,QB,1990-02-12,2012,2012.0,1.0,2.0,Baylor,26.55167693360712,-1.7912208440558182,3.2084721121800377,4,4.990432586778736,29.4,0.1301775147928994,-0.15491969149358056,-4.554638929911269,0.5918367346938775,0.013605442176870748,0.02040816326530612,6.0272108843537415,-30.846570335832105,214.0,5.365976015021851,-0.14414285203659863,0.5035341952871563,8.07337568627576,-67.0,,,,,,,,,,,,,,,,,,,
00-0029668,2012,16,627,339,4374.0,23,18.0,14.106011954468578,6377.0,1656.0,208.0,11.52436572489366,1.1420308526628404,41.0,246.0,0,Andrew Luck,Andrew,Luck,QB,1989-09-12,2012,2012.0,1.0,1.0,Stanford,22.97056810403833,-5.372329673624609,28.861926122107498,0,6.440946540632921,39.1875,0.061377245508982034,0.022497626721640476,0.8816257471542861,0.5406698564593302,0.03668261562998405,0.028708133971291867,6.976076555023924,,,,,,,,,,,,,,,,,,,,,,,,,,
00-0029668,2013,16,570,343,3822.0,23,9.0,17.88938710807227,4662.0,1896.0,185.0,13.842623941487975,1.556199225323533,32.0,227.0,4,Andrew Luck,Andrew,Luck,QB,1989-09-12,2012,2012.0,1.0,1.0,Stanford,23.969883641341546,-4.373014136321391,19.12325263646672,1,6.345636360828596,35.625,0.053156146179401995,0.03138488966328468,1.118086694254517,0.6017543859649123,0.04035087719298246,0.015789473684210527,6.705263157894737,14.106011954468578,627.0,6.440946540632921,0.022497626721640476,1.1420308526628404,3.783375153603693,-57.0,,,,,,,,,,,,,,,,,,,
00-0029668,2014,16,616,380,4761.0,40,16.0,86.45873915177273,5476.0,2209.0,234.0,14.652502132005464,2.045694425729574,27.0,161.0,0,Andrew Luck,Andrew,Luck,QB,1989-09-12,2012,2012.0,1.0,1.0,Stanford,24.969199178644764,-3.373698599018173,11.381842237017183,2,6.423246963533519,38.5,0.041990668740279936,0.1403550960256051,5.403671196985796,0.6168831168831169,0.06493506493506493,0.025974025974025976,7.728896103896104,17.88938710807227,570.0,6.345636360828596,0.03138488966328468,1.556199225323533,68.56935204370046,46.0,,,,,,,,,,,,,,,,,,,
00-0029668,2015,7,293,162,1881.0,15,12.0,-8.346066842586035,2824.0,698.0,90.0,4.9559649796850165,0.2607197501437616,15.0,88.0,1,Andrew Luck,Andrew,Luck,QB,1989-09-12,2012,2012.0,1.0,1.0,Stanford,25.968514715947983,-2.374383061714955,5.637694923758883,3,5.680172609017068,41.857142857142854,0.048701298701298704,-0.02848486976991821,-1.1922952632265764,0.552901023890785,0.051194539249146756,0.040955631399317405,6.419795221843003,86.45873915177273,616.0,6.423246963533519,0.1403550960256051,2.045694425729574,-94.80480599435877,-323.0,,,,,,,,,,,,,,,,,,,
00-0029668,2016,15,545,346,4240.0,31,13.0,59.822693227136696,4471.0,1701.0,206.0,14.547950837377131,1.9077226842481103,41.0,268.0,2,Andrew Luck,Andrew,Luck,QB,1989-09-12,2012,2012.0,1.0,1.0,Stanford,26.97056810403833,-1.3723296736246091,1.8832887331106263,4,6.300785794663244,36.333333333333336,0.06996587030716724,0.1097664095910765,3.9881795484757796,0.634862385321101,0.05688073394495413,0.023853211009174313,7.779816513761468,-8.346066842586035,293.0,5.680172609017068,-0.02848486976991821,0.2607197501437616,68.16876006972274,252.0,,,,,,,,,,,,,,,,,,,
00-0029668,2018,16,639,430,4593.0,39,15.0,111.17987004126816,4770.0,1968.0,236.0,16.245119955396497,2.1688537776854284,18.0,134.0,2,Andrew Luck,Andrew,Luck,QB,1989-09-12,2012,2012.0,1.0,1.0,Stanford,28.969199178644764,0.6263014009818271,0.39225344487179936,6,6.459904454377535,39.9375,0.0273972602739726,0.1739904069503414,6.94874187757926,0.672926447574335,0.06103286384976526,0.023474178403755867,7.187793427230047,59.822693227136696,545.0,6.300785794663244,0.1097664095910765,1.9077226842481103,51.35717681413146,94.0,18.0,39.27777777777778,11.333477507733477,5.558418694444445,10.2887531693785,0.17135517365669117,0.2976343559421628,7.240107496175235,1.7305011176926195,0.6662112420952817,0.06453496851002012,0.022239202812768456,-15.196594,21.505083,0.2885468106636529,1.8510216187315924,1.7369440886475425,14.0,0.7777777777777778
00-0029677,2012,15,517,297,3385.0,14,17.0,-30.393054029760496,3845.0,1775.0,168.0,14.478183979664523,0.6811129193285638,28.0,186.0,0,Brandon Weeden,Brandon,Weeden,QB,1983-10-14,2012,2012.0,1.0,22.0,Oklahoma State,28.88432580424367,0.5414280265807321,0.29314430796710594,0,6.248042874508429,34.46666666666667,0.05137614678899083,-0.05878733854885976,-2.026203601984033,0.574468085106383,0.027079303675048357,0.03288201160541586,6.5473887814313345,,,,,,,,,,,,,,,,,,,,,,,,,,
00-0029677,2013,8,267,141,1731.0,9,9.0,-42.42349210335089,2480.0,636.0,80.0,4.858429373328264,0.1182838314006875,27.0,180.0,1,Brandon Weeden,Brandon,Weeden,QB,1983-10-14,2012,2012.0,1.0,22.0,Oklahoma State,29.883641341546884,1.5407435638839466,2.3738907296498053,1,5.58724865840025,33.375,0.09183673469387756,-0.15888948353314938,-5.302936512918861,0.5280898876404494,0.033707865168539325,0.033707865168539325,6.48314606741573,-30.393054029760496,517.0,6.248042874508429,-0.05878733854885976,0.6811129193285638,-12.030438073590393,-250.0,,,,,,,,,,,,,,,,,,,
00-0029677,2015,6,140,97,1043.0,5,2.0,12.163190936209288,1016.0,484.0,53.0,8.520033041721135,1.161840300881891,10.0,77.0,0,Brandon Weeden,Brandon,Weeden,QB,1983-10-14,2012,2012.0,1.0,22.0,Oklahoma State,31.88227241615332,3.539374638490383,12.527172831588928,3,4.941642422609304,23.333333333333332,0.06666666666666667,0.08687993525863777,2.0271984893682147,0.6928571428571428,0.03571428571428571,0.014285714285714285,7.45,2.738845181789648,41.0,3.713572066704308,0.06680110199486947,0.1789975968848862,9.42434575441964,99.0,,,,,,,,,,,,,,,,,,,
00-0029682,2015,8,275,170,1967.0,10,6.0,5.108074138501752,2422.0,885.0,91.0,6.930279266757325,0.5105428736513598,23.0,151.0,0,Brock Osweiler,Brock,Osweiler,QB,1990-11-22,2012,2012.0,2.0,57.0,Arizona State,24.774811772758383,-3.568086004904554,12.731237738395743,3,5.616771097666572,34.375,0.07718120805369127,0.01857481504909728,0.638509267312719,0.6181818181818182,0.03636363636363636,0.02181818181818182,7.152727272727272,0.774277127435198,10.0,2.302585092994046,0.07742771274351981,-0.1190986486888002,4.333797011066554,265.0,,,,,,,,,,,,,,,,,,,
00-0029682,2016,15,510,301,2957.0,15,16.0,-46.4236264898238,4381.0,1205.0,153.0,10.434592693634569,0.6576621438152465,27.0,206.0,0,Brock Osweiler,Brock,Osweiler,QB,1990-11-22,2012,2012.0,2.0,57.0,Arizona State,25.776865160848732,-2.566032616814205,6.584523390554356,4,6.234410725718371,34.0,0.05027932960893855,-0.09102671860749766,-3.09490843265492,0.5901960784313726,0.029411764705882353,0.03137254901960784,5.798039215686274,5.108074138501752,275.0,5.616771097666572,0.01857481504909728,0.5105428736513598,-51.53170062832555,235.0,,,,,,,,,,,,,,,,,,,
00-0029682,2017,6,172,96,1088.0,5,5.0,-22.64894395815006,1326.0,507.0,53.0,6.176627484243927,0.3464330217287342,10.0,64.0,2,Brock Osweiler,Brock,Osweiler,QB,1990-11-22,2012,2012.0,2.0,57.0,Arizona State,26.77618069815195,-1.5667170795109868,2.4546024072314356,5,5.147494476813453,28.666666666666668,0.054945054945054944,-0.13167990673343058,-3.77482399302501,0.5581395348837209,0.029069767441860465,0.029069767441860465,6.325581395348837,-46.4236264898238,510.0,6.234410725718371,-0.09102671860749766,0.6576621438152465,23.774682531673744,-338.0,,,,,,,,,,,,,,,,,,,
00-0029682,2018,7,178,113,1247.0,6,4.0,-9.53488458168916,1424.0,669.0,58.0,5.265712904858672,0.8162495071888178,17.0,130.0,1,Brock Osweiler,Brock,Osweiler,QB,1990-11-22,2012,2012.0,2.0,57.0,Arizona State,27.77549623545517,-0.5674015422077687,0.32194451009975433,6,5.181783550292085,25.428571428571427,0.08717948717948718,-0.053566767312860454,-1.3621263688127372,0.6348314606741573,0.033707865168539325,0.02247191011235955,7.00561797752809,-22.64894395815006,172.0,5.147494476813453,-0.13167990673343058,0.3464330217287342,13.114059376460899,6.0,6.0,29.666666666666668,13.822686666009133,-1.5447624333333334,9.959928080345717,0.13543449350875802,0.6549312280011976,6.901329665442568,1.128300074295283,0.6600383741512773,0.05544965786901271,0.016584766584766587,-14.723644,8.651353,0.4659332584048022,6.447546797764815,4.83577861912147,3.0,0.5
00-0029701,2012,16,484,282,3294.0,12,13.0,-21.72598382510188,4111.0,1243.0,151.0,13.771260084039673,0.9376049703872884,35.0,234.0,2,Ryan Tannehill,Ryan,Tannehill,QB,1988-07-27,2012,2012.0,1.0,8.0,Texas A&M,24.098562628336754,-4.244335149326183,18.014380859805712,0,6.182084906716632,30.25,0.0674373795761079,-0.04488839633285513,-1.3578739890688676,0.5826446280991735,0.024793388429752067,0.026859504132231406,6.805785123966942,,,,,,,,,,,,,,,,,,,,,,,,,,
00-0029701,2013,16,588,355,3913.0,24,17.0,0.1272344321105372,5573.0,1522.0,204.0,11.858033466838586,1.0979252943532796,58.0,399.0,0,Ryan Tannehill,Ryan,Tannehill,QB,1988-07-27,2012,2012.0,1.0,8.0,Texas A&M,25.097878165639973,-3.245019612022965,10.530152282413674,1,6.376726947898627,36.75,0.08978328173374613,0.0002163850886233626,0.007952152006908575,0.6037414965986394,0.04081632653061224,0.02891156462585034,6.654761904761905,-21.72598382510188,484.0,6.182084906716632,-0.04488839633285513,0.9376049703872884,21.85321825721242,104.0,,,,,,,,,,,,,,,,,,,
00-0029701,2014,16,590,392,4045.0,27,12.0,28.421043876443395,4498.0,1866.0,224.0,15.32868055687602,1.7556428923199994,46.0,337.0,0,Ryan Tannehill,Ryan,Tannehill,QB,1988-07-27,2012,2012.0,1.0,8.0,Texas A&M,26.09719370294319,-2.2457040747197468,5.043186791212874,2,6.380122536899765,36.875,0.07232704402515723,0.04817126080753118,1.7763152422777122,0.6644067796610169,0.04576271186440678,0.020338983050847456,6.8559322033898304,0.1272344321105372,588.0,6.376726947898627,0.0002163850886233626,1.0979252943532796,28.293809444332858,2.0,,,,,,,,,,,,,,,,,,,
00-0029701,2015,16,586,363,4208.0,24,12.0,-2.826350727141703,5146.0,1861.0,193.0,17.908092565644456,1.3631525417351005,45.0,420.0,1,Ryan Tannehill,Ryan,Tannehill,QB,1988-07-27,2012,2012.0,1.0,8.0,Texas A&M,27.096509240246405,-1.2463885374165322,1.5534843862033223,3,6.373319789577012,36.625,0.07131537242472266,-0.004823124107750347,-0.17664692044635644,0.6194539249146758,0.040955631399317405,0.020477815699658702,7.180887372013652,28.421043876443395,590.0,6.380122536899765,0.04817126080753118,1.7556428923199994,-31.2473946035851,-4.0,,,,,,,,,,,,,,,,,,,
00-0029701,2016,13,389,261,2995.0,19,12.0,10.956842309675356,3056.0,1440.0,132.0,13.677576910163983,1.382528744299286,29.0,216.0,1,Ryan Tannehill,Ryan,Tannehill,QB,1988-07-27,2012,2012.0,1.0,8.0,Texas A&M,28.098562628336754,-0.24433514932618294,0.059699665196248114,4,5.963579343618446,29.923076923076923,0.06937799043062201,0.02816668974209603,0.8428340238211812,0.6709511568123393,0.04884318766066838,0.030848329048843187,7.699228791773779,-2.826350727141703,586.0,6.373319789577012,-0.004823124107750347,1.3631525417351005,13.783193036817059,-197.0,,,,,,,,,,,,,,,,,,,
00-0029701,2018,11,274,176,1979.0,17,9.0,-53.82381453888741,2229.0,1071.0,92.0,10.548276941263827,0.7736759965048324,35.0,279.0,0,Ryan Tannehill,Ryan,Tannehill,QB,1988-07-27,2012,2012.0,1.0,8.0,Texas A&M,30.09719370294319,1.7542959252802532,3.0775541934549,6,5.6131281063880705,24.90909090909091,0.11326860841423948,-0.19643727933900515,-4.893074048989765,0.6423357664233577,0.06204379562043796,0.032846715328467155,7.2226277372262775,10.956842309675356,389.0,5.963579343618446,0.02816668974209603,1.382528744299286,-64.78065684856277,-115.0,11.0,24.90909090909091,4.742458127480842,-4.893073881818181,11.535434353979305,-0.17624462031521426,0.4767963152238433,7.460324190182897,3.16081750622646,0.6471164185137422,0.06597641696767971,0.030018979065899887,-24.138565,11.693694,0.1903906547528805,2.357502590926123,2.705309894685529,4.0,0.36363636363636365
00-0029701,2019,12,286,201,2742.0,22,6.0,63.98302852824133,2739.0,1224.0,126.0,11.712988577350217,2.191949674146705,31.0,212.0,0,Ryan Tannehill,Ryan,Tannehill,QB,1988-07-27,2012,2012.0,1.0,8.0,Texas A&M,31.096509240246405,2.753611462583468,7.582376086871065,7,5.655991810819852,23.833333333333332,0.09779179810725552,0.22371688296587877,5.33191904402011,0.7027972027972028,0.07692307692307693,0.02097902097902098,9.587412587412587,-53.82381453888741,274.0,5.6131281063880705,-0.19643727933900515,0.7736759965048324,117.80684306712874,12.0,14.0,24.714285714285715,8.13755369996292,4.716322659328571,7.680323699436327,0.17460820444494468,0.34708811450287624,9.022530164396441,2.866325802452268,0.6820186828898994,0.08175833643144857,0.019981877956015887,-5.286027,20.897636,0.3292651786112164,1.628455950579454,1.9878110287327067,9.0,0.6428571428571429
00-0029701,2020,16,481,315,3819.0,34,7.0,126.1304257534784,4024.0,1529.0,202.0,15.641026010670265,2.7587099896784797,24.0,173.0,1,Ryan Tannehill,Ryan,Tannehill,QB,1988-07-27,2012,2012.0,1.0,8.0,Texas A&M,32.09856262833676,3.7556648506738206,14.105018470586812,8,6.175867270105761,30.0625,0.047524752475247525,0.26222541736689897,7.8831516095924,0.6548856548856549,0.07068607068607069,0.014553014553014554,7.9397089397089395,63.98302852824133,286.0,5.655991810819852,0.22371688296587877,2.191949674146705,62.14739722523708,195.0,17.0,29.823529411764707,7.350470173036952,7.392905423529411,8.691191127707036,0.24653569792853147,0.31992375590780053,7.868298723005961,1.569818127205115,0.6524280392089704,0.07023293193647655,0.015354456635060142,-8.300374,23.80768,0.2464654693128761,1.1756123783276828,1.2976772069761013,12.0,0.7058823529411765
00-0029701,2021,17,531,357,3734.0,22,14.0,24.610613446694344,3954.0,1778.0,192.0,17.13946540973682,2.2877356203065107,47.0,327.0,1,Ryan Tannehill,Ryan,Tannehill,QB,1988-07-27,2012,2012.0,1.0,8.0,Texas A&M,33.097878165639976,4.754980387977039,22.60983849004627,9,6.274762021241939,31.235294117647058,0.08131487889273356,0.0463476712743773,1.4476831439231967,0.672316384180791,0.04143126177024482,0.026365348399246705,7.032015065913371,126.1304257534784,481.0,6.175867270105761,0.26222541736689897,2.7587099896784797,-101.51981230678406,50.0,18.0,30.833333333333332,8.873291053360477,1.119960876111111,9.405498648955247,0.04586662549793883,0.30707160556755364,7.184445079797279,1.5973033978693936,0.6710283548557335,0.04477258738342482,0.030700028916025086,-19.695787,18.735546,0.2877824125414209,8.398060012251829,6.694881130536907,11.0,0.6111111111111112
00-0029701,2022,12,325,212,2536.0,14,6.0,19.717154413364575,2532.0,1179.0,116.0,12.503220433837251,1.1159025550601402,33.0,238.0,1,Ryan Tannehill,Ryan,Tannehill,QB,1988-07-27,2012,2012.0,1.0,8.0,Texas A&M,34.09719370294319,5.75429592528025,33.111921595696884,10,5.783825182329737,27.083333333333332,0.09217877094972067,0.060668167425737156,1.6430962011137147,0.6523076923076923,0.043076923076923075,0.018461538461538463,7.803076923076923,24.610613446694344,531.0,6.274762021241939,0.0463476712743773,2.2877356203065107,-4.893459033329769,-206.0,12.0,27.083333333333332,6.570710952723641,1.6430960199999998,8.600221748569117,0.03307785936735161,0.34560655504856563,7.718415416139874,1.8089313690308264,0.6570846742028372,0.04083405930155156,0.020487034083525313,-11.536095,16.866169,0.24261086594671907,5.23415652152156,10.44827451529965,6.0,0.5
00-0029701,2023,9,230,149,1616.0,4,7.0,-22.866367662793895,1816.0,795.0,74.0,9.23299004756984,0.787401731257854,32.0,230.0,0,Ryan Tannehill,Ryan,Tannehill,QB,1988-07-27,2012,2012.0,1.0,8.0,Texas A&M,35.096509240246405,6.753611462583468,45.61126778753881,11,5.438079308923196,25.555555555555557,0.12213740458015267,-0.09941898983823433,-2.5407075180882104,0.6478260869565218,0.017391304347826087,0.030434782608695653,7.026086956521739,19.717154413364575,325.0,5.783825182329737,0.060668167425737156,1.1159025550601402,-42.583522076158474,-95.0,9.0,25.555555555555557,5.79031758868007,-2.540707563333333,8.280352040173755,-0.1268338282600134,0.33811062052787283,7.006214177978884,2.121332492873413,0.6518384447796213,0.017621082621082623,0.02873428858722977,-14.025612,9.329528,0.2265776447744375,3.259073243876276,2.665776356089601,4.0,0.4444444444444444
00-0030419,2013,7,211,118,1547.0,8,8.0,4.2505478909854935,1828.0,653.0,69.0,6.076129079881406,0.3176309913526012,6.0,53.0,0,Matt McGloin,Matthew,McGloin,QB,1989-12-02,2013,,,,Penn State,23.748117727583846,-4.594780050079091,21.112003708604817,0,5.351858133476067,30.142857142857142,0.027649769585253458,0.020144776734528407,0.607221127283642,0.5592417061611374,0.037914691943127965,0.037914691943127965,7.331753554502369,,,,,,,,,,,,,,,,,,,,,,,,,,
00-0030520,2013,13,416,247,2608.0,19,9.0,-33.936207342474795,3624.0,917.0,126.0,9.9258373420165,1.0048858151253968,40.0,314.0,0,Mike Glennon,Michael,Glennon,QB,1989-12-12,2013,2013.0,3.0,73.0,N.C. State,23.720739219712527,-4.62215855795041,21.364349734834214,0,6.030685260261263,32.0,0.08771929824561403,-0.08157742149633364,-2.6104774878826764,0.59375,0.04567307692307692,0.021634615384615384,6.269230769230769,,,,,,,,,,,,,,,,,,,,,,,,,,
00-0030520,2014,6,203,117,1417.0,10,6.0,-0.5373756624106938,2206.0,416.0,64.0,3.936602789800803,0.341161022775244,16.0,91.0,0,Mike Glennon,Michael,Glennon,QB,1989-12-12,2013,2013.0,3.0,73.0,N.C. State,24.720054757015742,-3.6228430206471955,13.124991552252096,1,5.313205979041787,33.833333333333336,0.0730593607305936,-0.002647170750791595,-0.0895626104017823,0.5763546798029556,0.04926108374384237,0.029556650246305417,6.980295566502463,-33.936207342474795,416.0,6.030685260261263,-0.08157742149633364,1.0048858151253968,33.3988316800641,-213.0,,,,,,,,,,,,,,,,,,,
00-0030520,2017,4,140,93,833.0,4,5.0,-26.447758661278172,860.0,332.0,42.0,4.10284024965044,0.1405962360118413,8.0,78.0,0,Mike Glennon,Michael,Glennon,QB,1989-12-12,2013,2013.0,3.0,73.0,N.C. State,27.720739219712527,-0.6221585579504101,0.3870812712309338,4,4.941642422609304,35.0,0.05405405405405406,-0.18891256186627267,-6.611939665319543,0.6642857142857143,0.02857142857142857,0.03571428571428571,5.95,6.076216017943807,11.0,2.3978952727983707,0.5523832743585279,0.3432385552683294,-32.52397467922198,129.0,,,,,,,,,,,,,,,,,,,
00-0030520,2020,5,179,111,1072.0,7,5.0,-17.798893215352646,1424.0,405.0,57.0,3.688613016086246,0.1312788027231272,9.0,53.0,1,Mike Glennon,Michael,Glennon,QB,1989-12-12,2013,2013.0,3.0,73.0,N.C. State,30.72142368240931,2.378525904746372,5.657385479549546,7,5.187385805840755,35.8,0.047872340425531915,-0.09943515762766841,-3.559778643070529,0.6201117318435754,0.03910614525139665,0.027932960893854747,5.988826815642458,1.0464354921714405,10.0,2.302585092994046,0.10464354921714406,0.0382861506572811,-18.845328707524086,169.0,5.0,35.8,7.791020472312983,-3.55977866,7.163096753564203,-0.1112173583890101,0.20682779654178698,5.798718594370769,1.244628504688809,0.6142017794191708,0.03652509652509652,0.029030272508533378,-12.600024,5.461373,0.21762627017634031,2.0122309384157617,1.859671903178601,2.0,0.4
00-0030520,2021,6,167,90,790.0,4,10.0,-80.84096342919406,1210.0,415.0,43.0,3.7955361461974886,-0.0578291361089865,9.0,68.0,0,Mike Glennon,Michael,Glennon,QB,1989-12-12,2013,2013.0,3.0,73.0,N.C. State,31.720739219712527,3.37784144204959,11.409812807627652,8,5.117993812416755,27.833333333333332,0.05113636363636364,-0.4840776253245153,-13.473493904865677,0.5389221556886228,0.023952095808383235,0.059880239520958084,4.730538922155689,-17.798893215352646,179.0,5.187385805840755,-0.09943515762766841,0.1312788027231272,-63.04207021384141,-12.0,6.0,27.833333333333332,11.267948645013725,-13.473493916666664,11.710344312632715,-0.7844580471722783,1.211179438497523,4.524469696969697,1.9231337254429623,0.5283136924803592,0.022098765432098766,0.07906004489337823,-35.56482,-2.8583272,0.4048364782639662,0.8691393921325085,1.5439696780005503,0.0,0.0
00-0030526,2013,10,306,180,1972.0,11,9.0,-42.42618924957314,2506.0,910.0,86.0,8.485535707432433,0.586693241665593,28.0,159.0,2,EJ Manuel,Erik,Manuel,QB,1990-03-19,2013,2013.0,1.0,16.0,Florida State,23.45516769336071,-4.887730084302227,23.889905376993052,0,5.723585101952381,30.6,0.08383233532934131,-0.13864767728618674,-4.2426189249573145,0.5882352941176471,0.03594771241830065,0.029411764705882353,6.444444444444445,,,,,,,,,,,,,,,,,,,,,,,,,,
00-0030526,2014,4,131,76,838.0,5,3.0,-14.692600947246742,973.0,536.0,39.0,3.6549870000059848,0.1449126129593661,6.0,44.0,0,EJ Manuel,Erik,Manuel,QB,1990-03-19,2013,2013.0,1.0,16.0,Florida State,24.45448323066393,-3.888414546999009,15.119767689313507,1,4.875197323201151,32.75,0.043795620437956206,-0.1121572591392881,-3.6731502368116855,0.5801526717557252,0.03816793893129771,0.022900763358778626,6.396946564885496,-42.42618924957314,306.0,5.723585101952381,-0.13864767728618674,0.586693241665593,27.7335883023264,-175.0,,,,,,,,,,,,,,,,,,,
00-0030533,2016,7,216,129,1611.0,8,14.0,-1.1947820995323817,2274.0,530.0,89.0,5.17295734434772,0.5226549997261924,6.0,43.0,0,Matt Barkley,Matthew,Barkley,QB,1990-09-08,2013,2013.0,4.0,98.0,USC,25.982203969883642,-2.3606938077792954,5.572875254087509,3,5.375278407684165,30.857142857142858,0.02702702702702703,-0.005531398608946212,-0.17068315707605453,0.5972222222222222,0.037037037037037035,0.06481481481481481,7.458333333333333,-1.1799209536984565,1.0,0.0,-1.1799209536984565,0.0,-0.014861145833925171,215.0,,,,,,,,,,,,,,,,,,,
00-0030565,2013,16,443,247,3046.0,12,21.0,-59.77580962078301,3963.0,1260.0,143.0,13.991077406011213,0.9697370772762046,43.0,315.0,0,Geno Smith,Eugene,Smith,QB,1990-10-10,2013,2013.0,2.0,39.0,West Virginia,22.89390828199863,-5.448989495664307,29.691486523859957,0,6.093569770045136,27.6875,0.08847736625514403,-0.13493410749612417,-3.735988101298938,0.5575620767494357,0.02708803611738149,0.04740406320541761,6.8758465011286685,,,,,,,,,,,,,,,,,,,,,,,,,,
00-0030565,2014,14,367,219,2525.0,13,13.0,-11.463412149637936,3008.0,1206.0,118.0,11.182302664582997,0.7208711658031023,28.0,175.0,0,Geno Smith,Eugene,Smith,QB,1990-10-10,2013,2013.0,2.0,39.0,West Virginia,23.89322381930185,-4.449673958361089,19.79959833571684,1,5.905361848054571,26.214285714285715,0.07088607594936709,-0.03123545544860473,-0.8188151535455669,0.5967302452316077,0.035422343324250684,0.035422343324250684,6.880108991825613,-59.77580962078301,443.0,6.093569770045136,-0.13493410749612417,0.9697370772762046,48.312397471145076,-76.0,,,,,,,,,,,,,,,,,,,
00-0030565,2022,17,572,399,4282.0,30,11.0,28.773135374029337,4311.0,1780.0,206.0,18.60339895734846,2.1191096622892127,46.0,348.0,0,Geno Smith,Eugene,Smith,QB,1990-10-10,2013,2013.0,2.0,39.0,West Virginia,31.89322381930185,3.550326041638911,12.60481500193942,9,6.349138991379798,33.64705882352941,0.0744336569579288,0.05030268422033101,1.6925373749429022,0.6975524475524476,0.05244755244755245,0.019230769230769232,7.486013986013986,-1.2367402815664583,95.0,4.553876891600541,-0.01301831875333114,0.5064178641288855,30.009875655595796,477.0,18.0,33.72222222222222,5.50727385913186,1.807414838888889,9.324743374121102,0.0630647115288802,0.2779977505168961,7.54977174623192,1.5692444156528407,0.6993251108228352,0.0542378418328639,0.019378920757267794,-18.171165,21.017963,0.16331289862335008,5.159160572043052,4.408134815452034,10.0,0.5555555555555556
00-0030565,2023,15,499,323,3624.0,20,9.0,32.440536514174156,3500.0,1714.0,169.0,15.825713940295476,1.5576720868736302,31.0,231.0,2,Geno Smith,Eugene,Smith,QB,1990-10-10,2013,2013.0,2.0,39.0,West Virginia,32.89253935660506,4.549641578942126,20.699238496838998,10,6.212606095751519,33.266666666666666,0.05849056603773585,0.06501109521878588,2.1627024342782772,0.6472945891783567,0.04008016032064128,0.018036072144288578,7.2625250501002006,28.773135374029337,572.0,6.349138991379798,0.05030268422033101,2.1191096622892127,3.6674011401448183,-73.0,15.0,33.266666666666666,7.5919757137450885,2.1627023733333335,8.898435957181793,0.032296498802476675,0.2986921083536569,7.129239282926056,1.337187120165008,0.6450882340869825,0.04032200244142001,0.017961370197142553,-14.661982,14.86927,0.22821570281798864,4.114498632313792,9.248436190574054,10.0,0.6666666666666666
00-0031064,2017,8,223,125,1412.0,5,6.0,-48.375128373040894,1966.0,552.0,68.0,4.959233906692361,0.2277804604545081,21.0,159.0,0,Tom Savage,Thomas,Savage,QB,1990-04-26,2014,2014.0,4.0,135.0,Pittsburgh; Arizona; Rutgers,27.351129363449694,-0.9917684142132437,0.9836045874310521,3,5.407171771460119,27.875,0.0860655737704918,-0.21692882678493675,-6.046891046630112,0.5605381165919282,0.02242152466367713,0.026905829596412557,6.331838565022421,-11.11320585888738,73.0,4.290459441148391,-0.1522356966970874,0.140151361371533,-37.26192251415351,150.0,,,,,,,,,,,,,,,,,,,
00-0031237,2014,13,402,259,2919.0,15,12.0,-1.9990920867969544,3139.0,1442.0,137.0,13.954642784498128,1.151333613562877,39.0,249.0,2,Teddy Bridgewater,Theodore,Bridgewater,QB,1992-11-10,2014,2014.0,1.0,32.0,Louisville,21.806981519507186,-6.535916258155751,42.71820133362468,0,5.996452088619021,30.923076923076923,0.08843537414965986,-0.004972865887554613,-0.1537763143689965,0.6442786069651741,0.03731343283582089,0.029850746268656716,7.2611940298507465,,,,,,,,,,,,,,,,,,,,,,,,,,
00-0031237,2015,16,447,292,3231.0,14,9.0,0.6415736348955239,3214.0,1799.0,153.0,20.019632686243533,1.8753516637140135,44.0,307.0,0,Teddy Bridgewater,Theodore,Bridgewater,QB,1992-11-10,2014,2014.0,1.0,32.0,Louisville,22.806297056810404,-5.536600720852533,30.653947542144792,1,6.102558594613569,27.9375,0.08961303462321792,0.0014352877738154897,0.04009835218097024,0.6532438478747203,0.03131991051454139,0.020134228187919462,7.228187919463087,-1.9990920867969544,402.0,5.996452088619021,-0.004972865887554613,1.151333613562877,2.6406657216924785,45.0,,,,,,,,,,,,,,,,,,,
00-0031237,2019,9,196,133,1384.0,9,2.0,23.95584370264404,1212.0,748.0,67.0,7.145896606952416,0.5384070608486232,12.0,89.0,0,Teddy Bridgewater,Theodore,Bridgewater,QB,1992-11-10,2014,2014.0,1.0,32.0,Louisville,26.806297056810404,-1.5366007208525332,2.3611417753245245,5,5.278114659230517,21.77777777777778,0.057692307692307696,0.12222369236042877,2.6617604114048934,0.6785714285714286,0.04591836734693878,0.01020408163265306,7.061224489795919,-8.28122925839898,23.0,3.1354942159291497,-0.36005344601734696,0.0071609288306177,32.23707296104302,173.0,7.0,28.0,12.503332889007368,3.42226325,6.875380350311362,0.21723311206087112,0.35010693930554715,7.969369502186839,2.899838197524499,0.7248103919930545,0.03887578423182138,0.008963585434173669,-7.7481894,10.772286,0.4465476031788346,2.0090156273955144,1.6116647042622274,5.0,0.7142857142857143
00-0031237,2020,15,492,340,3733.0,15,11.0,33.511927450437895,3507.0,1884.0,174.0,16.435146775132367,1.6573605645456808,31.0,205.0,1,Teddy Bridgewater,Theodore,Bridgewater,QB,1992-11-10,2014,2014.0,1.0,32.0,Louisville,27.808350444900753,-0.5345473327621839,0.285740850963165,6,6.198478716492308,32.8,0.05927342256214149,0.06811367367975182,2.2341284966958597,0.6910569105691057,0.03048780487804878,0.022357723577235773,7.587398373983739,23.95584370264404,196.0,5.278114659230517,0.12222369236042877,0.5384070608486232,9.556083747793856,296.0,15.0,32.8,7.5422618812737,2.2341285466666667,8.715937145868445,0.04366700865488236,0.27472687502489196,7.594178670202949,0.9051874448377424,0.6868518130178897,0.031818947712261555,0.02528034031032532,-9.576291,16.785227,0.2299470085754177,3.901269315444125,6.291405880264598,8.0,0.5333333333333333
00-0031237,2021,14,426,285,3052.0,18,7.0,57.95557155321987,3424.0,1387.0,146.0,12.792732508133325,1.8710742564610716,31.0,211.0,1,Teddy Bridgewater,Theodore,Bridgewater,QB,1992-11-10,2014,2014.0,1.0,32.0,Louisville,28.80766598220397,0.4647682045410342,0.21600948395229658,7,6.054439346269371,30.428571428571427,0.06783369803063458,0.1360459426131922,4.139683682372848,0.6690140845070423,0.04225352112676056,0.01643192488262911,7.164319248826291,33.511927450437895,492.0,6.198478716492308,0.06811367367975182,1.6573605645456808,24.443644102781974,-66.0,14.0,30.428571428571427,9.171144427490503,4.139683678571429,9.436606752078728,0.1262636533583086,0.34073843975922596,7.076713389765532,1.6631918962767378,0.6592739604122843,0.041862328146289096,0.011988807826616635,-10.708317,23.347826,0.301399112640533,2.279547783065208,2.6986264906519444,10.0,0.7142857142857143
00-0031266,2014,7,179,107,1412.0,8,7.0,-29.17884425034379,1537.0,659.0,56.0,6.003319381379716,0.3303316330819147,18.0,138.0,0,Zach Mettenberger,Zachary,Mettenberger,QB,1991-07-16,2014,2014.0,6.0,178.0,LSU; Butler County JC; Georgia,23.129363449691994,-5.213534327970944,27.18094018893144,0,5.187385805840755,25.571428571428573,0.09137055837563451,-0.1630103030745463,-4.1684063214776845,0.5977653631284916,0.0446927374301676,0.03910614525139665,7.888268156424581,,,,,,,,,,,,,,,,,,,,,,,,,,
00-0031266,2015,7,166,101,935.0,4,7.0,-62.37397646622651,1278.0,419.0,45.0,5.852685958303128,0.1666008040064121,13.0,98.0,0,Zach Mettenberger,Zachary,Mettenberger,QB,1991-07-16,2014,2014.0,6.0,178.0,LSU; Butler County JC; Georgia,24.128678986995208,-4.214218790667729,17.759640015616977,1,5.111987788356544,23.714285714285715,0.07262569832402235,-0.3757468461820874,-8.910568066603787,0.608433734939759,0.024096385542168676,0.04216867469879518,5.632530120481928,-29.17884425034379,179.0,5.187385805840755,-0.1630103030745463,0.3303316330819147,-33.19513221588272,-13.0,,,,,,,,,,,,,,,,,,,
00-0031280,2014,16,599,348,3270.0,21,12.0,-61.50931025803995,4664.0,1462.0,163.0,11.690437311615502,0.4240187425165015,24.0,149.0,0,Derek Carr,Derek,Carr,QB,1991-03-28,2014,2014.0,2.0,36.0,Fresno State,23.430527036276523,-4.912370741386415,24.131386300829313,0,6.395261598115449,37.4375,0.038523274478330656,-0.10268666153262096,-3.844331891127497,0.5809682804674458,0.035058430717863104,0.02003338898163606,5.459098497495827,,,,,,,,,,,,,,,,,,,,,,,,,,
00-0031280,2015,16,573,350,3987.0,32,13.0,-3.592084312224249,4570.0,1785.0,183.0,15.038116033296737,1.060379508054744,31.0,230.0,1,Derek Carr,Derek,Carr,QB,1991-03-28,2014,2014.0,2.0,36.0,Fresno State,24.42984257357974,-3.9130552040831965,15.312001030202588,1,6.35088571671474,35.8125,0.05132450331125828,-0.006268908049256979,-0.22450526951401556,0.6108202443280978,0.055846422338568937,0.02268760907504363,6.958115183246074,-61.50931025803995,599.0,6.395261598115449,-0.10268666153262096,0.4240187425165015,57.9172259458157,-26.0,,,,,,,,,,,,,,,,,,,
00-0031280,2016,15,560,357,3937.0,28,6.0,75.37664586596384,4343.0,1790.0,189.0,13.806711029752588,1.6907634125166462,16.0,79.0,5,Derek Carr,Derek,Carr,QB,1991-03-28,2014,2014.0,2.0,36.0,Fresno State,25.43189596167009,-2.9110018159928472,8.473931572713655,2,6.327936783729195,37.333333333333336,0.027777777777777776,0.13460115333207828,5.0251097243975895,0.6375,0.05,0.010714285714285714,7.0303571428571425,-3.592084312224249,573.0,6.35088571671474,-0.006268908049256979,1.060379508054744,78.96873017818808,-13.0,,,,,,,,,,,,,,,,,,,
00-0031280,2017,15,515,323,3496.0,22,13.0,24.070431365866977,4244.0,1603.0,165.0,13.663213787527654,1.4866178827517549,20.0,101.0,2,Derek Carr,Derek,Carr,QB,1991-03-28,2014,2014.0,2.0,36.0,Fresno State,26.431211498973305,-1.9116862786896327,3.654544428130216,3,6.244166900663736,34.333333333333336,0.037383177570093455,0.0467387016812951,1.6046954243911318,0.6271844660194175,0.04271844660194175,0.02524271844660194,6.788349514563107,75.37664586596384,560.0,6.327936783729195,0.13460115333207828,1.6907634125166462,-51.30621450009686,-45.0,,,,,,,,,,,,,,,,,,,
00-0031280,2018,16,553,381,4049.0,19,10.0,-1.20584695851284,3778.0,1994.0,197.0,18.300894347909765,1.6991331607954,51.0,299.0,1,Derek Carr,Derek,Carr,QB,1991-03-28,2014,2014.0,2.0,36.0,Fresno State,27.430527036276523,-0.9123707413864146,0.8324203697379958,4,6.315358001522335,34.5625,0.08443708609271523,-0.002180555078685063,-0.0753654349070525,0.6889692585895117,0.034358047016274866,0.018083182640144666,7.321880650994575,24.070431365866977,515.0,6.244166900663736,0.0467387016812951,1.4866178827517549,-25.276278324379817,38.0,16.0,34.5625,8.02470144823677,-0.07536551812499992,9.955946469297224,-0.0008373917954449632,0.2970569133721157,7.3064008405022465,1.3910623839475549,0.6968365375212915,0.03258231321080839,0.01572961880073949,-16.247288,12.681608,0.23217942707375827,99.55946469297224,29.70569133721157,9.0,0.5625
00-0031280,2019,16,513,361,4054.0,21,8.0,99.12289919996202,3355.0,2135.0,191.0,20.45161961952337,2.3824587094960856,29.0,184.0,0,Derek Carr,Derek,Carr,QB,1991-03-28,2014,2014.0,2.0,36.0,Fresno State,28.42984257357974,0.08694479591680349,0.007559397537014608,5,6.240275845170769,32.0625,0.05350553505535055,0.19322202573092012,6.195181199997626,0.7037037037037037,0.04093567251461988,0.015594541910331383,7.902534113060429,-1.20584695851284,553.0,6.315358001522335,-0.002180555078685063,1.6991331607954,100.32874615847486,-40.0,16.0,32.0625,4.878097306669203,6.19518130125,8.822590703261955,0.20602097792299665,0.29517701570754945,7.959817418388495,1.7662976387477127,0.708768550162168,0.04161310089174283,0.015996505730745614,-12.779048,18.080336,0.15214338578305509,1.4241053286821201,1.432752230784363,13.0,0.8125
00-0031280,2020,16,517,348,4103.0,27,9.0,60.1711940404073,4184.0,1956.0,193.0,16.3279998885134,2.2411699245610306,26.0,150.0,1,Derek Carr,Derek,Carr,QB,1991-03-28,2014,2014.0,2.0,36.0,Fresno State,29.43189596167009,1.0889981840071528,1.1859170447708764,6,6.248042874508429,32.3125,0.04788213627992634,0.1163852882793178,3.7606996275254563,0.6731141199226306,0.05222437137330754,0.017408123791102514,7.9361702127659575,99.12289919996202,513.0,6.240275845170769,0.19322202573092012,2.3824587094960856,-38.95170515955472,4.0,16.0,32.3125,10.202736561008194,3.760699608375,10.557626478702996,0.10459374460208358,0.3131579546052685,8.017171637837366,1.7278951728135217,0.6673039704079596,0.04926749709992475,0.015003643165775744,-26.274723,16.93093,0.3157520018880679,2.8073570287803316,2.9940409514607835,11.0,0.6875
00-0031280,2021,17,626,428,4804.0,23,14.0,40.301518820790776,5084.0,2283.0,217.0,16.915385942731543,1.9410622244629552,40.0,241.0,0,Derek Carr,Derek,Carr,QB,1991-03-28,2014,2014.0,2.0,36.0,Fresno State,30.431211498973305,2.0883137213103673,4.361054198613155,7,6.439350371100098,36.8235294117647,0.06006006006006006,0.064379423036407,2.370677577693575,0.6837060702875399,0.036741214057507986,0.022364217252396165,7.674121405750799,60.1711940404073,517.0,6.248042874508429,0.1163852882793178,2.2411699245610306,-19.869675219616525,109.0,18.0,37.77777777777778,8.516803843720854,2.236438715388889,9.353585465703508,0.05919323326793556,0.280834043853709,7.669376813446137,1.9690774913951703,0.6818669388594493,0.03691285006192955,0.022731516695474352,-8.895418,20.622717,0.22544480762790498,4.182357156197341,4.7443606025460054,8.0,0.4444444444444444
00-0031280,2022,15,502,305,3522.0,24,14.0,29.295583846643776,4602.0,1509.0,161.0,11.745561091345287,1.1180340252896626,27.0,191.0,0,Derek Carr,Derek,Carr,QB,1991-03-28,2014,2014.0,2.0,36.0,Fresno State,31.430527036276523,3.0876292586135854,9.533454438646679,8,6.218600119691729,33.46666666666667,0.05103969754253308,0.05835773674630234,1.953038923109585,0.6075697211155379,0.04780876494023904,0.027888446215139442,7.01593625498008,40.301518820790776,626.0,6.439350371100098,0.064379423036407,1.9410622244629552,-11.005934974147,-124.0,15.0,33.46666666666667,6.1860057118197584,1.953038926666667,7.2120082712362645,0.04857830355530261,0.23472842663310267,6.99792961045799,1.3457649067434398,0.6070780917530143,0.045267749653714565,0.030498304708831026,-11.870315,13.628719,0.18484080812210432,3.6927109709714285,4.831960143809523,8.0,0.5333333333333333
00-0031280,2023,17,548,375,3878.0,25,8.0,25.91905731362155,4280.0,1696.0,185.0,16.60523925953741,1.9716220940066789,31.0,218.0,2,Derek Carr,Derek,Carr,QB,1991-03-28,2014,2014.0,2.0,36.0,Fresno State,32.42984257357974,4.0869447959168035,16.703117764871443,9,6.306275286948016,32.23529411764706,0.0535405872193437,0.047297549842375095,1.5246504302130324,0.6843065693430657,0.04562043795620438,0.014598540145985401,7.076642335766423,29.295583846643776,502.0,6.218600119691729,0.05835773674630234,1.1180340252896626,-3.3765265330222256,46.0,17.0,32.23529411764706,10.05938250940823,1.5246503958823525,8.718448268718154,0.07185498382244908,0.2723649286992974,7.193838944180639,2.0735894272885314,0.6968489046808114,0.049631688636878946,0.013617323508964375,-16.850712,14.978746,0.31206113624076626,5.718326176456062,3.790480690557258,11.0,0.6470588235294118
00-0031288,2015,7,119,79,854.0,6,2.0,9.479409237945266,972.0,317.0,44.0,5.548374432938334,0.5094415566785071,12.0,63.0,0,AJ McCarron,Raymond,McCarron,QB,1990-09-13,2014,2014.0,5.0,164.0,Alabama,24.966461327857633,-3.376436449805304,11.400323099573846,1,4.77912349311153,17.0,0.0916030534351145,0.07965890115920392,1.3542013197064666,0.6638655462184874,0.05042016806722689,0.01680672268907563,7.176470588235294,,,,,,,,,,,,,,,,,,,,,,,,,,
00-0031345,2017,6,178,120,1560.0,7,5.0,57.636927960317365,1572.0,721.0,78.0,6.034278044772641,0.9761306264801324,8.0,57.0,0,Jimmy Garoppolo,James,Garoppolo,QB,1991-11-02,2014,2014.0,2.0,62.0,Eastern Illinois,25.831622176591377,-2.51127560107156,6.306505144537325,3,5.181783550292085,29.666666666666668,0.043010752688172046,0.32380296606919867,9.606154660052894,0.6741573033707865,0.03932584269662921,0.028089887640449437,8.764044943820224,27.622329830408887,63.0,4.143134726391533,0.4384496798477601,0.4979017117719465,30.014598129908478,115.0,,,,,,,,,,,,,,,,,,,
00-0031345,2019,16,476,329,3978.0,27,13.0,82.22163802091497,3108.0,2159.0,193.0,21.54376268653424,2.305921441181011,36.0,237.0,2,Jimmy Garoppolo,James,Garoppolo,QB,1991-11-02,2014,2014.0,2.0,62.0,Eastern Illinois,27.83025325119781,-0.5126445264651274,0.2628044105146547,5,6.16541785423142,29.75,0.0703125,0.1727345336573844,5.138852376307185,0.6911764705882353,0.05672268907563025,0.0273109243697479,8.357142857142858,-1.537113930991766,89.0,4.48863636973214,-0.017270943044851304,0.1955509843044197,83.75875195190673,387.0,19.0,28.105263157894736,9.29692145486944,4.345421190000001,9.808854836855192,0.16266490224035302,0.3034250384552316,8.466338820283312,2.217134158723894,0.6892153236263676,0.05158636735423503,0.028888970837790347,-21.350147,21.886934,0.3307893401545306,2.257285176274291,1.8653380924601177,13.0,0.6842105263157895
00-0031345,2020,6,140,94,1096.0,7,5.0,24.87557400059915,879.0,714.0,55.0,7.547815875459169,0.9379620672754893,11.0,77.0,0,Jimmy Garoppolo,James,Garoppolo,QB,1991-11-02,2014,2014.0,2.0,62.0,Eastern Illinois,28.83230663928816,0.4894088616252219,0.2395210338372956,6,4.941642422609304,23.333333333333332,0.0728476821192053,0.17768267143285107,4.1459290000998585,0.6714285714285714,0.05,0.03571428571428571,7.828571428571428,82.22163802091497,476.0,6.16541785423142,0.1727345336573844,2.305921441181011,-57.346064020315815,-336.0,6.0,23.333333333333332,8.2138095100061,4.145929083333333,11.8950415216002,0.13733044596999402,0.6203743471624715,7.502768122400475,2.3530087516973857,0.6744986631016042,0.046085858585858584,0.0433578431372549,-12.654165,15.679654,0.35202040757169006,2.8690894809123386,4.517383911343447,4.0,0.6666666666666666
00-0031345,2021,15,441,301,3810.0,20,12.0,93.07486054271166,3306.0,1966.0,172.0,18.513674619696044,2.2818547448456825,29.0,201.0,1,Jimmy Garoppolo,James,Garoppolo,QB,1991-11-02,2014,2014.0,2.0,62.0,Eastern Illinois,29.831622176591377,1.48872439892844,2.2163003359648448,7,6.089044875446846,29.4,0.06170212765957447,0.2110541055390287,6.204990702847444,0.6825396825396826,0.045351473922902494,0.027210884353741496,8.639455782312925,24.87557400059915,140.0,4.941642422609304,0.17768267143285107,0.9379620672754893,68.1992865421125,301.0,18.0,28.61111111111111,6.852555460546765,5.101314835555556,7.634199516741721,0.19227795271078432,0.332209416638686,8.512464350185105,1.8178515281796905,0.6688364884926847,0.04299421828247261,0.02879379497196685,-9.726978,20.32355,0.23950679279580928,1.496516047888725,1.727756156933812,15.0,0.8333333333333334
00-0031345,2022,11,308,207,2437.0,16,4.0,75.50642052189109,2124.0,1443.0,114.0,13.034163987447904,1.4181268162793,18.0,100.0,0,Jimmy Garoppolo,James,Garoppolo,QB,1991-11-02,2014,2014.0,2.0,62.0,Eastern Illinois,30.830937713894592,2.4880399362316545,6.1903427242836155,8,5.730099782973574,28.0,0.05521472392638037,0.24515071598016586,6.864220047444644,0.672077922077922,0.05194805194805195,0.012987012987012988,7.912337662337662,93.07486054271166,441.0,6.089044875446846,0.2110541055390287,2.2818547448456825,-17.568440020820574,-133.0,11.0,28.0,9.85900603509299,6.864220172727273,7.557364068149614,0.27781727288988206,0.2701545042295175,8.46696177352191,2.059955645421483,0.6569319926679053,0.04850891939201443,0.01002638849569043,-5.718365,18.338089,0.35210735839617824,1.1009792631909332,0.9724179545042116,10.0,0.9090909090909091
00-0031345,2023,7,169,110,1205.0,7,9.0,-19.161635413862108,1364.0,468.0,60.0,5.848699342114885,0.4281019083343922,14.0,101.0,1,Jimmy Garoppolo,James,Garoppolo,QB,1991-11-02,2014,2014.0,2.0,62.0,Eastern Illinois,31.83025325119781,3.4873554735348726,12.161648198793635,9,5.1298987149230735,24.142857142857142,0.07650273224043716,-0.11338245807018998,-2.7373764876945867,0.650887573964497,0.04142011834319527,0.05325443786982249,7.1301775147929,75.50642052189109,308.0,5.730099782973574,0.24515071598016586,1.4181268162793,-94.66805593575319,-139.0,7.0,24.142857142857142,12.876704695283022,-2.7373764285714293,11.601214865970302,-0.40654439868604897,0.9198016025770566,6.119655881752656,2.766006016411885,0.5563560863100033,0.034536699859280505,0.045044049652344584,-24.156507,13.086085,0.5333546323490009,4.238078016922465,2.262487456597248,2.0,0.2857142857142857
00-0031407,2014,14,475,280,2908.0,11,17.0,-111.91558515990002,3326.0,1620.0,132.0,13.454576704633489,0.1473893523076614,55.0,345.0,1,Blake Bortles,Robby,Bortles,QB,1992-04-28,2014,2014.0,1.0,3.0,UCF,22.34360027378508,-5.999297503877859,35.991570540035106,0,6.163314804034641,33.92857142857143,0.10377358490566038,-0.23561175823136846,-7.993970368564287,0.5894736842105263,0.023157894736842106,0.035789473684210524,6.122105263157895,,,,,,,,,,,,,,,,,,,,,,,,,,
00-0031407,2015,16,606,355,4428.0,35,18.0,5.362445124324658,5560.0,1841.0,215.0,13.022318212229546,1.193298155931475,51.0,320.0,1,Blake Bortles,Robby,Bortles,QB,1992-04-28,2014,2014.0,1.0,3.0,UCF,23.342915811088297,-4.999981966574641,24.999819666071613,1,6.406879986069314,37.875,0.0776255707762557,0.008848919347070393,0.33515282027029114,0.5858085808580858,0.057755775577557754,0.0297029702970297,7.306930693069307,-111.91558515990002,475.0,6.163314804034641,-0.23561175823136846,0.1473893523076614,117.27803028422468,131.0,,,,,,,,,,,,,,,,,,,
00-0031407,2016,16,625,368,3905.0,23,16.0,-49.71472305725297,5140.0,1843.0,206.0,12.138226349054865,0.7460191726088086,34.0,197.0,1,Blake Bortles,Robby,Bortles,QB,1992-04-28,2014,2014.0,1.0,3.0,UCF,24.344969199178646,-3.9979285784842915,15.983432918661428,2,6.437751649736401,39.0625,0.051593323216995446,-0.07954355689160475,-3.1071701910783105,0.5888,0.0368,0.0256,6.248,5.362445124324658,606.0,6.406879986069314,0.008848919347070393,1.193298155931475,-55.077168181577626,19.0,,,,,,,,,,,,,,,,,,,
00-0031407,2017,16,523,315,3687.0,21,13.0,29.656084220592803,4062.0,1911.0,192.0,15.57347671412515,1.5875140282928426,24.0,123.0,3,Blake Bortles,Robby,Bortles,QB,1992-04-28,2014,2014.0,1.0,3.0,UCF,25.34428473648186,-2.998613041181077,8.991680170741228,3,6.259581464064923,32.6875,0.043875685557586835,0.05670379392082754,1.8535052637870502,0.6022944550669216,0.040152963671128104,0.0248565965583174,7.049713193116634,-49.71472305725297,625.0,6.437751649736401,-0.07954355689160475,0.7460191726088086,79.37080727784577,-102.0,,,,,,,,,,,,,,,,,,,
00-0031407,2018,13,403,243,2718.0,13,11.0,-22.41252092939936,2889.0,1480.0,128.0,13.390729856764102,0.5711702360729017,31.0,173.0,0,Blake Bortles,Robby,Bortles,QB,1992-04-28,2014,2014.0,1.0,3.0,UCF,26.34360027378508,-1.9992975038778589,3.997190509012237,4,5.998936561946683,31.0,0.07142857142857142,-0.05561419585458898,-1.7240400714922584,0.6029776674937966,0.03225806451612903,0.02729528535980149,6.744416873449132,29.656084220592803,523.0,6.259581464064923,0.05670379392082754,1.5875140282928426,-52.068605149992166,-120.0,13.0,31.0,14.605934866804429,-1.7240400846153843,12.849954933676791,-0.08903583946497201,0.3602437757046423,6.410702268721476,1.7726382769355686,0.6080407163040076,0.0267060433033192,0.023503627569668818,-21.013685,19.470377,0.47115918925175576,7.453396848683762,4.046053565276569,4.0,0.3076923076923077
00-0031409,2015,9,223,129,1500.0,7,5.0,-16.26082280653425,1829.0,729.0,71.0,7.025479529392335,0.4313764035164667,19.0,141.0,0,Johnny Manziel,Johnathan,Manziel,QB,1992-12-06,2014,2014.0,1.0,22.0,Texas A&M,22.73511293634497,-5.607784841317969,31.447250826515596,1,5.407171771460119,24.77777777777778,0.07851239669421488,-0.07291848792167825,-1.8067580896149167,0.57847533632287,0.03139013452914798,0.02242152466367713,6.726457399103139,-15.812758218019852,35.0,3.5553480614894135,-0.4517930919434243,0.0486343734675663,-0.44806458851439857,188.0,,,,,,,,,,,,,,,,,,,
00-0031503,2015,16,535,312,4042.0,22,15.0,49.23681380119149,5340.0,1476.0,201.0,12.848774002047982,1.8196904070640905,27.0,190.0,1,Jameis Winston,Jameis,Winston,QB,1994-01-06,2015,2015.0,1.0,1.0,Florida State,21.650924024640656,-6.691973753022282,44.78251271113913,0,6.282266746896006,33.4375,0.04804270462633452,0.09203142766577849,3.077300862574468,0.5831775700934579,0.041121495327102804,0.028037383177570093,7.555140186915888,,,,,,,,,,,,,,,,,,,,,,,,,,
00-0031503,2016,16,567,345,4090.0,28,18.0,51.98933218331278,5776.0,1367.0,214.0,11.89776917391294,1.9143498992070005,35.0,239.0,3,Jameis Winston,Jameis,Winston,QB,1994-01-06,2015,2015.0,1.0,1.0,Florida State,22.652977412731005,-5.6899203649319325,32.375193759267134,1,6.340359303727752,35.4375,0.05813953488372093,0.0916919438859132,3.249333261457049,0.6084656084656085,0.04938271604938271,0.031746031746031744,7.213403880070547,49.23681380119149,535.0,6.282266746896006,0.09203142766577849,1.8196904070640905,2.752518382121295,32.0,,,,,,,,,,,,,,,,,,,
00-0031503,2017,13,442,282,3504.0,19,11.0,49.65759950908298,4693.0,1257.0,180.0,9.6592307049068,1.5823467794863098,33.0,207.0,1,Jameis Winston,Jameis,Winston,QB,1994-01-06,2015,2015.0,1.0,1.0,Florida State,23.652292950034223,-4.6906048276287144,22.001773648973803,2,6.091309882077698,34.0,0.06947368421052631,0.1123475102015452,3.8198153468525367,0.6380090497737556,0.042986425339366516,0.024886877828054297,7.927601809954751,51.98933218331278,567.0,6.340359303727752,0.0916919438859132,1.9143498992070005,-2.331732674229805,-125.0,,,,,,,,,,,,,,,,,,,
00-0031503,2018,11,378,244,2992.0,19,14.0,46.536390217023694,4086.0,895.0,152.0,8.386812761507935,1.6286221541811416,27.0,157.0,0,Jameis Winston,Jameis,Winston,QB,1994-01-06,2015,2015.0,1.0,1.0,Florida State,24.65160848733744,-3.6912892903254964,13.625616624871707,3,5.934894195619588,34.36363636363637,0.06666666666666667,0.12311214343127962,4.230580928820336,0.6455026455026455,0.05026455026455026,0.037037037037037035,7.915343915343915,49.65759950908298,442.0,6.091309882077698,0.1123475102015452,1.5823467794863098,-3.1212092920592838,-64.0,11.0,34.36363636363637,11.038774635553779,4.230580954545455,10.393229379483277,0.16096787917393368,0.39612447693858904,8.134502157021414,1.9229346415197552,0.6519810164161897,0.05528920694196689,0.04171954169065851,-11.900253,16.44053,0.32123418251611524,2.456690816498027,2.460891445991887,7.0,0.6363636363636364
00-0031503,2019,16,626,380,5109.0,33,30.0,42.88715085152589,6481.0,1885.0,243.0,12.893107142195024,1.7996938511854297,47.0,282.0,2,Jameis Winston,Jameis,Winston,QB,1994-01-06,2015,2015.0,1.0,1.0,Florida State,25.650924024640656,-2.691973753022282,7.246722686960869,4,6.439350371100098,39.125,0.06983655274888559,0.06850982564141515,2.680446928220368,0.6070287539936102,0.052715654952076675,0.04792332268370607,8.161341853035143,46.536390217023694,378.0,5.934894195619588,0.12311214343127962,1.6286221541811416,-3.649239365497806,248.0,16.0,39.125,9.50701495388186,2.6804468687500003,13.058050472657065,0.07591709291843242,0.33504925887885767,8.264602254877317,1.6859746895420535,0.6071021370630733,0.05540400799794255,0.045157768284342724,-23.019777,25.197536,0.24299079754330632,4.871594593011484,4.4133573349396364,10.0,0.625
00-0031503,2021,7,161,95,1170.0,14,3.0,21.81038703891622,1340.0,578.0,56.0,8.473253915703815,1.0331438035513412,11.0,69.0,0,Jameis Winston,Jameis,Winston,QB,1994-01-06,2015,2015.0,1.0,1.0,Florida State,27.652292950034223,-0.6906048276287144,0.4769350279440864,6,5.081404364984463,23.0,0.06395348837209303,0.1354682424777405,3.115769576988032,0.5900621118012422,0.08695652173913043,0.018633540372670808,7.267080745341615,0.800061114063864,11.0,2.3978952727983707,0.07273282855126037,-0.0303278495360564,21.010325924852356,150.0,7.0,23.0,7.916228058025277,3.1157697885714284,11.193438949963001,0.1459888650798849,0.517005767608418,7.08709096286736,1.844557417919753,0.6001478852410529,0.09294587400177463,0.017748917748917747,-18.644943,16.496807,0.3441838286097947,3.5925115491588233,3.5414054854492716,5.0,0.7142857142857143
00-0031503,2022,3,115,73,858.0,4,5.0,-7.012922977354351,1315.0,202.0,35.0,2.0833969584821412,0.2249300149164308,11.0,74.0,1,Jameis Winston,Jameis,Winston,QB,1994-01-06,2015,2015.0,1.0,1.0,Florida State,28.65160848733744,0.30871070967450365,0.09530230226773569,7,4.74493212836325,38.333333333333336,0.0873015873015873,-0.0609819389335161,-2.3376409924514503,0.6347826086956522,0.034782608695652174,0.043478260869565216,7.460869565217391,21.81038703891622,161.0,5.081404364984463,0.1354682424777405,1.0331438035513412,-28.82331001627057,-46.0,3.0,38.333333333333336,3.785938897200182,-2.3376412666666675,12.440543392526699,-0.058234519416547115,0.30984371487663265,7.473840267814443,1.4069569599529483,0.6370755619320899,0.036071257771401244,0.041260162601626016,-16.173836,7.9251394,0.09876362340522213,5.321835976255736,5.320619419220136,2.0,0.6666666666666666
00-0031568,2016,6,133,75,809.0,3,7.0,-35.666749741353115,1169.0,395.0,35.0,3.0062291468113624,-0.0341969161957865,13.0,79.0,0,Bryce Petty,Bryce,Petty,QB,1991-05-31,2015,2015.0,4.0,103.0,Baylor,25.256673511293634,-3.086224266369303,9.524780222326743,1,4.890349128221754,22.166666666666668,0.08904109589041095,-0.26817105068686553,-5.944458290225519,0.5639097744360902,0.022556390977443608,0.05263157894736842,6.082706766917293,,,,,,,,,,,,,,,,,,,,,,,,,,
00-0031568,2017,4,112,55,544.0,1,3.0,-34.89162125848724,899.0,245.0,23.0,2.092592592592593,-0.2739590153120102,8.0,55.0,0,Bryce Petty,Bryce,Petty,QB,1991-05-31,2015,2015.0,4.0,103.0,Baylor,26.255989048596852,-2.086908729066085,4.355188043452222,2,4.718498871295094,28.0,0.06666666666666667,-0.31153233266506464,-8.72290531462181,0.49107142857142855,0.008928571428571428,0.026785714285714284,4.857142857142857,-35.666749741353115,133.0,4.890349128221754,-0.26817105068686553,-0.0341969161957865,0.775128482865874,-21.0,,,,,,,,,,,,,,,,,,,
00-0031589,2017,11,316,192,1836.0,9,12.0,-76.27835106119662,2393.0,1015.0,89.0,9.135663170888488,0.5638349105292845,29.0,197.0,1,Brett Hundley,Brett,Hundley,QB,1993-06-15,2015,2015.0,5.0,147.0,UCLA,24.213552361396303,-4.129345416266634,17.051493566842264,2,5.755742213586912,28.727272727272727,0.08405797101449275,-0.24138718690252095,-6.934395551017874,0.6075949367088608,0.028481012658227847,0.0379746835443038,5.810126582278481,-8.196249560293879,10.0,2.302585092994046,-0.8196249560293879,0.0,-68.08210150090274,306.0,,,,,,,,,,,,,,,,,,,
00-0031800,2021,16,494,321,3419.0,20,15.0,-26.516315579167383,3779.0,1747.0,167.0,15.028159855213122,1.4416649963210024,38.0,278.0,0,Taylor Heinicke,Taylor,Heinicke,QB,1993-03-15,2015,,,,Old Dominion,28.465434633812457,0.12253685614951948,0.01501528111500803,6,6.202535517187923,30.875,0.07142857142857142,-0.053676752184549356,-1.6572697236979614,0.6497975708502024,0.04048582995951417,0.030364372469635626,6.921052631578948,2.3747805972525384,19.0,2.9444389791664403,0.12498845248697571,0.1354183785489411,-28.89109617641992,475.0,16.0,30.875,8.973107971414736,-1.6572698475,12.034146235336943,-0.06052140737654019,0.4705860467990627,7.00730229047501,1.3765329852554822,0.6395666479039027,0.04443766919650072,0.029899667882170532,-23.942326,19.025005,0.2906269788312465,7.261428338595862,7.775530464307662,8.0,0.5
00-0031800,2022,9,259,161,1859.0,12,6.0,-12.710993751717222,2146.0,772.0,93.0,8.073794788400424,0.5839413055268882,19.0,141.0,0,Taylor Heinicke,Taylor,Heinicke,QB,1993-03-15,2015,,,,Old Dominion,29.464750171115675,1.1218523934527376,1.258552792695636,7,5.556828061699537,28.77777777777778,0.0683453237410072,-0.04907719595257615,-1.4123326390796913,0.6216216216216216,0.04633204633204633,0.023166023166023165,7.177606177606178,-26.516315579167383,494.0,6.202535517187923,-0.053676752184549356,1.4416649963210024,13.805321827450161,-235.0,9.0,28.77777777777778,6.379219736334879,-1.4123324855555555,5.449210823060545,-0.04143559159320755,0.19787254915929817,7.25311333303577,1.400402850806309,0.6223482426740947,0.0495137306473967,0.025754661731028385,-11.005841,2.6136997,0.221671728289629,3.858305943389132,4.7754247387585265,5.0,0.5555555555555556
00-0031800,2023,5,136,74,890.0,5,4.0,-1.6432791084098852,1136.0,508.0,41.0,4.260695290591735,0.1336671976303448,8.0,47.0,0,Taylor Heinicke,Taylor,Heinicke,QB,1993-03-15,2015,,,,Old Dominion,30.46406570841889,2.121167930755952,4.499353390467488,8,4.912654885736052,27.2,0.05555555555555555,-0.01208293462066092,-0.32865582168197705,0.5441176470588235,0.03676470588235294,0.029411764705882353,6.544117647058823,-12.710993751717222,259.0,5.556828061699537,-0.04907719595257615,0.5839413055268882,11.067714643307337,-123.0,5.0,27.2,9.23038460737146,-0.3286558799999998,6.950569295760049,-0.04787127335933879,0.3263828638476002,6.322543034702744,1.7679853926696574,0.5398381533771733,0.04107745853662369,0.025952813067150637,-7.530448,7.642199,0.3393523752710096,21.14847084360716,6.81792734857196,2.0,0.4
00-0032156,2016,14,486,289,3401.0,18,10.0,15.896596271626468,4086.0,1411.0,155.0,12.629930413858382,1.262136377626463,31.0,187.0,1,Trevor Siemian,Trevor,Siemian,QB,1991-12-26,2015,2015.0,7.0,250.0,Northwestern,24.684462696783026,-3.6584350808799115,13.384147241012805,1,6.186208623900494,34.714285714285715,0.059961315280464215,0.03270904582639191,1.1354711622590334,0.5946502057613169,0.037037037037037035,0.0205761316872428,6.997942386831276,,,,,,,,,,,,,,,,,,,,,,,,,,
00-0032156,2017,11,349,206,2285.0,12,14.0,-47.78009110508389,3044.0,1001.0,112.0,8.422484980212788,0.8093613604066655,33.0,220.0,0,Trevor Siemian,Trevor,Siemian,QB,1991-12-26,2015,2015.0,7.0,250.0,Northwestern,25.683778234086244,-2.6591195435766934,7.070916747031522,2,5.855071922202427,31.727272727272727,0.08638743455497382,-0.13690570517216014,-4.343644645916718,0.5902578796561605,0.034383954154727794,0.04011461318051576,6.54727793696275,15.896596271626468,486.0,6.186208623900494,0.03270904582639191,1.262136377626463,-63.67668737671036,-137.0,,,,,,,,,,,,,,,,,,,
00-0032156,2021,6,188,108,1154.0,11,3.0,-6.704305688234496,1329.0,507.0,61.0,5.1788240283477185,0.2395172911228073,9.0,64.0,0,Trevor Siemian,Trevor,Siemian,QB,1991-12-26,2015,2015.0,7.0,250.0,Northwestern,29.683778234086244,1.3408804564233066,1.7979603984179748,6,5.236441962829949,31.333333333333332,0.04568527918781726,-0.035661200469332424,-1.117384281372416,0.574468085106383,0.05851063829787234,0.015957446808510637,6.138297872340425,-5.561113071162254,6.0,1.791759469228055,-0.9268521785270423,-0.0044430657126346,-1.1431926170722422,182.0,6.0,31.333333333333332,9.521904571390468,-1.1173842333333333,5.438416599672613,-0.003852177389826128,0.18566059256892203,6.004109703875944,1.4203669005231283,0.5760851102425831,0.0641504779652259,0.014080459770114942,-7.3081036,6.693474,0.30389057142735537,4.867096239087748,18.566059256892203,2.0,0.3333333333333333
00-0032156,2023,5,153,86,724.0,2,4.0,-54.59470523672368,814.0,471.0,35.0,4.6993202852674,-0.1766417837935711,8.0,40.0,0,Trevor Siemian,Trevor,Siemian,QB,1991-12-26,2015,2015.0,7.0,250.0,Northwestern,31.682409308692677,3.339511531029739,11.152337265880593,8,5.030437921392435,30.6,0.049689440993788817,-0.35682813880211556,-10.918941047344735,0.5620915032679739,0.013071895424836602,0.026143790849673203,4.73202614379085,-7.1543913324834385,26.0,3.258096538021482,-0.27516889740320916,-0.00720875654374,-47.44031390424024,127.0,5.0,30.6,15.725775020646836,-10.91894076,3.1285871601541344,-0.4113296032234432,0.1489613403600553,4.607252747252747,0.8721971860819373,0.5170416884702599,0.008526077097505668,0.023910692482121056,-15.9729395,-7.5649433,0.5139142163610076,0.28652844895131885,0.36214592675241086,0.0,0.0
00-0032268,2015,12,370,230,2818.0,19,10.0,-3.1858264588989655,3431.0,1161.0,142.0,10.68603132334095,1.4164592478181726,38.0,258.0,3,Marcus Mariota,Marcus,Mariota,QB,1993-10-30,2015,2015.0,1.0,2.0,Oregon,21.83709787816564,-6.505799899497298,42.32543233229905,0,5.91350300563827,30.833333333333332,0.09313725490196079,-0.008610341780808014,-0.26548553824158044,0.6216216216216216,0.051351351351351354,0.02702702702702703,7.616216216216216,,,,,,,,,,,,,,,,,,,,,,,,,,
00-0032268,2016,15,451,276,3426.0,26,9.0,60.92957820146813,4344.0,1258.0,158.0,12.070640354442116,1.932803630153398,23.0,156.0,0,Marcus Mariota,Marcus,Mariota,QB,1993-10-30,2015,2015.0,1.0,2.0,Oregon,22.83915126625599,-5.503746511406948,30.291225661824154,1,6.111467339502679,30.066666666666666,0.04852320675105485,0.13509884301877634,4.061971880097875,0.6119733924611973,0.057649667405764965,0.019955654101995565,7.596452328159645,-3.1858264588989655,370.0,5.91350300563827,-0.008610341780808014,1.4164592478181726,64.11540466036709,81.0,,,,,,,,,,,,,,,,,,,
00-0032268,2017,15,453,281,3232.0,13,15.0,-7.626242456111015,4043.0,1254.0,147.0,12.199875463157271,1.386280145071376,27.0,173.0,0,Marcus Mariota,Marcus,Mariota,QB,1993-10-30,2015,2015.0,1.0,2.0,Oregon,23.838466803559207,-4.50443097410373,20.28989840046508,2,6.115892125483034,30.2,0.05625,-0.01683497230929584,-0.5084161637407344,0.6203090507726269,0.02869757174392936,0.033112582781456956,7.134657836644592,60.92957820146813,451.0,6.111467339502679,0.13509884301877634,1.932803630153398,-68.55582065757915,2.0,,,,,,,,,,,,,,,,,,,
00-0032268,2018,14,331,228,2528.0,11,8.0,9.161828941137632,2516.0,1266.0,121.0,15.999835635316682,1.5687221757991878,42.0,243.0,0,Marcus Mariota,Marcus,Mariota,QB,1993-10-30,2015,2015.0,1.0,2.0,Oregon,24.83778234086242,-3.5051154368005157,12.28583422529727,3,5.802118375377063,23.642857142857142,0.1126005361930295,0.027679241514010973,0.6544163529384023,0.6888217522658611,0.03323262839879154,0.02416918429003021,7.637462235649547,-7.626242456111015,453.0,6.115892125483034,-0.01683497230929584,1.386280145071376,16.788071397248647,-122.0,14.0,23.642857142857142,8.828338486915895,0.6544164814285713,8.14363529741486,-0.032252597715543174,0.3956702681509591,7.522697284762904,2.1630179401491847,0.6920846955086584,0.026725704097405496,0.02608060889829993,-12.363003,10.365345,0.3734040447638143,12.444117054689013,12.267857356503029,8.0,0.5714285714285714
00-0032268,2019,7,160,95,1203.0,7,2.0,-7.3214071939656655,1127.0,604.0,50.0,9.474815796445805,0.2701089026546133,25.0,162.0,0,Marcus Mariota,Marcus,Mariota,QB,1993-10-30,2015,2015.0,1.0,2.0,Oregon,25.83709787816564,-2.5057998994972976,6.279033136320667,4,5.075173815233827,22.857142857142858,0.13513513513513514,-0.04575879496228541,-1.0459153134236665,0.59375,0.04375,0.0125,7.51875,9.161828941137632,331.0,5.802118375377063,0.027679241514010973,1.5687221757991878,-16.483236135103297,-171.0,8.0,20.125,13.410417059669909,-0.9411823125000001,6.480167072787861,0.13483697734232203,0.7079257497744363,8.95736531986532,6.514152483675499,0.685421176046176,0.0339781746031746,0.013888888888888888,-11.536861,7.970273,0.6663561271885668,6.885134778590371,5.250234495965936,3.0,0.375
00-0032268,2022,13,300,184,2219.0,15,9.0,6.053635507238567,3093.0,912.0,111.0,11.084404486051053,1.050729030496393,28.0,195.0,2,Marcus Mariota,Marcus,Mariota,QB,1993-10-30,2015,2015.0,1.0,2.0,Oregon,28.83778234086242,0.49488456319948426,0.24491073089314433,7,5.703782474656201,23.076923076923077,0.08536585365853659,0.020178785024128554,0.465664269787582,0.6133333333333333,0.05,0.03,7.3966666666666665,-0.7204284254694358,2.0,0.6931471805599453,-0.3602142127347179,0.0,6.774063932708002,298.0,13.0,23.076923076923077,5.823251360731083,0.4656642492307694,6.181805468683622,0.03965586216702828,0.2882353350877745,7.597299465482004,1.7155227620052214,0.6187160539396062,0.05324457593688363,0.028152555946078215,-7.5052695,14.931651,0.25234089229834694,13.275241719533645,7.268416807425427,6.0,0.46153846153846156
00-0032434,2020,5,142,90,925.0,5,4.0,-9.506670263065,940.0,557.0,42.0,4.917605948748077,0.2893340554964319,7.0,51.0,0,Brandon Allen,Brandon,Allen,QB,1992-09-05,2016,2016.0,6.0,201.0,Arkansas,27.98904859685147,-0.35384918081146566,0.1252092427609453,4,4.955827057601261,28.4,0.04697986577181208,-0.06694838213426056,-1.901334052613,0.6338028169014085,0.035211267605633804,0.028169014084507043,6.514084507042254,-21.54833991266867,84.0,4.430816798843313,-0.25652785610319845,0.0003924193538813,12.04166964960367,58.0,5.0,28.4,8.294576541331088,-1.9013338000000004,18.88874018960136,-0.2042327240205204,0.6949956135246621,6.21656116837605,2.9878689277026207,0.5969304668941693,0.03378923387997798,0.03647048656123066,-24.306059,22.745382,0.2920625542722214,9.934468208371069,3.4029591333014393,2.0,0.4
00-0032436,2018,8,176,105,1003.0,6,2.0,-14.26021311374684,1378.0,506.0,50.0,6.851426859138063,0.2489607410044023,16.0,122.0,1,Jeff Driskel,Jeffrey,Driskel,QB,1993-04-23,2016,2016.0,6.0,207.0,Louisiana Tech; Florida,25.357973990417523,-2.984923787245414,8.909770015663506,2,5.170483995038151,22.0,0.08333333333333333,-0.08102393814628886,-1.782526639218355,0.5965909090909091,0.03409090909090909,0.011363636363636364,5.698863636363637,,,,,,,,8.0,22.0,12.637811745483699,-1.782526675,6.312799488725111,0.10974428925323092,0.4582728885582676,7.208403691701106,3.653868729405039,0.6504586070148684,0.029264126360315106,0.0071662571662571665,-12.280904,5.2206726,0.5744459884310772,3.5414894920016335,4.175824470472625,5.0,0.625
00-0032436,2019,3,105,62,685.0,4,4.0,-8.560895307526721,851.0,290.0,31.0,2.410705425756468,0.1325991802474494,11.0,46.0,0,Jeff Driskel,Jeffrey,Driskel,QB,1993-04-23,2016,2016.0,6.0,207.0,Louisiana Tech; Florida,26.357289527720738,-1.9856082499421994,3.9426401222385237,3,4.653960350157523,35.0,0.09482758620689655,-0.08153233626215925,-2.8536317691755735,0.5904761904761905,0.0380952380952381,0.0380952380952381,6.523809523809524,-14.26021311374684,176.0,5.170483995038151,-0.08102393814628886,0.2489607410044023,5.699317806220119,-71.0,3.0,35.0,10.14889156509222,-2.8536318,8.231815811768957,-0.04022774675686632,0.22928676547744217,6.719671632715111,1.1616971920605434,0.5899800682409378,0.04298841255362995,0.037549407114624504,-10.97981,5.4799037,0.28996833043120623,2.884680431360821,5.699716836322832,1.0,0.3333333333333333
00-0032950,2016,16,607,379,3782.0,16,14.0,9.655716643341965,4518.0,1757.0,191.0,14.150888676079912,1.046614891722475,33.0,213.0,1,Carson Wentz,Carson,Wentz,QB,1992-12-30,2016,2016.0,1.0,2.0,North Dakota State,23.67145790554415,-4.671439872118789,21.822350478821207,0,6.408528791059498,37.9375,0.0515625,0.015907276183429925,0.6034822902088728,0.6243822075782537,0.026359143327841845,0.023064250411861616,6.230642504118616,,,,,,,,,,,,,,,,,,,,,,,,,,
00-0032950,2017,13,440,265,3296.0,33,7.0,94.79939113529836,4359.0,1232.0,160.0,10.06778108919906,1.8424008211478795,28.0,162.0,4,Carson Wentz,Carson,Wentz,QB,1992-12-30,2016,2016.0,1.0,2.0,North Dakota State,24.670773442847366,-3.672124334815571,13.4844971303447,1,6.0867747269123065,33.84615384615385,0.05982905982905983,0.21545316167113265,7.292260856561413,0.6022727272727273,0.075,0.015909090909090907,7.490909090909091,9.655716643341965,607.0,6.408528791059498,0.015907276183429925,1.046614891722475,85.1436744919564,-167.0,,,,,,,,,,,,,,,,,,,
00-0032950,2018,11,401,279,3074.0,21,7.0,36.21209486905656,3120.0,1397.0,159.0,11.234081132848228,1.5153940268416597,31.0,202.0,1,Carson Wentz,Carson,Wentz,QB,1992-12-30,2016,2016.0,1.0,2.0,North Dakota State,25.67008898015058,-2.6728087975123564,7.143906868059449,2,5.993961427306569,36.45454545454545,0.07175925925925926,0.09030447598268468,3.292008624459687,0.6957605985037406,0.05236907730673317,0.017456359102244388,7.665835411471321,94.79939113529836,440.0,6.0867747269123065,0.21545316167113265,1.8424008211478795,-58.58729626624181,-39.0,11.0,36.45454545454545,6.2827324686578265,3.292008742727272,10.245951455954318,0.09392004388756262,0.3001185307955822,7.6982142086687535,1.2798586889311532,0.6955951549133368,0.05343255945528673,0.018148886330704512,-19.630945,18.981247,0.17234428218263365,3.112370669910808,3.195468383243861,7.0,0.6363636363636364
00-0032950,2019,16,607,388,4039.0,27,7.0,42.42268962561957,4889.0,1805.0,213.0,14.405865536260496,1.4588749840683055,37.0,230.0,2,Carson Wentz,Carson,Wentz,QB,1992-12-30,2016,2016.0,1.0,2.0,North Dakota State,26.6694045174538,-1.6734932602091384,2.8005796919654107,3,6.408528791059498,37.9375,0.05745341614906832,0.06988910976214097,2.651418101601223,0.6392092257001647,0.044481054365733116,0.011532125205930808,6.654036243822076,36.21209486905656,401.0,5.993961427306569,0.09030447598268468,1.5153940268416597,6.210594756563012,206.0,17.0,35.94117647058823,11.053679185203983,2.1861228462352944,8.404838447810668,-0.011676802309000053,0.399857563664283,6.337672780876623,1.6674263014638848,0.6144711384237961,0.042900270724716916,0.010362161249867193,-15.8229885,17.38984,0.30754917536574095,3.8446322731975364,34.24375553194793,11.0,0.6470588235294118
00-0032950,2020,12,437,251,2620.0,16,15.0,-86.9983338663418,3871.0,996.0,130.0,8.558859744579957,0.3008337413768776,50.0,326.0,5,Carson Wentz,Carson,Wentz,QB,1992-12-30,2016,2016.0,1.0,2.0,North Dakota State,27.67145790554415,-0.6714398721187891,0.4508315018708958,4,6.07993319509559,36.416666666666664,0.1026694045174538,-0.19908085552938626,-7.249861155528483,0.5743707093821511,0.036613272311212815,0.034324942791762014,5.995423340961098,42.42268962561957,607.0,6.408528791059498,0.06988910976214097,1.4588749840683055,-129.42102349196136,-170.0,12.0,36.416666666666664,9.238834374858152,-7.249861208333335,7.563943393299878,-0.2163416772976118,0.22092372023002615,5.976478558947015,1.1758308191044584,0.5660383960513847,0.03616048248243531,0.033852998105430895,-19.575956,6.350457,0.2536979691036564,1.0433225100372296,1.0211796589064577,2.0,0.16666666666666666
00-0032950,2021,17,516,322,3563.0,27,7.0,12.846730000047256,3937.0,1650.0,165.0,16.216711924586097,1.3406260008432358,32.0,227.0,2,Carson Wentz,Carson,Wentz,QB,1992-12-30,2016,2016.0,1.0,2.0,North Dakota State,28.670773442847366,0.327875665184429,0.1075024518201318,5,6.246106765481563,30.352941176470587,0.058394160583941604,0.024896763565983054,0.7556900000027797,0.624031007751938,0.05232558139534884,0.013565891472868217,6.905038759689923,-86.9983338663418,437.0,6.07993319509559,-0.19908085552938626,0.3008337413768776,99.84506386638905,79.0,17.0,30.352941176470587,9.39375574830555,0.7556900335294118,9.057257980216022,0.02187558868330322,0.3270506211928566,6.9599564246108985,2.0624963835958865,0.6190433952915243,0.05471748064689361,0.013808493423482782,-13.00845,17.466276,0.3094842010100666,11.985414096193065,14.950483204252306,9.0,0.5294117647058824
00-0032950,2022,8,276,172,1755.0,11,9.0,-37.29265213974798,2147.0,826.0,85.0,6.878199617547953,0.3830855956677703,26.0,159.0,2,Carson Wentz,Carson,Wentz,QB,1992-12-30,2016,2016.0,1.0,2.0,North Dakota State,29.67008898015058,1.3271912024876436,1.7614364879605973,6,5.62040086571715,34.5,0.08609271523178808,-0.13511830485415935,-4.661581517468497,0.6231884057971014,0.03985507246376811,0.03260869565217391,6.358695652173913,12.846730000047256,516.0,6.246106765481563,0.024896763565983054,1.3406260008432358,-50.13938213979523,-240.0,8.0,34.5,11.058287131636357,-4.6615815875,10.645721785969856,-0.11720198379562502,0.308257192697855,6.332105045998217,1.9395242851183732,0.6265152245262323,0.03771493370887452,0.031449664059406204,-20.692163,8.543848,0.32053006178656107,2.2837145690029943,2.6301363058443537,4.0,0.5
00-0033077,2016,16,459,311,3667.0,23,4.0,122.7772957888822,3743.0,1546.0,182.0,16.800244331840975,2.940748444040638,25.0,143.0,0,Dak Prescott,Rayne,Prescott,QB,1993-07-29,2016,2016.0,4.0,135.0,Mississippi State,23.093771389459274,-5.249126388203663,27.553327839336035,0,6.129050210060545,28.6875,0.05165289256198347,0.26748866184941655,7.6735809868051374,0.6775599128540305,0.05010893246187364,0.008714596949891068,7.989106753812636,,,,,,,,,,,,,,,,,,,,,,,,,,
00-0033077,2017,16,490,308,3324.0,22,13.0,-29.27230156560684,3942.0,1358.0,162.0,14.389321973951246,1.6515358880437256,32.0,185.0,0,Dak Prescott,Rayne,Prescott,QB,1993-07-29,2016,2016.0,4.0,135.0,Mississippi State,24.093086926762492,-4.249810850900445,18.060892268431168,1,6.194405391104672,30.625,0.06130268199233716,-0.05973939095021804,-1.8295188478504274,0.6285714285714286,0.044897959183673466,0.026530612244897958,6.783673469387755,122.7772957888822,459.0,6.129050210060545,0.26748866184941655,2.940748444040638,-152.04959735448904,31.0,,,,,,,,,,,,,,,,,,,
00-0033077,2018,16,526,356,3885.0,22,8.0,24.431834138462087,3973.0,1892.0,184.0,16.212042268799262,1.4798813017555623,56.0,347.0,1,Dak Prescott,Rayne,Prescott,QB,1993-07-29,2016,2016.0,4.0,135.0,Mississippi State,25.09240246406571,-3.250495313597227,10.565719783717537,2,6.26530121273771,32.875,0.09621993127147767,0.046448353875403206,1.5269896336538804,0.6768060836501901,0.04182509505703422,0.015209125475285171,7.385931558935361,-29.27230156560684,490.0,6.194405391104672,-0.05973939095021804,1.6515358880437256,53.704135704068925,36.0,18.0,32.833333333333336,7.188634820898561,1.5931309055555554,9.11908787079333,0.035102319394170335,0.2446773109086794,7.364246973265864,1.3426948188619163,0.6730524201795567,0.04006422768724473,0.014057122452798113,-13.209464,24.692783,0.21894319251467698,5.724004122318704,6.970402957170816,10.0,0.5555555555555556
00-0033077,2019,16,596,388,4902.0,30,11.0,124.53103917602378,5613.0,1880.0,229.0,15.23896719646261,2.255387153962143,23.0,151.0,1,Dak Prescott,Rayne,Prescott,QB,1993-07-29,2016,2016.0,4.0,135.0,Mississippi State,26.091718001368925,-2.2511797762940127,5.067810385195161,3,6.39024066706535,37.25,0.03715670436187399,0.20894469660406675,7.783189948501486,0.6510067114093959,0.050335570469798654,0.018456375838926176,8.224832214765101,24.431834138462087,526.0,6.26530121273771,0.046448353875403206,1.4798813017555623,100.09920503756169,70.0,16.0,37.25,8.17720408615724,7.7831898375,10.147909674179628,0.22567071911555733,0.28108580180160475,8.307840066266406,1.7461198825601503,0.6602883734191964,0.053470861472608364,0.018820435714360404,-6.4862185,30.217525,0.21952225734650307,1.3038239958231814,1.2455572566225195,13.0,0.8125
00-0033077,2020,5,222,151,1856.0,9,4.0,32.01779560961002,1762.0,810.0,93.0,5.360067099456971,0.5513381848004677,10.0,66.0,1,Dak Prescott,Rayne,Prescott,QB,1993-07-29,2016,2016.0,4.0,135.0,Mississippi State,27.093771389459274,-1.2491263882036634,1.5603167337067292,4,5.402677381872279,44.4,0.04310344827586207,0.14422430454779286,6.403559121922004,0.6801801801801802,0.04054054054054054,0.018018018018018018,8.36036036036036,124.53103917602378,596.0,6.39024066706535,0.20894469660406675,2.255387153962143,-92.51324356641376,-374.0,5.0,44.4,15.224979474534605,6.403558896,9.174597612731743,0.11580637033163584,0.19751299329417132,8.247123395712036,1.0101861902079452,0.6774231843506276,0.033702943514890844,0.019989629245527614,-5.0304756,18.298685,0.34290494312014874,1.4327341657562767,1.7055451503103969,3.0,0.6
00-0033077,2021,16,596,410,4449.0,37,10.0,109.06846017476651,4629.0,2028.0,227.0,16.713953806713555,2.18605660138112,30.0,144.0,2,Dak Prescott,Rayne,Prescott,QB,1993-07-29,2016,2016.0,4.0,135.0,Mississippi State,28.093086926762492,-0.2498108509004453,0.062405461227604514,5,6.39024066706535,37.25,0.04792332268370607,0.18300077210531293,6.816778760922907,0.6879194630872483,0.06208053691275168,0.016778523489932886,7.464765100671141,32.01779560961002,222.0,5.402677381872279,0.14422430454779286,0.5513381848004677,77.0506645651565,374.0,17.0,37.588235294117645,9.46083257124744,5.589005802352941,13.543559676773505,0.17780494405221653,0.3840954479778345,7.562021154514774,1.7849115711563406,0.6846978502859983,0.06632190347889111,0.016283928133422283,-15.437384,25.24415,0.25169664117559704,2.423250244448081,2.160206793040783,11.0,0.6470588235294118
00-0033077,2022,12,394,261,2860.0,23,15.0,42.084686123317965,3223.0,1212.0,142.0,11.58285681959823,1.7312199989786836,20.0,126.0,0,Dak Prescott,Rayne,Prescott,QB,1993-07-29,2016,2016.0,4.0,135.0,Mississippi State,29.09240246406571,0.7495046864027728,0.5617572749397188,6,5.976350909297934,32.833333333333336,0.04830917874396135,0.10681392417085778,3.5070571769431638,0.6624365482233503,0.0583756345177665,0.03807106598984772,7.258883248730965,109.06846017476651,596.0,6.39024066706535,0.18300077210531293,2.18605660138112,-66.98377405144855,-202.0,14.0,33.142857142857146,6.273965043147544,4.261276385714285,11.432313847103682,0.1608006475973452,0.3716819119985748,7.443189680423224,2.1967302041376637,0.6766094479356838,0.061525721890818084,0.03509855513809983,-13.168291,23.883806,0.18930066940531382,2.682837913407809,2.3114453676162388,9.0,0.6428571428571429
00-0033077,2023,17,590,410,4516.0,36,9.0,118.68906478811256,4579.0,1963.0,222.0,17.697907050538195,2.7964468830594624,39.0,255.0,2,Dak Prescott,Rayne,Prescott,QB,1993-07-29,2016,2016.0,4.0,135.0,Mississippi State,30.091718001368925,1.7488202237059873,3.0583721748430595,7,6.380122536899765,34.705882352941174,0.06200317965023847,0.20116790642052976,6.981709693418386,0.6949152542372882,0.061016949152542375,0.015254237288135594,7.654237288135593,42.084686123317965,394.0,5.976350909297934,0.10681392417085778,1.7312199989786836,76.6043786647946,196.0,18.0,36.111111111111114,8.013876853447538,6.406636627500001,9.693691840174637,0.175911347986508,0.2931693592219807,7.600732291751923,1.9047021662871502,0.6909509447378561,0.05954834367669531,0.018203786576568626,-12.449003,22.099422,0.2219227436339318,1.5130703368699265,1.6665744568364407,13.0,0.7222222222222222
00-0033104,2016,9,195,128,1380.0,6,2.0,21.142657948956455,1433.0,661.0,67.0,10.783082055390532,1.1034919598072386,21.0,140.0,1,Cody Kessler,Cody,Kessler,QB,1993-05-11,2016,2016.0,3.0,93.0,USC,23.310061601642712,-5.032836176020226,25.329439974657888,0,5.272999558563747,21.666666666666668,0.09722222222222222,0.1084238869177254,2.349184216550717,0.6564102564102564,0.03076923076923077,0.010256410256410256,7.076923076923077,,,,,,,,,,,,,,,,,,,,,,,,,,
00-0033104,2018,5,131,85,709.0,2,2.0,-39.81243987040202,880.0,345.0,35.0,4.424102859770856,0.2350562929026157,22.0,149.0,0,Cody Kessler,Cody,Kessler,QB,1993-05-11,2016,2016.0,3.0,93.0,USC,25.308692676249144,-3.034205101413793,9.206400597445485,2,4.875197323201151,26.2,0.1437908496732026,-0.30391175473589327,-7.962487974080403,0.648854961832061,0.015267175572519083,0.015267175572519083,5.412213740458015,-15.288966363579206,23.0,3.1354942159291497,-0.6647376679817046,0.0192615302403702,-24.52347350682281,108.0,5.0,26.2,10.848963084092414,-7.96248774,8.100134233348623,-0.3712072261080711,0.4972186945735829,5.323926128590971,1.1889737374085878,0.6533378932968537,0.01131782945736434,0.01843137254901961,-21.317297,-1.3263962,0.4140825604615425,1.017286870365545,1.3394639425171793,0.0,0.0
00-0033106,2016,7,205,112,1089.0,5,7.0,-86.70948298333872,1409.0,572.0,47.0,5.86495503745023,-0.2151467492740512,26.0,222.0,0,Jared Goff,Jared,Goff,QB,1994-10-14,2016,2016.0,1.0,1.0,California,21.883641341546884,-6.459256436116053,41.72199370750666,0,5.3230099791384085,29.285714285714285,0.11255411255411256,-0.4229730877236035,-12.387068997619817,0.5463414634146342,0.024390243902439025,0.03414634146341464,5.31219512195122,,,,,,,,,,,,,,,,,,,,,,,,,,
00-0033106,2017,15,477,296,3804.0,28,7.0,95.74236690560048,3770.0,2000.0,176.0,16.248364856211065,1.8579954374463603,25.0,172.0,0,Jared Goff,Jared,Goff,QB,1994-10-14,2016,2016.0,1.0,1.0,California,22.882956878850102,-5.459940898812835,29.810954618529113,1,6.1675164908883415,31.8,0.049800796812749,0.20071775032620645,6.3828244603733655,0.6205450733752621,0.05870020964360587,0.014675052410901468,7.9748427672955975,-86.70948298333872,205.0,5.3230099791384085,-0.4229730877236035,-0.2151467492740512,182.4518498889392,272.0,,,,,,,,,,,,,,,,,,,
00-0033106,2018,16,561,364,4688.0,32,12.0,115.75023145140024,4865.0,2126.0,233.0,16.079778955387322,2.3990253050882098,33.0,223.0,3,Jared Goff,Jared,Goff,QB,1994-10-14,2016,2016.0,1.0,1.0,California,23.88227241615332,-4.460625361509617,19.897178615742803,2,6.329720905522696,35.0625,0.05555555555555555,0.20632839830909133,7.234389465712515,0.6488413547237076,0.0570409982174688,0.0213903743315508,8.35650623885918,95.74236690560048,477.0,6.1675164908883415,0.20071775032620645,1.8579954374463603,20.007864545799762,84.0,19.0,35.10526315789474,7.915489293798199,5.696439957894737,11.647388522908116,0.18413942977701672,0.32812517915766765,8.208826708209648,2.1913127452481764,0.637393482547937,0.051880669455857426,0.019665152563482675,-22.330967,27.641033,0.2254787055204884,2.0446785376480476,1.7819387165204659,14.0,0.7368421052631579
00-0033106,2019,16,626,394,4638.0,22,16.0,62.79175054062679,4841.0,2244.0,220.0,15.596045637152512,1.62816455667151,22.0,170.0,0,Jared Goff,Jared,Goff,QB,1994-10-14,2016,2016.0,1.0,1.0,California,24.88158795345654,-3.461309824206399,11.980665699147734,3,6.439350371100098,39.125,0.033950617283950615,0.10030631076777444,3.9244844087891746,0.6293929712460063,0.03514376996805112,0.025559105431309903,7.4089456869009584,115.75023145140024,561.0,6.329720905522696,0.20632839830909133,2.3990253050882098,-52.958480910773446,65.0,16.0,39.125,11.870832602082578,3.92448444375,12.869281822605307,0.102846015968257,0.3785036727037248,7.521588607110825,2.261636826927512,0.6263041374713781,0.0339228357568848,0.025440725933206683,-18.18959,23.92763,0.3034078620340595,3.279228649536498,3.6802949452174056,10.0,0.625
00-0033106,2020,15,552,370,3952.0,20,13.0,24.835128745911945,3579.0,2152.0,194.0,18.26346923283815,1.6021434948722495,23.0,161.0,1,Jared Goff,Jared,Goff,QB,1994-10-14,2016,2016.0,1.0,1.0,California,25.883641341546884,-2.4592564361160534,6.047942218578232,4,6.313548046277095,36.8,0.04,0.04499117526433323,1.655675249727463,0.6702898550724637,0.036231884057971016,0.02355072463768116,7.159420289855072,62.79175054062679,626.0,6.439350371100098,0.10030631076777444,1.62816455667151,-37.95662179471485,-74.0,17.0,35.1764705882353,10.357577504643928,1.4533973057058822,11.956930525853862,0.05909710239241444,0.32782517197526756,7.299948428041578,1.674504409190018,0.6675220851174022,0.03939712532392785,0.020726086266775693,-25.533203,21.196814,0.29444618324238586,8.22688364627637,5.547229199131537,10.0,0.5882352941176471
00-0033106,2021,14,494,332,3245.0,19,8.0,-28.79608354435334,3148.0,1754.0,162.0,15.357920296620042,1.0177111300499913,35.0,280.0,4,Jared Goff,Jared,Goff,QB,1994-10-14,2016,2016.0,1.0,1.0,California,26.882956878850102,-1.4599408988128353,2.1314274280264294,5,6.202535517187923,35.285714285714285,0.0661625708884688,-0.058291667093832676,-2.0568631103109527,0.6720647773279352,0.038461538461538464,0.016194331983805668,6.568825910931174,24.835128745911945,552.0,6.313548046277095,0.04499117526433323,1.6021434948722495,-53.63121229026528,-58.0,14.0,35.285714285714285,8.44373751941066,-2.056863274285714,8.748437576350932,-0.04444384331257377,0.2826117129325578,6.630117903453142,1.1616865361470685,0.6785504346895271,0.03924710933054964,0.014520672493348085,-15.135028,13.537594,0.239296205003541,4.253290768385662,6.358849547392836,6.0,0.42857142857142855
00-0033106,2022,17,587,382,4438.0,29,7.0,100.96467571744924,4129.0,2285.0,227.0,19.04501344012196,1.968802215589775,23.0,156.0,1,Jared Goff,Jared,Goff,QB,1994-10-14,2016,2016.0,1.0,1.0,California,27.88227241615332,-0.4606253615096172,0.21217572366586554,6,6.375024819828097,34.529411764705884,0.03770491803278689,0.17200115113705153,5.939098571614661,0.6507666098807495,0.049403747870528106,0.01192504258943782,7.560477001703577,-28.79608354435334,494.0,6.202535517187923,-0.058291667093832676,1.0177111300499913,129.76075926180258,93.0,17.0,34.529411764705884,5.767556318091134,5.939098594117647,10.120424564982114,0.1607775063854467,0.2950574315846159,7.539688566227551,1.3142355240087922,0.6533363750927349,0.04835396219424124,0.01300084356038445,-20.695974,21.616482,0.16703314720195786,1.7040337695363135,1.835190992931857,13.0,0.7647058823529411
00-0033106,2023,17,605,407,4575.0,30,12.0,81.67725091908035,4064.0,2147.0,227.0,19.83310447265523,2.113965949856951,30.0,197.0,2,Jared Goff,Jared,Goff,QB,1994-10-14,2016,2016.0,1.0,1.0,California,28.88158795345654,0.5386901757936009,0.29018710549654064,7,6.405228458030842,35.588235294117645,0.047244094488188976,0.13500372052740553,4.804544171710609,0.6727272727272727,0.049586776859504134,0.019834710743801654,7.56198347107438,100.96467571744924,587.0,6.375024819828097,0.17200115113705153,1.968802215589775,-19.28742479836889,18.0,20.0,35.8,6.817933009814323,5.400243735,7.9994677978915325,0.16635478862084002,0.2137762310872444,7.707270694574673,1.4830807501056975,0.6787795440007751,0.05018059243920493,0.017108218420649052,-12.379357,17.925804,0.1904450561400649,1.4813160646889825,1.2850620824296708,15.0,0.75
00-0033119,2017,16,469,276,3098.0,13,7.0,-44.025195397621,3513.0,1574.0,143.0,14.47695158422445,0.48862654757912,52.0,305.0,0,Jacoby Brissett,Jacoby,Brissett,QB,1992-12-11,2016,2016.0,3.0,91.0,N.C. State; Florida,24.722792607802873,-3.6201051698600644,13.105161440847565,1,6.150602768446279,29.3125,0.09980806142034548,-0.0938703526601727,-2.7515747123513123,0.5884861407249466,0.02771855010660981,0.014925373134328358,6.605543710021322,-8.901810974124931,55.0,4.007333185232471,-0.1618511086204533,0.040364098270855,-35.12338442349606,414.0,,,,,,,,,,,,,,,,,,,
00-0033119,2019,15,447,272,2942.0,18,6.0,10.94469868309653,3545.0,1519.0,143.0,14.74332605127266,1.1323919138211902,27.0,159.0,1,Jacoby Brissett,Jacoby,Brissett,QB,1992-12-11,2016,2016.0,3.0,91.0,N.C. State; Florida,26.72142368240931,-1.6214740952536282,2.6291782415785723,3,6.102558594613569,29.8,0.056962025316455694,0.024484784525943017,0.7296465788731019,0.6085011185682326,0.040268456375838924,0.013422818791946308,6.58165548098434,-0.6780378912808374,4.0,1.3862943611198906,-0.16950947282020934,0.0,11.622736574377367,443.0,15.0,29.8,9.622889378975527,0.7296466866666668,8.377949591920201,0.03573547149593118,0.30153386828938944,6.79004527189226,1.9247629520038665,0.6197653936635622,0.03501831342411053,0.012240189429094975,-9.298494,18.440418,0.3229157509723331,11.48220055681223,8.437942908455032,7.0,0.4666666666666667
00-0033119,2021,10,225,141,1283.0,5,4.0,-23.911021311611588,1703.0,508.0,69.0,5.793437009765408,0.1969559355187961,19.0,132.0,1,Jacoby Brissett,Jacoby,Brissett,QB,1992-12-11,2016,2016.0,3.0,91.0,N.C. State; Florida,28.722792607802873,0.37989483013993564,0.14432008196705054,5,5.41610040220442,22.5,0.0778688524590164,-0.10627120582938483,-2.391102131161159,0.6266666666666667,0.022222222222222223,0.017777777777777778,5.702222222222222,-8.438660981715657,8.0,2.0794415416798357,-1.054832622714457,0.0,-15.472360329895931,217.0,7.0,32.142857142857146,16.17022543059281,-3.165146557142857,5.219072691038051,0.22813804742136704,0.889161700882802,8.53634254099422,7.34782857825089,0.6707068022600099,0.020172075986029474,0.013878950506857484,-14.200013,2.2277987,0.5030736800628874,1.6489197567360832,3.8974722144462635,1.0,0.14285714285714285
00-0033119,2022,14,369,236,2608.0,12,6.0,19.692632323502796,3221.0,1063.0,129.0,10.195971547811574,1.4237166540072654,24.0,160.0,0,Jacoby Brissett,Jacoby,Brissett,QB,1992-12-11,2016,2016.0,3.0,91.0,N.C. State; Florida,29.72210814510609,1.3792103674431537,1.902221237662679,6,5.910796644040527,26.357142857142858,0.061068702290076333,0.0533675672723653,1.406616594535914,0.6395663956639567,0.032520325203252036,0.016260162601626018,7.067750677506775,-23.911021311611588,225.0,5.41610040220442,-0.10627120582938483,0.1969559355187961,43.603653635114384,144.0,12.0,30.75,11.258330249197702,1.6410527691666665,9.401998101359933,-0.24098117443434017,1.1983448525864049,6.757541092925074,3.026529656201472,0.6022184689044194,0.029735220871966683,0.013874308482151619,-10.664609,17.766224,0.36612456094951873,5.7292478816109655,4.972773725579615,6.0,0.5
00-0033275,2022,6,106,63,731.0,3,3.0,-19.931912035956493,837.0,408.0,30.0,3.8417470207577447,0.1582973507087326,7.0,46.0,0,PJ Walker,Phillip,Walker,QB,1995-02-26,2017,,,,Temple,27.512662559890487,-0.8302352177724508,0.6892905168296688,5,4.663439094112067,17.666666666666668,0.061946902654867256,-0.18803690599958955,-3.321985339326082,0.5943396226415094,0.02830188679245283,0.02830188679245283,6.89622641509434,-15.502125904082485,66.0,4.189654742026425,-0.23488069551640128,-0.0992679610552426,-4.429786131874009,40.0,6.0,17.666666666666668,10.538817137927134,-3.3219852999999997,7.210260662088696,-0.33223392916666666,0.5784509111964118,6.375168350168351,3.4306127303157097,0.6063973063973064,0.01978114478114478,0.03796296296296297,-13.386811,5.2688746,0.596536819127951,2.1704673594096566,1.741095235659177,2.0,0.3333333333333333
00-0033275,2023,5,111,54,674.0,1,5.0,-34.964733364887934,902.0,398.0,27.0,2.9879558048794626,-0.145558600768353,11.0,90.0,0,PJ Walker,Phillip,Walker,QB,1995-02-26,2017,,,,Temple,28.511978097193705,0.1690803195307673,0.028588154452626368,6,4.709530201312334,22.2,0.09016393442622951,-0.31499759788187326,-6.992946672977586,0.4864864864864865,0.009009009009009009,0.04504504504504504,6.072072072072072,-19.931912035956493,106.0,4.663439094112067,-0.18803690599958955,0.1582973507087326,-15.03282132893144,5.0,5.0,22.2,14.549914089093448,-6.9929466520000005,5.755608128855168,-0.37272819537231794,0.305487925611145,4.703450226244344,2.9485026907891325,0.38871423879725586,0.0064516129032258064,0.030917931688804558,-14.264403,-0.27942556,0.65540153554475,0.8230590644087138,0.8195997228113997,0.0,0.0
00-0033319,2018,8,274,176,2277.0,13,10.0,31.117421214049138,1900.0,1220.0,106.0,10.406150886732751,1.0079723245001555,17.0,127.0,1,Nick Mullens,Nicholas,Mullens,QB,1995-03-21,2017,,,,Southern Mississippi,23.449691991786448,-4.893205785876489,23.94346286293515,1,5.6131281063880705,34.25,0.058419243986254296,0.11356723070820854,3.889677651756142,0.6423357664233577,0.04744525547445255,0.0364963503649635,8.31021897810219,,,,,,,,8.0,34.25,7.667184247539268,3.8896776375,8.226985579759436,0.1513914333632978,0.33180841360784047,8.535190226156935,1.9491598167129207,0.6473391579306961,0.05261490485089623,0.035267911912648754,-8.337385,18.61388,0.22385939408873776,2.1150815945372634,2.1917251606409693,5.0,0.625
00-0033319,2020,10,326,211,2437.0,12,12.0,3.0183690128984786,2053.0,1239.0,120.0,12.389560236680904,0.92634745793363,19.0,139.0,1,Nick Mullens,Nicholas,Mullens,QB,1995-03-21,2017,,,,Southern Mississippi,25.451060917180012,-2.8918368604829254,8.362720427647742,3,5.786897381366708,32.6,0.05507246376811594,0.009258800653062818,0.30183690128984786,0.647239263803681,0.03680981595092025,0.03680981595092025,7.475460122699387,31.117421214049138,274.0,5.6131281063880705,0.11356723070820854,1.0079723245001555,-28.09905220115066,52.0,10.0,32.6,9.582391258043174,0.30183684400000016,14.56908206385945,-0.015319088945155717,0.47543272294082994,7.517259185259185,1.350242773470046,0.6585445081234556,0.03558273889852837,0.04066664329822224,-24.40027,24.949303,0.2939383821485636,48.26807049393692,31.035313173188,5.0,0.5
00-0033319,2023,5,148,100,1306.0,7,8.0,12.29686876892386,1380.0,477.0,57.0,4.836277016398081,0.5475398387109133,12.0,105.0,0,Nick Mullens,Nicholas,Mullens,QB,1995-03-21,2017,,,,Southern Mississippi,28.449007529089666,0.10610975142672885,0.011259279347842184,6,4.997212273764115,29.6,0.075,0.08308695114137743,2.4593737537847717,0.6756756756756757,0.0472972972972973,0.05405405405405406,8.824324324324325,12.437495140812455,25.0,3.2188758248682006,0.4974998056324982,0.3708588548651021,-0.1406263718885956,123.0,5.0,29.6,12.177848742696716,2.4593738600000004,6.466250112998888,0.07854231866744367,0.2105330973575937,8.223892773892775,2.4814081754994444,0.6728049728049728,0.04141414141414142,0.043434343434343436,-4.1967072,11.740159,0.41141380887488904,2.6292261693790984,2.6805052477380085,3.0,0.6
00-0033357,2020,16,121,88,928.0,4,2.0,3.3019261373991178,843.0,372.0,45.0,8.783423651261986,0.3921265693026788,14.0,87.0,0,Taysom Hill,Taysom,Hill,TE,1990-08-23,2017,,,,BYU,30.026009582477755,1.6831118048148177,2.832865347506993,3,4.795790545596741,7.5625,0.1037037037037037,0.027288645763629073,0.20637038358744486,0.7272727272727273,0.03305785123966942,0.01652892561983471,7.669421487603306,-3.602947881503496,6.0,1.791759469228055,-0.6004913135839159,0.0,6.904874018902614,115.0,9.0,13.444444444444445,15.740958604156793,0.5885513566666666,3.779283196586075,0.36490945687758125,1.1936487603058132,10.548177754413452,12.54479219387049,0.7568533922938957,0.011853959222380275,0.009868421052631578,-8.220689,4.9730883,1.1708151027885219,6.421331212267546,3.2710820117392982,6.0,0.6666666666666666
00-0033357,2021,12,134,78,978.0,4,5.0,-11.434644389408971,991.0,521.0,43.0,8.790342836769046,0.4547829380039214,9.0,64.0,0,Taysom Hill,Taysom,Hill,TE,1990-08-23,2017,,,,BYU,31.025325119780973,2.682427342118036,7.1954164457424294,4,4.897839799950911,11.166666666666666,0.06293706293706294,-0.08533316708514158,-0.9528870324507476,0.582089552238806,0.029850746268656716,0.03731343283582089,7.298507462686567,3.3019261373991178,121.0,4.795790545596741,0.027288645763629073,0.3921265693026788,-14.736570526808089,13.0,9.0,14.88888888888889,14.743171677461776,-1.270515872222222,8.585142139104791,0.17774989380403922,0.6546945526471147,7.588169082749029,4.329013298909095,0.7456410146112042,0.021733987181141654,0.04787714543812105,-22.099218,8.639663,0.9902130231131043,6.757209671130492,3.683234564229244,6.0,0.6666666666666666
00-0033537,2017,7,204,126,1699.0,19,8.0,25.645882118492885,2242.0,677.0,84.0,5.298058304516222,1.0403545605947513,19.0,116.0,1,Deshaun Watson,Derrick,Watson,QB,1995-09-14,2017,2017.0,1.0,12.0,Clemson,21.965776865160848,-6.37712091250209,40.66767113267149,0,5.318119993844216,29.142857142857142,0.08520179372197309,0.12571510842398473,3.6636974454989835,0.6176470588235294,0.09313725490196079,0.0392156862745098,8.32843137254902,,,,,,,,,,,,,,,,,,,,,,,,,,
00-0033537,2018,16,505,345,4165.0,26,9.0,61.10264543369625,4320.0,1753.0,202.0,16.436398077545327,2.2296783059014187,62.0,384.0,0,Deshaun Watson,Derrick,Watson,QB,1995-09-14,2017,2017.0,1.0,12.0,Clemson,22.965092402464066,-5.3778053751988715,28.920790653517876,1,6.22455842927536,31.5625,0.10934744268077601,0.12099533749246782,3.818915339606016,0.6831683168316832,0.05148514851485148,0.01782178217821782,8.247524752475247,25.645882118492885,204.0,5.318119993844216,0.12571510842398473,1.0403545605947513,35.45676331520337,301.0,17.0,32.588235294117645,8.551745607837995,2.8549821588235296,9.091765964464114,0.10264825009794767,0.32320888970514283,8.103668089236185,1.8961826989968664,0.6783343133518264,0.0560393337491702,0.01858470928478343,-17.725382,15.493073,0.2624181865221046,3.1845263678322304,3.148703357307452,12.0,0.7058823529411765
00-0033537,2019,15,495,333,3852.0,26,12.0,75.08170788753887,4420.0,1672.0,191.0,13.634478853841204,2.138248423067989,44.0,257.0,1,Deshaun Watson,Derrick,Watson,QB,1995-09-14,2017,2017.0,1.0,12.0,Clemson,23.964407939767284,-4.378489837895653,19.171173260555506,2,6.20455776256869,33.0,0.08163265306122448,0.15168021795462397,5.005447192502591,0.6727272727272727,0.052525252525252523,0.024242424242424242,7.781818181818182,61.10264543369625,505.0,6.22455842927536,0.12099533749246782,2.2296783059014187,13.979062453842616,-10.0,17.0,33.64705882352941,7.913131305546719,4.988169735294117,12.626487766526289,0.15249134401324924,0.3955798739673944,7.976915464919283,2.17625499488757,0.6785260132940899,0.052972097747184255,0.020759769199543688,-17.663477,32.19703,0.23518047586415075,2.531286711674376,2.5941136300367607,12.0,0.7058823529411765
00-0033537,2020,16,544,382,4823.0,33,7.0,133.4439556447115,4842.0,1971.0,221.0,16.024158777393094,2.6109761451612283,49.0,293.0,1,Deshaun Watson,Derrick,Watson,QB,1995-09-14,2017,2017.0,1.0,12.0,Clemson,24.966461327857633,-3.376436449805304,11.400323099573846,3,6.298949246855942,34.0,0.08263069139966273,0.2453013890527785,8.34024722779447,0.7022058823529411,0.06066176470588235,0.012867647058823529,8.865808823529411,75.08170788753887,495.0,6.20455776256869,0.15168021795462397,2.138248423067989,58.36224775717264,49.0,16.0,34.0,4.546060565661952,8.340247261875,7.017833427962527,0.2469329111482644,0.21466200514454012,8.90177384911078,1.5630115726416645,0.6984577757863821,0.062415358370007765,0.012822780442023863,-0.60069597,21.82711,0.13370766369593975,0.8414418910626906,0.8693130621849428,15.0,0.9375
00-0033537,2022,6,170,99,1102.0,7,5.0,-23.89065204428563,1214.0,530.0,53.0,6.11014187999408,0.1568015097935062,20.0,106.0,0,Deshaun Watson,Derrick,Watson,QB,1995-09-14,2017,2017.0,1.0,12.0,Clemson,26.965092402464066,-1.3778053751988715,1.898347651926903,5,5.135798437050262,28.333333333333332,0.10526315789473684,-0.14053324731932723,-3.9817753407142717,0.5823529411764706,0.041176470588235294,0.029411764705882353,6.482352941176471,133.4439556447115,544.0,6.298949246855942,0.2453013890527785,2.6109761451612283,-157.33460768899715,-374.0,6.0,28.333333333333332,8.262364471909157,-3.9817752,7.435477799614616,-0.10364611237691417,0.304475725349297,6.658456017883158,1.7725534411713164,0.5744004481490578,0.049192665571975915,0.028414608503596266,-15.472528,7.915033,0.29161286371444084,1.8673775957052061,2.9376473305825126,1.0,0.16666666666666666
00-0033537,2023,6,171,105,1115.0,7,4.0,-18.950161800698037,1593.0,499.0,52.0,3.897314904238916,0.3016312596927817,17.0,85.0,0,Deshaun Watson,Derrick,Watson,QB,1995-09-14,2017,2017.0,1.0,12.0,Clemson,27.964407939767284,-0.3784898378956534,0.14325455739027798,6,5.14166355650266,28.5,0.09042553191489362,-0.1108196596532049,-3.1583603001163394,0.6140350877192983,0.04093567251461988,0.023391812865497075,6.52046783625731,-23.89065204428563,170.0,5.135798437050262,-0.14053324731932723,0.1568015097935062,4.940490243587593,1.0,6.0,28.5,12.144957801491119,-3.15836002,10.058916178183258,-0.2546101709765505,0.5362063071758688,5.75127107791915,2.6261891043746965,0.5569124305939722,0.036027875099883214,0.04814908722109534,-15.953177,12.508117,0.42613887022775854,3.1848542010683314,2.1059893448846285,2.0,0.3333333333333333
00-0033662,2022,8,162,94,1051.0,5,3.0,-9.40141764110182,1247.0,455.0,52.0,5.073308998810486,0.4156372615366917,7.0,49.0,0,Cooper Rush,Cooper,Rush,QB,1993-11-21,2017,,,,Central Michigan; Tarrant County JC,28.777549623545518,0.43465184588258055,0.18892222712913456,5,5.087596335232384,20.25,0.04142011834319527,-0.05803344222902358,-1.1751772051377276,0.5802469135802469,0.030864197530864196,0.018518518518518517,6.487654320987654,8.025694479129601,47.0,3.8501476017100584,0.17075945700275746,0.0363657262338586,-17.42711212023142,115.0,8.0,20.25,13.44565782272159,-1.175177275,5.93390831704434,-0.23323613968674572,0.5421815548510256,5.629577888666386,2.5704443190607686,0.5353779856485714,0.020613249072502043,0.009868421052631578,-8.382048,8.252576,0.6639831023566217,5.049372927198869,2.3246035351949215,4.0,0.5
00-0033869,2017,12,330,196,2193.0,7,7.0,-43.57509668966953,2571.0,987.0,100.0,11.243705552539296,0.3191911899254143,31.0,196.0,0,Mitchell Trubisky,Mitchell,Trubisky,QB,1994-08-20,2017,2017.0,1.0,2.0,North Carolina,23.033538672142367,-5.309359105520571,28.189294111374195,0,5.799092654460526,27.5,0.08587257617728532,-0.1320457475444531,-3.631258057472461,0.593939393939394,0.021212121212121213,0.021212121212121213,6.6454545454545455,,,,,,,,,,,,,,,,,,,,,,,,,,
00-0033869,2018,14,434,289,3223.0,24,12.0,49.83780859030131,3859.0,1404.0,151.0,12.01211480424424,2.015486995367767,24.0,143.0,4,Mitchell Trubisky,Mitchell,Trubisky,QB,1994-08-20,2017,2017.0,1.0,2.0,North Carolina,24.032854209445585,-4.310043568217353,18.57647555993177,1,6.073044534100405,31.0,0.05240174672489083,0.11483366034631638,3.5598434707358075,0.6658986175115207,0.055299539170506916,0.027649769585253458,7.426267281105991,-43.57509668966953,330.0,5.799092654460526,-0.1320457475444531,0.3191911899254143,93.41290527997083,104.0,15.0,31.8,7.203173903614593,3.730521993333333,10.002514602811855,0.13694958687014264,0.3469259390594171,7.524857347832266,2.6530573613358532,0.6672531249188822,0.05600606752153158,0.024944610102105358,-14.511609,23.282019,0.22651490262938972,2.681264075292131,2.533238303145644,8.0,0.5333333333333333
00-0033869,2019,15,516,326,3138.0,17,10.0,-36.07620487806042,4108.0,1403.0,156.0,13.022758402855136,0.6751361407964025,38.0,234.0,1,Mitchell Trubisky,Mitchell,Trubisky,QB,1994-08-20,2017,2017.0,1.0,2.0,North Carolina,25.032169746748803,-3.3107280309141345,10.960920094680581,2,6.246106765481563,34.4,0.06859205776173286,-0.06991512573267523,-2.405080325204028,0.6317829457364341,0.03294573643410853,0.01937984496124031,6.0813953488372094,49.83780859030131,434.0,6.073044534100405,0.11483366034631638,2.015486995367767,-85.91401346836173,82.0,15.0,34.4,12.965889314439089,-2.405080390666667,7.300329130538368,-0.056539980883569554,0.20997287982343743,5.9861659439883175,1.6302148239784453,0.6369584717732076,0.033765437169852586,0.016759848007637548,-14.581127,11.145416,0.37691538704764793,3.0353784259638745,3.713706240117518,4.0,0.26666666666666666
00-0033869,2020,10,297,199,2055.0,16,8.0,27.61277748692674,2325.0,1003.0,124.0,8.786635485505721,0.8966607824929134,18.0,125.0,1,Mitchell Trubisky,Mitchell,Trubisky,QB,1994-08-20,2017,2017.0,1.0,2.0,North Carolina,26.034223134839152,-2.308674642823785,5.329978606417532,3,5.6937321388027,29.7,0.05714285714285714,0.0929723147707971,2.761277748692674,0.67003367003367,0.05387205387205387,0.026936026936026935,6.91919191919192,-36.07620487806042,516.0,6.246106765481563,-0.06991512573267523,0.6751361407964025,63.68898236498716,-219.0,10.0,32.6,7.947046970765655,2.51227913,6.293951998694524,0.07860545016176404,0.19848142096845411,7.058338331470883,1.275097880537182,0.6687404489759194,0.052499936051836574,0.026036137775268208,-4.9347477,13.883746,0.24377444695600167,2.5052757567963893,2.525033831114693,6.0,0.6
00-0033869,2022,7,180,117,1252.0,4,5.0,7.730268376912257,1754.0,378.0,65.0,5.5151715258969,0.8298139355750473,11.0,68.0,1,Mitchell Trubisky,Mitchell,Trubisky,QB,1994-08-20,2017,2017.0,1.0,2.0,North Carolina,28.032854209445585,-0.31004356821735257,0.09612701419294815,5,5.19295685089021,25.714285714285715,0.05759162303664921,0.04294593542729031,1.1043240538446082,0.65,0.022222222222222223,0.027777777777777776,6.955555555555556,-1.6611338711809367,8.0,2.0794415416798357,-0.2076417338976171,-0.0256178714949432,9.391402248093193,172.0,7.0,25.714285714285715,10.20970593298824,1.1043239999999999,7.7411108086554945,0.09549828908013039,0.4575533854397486,7.494689192386561,2.4908206052593744,0.658359622833307,0.024755069491911596,0.029603729603729607,-6.63285,10.363566,0.3970441196162093,7.009818503134492,4.791220762665457,3.0,0.42857142857142855
00-0033869,2023,5,107,67,632.0,4,5.0,-19.649531939842504,983.0,274.0,36.0,3.2166248271766116,0.1087901080404956,7.0,42.0,1,Mitchell Trubisky,Mitchell,Trubisky,QB,1994-08-20,2017,2017.0,1.0,2.0,North Carolina,29.032169746748803,0.6892719690858655,0.4750958473675064,6,4.672828834461906,21.4,0.06140350877192982,-0.1836404854190888,-3.929906387968501,0.6261682242990654,0.037383177570093455,0.04672897196261682,5.906542056074766,7.730268376912257,180.0,5.19295685089021,0.04294593542729031,0.8298139355750473,-27.37980031675476,-73.0,5.0,21.4,11.260550608207398,-3.92990638,9.01638673477206,-0.12240009132383389,0.357868788384744,5.673972313563107,1.49502221395715,0.6253675963138878,0.03358205117795911,0.03792040487692662,-16.507744,8.028603,0.5261939536545513,2.2943006430529933,2.9237624295388036,1.0,0.2
00-0033873,2018,16,580,383,5097.0,50,12.0,222.7084038595028,5255.0,2613.0,237.0,16.27300851658316,3.3350499672744505,26.0,171.0,0,Patrick Mahomes,Patrick,Mahomes,QB,1995-09-17,2017,2017.0,1.0,10.0,Texas Tech,22.95687885010267,-5.386018927560269,29.009199888037465,1,6.363028103540465,36.25,0.0429042904290429,0.38398000665431514,13.919275241218925,0.6603448275862069,0.08620689655172414,0.020689655172413793,8.787931034482758,7.888877478114731,35.0,3.5553480614894135,0.2253964993747066,0.1320957266178032,214.81952638138807,545.0,18.0,36.22222222222222,7.408703590297622,12.741073338888889,7.009732734911174,0.37795741244169423,0.2470239537262828,8.894733876090568,1.6967990571951395,0.6535064305225646,0.08597050793655407,0.017791217074952688,-0.7167118,28.596642,0.20453476169533313,0.5501681489828448,0.6535761585688972,17.0,0.9444444444444444
00-0033873,2019,14,484,319,4031.0,26,5.0,137.69404057134255,4281.0,1947.0,176.0,16.149280770958363,2.3891393920525066,17.0,127.0,1,Patrick Mahomes,Patrick,Mahomes,QB,1995-09-17,2017,2017.0,1.0,10.0,Texas Tech,23.956194387405887,-4.3867033902570505,19.2431666340927,2,6.182084906716632,34.57142857142857,0.033932135728542916,0.284491819362278,9.835288612238754,0.6590909090909091,0.05371900826446281,0.010330578512396695,8.328512396694215,222.7084038595028,580.0,6.363028103540465,0.38398000665431514,3.3350499672744505,-85.01436328816024,-96.0,17.0,35.05882352941177,8.583928210872443,10.249462511764706,9.241356704434756,0.2880652291012379,0.2424669745772176,8.160864192137012,1.597811184236735,0.6648244066632385,0.06185391117603861,0.011873661229197563,-2.140624,25.752728,0.24484358990743543,0.9016430562897507,0.8417085787608362,15.0,0.8823529411764706
00-0033873,2020,15,588,390,4740.0,38,6.0,182.87040399905007,4917.0,2241.0,238.0,15.267915447112712,2.657670153083185,22.0,147.0,3,Patrick Mahomes,Patrick,Mahomes,QB,1995-09-17,2017,2017.0,1.0,10.0,Texas Tech,24.958247775496236,-3.384650002166701,11.455855637167051,3,6.376726947898627,39.2,0.036065573770491806,0.3110040884337586,12.191360266603338,0.6632653061224489,0.06462585034013606,0.01020408163265306,8.061224489795919,137.69404057134255,484.0,6.182084906716632,0.284491819362278,2.3891393920525066,45.176363427707514,104.0,18.0,39.166666666666664,8.19074082694097,11.178766805555556,11.213592196501397,0.2981253411414613,0.2690471192499535,8.039321352702453,1.562965949745653,0.6682193274018481,0.060356320872225803,0.010958718308402369,-14.088996,31.37785,0.20912529770913119,1.0031153159871384,0.9024630989765138,16.0,0.8888888888888888
00-0033873,2021,17,658,436,4839.0,37,13.0,139.73444912621196,4829.0,2699.0,260.0,17.98432325121572,2.6801821786057025,28.0,146.0,1,Patrick Mahomes,Patrick,Mahomes,QB,1995-09-17,2017,2017.0,1.0,10.0,Texas Tech,25.95756331279945,-2.3853344648634867,5.6898205092655765,4,6.489204931325317,38.705882352941174,0.04081632653061224,0.21236238469029173,8.219673478012467,0.662613981762918,0.05623100303951368,0.019756838905775075,7.354103343465046,182.87040399905007,588.0,6.376726947898627,0.3110040884337586,2.657670153083185,-43.13595487283811,70.0,20.0,39.0,8.045920836378095,8.686808085,11.74604416603884,0.2408819770478162,0.3262327466659124,7.714469290426297,1.9102734780646116,0.6793378138504076,0.0632738573545883,0.019987519602532144,-9.874957,24.89288,0.2063056624712332,1.3521703312775375,1.3543260922387468,14.0,0.7
00-0033873,2022,17,648,435,5250.0,41,12.0,191.97220477679903,4715.0,2830.0,272.0,19.204404193233483,2.973218235264926,26.0,188.0,2,Patrick Mahomes,Patrick,Mahomes,QB,1995-09-17,2017,2017.0,1.0,10.0,Texas Tech,26.95687885010267,-1.3860189275602686,1.921048467555317,5,6.473890696352274,38.11764705882353,0.03857566765578635,0.2962534024333318,11.292482633929355,0.6712962962962963,0.06327160493827161,0.018518518518518517,8.101851851851851,139.73444912621196,658.0,6.489204931325317,0.21236238469029173,2.6801821786057025,52.237755650587076,-10.0,20.0,37.4,9.218973569991972,11.072458565,8.74080064693001,0.3080844731224363,0.24375085843886682,8.019504097955352,1.412987282029554,0.6783030350511833,0.06650748213859221,0.014866757513816336,1.0105886,33.188526,0.24649661951850194,0.7894182304334512,0.7911818988099326,20.0,1.0
00-0033873,2023,16,597,401,4183.0,27,14.0,50.961515690338,3873.0,2555.0,206.0,18.826962129917064,1.9057311672888373,27.0,186.0,0,Patrick Mahomes,Patrick,Mahomes,QB,1995-09-17,2017,2017.0,1.0,10.0,Texas Tech,27.956194387405887,-0.38670339025705047,0.14953951203629667,6,6.391917113392602,37.3125,0.04326923076923077,0.08536267284813735,3.185094730646125,0.6716917922948074,0.04522613065326633,0.023450586264656615,7.006700167504188,191.97220477679903,648.0,6.473890696352274,0.2962534024333318,2.973218235264926,-141.01068908646104,-51.0,20.0,37.3,6.027131638638207,4.3469051774,9.972817143407466,0.1306424372808102,0.2748410158365578,7.103020128170984,1.4427655184586772,0.6792643357958253,0.04553071760842152,0.019673707719657,-14.331735,22.319954,0.16158529862300824,2.2942338828224624,2.1037652202231887,14.0,0.7
00-0033899,2017,15,476,255,2894.0,11,22.0,-112.86885245741786,4272.0,1440.0,130.0,10.830678149546772,0.4450878022141549,38.0,226.0,0,DeShone Kizer,DeShone,Kizer,QB,1996-01-03,2017,2017.0,2.0,52.0,Notre Dame,21.661875427789184,-6.6810223498737535,44.63605963951261,0,6.16541785423142,31.733333333333334,0.07392996108949416,-0.2371194379357518,-7.524590163827857,0.5357142857142857,0.023109243697478993,0.046218487394957986,6.079831932773109,,,,,,,,,,,,,,,,,,,,,,,,,,
00-0033936,2017,6,224,123,1430.0,4,6.0,-41.109857998889055,1625.0,654.0,66.0,5.703549664036714,0.3296230767090361,19.0,141.0,0,C.J. Beathard,Casey,Beathard,QB,1993-11-16,2017,2017.0,3.0,104.0,Iowa,23.79192334017796,-4.550974437484978,20.71136833064171,0,5.4116460518550396,37.333333333333336,0.07818930041152264,-0.1835261517807547,-6.8516429998148425,0.5491071428571429,0.017857142857142856,0.026785714285714284,6.383928571428571,,,,,,,,,,,,,,,,,,,,,,,,,,
00-0033936,2018,5,169,102,1252.0,8,7.0,-24.281466675058148,1115.0,728.0,60.0,5.6835821343833395,0.2210953130885586,18.0,156.0,0,C.J. Beathard,Casey,Beathard,QB,1993-11-16,2017,2017.0,3.0,104.0,Iowa,24.791238877481177,-3.55165890018176,12.61428094324031,1,5.1298987149230735,33.8,0.0962566844919786,-0.14367731760389438,-4.85629333501163,0.6035502958579881,0.047337278106508875,0.04142011834319527,7.408284023668639,-41.109857998889055,224.0,5.4116460518550396,-0.1835261517807547,0.3296230767090361,16.828391323830907,-55.0,5.0,33.8,12.397580409095962,-4.85629328,11.867184521053083,-0.14686125542878284,0.4615201643903471,7.650240302414216,1.8141711630016624,0.60049179614397,0.05015978711630885,0.04172868520694607,-23.402594,9.623563,0.36679231979573856,2.4436713017161686,3.142559029901193,1.0,0.2
00-0033936,2020,6,104,66,787.0,6,0.0,10.16519843427736,851.0,344.0,42.0,5.111201427194872,0.6486443185994646,9.0,71.0,0,C.J. Beathard,Casey,Beathard,QB,1993-11-16,2017,2017.0,3.0,104.0,Iowa,26.792607802874745,-1.5502899747881926,2.403399005928775,3,4.6443908991413725,17.333333333333332,0.07964601769911504,0.0977422926372823,1.6941997390462264,0.6346153846153846,0.057692307692307696,0.0,7.5673076923076925,-24.281466675058148,169.0,5.1298987149230735,-0.14367731760389438,0.2210953130885586,34.446665109335505,-65.0,6.0,17.333333333333332,12.53262409340784,1.6941996833333335,5.471676883013334,-0.016720466414911133,0.6568208902504914,7.070366675629834,4.626979028513463,0.5362854310222731,0.0603005603005603,0.0,-7.880295,6.657749,0.7230360053889139,3.229652877899153,39.28245025896799,4.0,0.6666666666666666
00-0033949,2023,13,417,262,2464.0,13,10.0,-80.74965717074797,3320.0,1003.0,126.0,10.019750557365622,0.8529584814598875,30.0,217.0,1,Joshua Dobbs,Robert,Dobbs,QB,1995-01-26,2017,2017.0,4.0,135.0,Tennessee,28.5968514715948,0.2539536939318623,0.06449247866163799,6,6.0330862217988015,32.07692307692308,0.06711409395973154,-0.19364426180035482,-6.211512090057536,0.6282973621103117,0.03117505995203837,0.023980815347721823,5.908872901678657,-8.974636538833105,68.0,4.219507705176107,-0.13197994910048683,0.0996673520766153,-71.77502063191486,349.0,13.0,32.07692307692308,5.794559782841408,-6.211512115384616,10.430184937633436,-0.19332569807882155,0.3342158991575204,5.904536519183594,1.6440202028859277,0.6302052485086842,0.031060775797435214,0.02286109984280716,-23.790539,8.314626,0.1806457486257513,1.6791700223525365,1.728771200511874,5.0,0.38461538461538464
00-0034343,2018,14,393,217,2278.0,11,14.0,-151.68571166350517,3262.0,977.0,112.0,10.472514143714456,-0.0483928836551468,45.0,320.0,1,Josh Rosen,Joshua,Rosen,QB,1997-02-10,2018,2018.0,1.0,10.0,UCLA,21.555099247091032,-6.787798530571905,46.074208891634115,0,5.973809611869261,28.071428571428573,0.10273972602739725,-0.3859687319682065,-10.83469369025037,0.5521628498727735,0.027989821882951654,0.035623409669211195,5.796437659033079,,,,,,,,14.0,28.071428571428573,9.84857885659172,-10.834693668571429,11.086006108551194,-0.37578350726447907,0.343691839779252,5.788204056767429,1.0489459975006583,0.5473449844532466,0.029311602283738504,0.042589374952664176,-38.89661,4.4645195,0.3508399592678984,1.0231951587804236,0.914600649403592,1.0,0.07142857142857142
00-0034343,2019,5,109,58,567.0,1,5.0,-49.46513307753881,899.0,319.0,26.0,3.658176721374877,-0.1114539384828102,16.0,93.0,0,Josh Rosen,Joshua,Rosen,QB,1997-02-10,2018,2018.0,1.0,10.0,UCLA,22.55441478439425,-5.788482993268687,33.50653536336082,1,4.6913478822291435,21.8,0.128,-0.45380856034439276,-9.893026615507761,0.5321100917431193,0.009174311926605505,0.045871559633027525,5.201834862385321,-151.68571166350517,393.0,5.973809611869261,-0.3859687319682065,-0.0483928836551468,102.22057858596636,-284.0,5.0,21.8,13.026895255585652,-9.89302646,6.320845229387935,-0.7624600303888889,0.7825077167627698,4.616752136752137,2.1996810911181064,0.4984188034188034,0.008333333333333333,0.10211111111111111,-20.292883,-3.7953293,0.5975640025498006,0.6389192685316981,1.0262934259828094,0.0,0.0
00-0034401,2021,4,132,88,953.0,5,8.0,2.940178521830399,781.0,566.0,49.0,5.1654869161481125,0.4150567100805549,4.0,18.0,0,Mike White,Michael,White,QB,1995-03-25,2018,2018.0,5.0,171.0,Western Kentucky; University of South Florida,26.439425051334702,-1.9034727263282356,3.623208419875446,3,4.882801922586371,33.0,0.029411764705882353,0.022274079710836354,0.7350446304575997,0.6666666666666666,0.03787878787878788,0.06060606060606061,7.21969696969697,,,,,,,,4.0,33.0,15.811388300841896,0.7350446575000005,9.44882413550885,0.12325739003077651,0.35983417434800286,7.4133522727272725,1.6477362525878614,0.657260101010101,0.0472064393939394,0.04946338383838384,-12.202814,8.991357,0.4791329788133908,12.854762005407602,2.9193720089169077,2.0,0.5
00-0034401,2022,4,175,103,1192.0,3,4.0,-7.627866973863519,1303.0,568.0,56.0,4.250796003810265,0.2561724384163461,9.0,76.0,0,Mike White,Michael,White,QB,1995-03-25,2018,2018.0,5.0,171.0,Western Kentucky; University of South Florida,27.43874058863792,-0.9041571890250175,0.8175002224656213,4,5.1647859739235145,43.75,0.04891304347826087,-0.04358781127922011,-1.9069667434658797,0.5885714285714285,0.017142857142857144,0.022857142857142857,6.811428571428571,2.940178521830399,132.0,4.882801922586371,0.022274079710836354,0.4150567100805549,-10.568045495693918,43.0,4.0,43.75,11.954775893619532,-1.906966475,15.4532908474141,0.02849704425633004,0.4384695598847187,7.257996151445808,2.7127722779727503,0.6108025746183641,0.026785714285714284,0.019641495041952707,-18.90303,17.472248,0.2732520204255893,8.103598594943366,15.386492575886061,2.0,0.5
00-0034577,2019,13,489,303,3322.0,17,16.0,-28.13840235345554,3989.0,1647.0,188.0,11.340507089863875,0.9330639444783054,46.0,397.0,0,Kyle Allen,Kyle,Allen,QB,1996-03-08,2018,,,,Houston; Texas A&M,23.482546201232033,-4.860351576430904,23.62301744651438,1,6.192362489474872,37.61538461538461,0.08598130841121496,-0.05754274509909108,-2.1644924887273493,0.6196319018404908,0.034764826175869123,0.032719836400818,6.793456032719837,13.093619223171949,31.0,3.4339872044851463,0.422374813650708,0.2273591725316441,-41.23202157662749,458.0,13.0,37.61538461538461,6.825667995862644,-2.1644925384615386,12.283214388531473,-0.030680694824942702,0.34138943794041654,6.877002291164708,1.252983270716799,0.6209637684312711,0.03930979870313478,0.029512883760306634,-31.149303,13.6543865,0.18145947637262655,5.674870284959283,11.127174266694727,7.0,0.5384615384615384
00-0034771,2019,10,283,176,1765.0,13,9.0,-17.355913882120916,2286.0,934.0,80.0,9.431347635614989,0.7394021713493237,15.0,124.0,0,Mason Rudolph,Brett,Rudolph,QB,1995-07-17,2018,2018.0,3.0,76.0,Oklahoma State,24.125941136208077,-4.2169566414548605,17.782723315910257,1,5.645446897643238,28.3,0.050335570469798654,-0.061328317604667545,-1.7355913882120917,0.6219081272084805,0.045936395759717315,0.03180212014134275,6.236749116607774,,,,,,,,10.0,28.3,9.557428756964105,-1.7355914609999998,11.384117149080215,-0.035579776453765734,0.3337811710751805,6.265076611984506,0.9165448886509949,0.625732766259082,0.048393584972532336,0.02994269132427027,-29.076826,15.115513,0.337718330634774,6.559214771960794,9.381204840027976,5.0,0.5
00-0034796,2018,16,170,99,1201.0,6,3.0,-7.153491226755776,1475.0,510.0,60.0,10.050947144317949,0.534764372872354,16.0,71.0,0,Lamar Jackson,Lamar,Jackson,QB,1997-01-07,2018,2018.0,1.0,32.0,Louisville,21.648186173853524,-6.694711603809413,44.819163458180405,0,5.135798437050262,10.625,0.08602150537634409,-0.04207936015738692,-0.447093201672236,0.5823529411764706,0.03529411764705882,0.01764705882352941,7.064705882352941,,,,,,,,13.0,15.307692307692308,10.919284281983378,-0.9671055490769229,4.785900277398853,-0.018166118522723065,0.5006054396575353,6.800652749759512,2.7864922589357315,0.5867344550817288,0.03701781976144795,0.012854949043696775,-13.105216,6.658533,0.7133200787225322,4.948684538070194,27.557094215330242,5.0,0.38461538461538464
00-0034796,2019,15,401,265,3127.0,36,6.0,144.94965229671612,3545.0,1360.0,161.0,14.17822976888232,3.223771411134516,23.0,106.0,0,Lamar Jackson,Lamar,Jackson,QB,1997-01-07,2018,2018.0,1.0,32.0,Louisville,22.647501711156742,-5.695396066506195,32.43753635437424,1,5.993961427306569,26.733333333333334,0.054245283018867926,0.3614704546052771,9.663310153114407,0.6608478802992519,0.08977556109725686,0.014962593516209476,7.798004987531172,-7.153491226755776,170.0,5.135798437050262,-0.04207936015738692,0.534764372872354,152.10314352347189,231.0,16.0,28.75,10.773424092026948,8.33651831,11.859305003496214,0.4029659629356051,0.5542184599324343,8.02674668873878,2.923505540708838,0.6645228291967237,0.09745075381035401,0.014991543227460475,-11.565358,29.052437,0.37472779450528515,1.4225728970415004,1.3753480713233335,12.0,0.75
00-0034796,2020,15,376,242,2757.0,26,9.0,56.29545503721202,3248.0,1159.0,138.0,13.826845219709837,2.1160954003580117,29.0,160.0,1,Lamar Jackson,Lamar,Jackson,QB,1997-01-07,2018,2018.0,1.0,32.0,Louisville,23.64955509924709,-4.693342678415846,22.027465497039625,2,5.929589143389895,25.066666666666666,0.07160493827160494,0.14972195488620219,3.753030335814135,0.6436170212765957,0.06914893617021277,0.023936170212765957,7.332446808510638,144.94965229671612,401.0,5.993961427306569,0.3614704546052771,3.223771411134516,-88.6541972595041,-25.0,17.0,24.941176470588236,5.43680269362534,2.6778050411764704,9.05024692886382,0.13065509044653525,0.3757671917689904,7.4657702403723425,1.9617639852857887,0.6510403414149205,0.06499229213881404,0.02665506665625983,-14.926028,15.386891,0.21798501365950657,3.3797258537117667,2.8760241218673093,12.0,0.7058823529411765
00-0034796,2021,12,382,246,2882.0,16,13.0,19.171700874048643,3534.0,1150.0,135.0,10.95996058542516,0.9876105699776966,38.0,190.0,2,Lamar Jackson,Lamar,Jackson,QB,1997-01-07,2018,2018.0,1.0,32.0,Louisville,24.648870636550306,-3.694027141112631,13.645836519276758,3,5.945420608606575,31.833333333333332,0.09047619047619047,0.05018769862316399,1.5976417395040536,0.643979057591623,0.041884816753926704,0.034031413612565446,7.544502617801047,56.29545503721202,376.0,5.929589143389895,0.14972195488620219,2.1160954003580117,-37.12375416316338,6.0,12.0,31.833333333333332,10.54715242339961,1.5976418875,11.161312746659215,0.0031610915491645055,0.30986380725435725,7.320466671033305,1.8639807255911047,0.6661844841663805,0.037341824449414994,0.03394321202488946,-10.955327,30.368288,0.33132415989736996,6.986116747429868,30.986380725435723,6.0,0.5
00-0034796,2022,12,326,203,2242.0,17,7.0,9.427335525684676,2754.0,974.0,105.0,10.61703309576901,1.0261359898822842,26.0,114.0,1,Lamar Jackson,Lamar,Jackson,QB,1997-01-07,2018,2018.0,1.0,32.0,Louisville,25.648186173853524,-2.694711603809413,7.261470627705099,4,5.786897381366708,27.166666666666668,0.07386363636363637,0.02891820713400207,0.7856112938070563,0.6226993865030674,0.05214723926380368,0.02147239263803681,6.877300613496932,19.171700874048643,382.0,5.945420608606575,0.05018769862316399,0.9876105699776966,-9.744365348363967,-56.0,12.0,27.166666666666668,9.183318209303941,0.7856112166666666,7.70210486352329,-0.08469668874484981,0.5141741005522414,6.614810136299474,1.955976563008575,0.6268252511503419,0.04730818278061926,0.019132053291536052,-9.215596,17.830528,0.33803625310321256,9.803964989455183,6.070769804250547,6.0,0.5
00-0034796,2023,16,457,307,3678.0,24,7.0,58.018588350006326,3840.0,1749.0,167.0,17.11935683093401,2.1462981965408594,37.0,218.0,1,Lamar Jackson,Lamar,Jackson,QB,1997-01-07,2018,2018.0,1.0,32.0,Louisville,26.647501711156742,-1.695396066506195,2.874367822324678,5,6.124683390894205,28.5625,0.07489878542510121,0.1269553355580007,3.6261617718753953,0.6717724288840262,0.0525164113785558,0.015317286652078774,8.048140043763675,9.427335525684676,326.0,5.786897381366708,0.02891820713400207,1.0261359898822842,48.59125282432165,131.0,18.0,28.666666666666668,6.659800385632484,3.1603835944444443,11.226392428706868,0.13392480221066153,0.4456766137742361,8.202399196766143,2.5643577360940832,0.6776060600626761,0.05686724219312589,0.015778316535993084,-13.225237,28.995928,0.23231861810345872,3.5522246250238263,3.3278123724475925,9.0,0.5
00-0034855,2018,14,486,310,3725.0,27,14.0,37.93704157179606,4515.0,1696.0,171.0,12.11410626987298,1.7734214341222403,25.0,173.0,1,Baker Mayfield,Baker,Mayfield,QB,1995-04-14,2018,2018.0,1.0,1.0,Oklahoma; Texas Tech,23.38398357289528,-4.958914204767659,24.590830090246463,0,6.186208623900494,34.714285714285715,0.04892367906066536,0.07805975632056802,2.7097886836997183,0.6378600823045267,0.05555555555555555,0.02880658436213992,7.6646090534979425,,,,,,,,14.0,34.714285714285715,8.870249076622295,2.7097886357142857,11.82558278272146,0.151747956750307,0.4037128636255008,7.923071530189228,1.9121254124731848,0.6586002326571545,0.060382561398258226,0.024325424430028487,-23.239529,22.392036,0.25552157833891387,4.3640240522317715,2.66041713029315,7.0,0.5
00-0034855,2019,16,535,318,3883.0,23,21.0,-4.968611077899089,4539.0,1858.0,180.0,14.436343190563685,1.192361698548924,40.0,285.0,1,Baker Mayfield,Baker,Mayfield,QB,1995-04-14,2018,2018.0,1.0,1.0,Oklahoma; Texas Tech,24.383299110198493,-3.9595986674644443,15.678421607386204,1,6.282266746896006,33.4375,0.06956521739130435,-0.009287123510091755,-0.31053819236869307,0.594392523364486,0.04299065420560748,0.03925233644859813,7.257943925233645,37.93704157179606,486.0,6.186208623900494,0.07805975632056802,1.7734214341222403,-42.90565264969515,49.0,16.0,33.4375,5.95503988231817,-0.31053821249999985,10.405792752840776,-0.03463176736551188,0.36600663719848336,7.294410217820839,1.9230658926581814,0.5819309159635876,0.042100550467056824,0.0425634160494077,-23.26943,15.834906,0.17809465068615088,33.508896277429244,10.56852320979067,9.0,0.5625
00-0034855,2020,16,486,305,3563.0,26,8.0,87.74814140734111,4135.0,1361.0,188.0,14.340236417684222,2.481407054584217,26.0,162.0,1,Baker Mayfield,Baker,Mayfield,QB,1995-04-14,2018,2018.0,1.0,1.0,Oklahoma; Texas Tech,25.385352498288842,-2.957545279374095,8.747074079547994,2,6.186208623900494,30.375,0.05078125,0.18055173129082533,5.484258837958819,0.6275720164609053,0.053497942386831275,0.01646090534979424,7.3312757201646095,-4.968611077899089,535.0,6.282266746896006,-0.009287123510091755,1.192361698548924,92.71675248524019,-49.0,18.0,30.944444444444443,9.251214370030642,5.75802109,11.04078388638316,0.18087270286345403,0.3895258704350133,7.376637230869954,1.845692165396899,0.6303796790555595,0.05566288678286471,0.017683464453430536,-13.481387,24.863516,0.29896204427388073,1.9174615225980634,2.1535912510196606,13.0,0.7222222222222222
00-0034855,2021,14,418,253,3010.0,17,13.0,-6.556413046271427,3659.0,1383.0,143.0,12.04733376147512,1.0660672421428623,43.0,269.0,2,Baker Mayfield,Baker,Mayfield,QB,1995-04-14,2018,2018.0,1.0,1.0,Oklahoma; Texas Tech,26.38466803559206,-1.958229742070877,3.8346637227309732,3,6.035481432524756,29.857142857142858,0.09327548806941431,-0.015685198675290495,-0.4683152175908162,0.6052631578947368,0.04066985645933014,0.03110047846889952,7.2009569377990434,87.74814140734111,486.0,6.186208623900494,0.18055173129082533,2.481407054584217,-94.30455445361254,-68.0,14.0,29.857142857142858,5.68205194324324,-0.46831517857142846,7.936438573245335,0.007668287372571854,0.28309765846703405,7.35431611197931,2.3815257236383673,0.6179130946566517,0.042061410469395114,0.030758919569037535,-15.7457695,10.770013,0.19030795982154394,16.946789120641007,28.309765846703403,5.0,0.35714285714285715
00-0034855,2022,12,335,201,2163.0,10,8.0,-50.34169718310751,2276.0,1127.0,94.0,12.80683213212994,0.3432665087824031,36.0,217.0,0,Baker Mayfield,Baker,Mayfield,QB,1995-04-14,2018,2018.0,1.0,1.0,Oklahoma; Texas Tech,27.38398357289528,-0.9589142047676589,0.9195164521051916,4,5.814130531825066,27.916666666666668,0.09703504043126684,-0.1502737229346493,-4.195141431925626,0.6,0.029850746268656716,0.023880597014925373,6.456716417910448,-6.556413046271427,418.0,6.035481432524756,-0.015685198675290495,1.0660672421428623,-43.78528413683608,-83.0,12.0,27.916666666666668,6.111960455210799,-4.19514145,9.354322082801135,-0.13855566834533767,0.3653816502857956,6.52584876948912,1.1959944507305575,0.5995393118230384,0.03224305175454601,0.022254751421418088,-14.267775,13.938192,0.21893589690307338,2.2297989696631406,2.637074719852777,3.0,0.25
00-0034855,2023,17,566,364,4044.0,28,10.0,50.66617850090984,4844.0,1927.0,188.0,14.947742176426251,1.8159550003560752,40.0,232.0,2,Baker Mayfield,Baker,Mayfield,QB,1995-04-14,2018,2018.0,1.0,1.0,Oklahoma; Texas Tech,28.383299110198493,0.04040133253555567,0.001632267670648549,5,6.338594078203183,33.294117647058826,0.066006600660066,0.0895162164327029,2.9803634412299904,0.6431095406360424,0.04946996466431095,0.0176678445229682,7.144876325088339,-50.34169718310751,335.0,5.814130531825066,-0.1502737229346493,0.3432665087824031,101.00787568401735,231.0,19.0,33.8421052631579,5.500132906421816,3.5263473884210526,8.851802343811892,0.11645458953638113,0.2800225022731036,7.439943837690823,2.2808537478455633,0.6409486972768778,0.05465754420273333,0.018736535370759175,-9.188732,23.4666,0.16252336737482814,2.510190111410252,2.4045639024439036,13.0,0.6842105263157895
00-0034857,2018,12,319,168,2044.0,10,12.0,-40.56535742536212,3509.0,913.0,88.0,7.912388818404372,0.5488641682280593,28.0,213.0,1,Josh Allen,Joshua,Allen,QB,1996-05-21,2018,2018.0,1.0,7.0,Wyoming; Reedley,22.28062970568104,-6.062268071981897,36.75109417657111,0,5.765191102784844,26.583333333333332,0.08069164265129683,-0.12716412986006936,-3.3804464521135102,0.5266457680250783,0.03134796238244514,0.03761755485893417,6.407523510971787,,,,,,,,12.0,26.583333333333332,8.371578903249574,-3.3804464000000003,6.940365643283501,-0.11872810951991676,0.2596588240454292,6.440949500385263,1.6910880051319919,0.5267188299322021,0.03068154856304728,0.031595106831788476,-17.663813,6.2445054,0.3149183286488868,2.0530914625013725,2.1870037777521523,4.0,0.3333333333333333
00-0034857,2019,16,461,271,3089.0,20,9.0,-14.157731519956316,4262.0,1340.0,146.0,12.032474863858624,1.2879287351255515,38.0,237.0,2,Josh Allen,Joshua,Allen,QB,1996-05-21,2018,2018.0,1.0,7.0,Wyoming; Reedley,23.279945242984258,-5.062952534678679,25.633488368409264,1,6.133398042996649,28.8125,0.07615230460921844,-0.03071091435999201,-0.8848582199972698,0.5878524945770065,0.04338394793926247,0.019522776572668113,6.700650759219089,-40.56535742536212,319.0,5.765191102784844,-0.12716412986006936,0.5488641682280593,26.40762590540581,142.0,17.0,29.823529411764707,9.41564717715707,-0.9744354541176473,9.143271575601343,-0.044909391568108505,0.3630677563302435,6.494656101823864,2.0162065930518875,0.590125392414794,0.04067791791840235,0.017660275822040526,-22.218468,12.1091795,0.31571203552597665,9.383147479871397,8.084450571538554,7.0,0.4117647058823529
00-0034857,2020,16,572,396,4544.0,37,10.0,169.85448324955723,4857.0,1871.0,228.0,15.86662969639334,2.9455342467594643,26.0,159.0,0,Josh Allen,Joshua,Allen,QB,1996-05-21,2018,2018.0,1.0,7.0,Wyoming; Reedley,24.281998631074607,-4.06089914658833,16.490901878761825,2,6.349138991379798,35.75,0.043478260869565216,0.29694839728943573,10.615905203097327,0.6923076923076923,0.06468531468531469,0.017482517482517484,7.944055944055944,-14.157731519956316,461.0,6.133398042996649,-0.03071091435999201,1.2879287351255515,184.01221476951355,111.0,19.0,36.421052631578945,8.34875765524218,9.001198256315789,10.590661330482593,0.24759040743942043,0.28879856398437304,7.83995329911878,1.9935159337075223,0.683816494254923,0.06187072837532041,0.01780253953603166,-7.7577515,28.711475,0.22922889515838357,1.1765834979861198,1.1664368057354373,14.0,0.7368421052631579
00-0034857,2021,17,646,409,4407.0,36,15.0,80.83385779358214,5295.0,1734.0,234.0,14.682545592565798,2.229759597806658,26.0,164.0,1,Josh Allen,Joshua,Allen,QB,1996-05-21,2018,2018.0,1.0,7.0,Wyoming; Reedley,25.281314168377822,-3.0615836092851154,9.373294196643274,3,6.470799503782602,38.0,0.03869047619047619,0.12512981082597854,4.754932811387185,0.6331269349845201,0.05572755417956656,0.02321981424148607,6.821981424148607,169.85448324955723,572.0,6.349138991379798,0.29694839728943573,2.9455342467594643,-89.0206254559751,74.0,19.0,37.26315789473684,9.379896382175598,6.365746915789474,10.753844848969313,0.19694098922895784,0.33438466989700777,7.439133762515897,2.6383833129463423,0.6445921439464776,0.06911336064025396,0.02395088230342825,-8.697118,22.969223,0.25172038313748074,1.6893296248230805,1.6978927099236916,12.0,0.631578947368421
00-0034857,2022,16,567,359,4283.0,35,14.0,100.66942584986512,5229.0,1588.0,212.0,13.43917033603296,2.159936884024283,33.0,162.0,1,Josh Allen,Joshua,Allen,QB,1996-05-21,2018,2018.0,1.0,7.0,Wyoming; Reedley,26.28062970568104,-2.0622680719818973,4.252949600715932,4,6.340359303727752,35.4375,0.055,0.17754748827136704,6.29183911561657,0.6331569664902998,0.06172839506172839,0.024691358024691357,7.553791887125221,80.83385779358214,646.0,6.470799503782602,0.12512981082597854,2.229759597806658,19.83556805628298,-79.0,18.0,36.0,8.96398020839351,4.839150882777778,9.604351441616966,0.1412002159886825,0.2860301733232847,7.65318263891554,1.923346867672886,0.6254732662736069,0.061209375704370066,0.028776076054733955,-12.699219,24.854641,0.24899945023315306,1.9847183264729822,2.025706344147594,13.0,0.7222222222222222
00-0034857,2023,17,579,385,4306.0,29,18.0,90.5337982197074,5022.0,1973.0,199.0,15.45478745833786,2.502915588839499,24.0,152.0,3,Josh Allen,Joshua,Allen,QB,1996-05-21,2018,2018.0,1.0,7.0,Wyoming; Reedley,27.279945242984258,-1.0629525346786792,1.1298680909798289,5,6.361302477572996,34.05882352941177,0.03980099502487562,0.15636234580260347,5.32551754233573,0.6649395509499136,0.05008635578583765,0.031088082901554404,7.436960276338515,100.66942584986512,567.0,6.340359303727752,0.17754748827136704,2.159936884024283,-10.135627630157714,12.0,19.0,34.10526315789474,8.562805464735291,5.263197178947368,7.090266393460628,0.1619505907176171,0.2526121655730959,7.394753944188228,2.059408732355178,0.6627104033355599,0.05401470191307524,0.02755971064138835,-5.041388,22.197313,0.2510699133178557,1.3471405597003818,1.5598100905575552,14.0,0.7368421052631579
00-0034869,2018,13,414,239,2865.0,17,15.0,-13.170609732253542,3832.0,1278.0,130.0,10.496121224966233,0.9104552663202056,30.0,204.0,0,Sam Darnold,Sam,Darnold,QB,1997-06-05,2018,2018.0,1.0,3.0,USC,21.240246406570844,-7.102651371092094,50.4476564992764,0,6.025865973825314,31.846153846153847,0.06756756756756757,-0.031813066986119666,-1.0131238255579649,0.5772946859903382,0.04106280193236715,0.036231884057971016,6.920289855072464,,,,,,,,13.0,31.846153846153847,7.03380117535028,-1.0131238999999999,12.90792480746553,0.0070897135061798,0.3677023657523948,7.059416431328319,1.842197702460766,0.5839575243726285,0.04541347851040415,0.03502791414641563,-27.9814,20.112297,0.22086815284916336,12.740716912773978,36.77023657523948,7.0,0.5384615384615384
00-0034869,2019,13,441,273,3024.0,19,13.0,-17.474234289881963,3755.0,1466.0,147.0,11.134792339477466,1.227048158785196,33.0,212.0,3,Sam Darnold,Sam,Darnold,QB,1997-06-05,2018,2018.0,1.0,3.0,USC,22.239561943874058,-6.103335833788879,37.2507083000114,1,6.089044875446846,33.92307692307692,0.06962025316455696,-0.03962411403601352,-1.3441718684524586,0.6190476190476191,0.04308390022675737,0.02947845804988662,6.857142857142857,-13.170609732253542,414.0,6.025865973825314,-0.031813066986119666,0.9104552663202056,-4.303624557628421,27.0,13.0,33.92307692307692,5.96463939202724,-1.3441718692307691,12.340905822517144,-0.03400991251250367,0.3892184154177255,7.046533407539749,2.3884734785022936,0.6192091349091413,0.04608653783946532,0.030925378040762657,-31.661474,15.295621,0.17582837210057625,9.181047531949533,11.444263941420909,7.0,0.5384615384615384
00-0034869,2020,12,364,217,2208.0,9,11.0,-76.96315407624826,2794.0,1155.0,109.0,10.269100550502005,0.3607160628536023,35.0,234.0,1,Sam Darnold,Sam,Darnold,QB,1997-06-05,2018,2018.0,1.0,3.0,USC,23.241615331964407,-5.10128244569853,26.023082590791976,2,5.8971538676367405,30.333333333333332,0.08771929824561403,-0.2114372364732095,-6.4135961730206885,0.5961538461538461,0.024725274725274724,0.03021978021978022,6.065934065934066,-17.474234289881963,441.0,6.089044875446846,-0.03962411403601352,1.227048158785196,-59.488919786366296,-77.0,12.0,30.333333333333332,5.365433699886599,-6.4135962517500005,7.327366401373872,-0.22284006668965062,0.25708385384319626,6.09054169721388,1.1451638521735967,0.5948094054519776,0.025452544846105003,0.03294600754400266,-22.881012,3.6488407,0.17688242966659118,1.142473912257034,1.1536697940466738,2.0,0.16666666666666666
00-0034869,2021,12,406,243,2527.0,9,13.0,-77.7665797189775,2932.0,1385.0,123.0,11.064192520369524,0.4821363206655963,35.0,204.0,1,Sam Darnold,Sam,Darnold,QB,1997-06-05,2018,2018.0,1.0,3.0,USC,24.240930869267626,-4.101966908395312,16.826132517570194,3,6.0063531596017325,33.833333333333336,0.07936507936507936,-0.1915432998004372,-6.480548309914791,0.5985221674876847,0.022167487684729065,0.03201970443349754,6.224137931034483,-76.96315407624826,364.0,5.8971538676367405,-0.2114372364732095,0.3607160628536023,-0.8034256427292377,42.0,12.0,33.833333333333336,6.132378054724009,-6.48054835,11.76890666210451,-0.2036123093018424,0.3561218969204483,6.1487719853631555,1.5523547655698626,0.5979042730565469,0.019293448112446827,0.03135410990995073,-24.502827,11.996257,0.18125255334159632,1.8160356232979125,1.7490194877782173,4.0,0.3333333333333333
00-0034869,2022,6,140,82,1143.0,7,3.0,21.072685399863992,1138.0,553.0,57.0,6.280887030286117,0.8070928467037988,10.0,78.0,0,Sam Darnold,Sam,Darnold,QB,1997-06-05,2018,2018.0,1.0,3.0,USC,25.240246406570844,-3.1026513710920938,9.62644553053965,4,4.941642422609304,23.333333333333332,0.06666666666666667,0.15051918142759996,3.5121142333106654,0.5857142857142857,0.05,0.02142857142857143,8.164285714285715,-77.7665797189775,406.0,6.0063531596017325,-0.1915432998004372,0.4821363206655963,98.8392651188415,-266.0,6.0,23.333333333333332,7.447594690010102,3.5121141333333328,9.80112986594462,0.0959169669744128,0.5313848994798103,7.810117814923307,3.2095045363978536,0.5679582484502393,0.04405202216987114,0.026726726726726727,-12.89567,14.305658,0.31918262957186155,2.7906638263610213,5.540051111307186,4.0,0.6666666666666666
00-0035040,2019,5,174,94,984.0,4,6.0,-43.665677386931065,1484.0,329.0,47.0,3.23466701473997,-0.1944317574112221,14.0,104.0,0,David Blough,David,Blough,QB,1995-07-31,2019,,,,Purdue,24.087611225188226,-4.255286552474711,18.107463643672112,0,5.159055299214529,34.8,0.07446808510638298,-0.25095216889040844,-8.733135477386213,0.5402298850574713,0.022988505747126436,0.034482758620689655,5.655172413793103,,,,,,,,5.0,34.8,7.981227975693966,-8.73313546,8.836121664663981,-0.2577797937929628,0.24601760617753185,5.524365846452539,1.2237310003561457,0.5301760013506099,0.023859649122807018,0.03146203520027012,-17.774517,4.3543487,0.2293456314854588,1.0117925806986143,0.9543711807571783,1.0,0.2
00-0035100,2023,9,243,171,1936.0,12,7.0,22.299077136490972,1554.0,1109.0,93.0,11.328920130916003,1.0004042406985736,24.0,169.0,1,Jake Browning,Jake,Browning,QB,1996-04-11,2019,,,,Washington,27.38945927446954,-0.9534385031933965,0.9090449793716644,4,5.493061443340548,27.0,0.0898876404494382,0.09176574953288466,2.477675237387886,0.7037037037037037,0.04938271604938271,0.02880658436213992,7.967078189300412,,,,,,,,9.0,27.0,13.46291201783626,2.4776753411111114,8.75286820191085,-0.08135928284465534,0.5190512893346134,6.97488734988735,3.2753919354203904,0.6222181222181222,0.04966467466467466,0.024114774114774112,-8.63925,19.505068,0.49862637103097257,3.5326937539708627,6.379742681922018,5.0,0.5555555555555556
00-0035228,2019,16,539,346,3752.0,20,12.0,0.6136850843552937,4037.0,1894.0,171.0,17.164421472475254,1.3052396010736178,48.0,309.0,3,Kyler Murray,Kyler,Murray,QB,1997-08-07,2019,2019.0,1.0,1.0,Oklahoma; Texas A&M,22.067077344284737,-6.2758204333782,39.38592211200734,0,6.289715570908998,33.6875,0.0817717206132879,0.0011385623086369084,0.038355317772205855,0.6419294990723562,0.03710575139146568,0.022263450834879406,6.961038961038961,,,,,,,,16.0,33.6875,9.60360175489731,0.03835529375000002,11.232074039764996,0.017284143421844183,0.32118699748299423,7.095066926700604,2.057838077173816,0.6485330940967483,0.037002923340132644,0.021343298558265215,-24.736149,20.655579,0.2850790873438905,112.32074039764996,18.58275470435342,10.0,0.625
00-0035228,2020,16,558,375,3971.0,26,12.0,33.80379353103301,4355.0,1743.0,205.0,14.70619577686303,1.8385786017635315,27.0,176.0,0,Kyler Murray,Kyler,Murray,QB,1997-08-07,2019,2019.0,1.0,1.0,Oklahoma; Texas A&M,23.069130732375086,-5.273767045287851,27.812618847964153,1,6.324358962381311,34.875,0.046153846153846156,0.06058027514522044,2.112737095689563,0.6720430107526881,0.04659498207885305,0.021505376344086023,7.116487455197133,0.6136850843552937,539.0,6.289715570908998,0.0011385623086369084,1.3052396010736178,33.19010844667771,19.0,16.0,34.875,9.3157572603269,2.1127369875000004,8.109441317372047,0.07902032845748672,0.20934686338925929,7.27277185447376,2.1596416502456286,0.6726373520475719,0.047573418897299415,0.019935687729563504,-15.659717,13.498881,0.2671184877513089,3.8383581890938263,2.649278577750899,11.0,0.6875
00-0035228,2021,14,481,333,3787.0,24,10.0,66.33455304935744,3823.0,1789.0,172.0,15.041496263977372,1.9394395222424303,31.0,286.0,0,Kyler Murray,Kyler,Murray,QB,1997-08-07,2019,2019.0,1.0,1.0,Oklahoma; Texas A&M,24.0684462696783,-4.274451507984637,18.270935694112133,2,6.175867270105761,34.357142857142854,0.060546875,0.1379096736992878,4.738182360668389,0.6923076923076923,0.0498960498960499,0.02079002079002079,7.873180873180873,33.80379353103301,558.0,6.324358962381311,0.06058027514522044,1.8385786017635315,32.53075951832443,-77.0,15.0,34.333333333333336,7.69662882293899,2.957249869333333,10.449770250909332,0.12252878134146833,0.3236471068979648,7.7243701711727795,1.7358867942350324,0.6885927568195888,0.05352130560688717,0.022437851095106678,-21.975805,14.576907,0.22417365503705797,3.5336108589515547,2.6413966037580305,10.0,0.6666666666666666
00-0035228,2022,11,390,259,2368.0,14,7.0,-18.246843285701484,2678.0,1254.0,119.0,13.490123761573695,0.688122826793705,25.0,192.0,3,Kyler Murray,Kyler,Murray,QB,1997-08-07,2019,2019.0,1.0,1.0,Oklahoma; Texas A&M,25.06776180698152,-3.2751359706814185,10.726515626451317,3,5.966146739123692,35.45454545454545,0.060240963855421686,-0.04678677765564483,-1.6588039350637713,0.6641025641025641,0.035897435897435895,0.017948717948717947,6.0717948717948715,66.33455304935744,481.0,6.175867270105761,0.1379096736992878,1.9394395222424303,-84.58139633505893,-91.0,11.0,35.45454545454545,14.473172674736084,-1.6588038763636364,6.078212148405935,0.0391002969037689,0.29999914874113764,6.38129422116524,1.1220856756721889,0.6958052003583931,0.03584674251575808,0.01658472892519019,-11.672776,7.6762686,0.40821769082588955,3.6642138561493773,7.672554238641102,5.0,0.45454545454545453
00-0035228,2023,8,268,176,1799.0,10,5.0,-12.87846907547618,1935.0,977.0,88.0,8.151509869046265,0.5563702114464312,18.0,119.0,1,Kyler Murray,Kyler,Murray,QB,1997-08-07,2019,2019.0,1.0,1.0,Oklahoma; Texas A&M,26.067077344284737,-2.2758204333782004,5.17935864498174,4,5.5909869805108565,33.5,0.06293706293706294,-0.04805398908759769,-1.6098086344345226,0.6567164179104478,0.03731343283582089,0.018656716417910446,6.712686567164179,-18.246843285701484,390.0,5.966146739123692,-0.04678677765564483,0.688122826793705,5.368374210225303,-122.0,8.0,33.5,6.824326235712107,-1.6098084625000002,9.323006688580463,-0.022275769608114157,0.2788016414682667,6.823489042323528,1.1492352644752422,0.6579580772803326,0.038426743486904405,0.018515431141439206,-13.31704,14.697531,0.2037112309167793,5.791376369150167,12.515915111938964,3.0,0.375
00-0035232,2019,9,203,119,1365.0,7,7.0,-51.389895769687755,1751.0,615.0,65.0,8.124388034380033,0.3859540465524965,29.0,204.0,1,Dwayne Haskins,Dwayne,Haskins,QB,1997-05-03,2019,2019.0,1.0,15.0,Ohio State,22.32991101984942,-6.012986757813518,36.156009749640724,0,5.313205979041787,22.555555555555557,0.125,-0.2531521959097919,-5.709988418854195,0.5862068965517241,0.034482758620689655,0.034482758620689655,6.724137931034483,,,,,,,,9.0,22.555555555555557,9.001543077593851,-5.709988633333333,8.201211750217572,-0.3740865389726417,0.7026612046126481,6.810839976224245,1.3498632592176238,0.5992807747349104,0.03321575543797766,0.05295131249604993,-14.218382,10.157755,0.3990831906322397,1.4362921324118174,1.878338650041712,2.0,0.2222222222222222
00-0035232,2020,7,241,148,1439.0,5,7.0,-39.572150193206056,1622.0,867.0,73.0,6.633009610840653,-0.017674294755493,20.0,141.0,0,Dwayne Haskins,Dwayne,Haskins,QB,1997-05-03,2019,2019.0,1.0,15.0,Ohio State,23.33196440793977,-5.010933369723169,25.109453235805194,1,5.484796933490655,34.42857142857143,0.07662835249042145,-0.1641997933328052,-5.653164313315151,0.6141078838174274,0.02074688796680498,0.029045643153526972,5.970954356846473,-51.389895769687755,203.0,5.313205979041787,-0.2531521959097919,0.3859540465524965,11.817745576481698,38.0,7.0,34.42857142857143,13.53830544365558,-5.653164424285714,5.407590672509096,-0.215909192696804,0.20854084880125776,5.806425633844989,0.9178462995410207,0.5967236822075532,0.019256709579290227,0.026981898410469836,-16.32608,-0.19756187,0.39322878881987156,0.9565599488453501,0.9658729496251999,0.0,0.0
00-0035282,2023,5,174,111,1129.0,3,1.0,-34.01198611579233,1204.0,581.0,53.0,5.034459807814067,0.0802348585482139,14.0,122.0,0,Easton Stick,Easton,Stick,QB,1995-09-09,2019,2019.0,5.0,166.0,North Dakota State,27.978097193702943,-0.36480058395999393,0.13307946605755258,4,5.159055299214529,34.8,0.07446808510638298,-0.19547118457351914,-6.802397223158467,0.6379310344827587,0.017241379310344827,0.005747126436781609,6.488505747126437,-0.2389740974176675,1.0,0.0,-0.2389740974176675,0.0,-33.773012018374665,173.0,5.0,34.8,8.46758525200662,-6.802397072,6.17686765980586,-0.1953900940483559,0.15602804223900352,6.6567140469646064,1.0801388638347273,0.6369419983711697,0.01875,0.00625,-15.18635,-0.69904876,0.24332141528754656,0.9080427964476021,0.7985463285584432,0.0,0.0
00-0035289,2019,14,470,285,3271.0,21,6.0,-13.728492934741784,3472.0,1531.0,150.0,14.190329821959889,0.7670932321642678,33.0,184.0,3,Gardner Minshew,Gardner,Minshew,QB,1996-05-16,2019,2019.0,6.0,178.0,Washington State,23.293634496919918,-5.04926328074302,25.495059678259764,0,6.152732694704104,33.57142857142857,0.06560636182902585,-0.029209559435620817,-0.9806066381958417,0.6063829787234043,0.04468085106382979,0.01276595744680851,6.959574468085107,,,,,,,,14.0,33.57142857142857,6.272213272893337,-0.9806067585714288,8.692241980489687,-0.021914876651819855,0.26665192124283826,6.981110753529589,1.6248186997827452,0.6087463734599154,0.04605187999232853,0.012836715199151002,-14.160624,12.33872,0.1868318847244824,8.86414651389182,12.167621359652735,7.0,0.5
00-0035289,2020,9,327,216,2259.0,16,5.0,18.56918203768233,2558.0,1016.0,117.0,8.79289959313773,1.0339537231346734,27.0,147.0,1,Gardner Minshew,Gardner,Minshew,QB,1996-05-16,2019,2019.0,6.0,178.0,Washington State,24.295687885010267,-4.0472098926526705,16.37990791518564,1,5.7899601708972535,36.333333333333336,0.07627118644067797,0.05678648941187257,2.06324244863137,0.6605504587155964,0.04892966360856269,0.01529051987767584,6.908256880733945,-13.728492934741784,470.0,6.152732694704104,-0.029209559435620817,0.7670932321642678,32.29767497242412,-143.0,9.0,36.333333333333336,9.848857801796104,2.0632425333333333,7.400200847775441,0.07669907522574607,0.21432326811641866,7.012664792899004,1.216588897964789,0.6738412922025225,0.05616754686179267,0.012886804553471222,-9.569949,11.379202,0.271069480783379,3.5866849040863,2.794339664273754,5.0,0.5555555555555556
00-0035289,2023,16,490,305,3305.0,15,9.0,-5.751706553653355,3579.0,1566.0,147.0,15.888548023207203,1.1251496843979354,34.0,187.0,2,Gardner Minshew,Gardner,Minshew,QB,1996-05-16,2019,2019.0,6.0,178.0,Washington State,27.293634496919918,-1.0492632807430198,1.1009534323156052,4,6.194405391104672,30.625,0.0648854961832061,-0.011738176640108887,-0.35948165960333467,0.6224489795918368,0.030612244897959183,0.018367346938775512,6.744897959183674,7.425531540988395,76.0,4.330733340286331,0.09770436238142625,0.1768420207634647,-13.17723809464175,414.0,16.0,30.625,13.10915710486376,-0.35948165312500013,6.402125994401435,-0.10393275509239175,0.6506692575312883,6.77161260614833,2.939948616973306,0.5989755517409945,0.03015419319104367,0.014699158850139761,-11.561453,11.49222,0.42805410954657175,17.80932611928116,6.260483107109701,6.0,0.375
00-0035577,2019,8,160,100,1063.0,5,8.0,-21.94279068143016,1175.0,574.0,51.0,9.188637943852552,0.8277981749962394,15.0,102.0,0,Devlin Hodges,Devlin,Hodges,QB,1996-04-12,2019,,,,Samford,23.38672142368241,-4.956176353980528,24.56368405175572,0,5.075173815233827,20.0,0.08571428571428572,-0.1371424417589385,-2.74284883517877,0.625,0.03125,0.05,6.64375,,,,,,,,8.0,20.0,8.960229588895269,-2.7428490125,8.765453956098803,-0.058911807852471534,0.3778037621674776,7.129379040292353,2.45307709851087,0.6379271429464928,0.03343443836864889,0.040066158042164235,-15.777383,6.4242077,0.44801147944476344,3.1957478943069613,6.413039693393614,5.0,0.625
00-0035704,2019,5,156,100,1020.0,7,3.0,13.724927438346413,1065.0,550.0,54.0,4.874424993923822,0.5200850741642931,5.0,26.0,0,Drew Lock,Paul,Lock,QB,1996-11-10,2019,2019.0,2.0,42.0,Missouri,22.806297056810404,-5.536600720852533,30.653947542144792,0,5.049856007249537,31.2,0.031055900621118012,0.08798030409196418,2.7449854876692825,0.6410256410256411,0.04487179487179487,0.019230769230769232,6.538461538461538,,,,,,,,5.0,31.2,5.449770637375485,2.7449854,10.95284400163472,0.12245002160413661,0.3601512389287341,6.713953823953824,2.708513843819115,0.6544781144781144,0.049711399711399706,0.01955026455026455,-11.684358,18.062159,0.17467213581331684,3.990128326961127,2.9412100889051,3.0,0.6
00-0035704,2020,13,443,254,2933.0,16,15.0,-33.71887464963784,3908.0,1394.0,145.0,10.294893663641917,0.5224078167090546,19.0,123.0,1,Drew Lock,Paul,Lock,QB,1996-11-10,2019,2019.0,2.0,42.0,Missouri,23.808350444900753,-4.534547332762184,20.562119513060637,1,6.093569770045136,34.07692307692308,0.04112554112554113,-0.07611484119557074,-2.59375958843368,0.5733634311512416,0.03611738148984198,0.033860045146726865,6.6207674943566595,13.724927438346413,156.0,5.049856007249537,0.08798030409196418,0.5200850741642931,-47.44380208798425,287.0,13.0,34.07692307692308,11.954507786197489,-2.593759669230769,7.913059203572952,-0.17208284717239736,0.49290918264450767,6.58320730351737,1.8562223099643527,0.5528123976294708,0.0358480178310225,0.03161372229223812,-16.44461,9.9900465,0.3508094835678721,3.050806633106346,2.8643713812492746,6.0,0.46153846153846156
00-0035704,2021,6,111,67,787.0,2,2.0,-9.218843522528497,1107.0,350.0,32.0,4.537506522763648,0.2735525520968274,9.0,52.0,0,Drew Lock,Paul,Lock,QB,1996-11-10,2019,2019.0,2.0,42.0,Missouri,24.80766598220397,-3.535231795458966,12.497863847624023,2,4.709530201312334,18.5,0.075,-0.08305264434710358,-1.5364739204214162,0.6036036036036037,0.018018018018018018,0.018018018018018018,7.09009009009009,-33.71887464963784,443.0,6.093569770045136,-0.07611484119557074,0.5224078167090546,24.500031127109345,-332.0,6.0,18.5,7.286974680894672,-1.5364738666666664,5.035141809370689,-0.14491924660569983,0.37590137937362755,6.65551948051948,2.0357263969941974,0.5907792207792207,0.020555555555555553,0.031746031746031744,-9.433019,2.8207467,0.3938905232916039,3.27707611473684,2.5938678828243575,3.0,0.5
00-0035710,2019,13,459,284,3027.0,24,12.0,-41.362857041037465,3689.0,1395.0,140.0,10.978576866804314,0.7932810394234457,38.0,295.0,2,Daniel Jones,Daniel,Jones,QB,1997-05-27,2019,2019.0,1.0,6.0,Duke,22.26420260095825,-6.078695176704688,36.95053505129284,0,6.129050210060545,35.30769230769231,0.07645875251509054,-0.09011515695215135,-3.181758233925959,0.6187363834422658,0.05228758169934641,0.026143790849673203,6.594771241830065,,,,,,,,13.0,35.30769230769231,10.395388523961122,-3.1817584123076923,11.911626830883304,-0.08765187481405554,0.3199575855961138,6.408447623196175,1.6423663883329742,0.6268659030879924,0.04767822457846184,0.026378881642612224,-17.757883,25.374578,0.29442276865249367,3.743724471602462,3.6503222124440695,6.0,0.46153846153846156
00-0035710,2020,14,448,280,2943.0,11,10.0,-23.480688355243792,3402.0,1114.0,158.0,12.462900346382863,0.8112978602654629,45.0,286.0,1,Daniel Jones,Daniel,Jones,QB,1997-05-27,2019,2019.0,1.0,6.0,Duke,23.266255989048595,-5.076641788614342,25.77229184990543,1,6.104793232414985,32.0,0.09127789046653144,-0.0524122507929549,-1.6771920253745567,0.625,0.024553571428571428,0.022321428571428572,6.569196428571429,-41.362857041037465,459.0,6.129050210060545,-0.09011515695215135,0.7932810394234457,17.882168685793673,-11.0,14.0,32.0,7.400623674341965,-1.677192102142857,7.154129536348397,-0.05128850665715751,0.26625061808698347,6.6423628857249515,1.150655675490091,0.6251132933074943,0.025047230702293755,0.021968118976302544,-14.106277,12.428664,0.2312694898231864,4.265539723927841,5.191233581175583,5.0,0.35714285714285715
00-0035710,2021,11,361,232,2428.0,10,7.0,-12.451881251377385,2640.0,1098.0,116.0,10.86117409747734,0.7854876644269524,22.0,160.0,1,Daniel Jones,Daniel,Jones,QB,1997-05-27,2019,2019.0,1.0,6.0,Duke,24.265571526351813,-4.077326251311124,16.624589359630825,2,5.8888779583328805,32.81818181818182,0.057441253263707574,-0.03449274584869082,-1.1319892046706714,0.6426592797783933,0.027700831024930747,0.019390581717451522,6.725761772853185,-23.480688355243792,448.0,6.104793232414985,-0.0524122507929549,0.8112978602654629,11.028807103866408,-87.0,11.0,32.81818181818182,9.988174826445338,-1.131989187272727,10.245314518110805,-0.017137208139481577,0.25734190152943587,6.786191920077017,1.581885326800442,0.6358289003729477,0.028248107285188628,0.015245918941739376,-21.36183,16.378666,0.3043488174263122,9.050717651106352,15.016559257196535,5.0,0.45454545454545453
00-0035710,2022,16,472,317,3205.0,15,5.0,19.949247770812455,3031.0,1596.0,156.0,18.074418121612993,1.845384527628963,44.0,243.0,2,Daniel Jones,Daniel,Jones,QB,1997-05-27,2019,2019.0,1.0,6.0,Duke,25.26488706365503,-3.078010714007906,9.47414995554746,3,6.156978985585555,29.5,0.08527131782945736,0.04226535544663656,1.2468279856757785,0.6716101694915254,0.03177966101694915,0.01059322033898305,6.790254237288136,-12.451881251377385,361.0,5.8888779583328805,-0.03449274584869082,0.7854876644269524,32.40112902218984,111.0,18.0,29.666666666666668,7.933547533770012,1.058744068888889,8.486122672723718,0.046432712286718664,0.33097955398100043,6.901869919740992,1.7112795995656007,0.6739245804638225,0.03525465796180534,0.010052621163732274,-14.503513,13.611657,0.26742295057651727,8.015272927695904,7.128154649619119,10.0,0.5555555555555556
00-0035710,2023,6,160,108,909.0,2,6.0,-60.455004205716946,1096.0,440.0,43.0,4.9754841300906465,0.2803233114928484,30.0,167.0,0,Daniel Jones,Daniel,Jones,QB,1997-05-27,2019,2019.0,1.0,6.0,Duke,26.26420260095825,-2.078695176704688,4.320973637655334,4,5.075173815233827,26.666666666666668,0.15789473684210525,-0.3778437762857309,-10.075834034286158,0.675,0.0125,0.0375,5.68125,19.949247770812455,472.0,6.156978985585555,0.04226535544663656,1.845384527628963,-80.4042519765294,-312.0,6.0,26.666666666666668,10.462631918722298,-10.07583385,13.564993179473586,-0.39814778564472036,0.4033158460114513,5.228262900505547,2.1047776070972453,0.644079846653376,0.009009009009009009,0.03142152131122719,-29.01369,8.180348,0.3923486969520862,1.3462898834396306,1.0129802564602044,1.0,0.16666666666666666
00-0035993,2021,7,188,122,1081.0,3,4.0,-28.803212040843036,1407.0,446.0,55.0,4.508019500592231,0.2270352497502827,18.0,107.0,0,Tyler Huntley,Tyler,Huntley,QB,1998-02-03,2020,,,,Utah,23.575633127994525,-4.767264649668412,22.72681223997809,1,5.236441962829949,26.857142857142858,0.08737864077669903,-0.1532085746853353,-4.1147445772632905,0.648936170212766,0.015957446808510637,0.02127659574468085,5.75,-3.533176612108946,5.0,1.6094379124341003,-0.7066353224217892,0.0,-25.27003542873409,183.0,6.0,31.333333333333332,10.538817137927134,-4.800535283333333,6.270875024650522,-0.19228186220717003,0.21291977071862142,5.4689480222428015,1.2714925360304954,0.6214038374692025,0.012719298245614035,0.020590651135005973,-14.694727,4.7950873,0.33634522780618514,1.306286623165122,1.1073315406588662,1.0,0.16666666666666666
00-0035993,2022,5,112,75,658.0,2,3.0,-7.170331097120181,830.0,250.0,31.0,4.158607738910413,0.315839204699903,7.0,34.0,0,Tyler Huntley,Tyler,Huntley,QB,1998-02-03,2020,,,,Utah,24.57494866529774,-3.767949112365198,14.197440513373682,2,4.718498871295094,22.4,0.058823529411764705,-0.06402081336714448,-1.4340662194240363,0.6696428571428571,0.017857142857142856,0.026785714285714284,5.875,-28.803212040843036,188.0,5.236441962829949,-0.1532085746853353,0.2270352497502827,21.632880943722853,-76.0,6.0,23.5,8.068457101577723,-0.6242209999999998,5.86827619839161,0.002849192735750912,0.21820959106383406,6.420894809073054,1.1432894157047218,0.643228110209601,0.0292346823786986,0.024447523262178434,-11.694025,4.6052136,0.3433386000671371,9.400959273064526,21.820959106383405,3.0,0.5
00-0036212,2020,10,290,186,1814.0,11,5.0,-13.510189482975049,2175.0,766.0,100.0,9.03229393252153,0.6874301635283409,20.0,136.0,1,Tua Tagovailoa,Tuanigamanuolepola,Tagovailoa,QB,1998-03-02,2020,2020.0,1.0,5.0,Alabama,22.50239561943874,-5.840502158224197,34.1114654602215,0,5.66988092298052,29.0,0.06451612903225806,-0.04658686028612086,-1.3510189482975048,0.6413793103448275,0.03793103448275862,0.017241379310344827,6.255172413793104,,,,,,,,10.0,29.0,15.762120556715853,-1.3510191029999998,8.618608017869018,-0.029380359003060148,0.347186765677657,5.874128078817734,1.6151283166234405,0.680514657756037,0.03768867339556995,0.011101900972590627,-12.797882,10.75971,0.5435213985074432,6.379338381471442,11.816968119466999,5.0,0.5
00-0036212,2021,13,388,263,2653.0,16,10.0,20.8559681269266,2735.0,1231.0,137.0,12.713014341211217,1.3005999407935875,20.0,152.0,1,Tua Tagovailoa,Tuanigamanuolepola,Tagovailoa,QB,1998-03-02,2020,2020.0,1.0,5.0,Alabama,23.50171115674196,-4.841186620920979,23.437087898584288,1,5.961005339623274,29.846153846153847,0.049019607843137254,0.05375249517249124,1.6043052405328155,0.6778350515463918,0.041237113402061855,0.02577319587628866,6.837628865979381,-13.510189482975049,290.0,5.66988092298052,-0.04658686028612086,0.6874301635283409,34.36615760990165,98.0,13.0,29.846153846153847,11.998931576367912,1.6043054230769231,7.863471094196782,-0.07230218318489061,0.5904061273296909,6.867997360512659,2.118331991700397,0.6460221153007699,0.03686346149566341,0.023316083902697737,-15.093401,16.51953,0.4020260579710898,4.901480092933491,8.165813275927073,8.0,0.6153846153846154
00-0036212,2022,13,400,259,3548.0,25,8.0,97.36823342997457,3833.0,1274.0,162.0,12.18004671750188,1.7542933982553552,21.0,163.0,0,Tua Tagovailoa,Tuanigamanuolepola,Tagovailoa,QB,1998-03-02,2020,2020.0,1.0,5.0,Alabama,24.501026694045173,-3.8418710836177645,14.759973423138335,2,5.991464547107982,30.76923076923077,0.0498812351543943,0.24342058357493643,7.489864109998043,0.6475,0.0625,0.02,8.87,20.8559681269266,388.0,5.961005339623274,0.05375249517249124,1.3005999407935875,76.51226530304797,12.0,13.0,30.76923076923077,8.852060458389015,7.489864146153847,11.92600271752306,0.21619815460314687,0.34457016081165437,8.878229686979687,1.7775651445880531,0.6398308635808636,0.05709831834831835,0.022464202464202464,-11.288043,26.893469,0.287691964897643,1.592285585533248,1.5937701292786104,9.0,0.6923076923076923
00-0036212,2023,17,560,388,4624.0,29,14.0,123.56834628780518,4283.0,2177.0,222.0,21.07528264642192,2.560841460310446,29.0,171.0,0,Tua Tagovailoa,Tuanigamanuolepola,Tagovailoa,QB,1998-03-02,2020,2020.0,1.0,5.0,Alabama,25.50034223134839,-2.8425555463145464,8.08012203388359,3,6.327936783729195,32.94117647058823,0.04923599320882852,0.22065776122822353,7.268726252223835,0.6928571428571428,0.05178571428571429,0.025,8.257142857142858,97.36823342997457,400.0,5.991464547107982,0.24342058357493643,1.7542933982553552,26.200112857830618,160.0,18.0,33.27777777777778,6.341326225692351,6.090195484444444,11.262945557106786,0.20275559318468095,0.3634623865052809,8.184103171980874,1.9248241796998844,0.6913835727346567,0.05139660707072377,0.024940013554779636,-13.944826,27.078331,0.19055738240811737,1.8493569846607654,1.7926133666469035,12.0,0.6666666666666666
00-0036264,2023,17,579,372,4159.0,32,11.0,85.91758448326394,4897.0,1918.0,209.0,15.23831384006193,2.2393223926752084,30.0,242.0,2,Jordan Love,Jordan,Love,QB,1998-11-02,2020,2020.0,1.0,26.0,Utah State,24.829568788501028,-3.5133289891619093,12.343480586085443,3,6.361302477572996,34.05882352941177,0.04926108374384237,0.14838961050650076,5.053975557839055,0.6424870466321243,0.055267702936096716,0.018998272884283247,7.18307426597582,3.5308599969274166,21.0,3.044522437723423,0.16813619032987698,0.4675790642417236,82.38672448633652,558.0,19.0,33.36842105263158,6.255757581938147,5.719465088421053,10.430382958334937,0.2072572807900698,0.37270083121756337,7.479590269422012,1.8477292524703874,0.6496879468268157,0.0626057272565988,0.019441878513378245,-14.767113,23.940233,0.18747538494767316,1.8236640659720165,1.7982520555939878,13.0,0.6842105263157895
00-0036312,2020,3,110,60,624.0,2,6.0,-35.18108574567134,876.0,275.0,31.0,2.177351030148226,0.0034980579886588,7.0,52.0,0,Jake Luton,Jake,Luton,QB,1996-04-11,2020,2020.0,6.0,189.0,Oregon State; Ventura,24.39151266255989,-3.9513851151030472,15.613444327857922,0,4.700480365792417,36.666666666666664,0.05982905982905983,-0.3198280522333758,-11.727028581890446,0.5454545454545454,0.01818181818181818,0.05454545454545454,5.672727272727273,,,,,,,,3.0,36.666666666666664,1.5275252316519468,-11.727028499999998,14.746152205663897,-0.32396518560590665,0.3977802454036615,5.636550836550836,2.080649998451019,0.543642891011312,0.018295739348370924,0.054331775384406956,-26.258131,3.225154,0.041659779045053094,1.2574500186184334,1.2278487414000978,1.0,0.3333333333333333
00-0036355,2020,15,595,396,4336.0,31,10.0,89.51523688016161,4368.0,2220.0,216.0,15.326628092003448,1.9310098106265752,32.0,218.0,2,Justin Herbert,Justin,Herbert,QB,1998-03-10,2020,2020.0,1.0,6.0,Oregon,22.480492813141684,-5.862404964521254,34.36779196804344,0,6.38856140554563,39.666666666666664,0.051036682615629984,0.15044577626917918,5.967682458677441,0.6655462184873949,0.052100840336134456,0.01680672268907563,7.287394957983193,,,,,,,,15.0,39.666666666666664,8.780389404533153,5.967682473333334,12.17227438325679,0.18126165818362766,0.3130547973790657,7.593181143245767,1.9681833489562135,0.6704483147825573,0.05689994747096627,0.016544447499330595,-27.43501,22.069279,0.22135435473612994,2.0396987335785295,1.7270877940547396,12.0,0.8
00-0036355,2021,17,672,443,5014.0,38,15.0,118.18470376370668,5058.0,2403.0,256.0,18.029528127166124,2.1980162866419444,31.0,214.0,5,Justin Herbert,Justin,Herbert,QB,1998-03-10,2020,2020.0,1.0,6.0,Oregon,23.479808350444902,-4.863089427218036,23.64963877711984,1,6.51025834052315,39.529411764705884,0.044096728307254626,0.17587009488646826,6.952041397865099,0.6592261904761905,0.05654761904761905,0.022321428571428572,7.461309523809524,89.51523688016161,595.0,6.38856140554563,0.15044577626917918,1.9310098106265752,28.66946688354507,77.0,17.0,39.529411764705884,7.657656683500047,6.952041299999999,10.284549530948965,0.17690664426553027,0.27417915151564975,7.526677942219195,1.520587285179604,0.6656073076495594,0.05773151418762275,0.02233838797554579,-14.1430025,21.81048,0.1937204815766381,1.479356794233798,1.5498521983386735,12.0,0.7058823529411765
00-0036355,2022,17,699,477,4739.0,25,10.0,23.458502653806413,4504.0,2489.0,228.0,18.394878922935288,1.6982919803870669,38.0,206.0,1,Justin Herbert,Justin,Herbert,QB,1998-03-10,2020,2020.0,1.0,6.0,Oregon,24.479123887748116,-3.863773889914821,14.928748672387508,2,6.54965074223381,41.11764705882353,0.051560379918588875,0.03356008963348557,1.379911920812142,0.6824034334763949,0.0357653791130186,0.01430615164520744,6.779685264663805,118.18470376370668,672.0,6.51025834052315,0.17587009488646826,2.1980162866419444,-94.72620110990027,27.0,18.0,41.22222222222222,8.207281957151404,1.7280096405555558,9.380361563511233,0.06665050024120069,0.23715251750781535,6.901377036526281,1.236497418466702,0.6811507401887976,0.03693408851922158,0.013624719240853345,-15.727187,16.720196,0.19909848413574835,5.428419693593517,3.5581506012646114,10.0,0.5555555555555556
00-0036355,2023,13,456,297,3134.0,20,7.0,26.86385552285643,3490.0,1568.0,150.0,12.114518288156397,1.0576313660183028,29.0,233.0,1,Justin Herbert,Justin,Herbert,QB,1998-03-10,2020,2020.0,1.0,6.0,Oregon,25.478439425051334,-2.864458352611603,8.205121653846378,3,6.1224928095143865,35.07692307692308,0.05979381443298969,0.05891196386591322,2.06645042483511,0.6513157894736842,0.043859649122807015,0.015350877192982455,6.87280701754386,23.458502653806413,699.0,6.54965074223381,0.03356008963348557,1.6982919803870669,3.4053528690500166,-243.0,13.0,35.07692307692308,8.260967845451871,2.066450287692308,11.582761535955814,-0.011448276446443076,0.4148820917319386,6.793184899897559,1.3192801291177694,0.6353278442391358,0.04040386059067948,0.01860855096149214,-19.543573,21.501616,0.23551004822560156,5.6051488898340605,36.23969893396839,7.0,0.5384615384615384
00-0036389,2020,14,148,77,1061.0,6,4.0,-4.621174206143219,1353.0,468.0,45.0,7.654834974246946,-0.0025015497506725,13.0,59.0,0,Jalen Hurts,Jalen,Hurts,QB,1998-08-07,2020,2020.0,2.0,53.0,Oklahoma; Alabama,22.069815195071868,-6.273082582591069,39.35156508800744,0,4.997212273764115,10.571428571428571,0.08074534161490683,-0.031224150041508237,-0.33008387186737276,0.5202702702702703,0.04054054054054054,0.02702702702702703,7.168918918918919,,,,,,,,8.0,18.5,17.59058189567848,-0.5776467399999999,5.335909634934596,0.19311519384615383,0.532397631655822,8.462631118881118,4.316669639742417,0.6771561771561772,0.02631118881118881,0.023076923076923078,-12.573129,5.5868626,0.9508422646312692,9.237323203684307,2.7568914752505655,6.0,0.75
00-0036389,2021,15,432,265,3144.0,16,9.0,15.78835973315087,3882.0,1463.0,143.0,12.939742758055337,1.6942579347986886,26.0,150.0,3,Jalen Hurts,Jalen,Hurts,QB,1998-08-07,2020,2020.0,2.0,53.0,Oklahoma; Alabama,23.069130732375086,-5.273767045287851,27.812618847964153,1,6.068425588244111,28.8,0.056768558951965066,0.03654712901192331,1.0525573155433914,0.6134259259259259,0.037037037037037035,0.020833333333333332,7.277777777777778,-4.621174206143219,148.0,4.997212273764115,-0.031224150041508237,-0.0025015497506725,20.40953393929409,284.0,16.0,29.6875,9.206655201537634,0.5771840662500002,8.398160033064011,0.036542647180317925,0.2644012412131683,7.270639673261203,1.8385621476217435,0.6068387550715969,0.03452568702147551,0.02137476484731777,-17.631607,13.820485,0.310118912051794,14.550228469797105,7.235415647599178,11.0,0.6875
00-0036389,2022,15,460,306,3701.0,22,6.0,72.2170870482575,3725.0,1782.0,165.0,16.17474285539799,2.1203146719184325,38.0,231.0,0,Jalen Hurts,Jalen,Hurts,QB,1998-08-07,2020,2020.0,2.0,53.0,Oklahoma; Alabama,24.0684462696783,-4.274451507984637,18.270935694112133,2,6.131226489483141,30.666666666666668,0.07630522088353414,0.15699366749621194,4.8144724698838335,0.6652173913043479,0.04782608695652174,0.013043478260869565,8.045652173913043,15.78835973315087,432.0,6.068425588244111,0.03654712901192331,1.6942579347986886,56.42872731510663,28.0,18.0,30.38888888888889,5.15796230728751,5.0190959188888895,7.8400489479302236,0.15181932723928152,0.25485826591528205,7.726617418183277,1.6673603972830757,0.6643251392635943,0.04746353023753514,0.01074139364461945,-11.143294,18.354393,0.16973184923432388,1.5620440562661786,1.6786944755301245,14.0,0.7777777777777778
00-0036389,2023,17,538,352,3858.0,23,15.0,63.33172199597199,4638.0,1697.0,185.0,14.378118028863168,2.1915037332027754,36.0,222.0,0,Jalen Hurts,Jalen,Hurts,QB,1998-08-07,2020,2020.0,2.0,53.0,Oklahoma; Alabama,25.06776180698152,-3.2751359706814185,10.726515626451317,3,6.2878585601617845,31.647058823529413,0.0627177700348432,0.11771695538284756,3.725395411527764,0.654275092936803,0.04275092936802974,0.027881040892193308,7.171003717472119,72.2170870482575,460.0,6.131226489483141,0.15699366749621194,2.1203146719184325,-8.885365052285508,78.0,18.0,31.833333333333332,8.161963431602933,3.3464516580555554,8.103841859082513,0.08369162607727897,0.28878701754686475,7.100281482649401,1.5229027087149851,0.6581515071249884,0.04246970050222923,0.02762753471812673,-10.873214,23.611319,0.25639675701370473,2.421622269538841,3.4506082756739045,13.0,0.7222222222222222
00-0036442,2020,10,404,264,2688.0,13,5.0,48.96672468471529,3429.0,1142.0,150.0,7.91044962850991,1.2004034493355558,32.0,231.0,0,Joe Burrow,Joseph,Burrow,QB,1996-12-10,2020,2020.0,1.0,1.0,LSU; Ohio State,23.72621492128679,-4.616682856376148,21.313760596357426,0,6.0014148779611505,40.4,0.07339449541284404,0.12120476407107744,4.896672468471529,0.6534653465346535,0.03217821782178218,0.012376237623762377,6.653465346534653,,,,,,,,10.0,40.4,8.70759566253637,4.89667255,11.603605248508439,0.10228677754380863,0.311381042555519,6.675493826721128,1.3001915313148293,0.6538237516582888,0.029470825709515463,0.013580651027459537,-14.021018,18.225355,0.2155345461023854,2.3696918938368543,3.0441964253117364,7.0,0.7
00-0036442,2021,16,520,366,4611.0,34,14.0,99.5450136223365,4227.0,2251.0,202.0,17.631081616122344,2.54588159673454,51.0,370.0,1,Joe Burrow,Joseph,Burrow,QB,1996-12-10,2020,2020.0,1.0,1.0,LSU; Ohio State,24.725530458590008,-3.6173673190729296,13.085346321096875,1,6.253828811575473,32.5,0.0893169877408056,0.19143271850449325,6.221563351396031,0.7038461538461539,0.06538461538461539,0.026923076923076925,8.867307692307692,48.96672468471529,404.0,6.0014148779611505,0.12120476407107744,1.2004034493355558,50.57828893762121,116.0,20.0,33.1,6.889351050333903,4.9836163749999995,11.911045742472457,0.14388040256308934,0.32234207319506836,8.56115180364335,1.818084631360744,0.7021821671734221,0.06149380939373037,0.024670346523527904,-14.341417,32.462337,0.2081374939677916,2.3900406544579704,2.240347312440458,13.0,0.65
00-0036442,2022,16,606,414,4475.0,35,12.0,87.94603731591246,4142.0,2135.0,219.0,17.90357670264949,2.127728124352267,41.0,259.0,3,Joe Burrow,Joseph,Burrow,QB,1996-12-10,2020,2020.0,1.0,1.0,LSU; Ohio State,25.724845995893222,-2.618051781769715,6.85419513202758,2,6.406879986069314,37.875,0.0633693972179289,0.14512547411866744,5.496627332244529,0.6831683168316832,0.057755775577557754,0.019801980198019802,7.384488448844884,99.5450136223365,520.0,6.253828811575473,0.19143271850449325,2.54588159673454,-11.598976306424035,86.0,19.0,37.63157894736842,6.4653824009599985,5.415944173684211,10.956760450710894,0.16061635950824912,0.28678464721532715,7.300737599901873,1.587768286347376,0.6808315980406733,0.05459349294166178,0.017214878355188864,-17.178692,27.02564,0.17180736450103495,2.0230563867237072,1.7855257589784814,12.0,0.631578947368421
00-0036442,2023,10,365,244,2309.0,15,6.0,6.095037059046859,2347.0,1239.0,115.0,10.068844015755406,0.8966607054357085,24.0,180.0,0,Joe Burrow,Joseph,Burrow,QB,1996-12-10,2020,2020.0,1.0,1.0,LSU; Ohio State,26.72416153319644,-1.618736244466497,2.6203070291494988,3,5.8998973535824915,36.5,0.061696658097686374,0.01669873166862153,0.6095037059046859,0.6684931506849315,0.0410958904109589,0.01643835616438356,6.326027397260274,87.94603731591246,606.0,6.406879986069314,0.14512547411866744,2.127728124352267,-81.8510002568656,-241.0,10.0,36.5,9.489760563657839,0.6095034699999999,10.131922136145256,0.008284996568781991,0.30011801965281415,6.239154573559785,1.8850613259413787,0.6677355659597612,0.04191688111183932,0.014510896617395633,-18.635628,13.392601,0.25999344010021475,16.623239464322094,30.011801965281414,6.0,0.6
00-0036879,2022,4,101,64,573.0,3,3.0,-40.58373256801548,722.0,294.0,28.0,3.114859014317274,0.1492608255816971,14.0,87.0,0,Sam Ehlinger,Samuel,Ehlinger,QB,1998-09-30,2021,2021.0,6.0,218.0,Texas,23.920602327173167,-4.42229545048977,19.556697051422518,1,4.61512051684126,25.25,0.12173913043478261,-0.4018191343367869,-10.14593314200387,0.6336633663366337,0.0297029702970297,0.0297029702970297,5.673267326732673,,,,,,,,4.0,25.25,8.958236433584458,-10.145933375,14.438318386786342,-0.3219158924957164,0.5027670280778616,5.636999357464125,2.3028536070385055,0.6390929535232384,0.03214285714285714,0.0229064039408867,-29.429152,1.2021074,0.35478164093403797,1.4230645770218595,1.5617962324881232,2.0,0.5
00-0036898,2021,13,394,263,2664.0,16,10.0,-45.73431005825807,2869.0,1232.0,118.0,11.724158029487462,0.8994800811200332,31.0,206.0,1,Davis Mills,Davis,Mills,QB,1998-10-21,2021,2021.0,3.0,67.0,Stanford,22.863791923340177,-5.479105854322761,30.02060096287395,0,5.976350909297934,30.307692307692307,0.07294117647058823,-0.11607692908187327,-3.518023850635236,0.6675126903553299,0.04060913705583756,0.025380710659898477,6.761421319796955,,,,,,,,13.0,30.307692307692307,9.595004041901316,-3.518023687692308,12.632290697202682,-0.15717494630255788,0.5114394016070617,6.5723146356016375,2.232820350744448,0.6456662655119403,0.040819822384185876,0.029495576672749255,-22.929134,17.912046,0.3165864277784698,3.590734974695123,3.2539499051111718,5.0,0.38461538461538464
00-0036898,2022,15,479,292,3118.0,17,15.0,-74.33538193844655,3734.0,1524.0,135.0,12.951780145008644,0.6581363686996168,31.0,244.0,1,Davis Mills,Davis,Mills,QB,1998-10-21,2021,2021.0,3.0,67.0,Stanford,23.863107460643395,-4.479790317019543,20.068521284462054,1,6.171700597410915,31.933333333333334,0.060784313725490195,-0.15518868880677775,-4.95569212922977,0.6096033402922756,0.03549060542797495,0.031315240083507306,6.509394572025053,-45.73431005825807,394.0,5.976350909297934,-0.11607692908187327,0.8994800811200332,-28.601071880188478,85.0,15.0,31.933333333333334,6.818741679755737,-4.9556923,8.848470961703462,-0.14534877072577074,0.26503158571310254,6.509123387816618,1.3052420951112818,0.6123023603796921,0.03610941753515123,0.032868196699257744,-22.472155,6.285439,0.2135305327689688,1.7855166192831349,1.8234181437498165,5.0,0.3333333333333333
00-0036945,2021,12,270,159,1870.0,7,10.0,-64.92877211484534,2645.0,683.0,83.0,9.226958490732894,0.4655677773289113,36.0,264.0,0,Justin Fields,Justin,Fields,QB,1999-03-05,2021,2021.0,1.0,11.0,Ohio State,22.494182067077343,-5.848715710585594,34.20747546325075,0,5.598421958998375,22.5,0.11764705882352941,-0.24047693375868645,-5.410731009570445,0.5888888888888889,0.025925925925925925,0.037037037037037035,6.925925925925926,,,,,,,,12.0,22.5,10.621590362002378,-5.410731125000001,10.027016006009067,-0.2315085281625897,0.4516929725802838,6.737275018698278,2.402065324629282,0.5961965044727892,0.020400326578487497,0.033221624969638826,-25.489264,4.611811,0.4720706827556612,1.8531721082350152,1.951085673453279,5.0,0.4166666666666667
00-0036945,2022,15,318,192,2242.0,17,11.0,-65.7712491202688,2889.0,958.0,91.0,11.6766654850006,1.044525741513821,55.0,359.0,1,Justin Fields,Justin,Fields,QB,1999-03-05,2021,2021.0,1.0,11.0,Ohio State,23.49349760438056,-4.849400173282376,23.51668204063114,1,5.762051382780177,21.2,0.14745308310991956,-0.20682782742222894,-4.384749941351254,0.6037735849056604,0.05345911949685535,0.03459119496855346,7.050314465408805,-64.92877211484534,270.0,5.598421958998375,-0.24047693375868645,0.4655677773289113,-0.8424770054234614,48.0,15.0,21.2,4.161043825085925,-4.384749926666666,8.414704641151548,-0.2225850645209338,0.4007456212971719,7.055233505845611,1.823803249626393,0.5996337220292889,0.051865068088426995,0.038484923935904324,-26.995167,8.444082,0.1962756521266946,1.9190842766142644,1.8004155946387965,4.0,0.26666666666666666
00-0036945,2023,13,370,227,2562.0,16,9.0,-36.29647671384594,2961.0,1224.0,121.0,13.680831323878596,1.0188534603179098,44.0,285.0,0,Justin Fields,Justin,Fields,QB,1999-03-05,2021,2021.0,1.0,11.0,Ohio State,24.49281314168378,-3.850084635979158,14.823151704202767,2,5.91350300563827,28.46153846153846,0.10628019323671498,-0.09809858571309714,-2.7920366702958415,0.6135135135135135,0.043243243243243246,0.024324324324324326,6.924324324324324,-65.7712491202688,318.0,5.762051382780177,-0.20682782742222894,1.044525741513821,29.474772406422865,52.0,13.0,28.46153846153846,8.780806574715339,-2.7920366615384613,8.503563163644277,-0.1361608424133583,0.35412498765759565,6.980833031919989,1.829941380449395,0.6124468616035332,0.04048072369848981,0.02746581194857057,-15.4800205,11.508824,0.3085148255981065,3.0456488200117917,2.600784347254109,5.0,0.38461538461538464
00-0036971,2021,17,602,359,3641.0,12,17.0,-60.01285959799543,4738.0,1634.0,177.0,13.984290305161933,0.6277611417505866,32.0,238.0,2,Trevor Lawrence,William,Lawrence,QB,1999-10-06,2021,2021.0,1.0,1.0,Clemson,21.905544147843944,-6.437353629818993,41.43952175534377,0,6.400257445308821,35.411764705882355,0.050473186119873815,-0.0996891355448429,-3.53016821164679,0.5963455149501661,0.019933554817275746,0.02823920265780731,6.048172757475083,,,,,,,,17.0,35.411764705882355,8.595484450638981,-3.530168194117647,7.711710236382372,-0.09640849331180573,0.23063081695996662,6.113484552600706,1.4241845393255668,0.6008870467001455,0.018535098705366237,0.027176194304221985,-16.265787,9.386407,0.2427296273436257,2.184516377784058,2.3922250938416507,5.0,0.29411764705882354
00-0036971,2022,17,584,387,4113.0,25,8.0,83.5256579103014,4294.0,2017.0,206.0,18.15635670571772,1.9842876084487884,27.0,184.0,3,Trevor Lawrence,William,Lawrence,QB,1999-10-06,2021,2021.0,1.0,1.0,Clemson,22.90485968514716,-5.438038092515779,29.57225829565265,1,6.369900982828227,34.35294117647059,0.044189852700491,0.14302338683270788,4.913273994723612,0.6626712328767124,0.04280821917808219,0.0136986301369863,7.042808219178082,-60.01285959799543,602.0,6.400257445308821,-0.0996891355448429,0.6277611417505866,143.53851750829682,-18.0,19.0,35.26315789473684,8.047374349322185,4.08570407631579,9.476306779537522,0.10764647748791302,0.27746929136205223,6.9226132446819255,1.0847826554046394,0.6655700057861561,0.04401735181625406,0.01876489922363312,-13.948518,19.108679,0.22820912333898732,2.3193815808810636,2.5775975009791434,14.0,0.7368421052631579
00-0036971,2023,16,564,370,4016.0,21,14.0,0.777313856267682,4613.0,1778.0,179.0,14.73686098997866,1.7021387573419275,35.0,224.0,1,Trevor Lawrence,William,Lawrence,QB,1999-10-06,2021,2021.0,1.0,1.0,Clemson,23.904175222450377,-4.438722555212561,19.702257922152725,2,6.335054251498059,35.25,0.05843071786310518,0.0013782160572122022,0.048582116016730126,0.6560283687943262,0.03723404255319149,0.024822695035460994,7.120567375886525,83.5256579103014,584.0,6.369900982828227,0.14302338683270788,1.9842876084487884,-82.74834405403372,-20.0,16.0,35.25,6.567597226789514,0.048581981250000045,9.824183864148837,0.008659540696559598,0.2953645385566141,7.218137911590258,1.3374152770110324,0.6632725713386369,0.03764320580274594,0.024474486574797057,-17.344053,16.510561,0.1863148149443834,98.24183864148837,29.53645385566141,9.0,0.5625
00-0036972,2021,17,521,352,3801.0,22,13.0,50.77013657480971,4158.0,1760.0,177.0,18.102397340434464,1.989121565555278,28.0,241.0,2,Mac Jones,Michael,Jones,QB,1998-09-05,2021,2021.0,1.0,15.0,Alabama,22.989733059548254,-5.353164718114684,28.65637249926786,0,6.255750041753367,30.647058823529413,0.051001821493624776,0.09744747903034494,2.9864786220476303,0.6756238003838771,0.04222648752399232,0.02495201535508637,7.295585412667946,,,,,,,,18.0,31.055555555555557,10.789276932771081,3.0143443047222225,9.242504264220772,0.10152870806345463,0.2936108412224777,7.375983304055582,1.5663453273262986,0.6818468885611446,0.04426317145867781,0.02509457561702144,-16.882364,17.211687,0.3474185774416448,3.0661740431382096,2.8918997081985256,10.0,0.5555555555555556
00-0036972,2022,14,442,288,2997.0,14,11.0,-28.40619021346796,3459.0,1431.0,127.0,12.661845122396556,0.5680403189528621,34.0,231.0,1,Mac Jones,Michael,Jones,QB,1998-09-05,2021,2021.0,1.0,15.0,Alabama,23.98904859685147,-4.353849180811466,18.95600268925267,1,6.091309882077698,31.571428571428573,0.07142857142857142,-0.06426739867300443,-2.0290135866762826,0.6515837104072398,0.03167420814479638,0.024886877828054297,6.780542986425339,50.77013657480971,521.0,6.255750041753367,0.09744747903034494,1.989121565555278,-79.17632678827766,-79.0,14.0,31.571428571428573,8.159131606453506,-2.029013557857143,4.867682090033078,-0.12232217032506186,0.2759044041420292,6.508582698343643,2.2132556295051278,0.6441632857243456,0.02850581957724815,0.03246173469387755,-10.462503,5.7999535,0.2584340327835952,2.3990387206549153,2.255555173758234,5.0,0.35714285714285715
00-0036972,2023,11,345,224,2120.0,10,12.0,-53.75460128159115,2410.0,1211.0,100.0,12.405606913872733,0.3868206905394136,22.0,127.0,0,Mac Jones,Michael,Jones,QB,1998-09-05,2021,2021.0,1.0,15.0,Alabama,24.98836413415469,-3.3545336435082476,11.252895965428719,2,5.84354441703136,31.363636363636363,0.05994550408719346,-0.15581043849736564,-4.886781934690105,0.6492753623188405,0.028985507246376812,0.034782608695652174,6.144927536231884,-28.40619021346796,442.0,6.091309882077698,-0.06426739867300443,0.5680403189528621,-25.34841106812319,-97.0,11.0,31.363636363636363,11.102006370676675,-4.886781990909091,8.64342914363335,-0.2011729421250571,0.35784323889783143,6.258439598251511,1.5057745987709943,0.6457299521562845,0.024746117692826156,0.04192967139675603,-18.676954,13.239484,0.3539770147172273,1.7687363912924234,1.7787841402417919,2.0,0.18181818181818182
00-0037013,2021,13,383,213,2334.0,9,11.0,-94.732186357066,2885.0,1099.0,112.0,11.65450775334816,0.1851684132056421,44.0,370.0,1,Zach Wilson,Zachary,Wilson,QB,1999-08-03,2021,2021.0,1.0,2.0,BYU,22.080766598220396,-6.262131179442541,39.21428690854643,0,5.948034989180646,29.46153846153846,0.10304449648711944,-0.2473425231254987,-7.287091258235846,0.556135770234987,0.02349869451697128,0.028720626631853787,6.093994778067885,,,,,,,,13.0,29.46153846153846,8.968606214785966,-7.287091051538462,10.937661848582238,-0.25474344756627243,0.3662264606683442,6.000805230617453,1.308341951286399,0.5568360280779516,0.0224051337054433,0.025694325094479893,-24.10539,9.091256,0.3044174433217169,1.5009640707416523,1.437628579526345,4.0,0.3076923076923077
00-0037013,2022,9,242,132,1688.0,6,7.0,-36.21105495186014,2189.0,810.0,73.0,7.201039908955547,0.1810281076154855,23.0,175.0,0,Zach Wilson,Zachary,Wilson,QB,1999-08-03,2021,2021.0,1.0,2.0,BYU,23.080082135523615,-5.262815642139323,27.697228483146333,1,5.488937726156687,26.88888888888889,0.08679245283018867,-0.14963245847876092,-4.023450550206682,0.5454545454545454,0.024793388429752067,0.028925619834710745,6.975206611570248,-94.732186357066,383.0,5.948034989180646,-0.2473425231254987,0.1851684132056421,58.52113140520586,-141.0,9.0,26.88888888888889,8.432740427115679,-4.023450566666667,5.145072414587409,-0.18471877960099792,0.2323792978228344,6.694638646508565,2.178343203417919,0.5520875932258046,0.01930012474727922,0.02365036348776186,-12.396902,1.1628689,0.3136143134051285,1.2787711267569963,1.258016636558479,3.0,0.3333333333333333
00-0037013,2023,12,368,221,2271.0,8,7.0,-101.30015159158766,2672.0,1113.0,104.0,10.966106838936264,0.1363574367179748,46.0,340.0,1,Zach Wilson,Zachary,Wilson,QB,1999-08-03,2021,2021.0,1.0,2.0,BYU,24.079397672826833,-4.263500104836105,18.177433143937478,2,5.908082938168931,30.666666666666668,0.1111111111111111,-0.2752721510640969,-8.441679299298972,0.6005434782608695,0.021739130434782608,0.019021739130434784,6.171195652173913,-36.21105495186014,242.0,5.488937726156687,-0.14963245847876092,0.1810281076154855,-65.08909663972753,126.0,12.0,30.666666666666668,10.982079065735258,-8.441679166666667,8.435589101627512,-0.34822800389561054,0.3811743426067279,5.983223830842879,1.558478661001813,0.579277072134215,0.02382817799484466,0.024124949124949124,-19.132708,7.829824,0.35811127388267144,0.9992785718434785,1.0946113992629776,2.0,0.16666666666666666
00-0037077,2023,17,612,388,3946.0,21,21.0,-103.66117762751853,4588.0,2019.0,180.0,14.574135232313122,0.8406159141069229,65.0,449.0,1,Sam Howell,Sam,Howell,QB,2000-09-16,2022,2022.0,5.0,144.0,North Carolina,22.95687885010267,-5.386018927560269,29.009199888037465,1,6.416732282512326,36.0,0.09601181683899557,-0.1693810091952917,-6.097716331030502,0.6339869281045751,0.03431372549019608,0.03431372549019608,6.447712418300654,-7.461784537902072,19.0,2.9444389791664403,-0.3927255019948459,0.0404896368391305,-96.19939308961645,593.0,17.0,36.0,10.28955781362834,-6.097716264705882,11.29772163826676,-0.23820044980096586,0.38635442666305897,6.198066841732034,1.3501945300263718,0.6136984437066627,0.034020178196825034,0.038988525443261014,-26.450666,11.658418,0.285821050378565,1.8527791631858908,1.6219718601954225,6.0,0.35294117647058826
00-0037327,2022,7,105,60,534.0,1,3.0,-32.73230369350694,783.0,208.0,26.0,7.402623608682859,-0.1692546327612587,6.0,40.0,0,Skylar Thompson,Skylar,Thompson,QB,1997-06-04,2022,2022.0,7.0,247.0,Kansas State,25.242984257357975,-3.0999135203049626,9.609463833369505,0,4.653960350157523,15.0,0.05405405405405406,-0.3117362256524471,-4.6760433847867064,0.5714285714285714,0.009523809523809525,0.02857142857142857,5.085714285714285,,,,,,,,8.0,18.75,16.47292150339893,-5.426395005,5.642957438020117,-0.49723155623424964,1.1225510683481434,5.602619065522291,5.126513475334617,0.4913511219962833,0.00873015873015873,0.14029581529581528,-16.290222,0.91623616,0.8785558135146095,1.0399090801205169,2.2576022263142543,1.0,0.125
00-0037834,2022,9,170,114,1374.0,13,4.0,36.553111985589894,1117.0,706.0,66.0,8.848278381181988,0.7136827140298911,11.0,84.0,0,Brock Purdy,Brock,Purdy,QB,1999-12-27,2022,2022.0,7.0,262.0,Iowa State,22.680355920602327,-5.66254185706061,32.06438028296342,0,5.135798437050262,18.88888888888889,0.06077348066298342,0.2150183057975876,4.061456887287766,0.6705882352941176,0.07647058823529412,0.023529411764705882,8.08235294117647,,,,,,,,10.0,23.3,10.56251232740898,5.684039005,6.946945785138439,0.11690262416937117,0.5035522518579341,8.201131302683027,1.7901960110994142,0.685143306005375,0.062426717426717425,0.021216411216411216,-4.7760963,21.4617,0.4533267093308575,1.2221847490890747,4.307450371074443,9.0,0.9
00-0037834,2023,16,444,308,4280.0,31,11.0,143.7535585695354,3636.0,2034.0,192.0,19.584353695184085,3.482111351257425,28.0,153.0,0,Brock Purdy,Brock,Purdy,QB,1999-12-27,2022,2022.0,7.0,262.0,Iowa State,23.679671457905545,-4.663226319757392,21.745679709278072,1,6.095824562432225,27.75,0.059322033898305086,0.32376927605751216,8.984597410595962,0.6936936936936937,0.06981981981981981,0.024774774774774775,9.63963963963964,36.553111985589894,170.0,5.135798437050262,0.2150183057975876,0.7136827140298911,107.20044658394549,274.0,19.0,29.05263157894737,4.847378262874874,8.617792005263157,10.845190250468299,0.3281263544465684,0.4170432347521577,9.380516348619231,2.5831610426647527,0.6859075368860094,0.0656061759193278,0.02083411934855059,-18.069515,22.844091,0.1668481648453308,1.2584650736342673,1.2709836594977573,16.0,0.8421052631578947
00-0038102,2022,13,389,245,2404.0,7,9.0,-11.065706766791422,2957.0,1042.0,123.0,10.085240433097974,1.056545291431186,27.0,182.0,2,Kenny Pickett,Kenneth,Pickett,QB,1998-06-06,2022,2022.0,1.0,20.0,Pittsburgh,24.238193018480494,-4.104704759182443,16.848601160054997,0,5.963579343618446,29.923076923076923,0.06490384615384616,-0.028446546958332704,-0.8512082128301094,0.6298200514138818,0.017994858611825194,0.02313624678663239,6.179948586118252,,,,,,,,13.0,29.923076923076923,13.726261559880625,-0.8512082769230769,6.447301482489913,-0.29768932555371475,1.0977712632026277,5.808023494181528,2.130310048817517,0.5823696895035719,0.018074419931183857,0.028472202561271386,-15.697459,9.126905,0.4587182526438255,7.574293692015582,3.6876406675339357,5.0,0.38461538461538464
00-0038102,2023,12,324,201,2070.0,6,4.0,-40.24149194660611,2288.0,1046.0,91.0,11.478721148380666,0.6764083013342229,23.0,173.0,0,Kenny Pickett,Kenneth,Pickett,QB,1998-06-06,2022,2022.0,1.0,20.0,Pittsburgh,25.23750855578371,-3.1053892218792285,9.64344221936368,1,5.780743515792329,27.0,0.06628242074927954,-0.12420213563767318,-3.353457662217176,0.6203703703703703,0.018518518518518517,0.012345679012345678,6.388888888888889,-11.065706766791422,389.0,5.963579343618446,-0.028446546958332704,1.056545291431186,-29.17578517981469,-65.0,12.0,27.0,8.984835709531518,-3.3534576541666667,9.208897950662756,-0.13139802782827303,0.3026343390140833,6.381409004642701,1.75154339860713,0.6225026272037142,0.015923697377501725,0.01002415458937198,-20.120926,11.777033,0.33277169294561176,2.7460904237811716,2.3031878333029683,5.0,0.4166666666666667
00-0038108,2023,10,212,127,1272.0,6,9.0,-81.79545271547397,1686.0,637.0,53.0,9.369872497106094,-0.0017343172240964,25.0,191.0,0,Bailey Zappe,Bailey,Zappe,QB,1999-04-26,2022,2022.0,4.0,137.0,Western Kentucky; Houston Christian University,24.35044490075291,-3.992452876910029,15.939679974347168,1,5.356586274672012,21.2,0.10548523206751055,-0.38582760714846215,-8.179545271547397,0.5990566037735849,0.02830188679245283,0.04245283018867924,6.0,7.685017908631561,92.0,4.5217885770490405,0.08353280335469089,0.4876484127222769,-89.48047062410554,120.0,10.0,21.2,10.261037417770625,-8.17954536,9.314261968597437,-0.40425720566322926,0.34309597714934276,5.495360002005163,2.2142070406635046,0.5562673634609119,0.020000698226504677,0.046430934656741106,-27.74902,3.1802256,0.4840111989514446,1.1387261221322253,0.8487071407582095,2.0,0.2
00-0038122,2022,4,115,73,708.0,2,0.0,4.537197660166861,940.0,328.0,37.0,3.2588711233617387,0.1726762048737279,9.0,33.0,0,Desmond Ridder,Desmond,Ridder,QB,1999-08-31,2022,2022.0,3.0,74.0,Cincinnati,23.003422313483917,-5.339475464179021,28.509998232569767,0,4.74493212836325,28.75,0.07258064516129033,0.039453892697103136,1.1342994150417152,0.6347826086956522,0.017391304347826087,0.0,6.156521739130435,,,,,,,,4.0,28.75,3.4034296427770228,1.1342994475000001,5.412283928221,0.027131253388694643,0.19141240546826302,6.075874125874126,1.622220835916479,0.6326923076923077,0.016666666666666666,0.0,-5.821057,6.6037936,0.11838016148789644,4.771477179284265,7.055052073194042,2.0,0.5
00-0038122,2023,15,388,249,2836.0,12,12.0,-33.3997411758443,3184.0,1222.0,136.0,13.844087279382425,0.972303679258689,31.0,197.0,2,Desmond Ridder,Desmond,Ridder,QB,1999-08-31,2022,2022.0,3.0,74.0,Cincinnati,24.00273785078713,-4.340159926875806,18.836988190858605,1,5.961005339623274,25.866666666666667,0.07398568019093078,-0.08608180715423788,-2.226649411722953,0.6417525773195877,0.030927835051546393,0.030927835051546393,7.309278350515464,4.537197660166861,115.0,4.74493212836325,0.039453892697103136,0.1726762048737279,-37.93693883601116,273.0,15.0,25.866666666666667,12.494951361402315,-2.22664952,8.788725830081598,-0.12088148570095207,0.39774030652434056,7.0528571886224745,1.766937464603015,0.6556852203902469,0.02766443932738831,0.040877822989181946,-19.31931,14.121647,0.48305224335318225,3.947062953168129,3.290332710737091,6.0,0.4
00-0038416,2023,5,143,94,859.0,3,6.0,-25.4177472920779,814.0,498.0,48.0,6.7171536822171545,0.2318913856518391,5.0,35.0,0,Tyson Bagent,Tyson,Bagent,QB,2000-06-08,2023,,,,Shepherd,23.23066392881588,-5.112233848847058,26.134934925297607,0,4.962844630259907,28.6,0.033783783783783786,-0.17774648455998532,-5.083549458415581,0.6573426573426573,0.02097902097902098,0.04195804195804196,6.006993006993007,,,,,,,,5.0,28.6,8.73498712076898,-5.08354946,8.192208882303545,-0.2824790273438149,0.5278456670105547,6.005494567563533,0.8968113323481104,0.6640319854112958,0.020229885057471263,0.0450965250965251,-16.589481,5.508855,0.3054191300968175,1.6115135589343796,1.868618962526006,1.0,0.2
00-0038476,2023,9,178,114,1101.0,8,3.0,-49.32223220494569,1149.0,583.0,46.0,9.881571799517314,0.1144460667818116,37.0,196.0,0,Tommy DeVito,Thomas,DeVito,QB,1998-08-07,2023,,,,Illinois; Syracuse,25.06776180698152,-3.2751359706814185,10.726515626451317,0,5.181783550292085,19.77777777777778,0.17209302325581396,-0.27709119216261624,-5.480248022771743,0.6404494382022472,0.0449438202247191,0.016853932584269662,6.185393258426966,,,,,,,,9.0,19.77777777777778,10.096754153907305,-5.480248044444444,7.472343879899248,-0.380953121690427,0.4180235532585602,5.7845620422908,3.12236944822333,0.6540888444646614,0.03634197078641523,0.015226337448559672,-14.882968,5.1811852,0.5105100414896951,1.3635046843316287,1.0973096936537448,2.0,0.2222222222222222
00-0038579,2023,11,343,213,2218.0,12,7.0,-16.852607789448424,2561.0,1063.0,107.0,9.940861615407025,0.7888871767982915,24.0,173.0,0,Aidan O'Connell,Aidan,O'Connell,QB,1998-09-01,2023,2023.0,4.0,135.0,Purdue,24.999315537303218,-3.3435822403597193,11.17954219804892,0,5.8377304471659395,31.181818181818183,0.0653950953678474,-0.04913296731617616,-1.5320552535862204,0.6209912536443148,0.03498542274052478,0.02040816326530612,6.466472303206997,,,,,,,,11.0,31.181818181818183,9.537485851294164,-1.5320549999999997,11.161107489793437,-0.04652541291211773,0.38284649863554476,6.349662510928079,1.4863311910982944,0.623278128471663,0.03576088795552113,0.022183806482586967,-19.20355,11.441886,0.30586689319019184,7.285056665585399,8.228760900170988,6.0,0.5454545454545454
00-0038583,2023,7,112,60,440.0,1,4.0,-38.58013009677772,662.0,204.0,26.0,2.150558394820101,-0.0475316858534704,6.0,60.0,0,Dorian Thompson-Robinson,Dorian,Thompson-Robinson,QB,1999-11-14,2023,2023.0,5.0,140.0,UCLA,23.797399041752225,-4.545498735910712,20.66155875816588,0,4.718498871295094,16.0,0.05084745762711865,-0.3444654472926582,-5.511447156682531,0.5357142857142857,0.008928571428571428,0.03571428571428571,3.9285714285714284,,,,,,,,6.0,18.666666666666668,19.500427345744672,-6.4300219567,11.113125249445282,-0.062212320157376245,1.4111928560702467,4.803168344768184,2.18858214976761,0.6781126555585256,0.005747126436781609,0.01776485788113695,-27.36172,2.0642242,1.044665750664893,1.7283183983323025,22.683495045682324,2.0,0.3333333333333333
00-0039150,2023,16,527,315,2877.0,11,10.0,-160.3264418747372,4009.0,1300.0,133.0,12.786641553355812,0.672251326242199,62.0,477.0,1,Bryce Young,Bryce,Young,QB,2001-07-25,2023,2023.0,1.0,1.0,Alabama,22.102669404517453,-6.240228373145484,38.94045014900994,0,6.267200548541362,32.9375,0.10526315789473684,-0.3042247473903932,-10.020402617171076,0.5977229601518027,0.020872865275142316,0.018975332068311195,5.459203036053131,,,,,,,,16.0,32.9375,5.938223640113262,-10.0204024969375,10.422233484603685,-0.305932556648066,0.2955254543722956,5.491719137322212,1.4550771922228913,0.6023779189598306,0.01900267158069473,0.01727037292575888,-31.291697,10.878575,0.1802876247472717,1.0401012821380176,0.9659823642511433,1.0,0.0625
00-0039152,2023,9,255,149,1808.0,8,4.0,-13.88649083961092,2688.0,746.0,81.0,6.151852351224143,0.4620938848386986,28.0,185.0,1,Will Levis,Will,Levis,QB,1999-06-27,2023,2023.0,2.0,33.0,Kentucky; Penn State,24.18069815195072,-4.162199625712219,17.323905724278937,0,5.541263545158426,28.333333333333332,0.0989399293286219,-0.054456826822003604,-1.5429434266234354,0.5843137254901961,0.03137254901960784,0.01568627450980392,7.090196078431372,,,,,,,,9.0,28.333333333333332,11.045361017187261,-1.5429433644444446,6.661849011765827,-0.18152900282699433,0.564254242147235,6.849147182524998,2.005494837407067,0.5768120689119942,0.0346885458981114,0.012895486579697106,-11.563322,7.7120724,0.38983627119484454,4.3176238125658655,3.108342101592415,4.0,0.4444444444444444
00-0039163,2023,15,499,319,4108.0,23,5.0,64.82617261070857,4481.0,1762.0,188.0,13.869473191698855,1.6032857486000571,38.0,331.0,0,C.J. Stroud,Coleridge,Stroud,QB,2001-10-03,2023,2023.0,1.0,2.0,Ohio State,21.911019849418206,-6.431877928244731,41.369053683841734,0,6.212606095751519,33.266666666666666,0.07076350093109869,0.12991216956053822,4.3217448407139045,0.6392785571142284,0.04609218436873747,0.01002004008016032,8.23246492985972,,,,,,,,17.0,32.529411764705884,7.600309591217517,4.410155548823529,10.238787322165159,0.13561163839424545,0.3403209413151903,8.272421044309478,2.378153474467177,0.6373228113201993,0.048288090504924046,0.008456420221126103,-16.433462,28.418964,0.2336442369813703,2.321638592746802,2.5095260653500926,13.0,0.7647058823529411
