gsis_id,season,games,att,cmp,yds,td,int,epa,passing_air_yards,passing_yards_after_catch,passing_first_downs,pacr,dakota,sacks,sack_yards,passing_2pt_conversions
00-0000098,2000,1,1,1,13.0,0,0.0,2.7400032459991053,0.0,0.0,1.0,0.0,0.0,0.0,0.0,0
00-0000104,1999,14,430,258,2920.0,17,11.0,36.24471431536284,0.0,0.0,124.0,0.0,1.3262124201954089,19.0,130.0,0
00-0000104,2000,11,259,153,1616.0,7,14.0,-29.087923999476292,0.0,0.0,81.0,0.0,0.995403479607902,13.0,91.0,1
00-0000108,2006,1,1,1,11.0,0,0.0,-0.7023373222327791,0.0,11.0,0.0,0.0,0.0,0.0,0.0,0
00-0000108,2011,1,1,1,14.0,1,0.0,4.22313360706903,9.0,5.0,1.0,1.5555555555555556,0.0,0.0,0.0,0
00-0000210,2002,16,2,1,5.0,1,0.0,1.2199583678739145,0.0,0.0,1.0,0.0,0.0,0.0,0.0,0
00-0000251,2000,13,1,0,0.0,0,0.0,-2.6330820985604078,0.0,0.0,0.0,0.0,0.0,0.0,0.0,0
00-0000339,2002,16,1,0,0.0,0,0.0,-0.38253058900590986,0.0,0.0,0.0,0.0,0.0,0.0,0.0,0
00-0000339,2003,15,1,0,0.0,0,0.0,-0.40788865863578394,0.0,0.0,0.0,0.0,0.0,0.0,0.0,0
00-0000339,2004,11,1,1,26.0,1,0.0,3.5796635741135105,0.0,0.0,1.0,0.0,0.0,0.0,0.0,0
00-0000722,1999,11,318,167,2093.0,16,8.0,-31.08967111542982,0.0,0.0,92.0,0.0,0.8947917091709428,33.0,190.0,0
00-0000722,2000,11,272,148,1538.0,8,8.0,-16.324340479082657,0.0,0.0,82.0,0.0,0.500069629173435,20.0,152.0,1
00-0000722,2001,15,370,198,2386.0,10,10.0,-38.900601849324715,0.0,0.0,106.0,0.0,0.9905319946845006,29.0,173.0,1
00-0000722,2003,6,102,61,693.0,5,3.0,3.534907384964481,0.0,0.0,34.0,0.0,0.7047563692721135,13.0,57.0,0
00-0000722,2004,2,2,1,16.0,0,0.0,1.0915052876225673,0.0,0.0,1.0,0.0,0.0,0.0,0.0,0
00-0000722,2005,1,25,14,173.0,1,2.0,-3.6937787861383553,0.0,0.0,7.0,0.0,0.032035826245516874,0.0,0.0,0
00-0000745,2005,16,1,0,0.0,0,0.0,-0.5911076056072488,0.0,0.0,0.0,0.0,0.0,0.0,0.0,0
00-0000754,2003,1,1,1,3.0,0,0.0,2.2918548880843446,0.0,0.0,1.0,0.0,0.0,0.0,0.0,0
00-0000849,2004,3,1,0,0.0,0,0.0,-0.7097629196941853,0.0,0.0,0.0,0.0,0.0,0.0,0.0,0
00-0000865,1999,11,267,149,1908.0,13,7.0,-18.413684872160072,0.0,0.0,88.0,0.0,0.7190606602435541,36.0,186.0,1
00-0000865,2000,15,407,219,2469.0,13,14.0,-68.76724729121423,0.0,0.0,116.0,0.0,0.7277953604515643,38.0,226.0,0
00-0000865,2001,10,341,198,2392.0,12,12.0,-16.08404992513503,0.0,0.0,107.0,0.0,0.7653927175210623,33.0,176.0,1
00-0000865,2003,2,8,4,47.0,0,0.0,-4.562210484058596,0.0,0.0,2.0,0.0,0.03250579356329309,1.0,2.0,0
00-0000865,2005,3,36,23,246.0,1,1.0,3.2456779581832125,0.0,0.0,12.0,0.0,0.1971660675550305,1.0,6.0,0
00-0000865,2006,7,52,30,477.0,5,0.0,23.801425924466457,557.0,200.0,21.0,8.280975731204833,0.473904361154196,3.0,13.0,0
00-0000865,2007,7,36,17,232.0,2,3.0,-4.578194802407774,432.0,105.0,10.0,0.8149956408020924,0.011639603092516465,0.0,0.0,0
00-0000865,2009,1,2,1,17.0,0,0.0,1.4498486551456153,18.0,2.0,1.0,0.9444444444444444,0.0,0.0,0.0,0
00-0000865,2010,3,49,29,352.0,3,3.0,-2.5433514598953764,538.0,125.0,13.0,1.9565253789272044,0.3814277032131644,4.0,21.0,0
00-0000865,2011,3,24,15,208.0,0,1.0,-0.096866613965231,189.0,92.0,9.0,1.149171270718232,0.15443718039563778,2.0,10.0,0
00-0000865,2012,2,70,45,475.0,1,4.0,-1.6460317005355627,663.0,257.0,22.0,1.42999126256007,0.16061687628057486,3.0,12.0,0
00-0001101,2003,1,1,0,0.0,0,0.0,-3.269515826017596,0.0,0.0,0.0,0.0,0.0,0.0,0.0,0
00-0001157,2000,1,1,0,0.0,0,1.0,-1.9750639530830085,0.0,0.0,0.0,0.0,0.0,0.0,0.0,0
00-0001157,2001,1,1,0,0.0,0,0.0,-2.3980245837010443,0.0,0.0,0.0,0.0,0.0,0.0,0.0,0
00-0001157,2003,1,1,0,0.0,0,0.0,-2.402341314125806,0.0,0.0,0.0,0.0,0.0,0.0,0.0,0
00-0001215,1999,16,1,1,21.0,1,0.0,2.988065069541335,0.0,0.0,1.0,0.0,0.0,0.0,0.0,0
00-0001215,2000,16,2,0,0.0,0,1.0,-3.8063919069827534,0.0,0.0,0.0,0.0,0.0,0.0,0.0,0
00-0001215,2001,11,2,1,32.0,1,0.0,3.924561800202355,0.0,0.0,1.0,0.0,0.0,0.0,0.0,0
00-0001215,2004,14,1,1,10.0,1,0.0,2.7614533987944014,0.0,0.0,1.0,0.0,0.0,0.0,0.0,0
00-0001218,1999,16,565,340,4413.0,36,14.0,85.10157745928421,0.0,0.0,206.0,0.0,1.9764118714752077,49.0,274.0,0
00-0001218,2000,16,524,318,3691.0,19,18.0,5.2395491191044465,0.0,0.0,194.0,0.0,1.3079860390303812,60.0,326.0,0
00-0001218,2002,5,117,68,925.0,6,5.0,4.459464418372546,0.0,0.0,43.0,0.0,0.27275748986474735,12.0,78.0,0
00-0001218,2003,4,63,33,389.0,2,5.0,-22.912122739389407,0.0,0.0,18.0,0.0,0.16595489527400975,9.0,60.0,0
00-0001272,2000,7,9,3,80.0,1,1.0,5.511006703134626,0.0,0.0,3.0,0.0,0.024103252967091544,0.0,0.0,0
00-0001335,1999,14,383,211,2630.0,15,12.0,-18.441965465740317,0.0,0.0,123.0,0.0,1.5960134349103088,30.0,168.0,2
00-0001335,2000,11,296,180,2004.0,13,8.0,13.06733767429901,0.0,0.0,100.0,0.0,1.033350134336773,24.0,150.0,0
00-0001335,2001,1,1,0,0.0,0,0.0,-0.4833737062290311,0.0,0.0,0.0,0.0,0.0,0.0,0.0,0
00-0001335,2002,10,295,165,2084.0,13,11.0,-9.411252864290573,0.0,0.0,96.0,0.0,0.701439086131793,30.0,203.0,1
00-0001335,2003,13,368,208,2252.0,13,15.0,-74.02492890316967,0.0,0.0,96.0,0.0,0.7005193059985586,19.0,132.0,0
00-0001335,2004,3,37,18,126.0,1,1.0,-19.19589163188357,0.0,0.0,7.0,0.0,0.06812309896592732,2.0,17.0,0
00-0001335,2005,2,9,8,55.0,1,0.0,7.446230205241591,0.0,0.0,4.0,0.0,0.28581538843068593,0.0,0.0,0
00-0001361,1999,16,533,303,3969.0,19,21.0,-26.075212661221386,0.0,0.0,183.0,0.0,1.2627904737066205,55.0,342.0,0
00-0001361,2000,16,527,309,3247.0,17,13.0,-10.457809913043382,0.0,0.0,162.0,0.0,1.185032751398211,45.0,264.0,0
00-0001361,2001,2,66,40,400.0,2,2.0,-3.839359945792239,0.0,0.0,18.0,0.0,0.12334351838313162,5.0,21.0,0
00-0001361,2002,16,610,375,4359.0,24,15.0,58.708365346245095,0.0,0.0,218.0,0.0,1.612970361410607,54.0,369.0,0
00-0001361,2003,16,471,274,2860.0,11,12.0,-64.0501087589494,0.0,0.0,142.0,0.0,1.4108008718098464,49.0,371.0,0
00-0001361,2004,16,449,256,2932.0,20,16.0,-16.288707602647168,0.0,0.0,144.0,0.0,1.364555928837729,38.0,230.0,0
00-0001361,2005,16,499,300,3639.0,23,17.0,49.63625503462231,0.0,0.0,177.0,0.0,1.7343174670338057,49.0,295.0,1
00-0001361,2006,6,169,90,1164.0,7,8.0,-9.1035155299807,1242.0,444.0,54.0,6.063685200060537,0.466299429190966,16.0,107.0,0
00-0001471,1999,1,1,0,0.0,0,0.0,-0.8757188688032329,0.0,0.0,0.0,0.0,0.0,0.0,0.0,0
00-0001477,2001,16,2,1,34.0,1,0.0,4.049063999322243,0.0,0.0,1.0,0.0,0.0,0.0,0.0,0
00-0001477,2002,16,5,1,44.0,1,0.0,1.91251869223197,0.0,0.0,1.0,0.0,0.0,0.0,0.0,0
00-0001477,2004,15,1,1,48.0,0,0.0,2.891253413981758,0.0,0.0,1.0,0.0,0.0,0.0,0.0,0
00-0001477,2005,13,1,0,0.0,0,0.0,-0.5991740692406893,0.0,0.0,0.0,0.0,0.0,0.0,0.0,0
00-0001477,2007,15,1,0,0.0,0,0.0,-0.011265960289165378,0.0,0.0,0.0,0.0,0.0,0.0,0.0,0
00-0001545,2001,5,89,51,795.0,8,4.0,15.042007388772058,0.0,0.0,32.0,0.0,0.47814789123795004,4.0,27.0,0
00-0001545,2002,1,6,3,85.0,0,0.0,-2.5102824595524,0.0,0.0,2.0,0.0,0.024992722084694295,2.0,22.0,0
00-0001545,2003,3,13,7,81.0,1,0.0,2.85815492447,0.0,0.0,4.0,0.0,0.2335403763644864,1.0,7.0,1
00-0001545,2005,5,122,68,722.0,2,7.0,-38.44905443994318,0.0,0.0,37.0,0.0,0.1738359686485732,8.0,59.0,0
00-0001545,2010,1,34,18,222.0,2,2.0,-5.14503642856975,250.0,121.0,12.0,0.888,0.0791658091992285,1.0,6.0,0
00-0001611,2003,2,1,0,0.0,0,0.0,-2.2559007813688368,0.0,0.0,0.0,0.0,0.0,0.0,0.0,0
00-0001785,1999,2,20,12,87.0,0,3.0,-7.390930964727886,0.0,0.0,7.0,0.0,0.07090313131568686,0.0,0.0,0
00-0001785,2000,2,20,10,82.0,0,1.0,-12.82246376172185,0.0,0.0,3.0,0.0,0.03647044256367726,1.0,6.0,0
00-0001823,2000,8,192,111,1494.0,9,6.0,23.158611754527804,0.0,0.0,65.0,0.0,0.486985216229457,15.0,94.0,0
00-0001823,2001,16,558,312,3832.0,26,22.0,10.579958752206245,0.0,0.0,183.0,0.0,1.3142736536442161,50.0,330.0,1
00-0001823,2002,16,528,283,3572.0,27,15.0,9.161768723900014,0.0,0.0,165.0,0.0,1.4007785957007417,36.0,236.0,2
00-0001823,2003,16,518,306,3546.0,24,8.0,18.98992791756732,0.0,0.0,172.0,0.0,1.5444369602326165,36.0,203.0,0
00-0001823,2004,16,542,309,3810.0,21,16.0,19.85282508408226,0.0,0.0,177.0,0.0,1.2818837818554762,42.0,226.0,1
00-0001823,2005,13,431,240,2882.0,13,17.0,-0.005332895035641272,0.0,0.0,145.0,0.0,1.1803292537090377,33.0,202.0,0
00-0001823,2006,8,192,110,1105.0,3,8.0,-39.76404230168819,1460.0,423.0,60.0,5.212783608890014,0.18953143641542555,26.0,174.0,0
00-0001907,1999,8,168,84,944.0,2,5.0,-40.54862880320293,0.0,0.0,39.0,0.0,0.2959312532990784,18.0,130.0,0
00-0001907,2000,4,68,40,467.0,2,3.0,-14.687730724706634,0.0,0.0,20.0,0.0,0.11603353277973442,9.0,48.0,0
00-0002068,1999,12,1,0,0.0,0,0.0,-0.3675864730030298,0.0,0.0,0.0,0.0,0.0,0.0,0.0,0
00-0002099,2003,14,2,2,66.0,0,0.0,3.951072012190707,0.0,0.0,2.0,0.0,0.0,0.0,0.0,0
00-0002099,2004,16,2,0,0.0,0,0.0,-0.9752593822777271,0.0,0.0,0.0,0.0,0.0,0.0,0.0,0
00-0002099,2006,16,1,0,0.0,0,0.0,-0.4301428529433906,11.0,0.0,0.0,0.0,0.0,0.0,0.0,0
00-0002099,2008,15,1,0,0.0,0,0.0,-0.48963375948369503,9.0,0.0,0.0,0.0,0.0,0.0,0.0,0
00-0002110,1999,15,438,259,3060.0,14,8.0,59.16489407551428,0.0,0.0,154.0,0.0,1.7349900804824476,29.0,174.0,2
00-0002110,2000,16,512,311,3640.0,20,14.0,36.60069922226407,0.0,0.0,177.0,0.0,1.5956799300382478,53.0,284.0,1
00-0002110,2001,15,473,289,3309.0,10,13.0,-126.47616756134151,0.0,0.0,164.0,0.0,0.9942936712101471,57.0,387.0,1
00-0002110,2002,15,415,245,2788.0,10,7.0,-87.1821295789815,0.0,0.0,140.0,0.0,1.067951450038707,34.0,210.0,2
00-0002110,2003,3,82,54,484.0,2,0.0,-7.401733539201674,0.0,0.0,22.0,0.0,0.22459113489407342,9.0,46.0,0
00-0002110,2004,9,237,118,1194.0,7,6.0,-59.63759161295782,0.0,0.0,66.0,0.0,0.37664643662303143,15.0,105.0,1
00-0002110,2005,16,454,262,3050.0,23,10.0,32.77126450428943,0.0,0.0,154.0,0.0,1.6920790141858937,27.0,213.0,1
00-0002110,2006,10,261,162,1789.0,8,4.0,6.317302468218514,1698.0,990.0,80.0,12.802698047261112,0.6689603359159358,12.0,92.0,2
00-0002110,2009,4,30,15,102.0,0,1.0,-13.685196132820504,61.0,97.0,5.0,1.8214285714285714,-0.016478110530163313,1.0,9.0,0
00-0002110,2010,2,13,7,117.0,2,1.0,-0.7588273968431167,159.0,23.0,7.0,1.8856209150326797,0.08496373014909865,1.0,7.0,0
00-0002110,2011,1,3,1,27.0,0,0.0,-0.3560372703941539,46.0,26.0,1.0,0.5869565217391305,0.0,0.0,0.0,0
00-0002787,1999,10,168,76,975.0,3,8.0,-49.05475551557207,0.0,0.0,41.0,0.0,0.5045197288669577,17.0,116.0,0
00-0002787,2000,5,89,55,498.0,1,3.0,-28.82647765874894,0.0,0.0,25.0,0.0,0.12900804120871615,12.0,75.0,1
00-0002873,2000,2,1,0,0.0,0,0.0,-2.6920609595254064,0.0,0.0,0.0,0.0,0.0,0.0,0.0,0
00-0002876,1999,12,304,173,2335.0,16,11.0,-5.57408144364646,0.0,0.0,113.0,0.0,1.1027223804613189,32.0,230.0,0
00-0002876,2000,14,328,190,2227.0,10,12.0,-59.86225368998593,0.0,0.0,105.0,0.0,0.7246920703816628,40.0,251.0,0
00-0002876,2001,14,365,223,2847.0,16,14.0,18.651156377329993,0.0,0.0,127.0,0.0,1.465334363442416,41.0,261.0,1
00-0002876,2002,8,161,103,1023.0,4,4.0,-34.04113795732351,0.0,0.0,43.0,0.0,0.36401372636208357,23.0,144.0,0
00-0002876,2003,8,192,107,1050.0,3,7.0,-23.80239464869596,0.0,0.0,51.0,0.0,0.3554277027457717,14.0,101.0,0
00-0002876,2004,3,62,35,460.0,2,8.0,-21.427891599234762,0.0,0.0,15.0,0.0,0.1442128639706538,7.0,54.0,0
00-0002962,2002,15,1,0,0.0,0,0.0,-0.6859141364693642,0.0,0.0,0.0,0.0,0.0,0.0,0.0,0
00-0003292,1999,10,328,190,2318.0,8,10.0,-7.136812432809213,0.0,0.0,116.0,0.0,0.7240492638610416,16.0,112.0,0
00-0003292,2000,16,523,309,3576.0,22,12.0,84.73859844752978,0.0,0.0,194.0,0.0,1.596058158856822,28.0,243.0,0
00-0003292,2001,16,568,327,3764.0,19,16.0,-3.16951095539202,0.0,0.0,189.0,0.0,0.7808839615965659,36.0,206.0,0
00-0003292,2002,16,545,335,4073.0,19,14.0,112.32750664935558,0.0,0.0,193.0,0.0,1.7729920554790088,24.0,152.0,1
00-0003292,2003,13,500,284,3110.0,13,16.0,-21.54280473108366,0.0,0.0,159.0,0.0,0.8270967906620763,28.0,164.0,0
00-0003292,2004,14,513,289,3495.0,21,20.0,-1.1211977387576795,0.0,0.0,153.0,0.0,1.2702883011721082,24.0,143.0,0
00-0003292,2005,15,566,302,3759.0,20,13.0,12.648668446997174,0.0,0.0,181.0,0.0,1.1426497346744078,37.0,247.0,0
00-0003292,2006,3,90,42,549.0,1,6.0,-24.409986057836125,847.0,175.0,26.0,1.7980740551760928,-0.021166627260030865,4.0,23.0,1
00-0003292,2007,6,82,50,531.0,0,0.0,3.70505534460057,678.0,224.0,30.0,6.793569330200895,0.3591582581541398,5.0,42.0,0
00-0003292,2008,16,416,243,2681.0,12,7.0,28.33067987014701,3604.0,1155.0,133.0,44.12684571846961,1.044332669216603,8.0,60.0,1
00-0003292,2009,7,216,119,1225.0,6,8.0,-16.91555985878179,1742.0,558.0,63.0,5.1286134508788015,0.2571095488344543,5.0,37.0,0
00-0003292,2010,10,278,160,1823.0,14,8.0,24.520172703393342,2723.0,537.0,90.0,7.18124069222864,0.9796788335244028,13.0,91.0,1
00-0003292,2011,3,98,48,481.0,2,1.0,-25.097429738310737,806.0,216.0,29.0,1.777000384174968,-0.09357390815266514,5.0,40.0,0
00-0003315,2001,1,4,3,40.0,0,0.0,1.6362953054485843,0.0,0.0,1.0,0.0,0.0,0.0,0.0,0
00-0003315,2002,2,6,5,73.0,1,0.0,6.118866486940533,0.0,0.0,3.0,0.0,0.3093589464196556,0.0,0.0,0
00-0003315,2003,5,12,9,74.0,0,0.0,0.19775907878647558,0.0,0.0,3.0,0.0,0.03201724753752449,0.0,0.0,0
00-0003315,2004,2,5,1,42.0,0,0.0,-0.8678495008420555,0.0,0.0,1.0,0.0,0.0,0.0,0.0,0
00-0003315,2007,4,105,67,888.0,5,0.0,26.74200670874328,818.0,363.0,42.0,4.7697799674569366,0.6482319254072871,7.0,47.0,0
00-0003315,2009,3,23,12,144.0,0,0.0,-5.348315668128688,168.0,63.0,4.0,2.375,0.09242660003396765,2.0,11.0,0
00-0003315,2010,2,27,10,68.0,0,5.0,-25.447744454725434,186.0,43.0,2.0,0.7467166979362101,-0.09815954459904912,2.0,15.0,0
00-0003395,1999,1,1,0,0.0,0,0.0,-1.3680409649387002,0.0,0.0,0.0,0.0,0.0,0.0,0.0,0
00-0003535,1999,15,391,219,2409.0,15,12.0,-70.17210134820924,0.0,0.0,105.0,0.0,0.8096160691729655,56.0,359.0,0
00-0003535,2000,7,211,137,1484.0,7,9.0,0.16818542349759547,0.0,0.0,59.0,0.0,0.5295682816645239,10.0,78.0,0
00-0003535,2001,16,454,272,3040.0,17,21.0,-59.11234951206695,0.0,0.0,134.0,0.0,0.8950362733646415,51.0,353.0,0
00-0003535,2002,14,443,273,2842.0,18,18.0,1.4807534012973615,0.0,0.0,128.0,0.0,1.0984999824316624,30.0,213.0,1
00-0003535,2003,10,203,120,1319.0,7,6.0,-40.88847560481698,0.0,0.0,59.0,0.0,0.8498717090026537,19.0,116.0,0
00-0003557,1999,3,5,4,23.0,0,0.0,-0.8921270921709947,0.0,0.0,1.0,0.0,0.0,0.0,0.0,0
00-0003557,2002,1,5,2,7.0,0,0.0,-2.826219256501645,0.0,0.0,0.0,0.0,0.03558696329343335,2.0,16.0,0
00-0003600,2001,2,8,4,34.0,0,0.0,-4.621572778618429,0.0,0.0,2.0,0.0,0.03651668369759288,2.0,15.0,0
00-0003739,2000,16,469,295,3924.0,33,14.0,105.96376019233078,0.0,0.0,189.0,0.0,2.1512264133922274,34.0,181.0,2
00-0003739,2001,11,366,235,2612.0,14,13.0,3.629097205017389,0.0,0.0,126.0,0.0,0.8798921017934513,33.0,186.0,1
00-0003739,2002,16,549,333,3853.0,18,23.0,28.618895929240693,0.0,0.0,188.0,0.0,1.3836399034815066,47.0,244.0,0
00-0003739,2003,14,454,295,3479.0,25,11.0,60.68389252767393,0.0,0.0,169.0,0.0,1.4846725729074286,38.0,196.0,1
00-0003739,2004,16,548,379,4717.0,39,11.0,179.7320811824115,0.0,0.0,224.0,0.0,2.450991344290952,45.0,238.0,2
00-0003739,2005,7,216,139,1564.0,6,12.0,-30.60528876335976,0.0,0.0,77.0,0.0,0.3490482052553159,31.0,163.0,1
00-0003739,2006,4,134,81,929.0,2,3.0,-18.343376074366393,1227.0,508.0,44.0,3.0367305919389254,0.1292747685622742,20.0,150.0,0
00-0003739,2007,7,185,108,1332.0,5,5.0,0.43977717825060836,1516.0,513.0,60.0,6.067448429403503,0.5195777245808945,21.0,136.0,0
00-0003739,2008,5,115,60,786.0,4,6.0,-42.698008888200505,984.0,303.0,30.0,4.05941060852069,0.05977961706636271,14.0,95.0,0
00-0003739,2009,8,157,89,945.0,3,6.0,-23.37284376827793,1307.0,381.0,45.0,5.887370023977769,0.1078762887348525,14.0,107.0,0
00-0003761,1999,6,195,122,1436.0,8,9.0,1.8665046192040258,0.0,0.0,69.0,0.0,0.5870335370748494,15.0,101.0,0
00-0003761,2000,6,124,73,840.0,6,4.0,5.939984586970102,0.0,0.0,35.0,0.0,0.5451330874640297,8.0,45.0,1
00-0003761,2001,5,89,54,573.0,3,2.0,3.478839131914902,0.0,0.0,31.0,0.0,0.3601881467838227,12.0,66.0,1
00-0004091,2009,1,1,1,10.0,0,0.0,0.2555120656892158,2.0,8.0,1.0,5.0,0.0,0.0,0.0,0
00-0004161,1999,2,76,42,521.0,3,5.0,-15.61441448012489,0.0,0.0,24.0,0.0,0.12645957432929905,5.0,34.0,0
00-0004161,2002,3,10,8,113.0,0,0.0,6.424013488463228,0.0,0.0,4.0,0.0,0.21945875497198358,0.0,0.0,0
00-0004161,2003,16,449,266,3219.0,19,16.0,18.0451304038847,0.0,0.0,146.0,0.0,1.2204635946251399,23.0,172.0,0
00-0004161,2004,16,533,310,3886.0,29,15.0,68.019832498798,0.0,0.0,192.0,0.0,1.8227536477723028,33.0,246.0,2
00-0004161,2005,16,435,262,3421.0,24,16.0,50.583096331486765,0.0,0.0,153.0,0.0,1.9442336380448684,27.0,211.0,0
00-0004161,2006,13,431,263,2805.0,17,11.0,-1.8600203916434062,3424.0,1310.0,128.0,11.10012638450033,1.1357624089354506,22.0,167.0,0
00-0004161,2007,3,86,55,617.0,8,1.0,22.838604186721625,641.0,272.0,27.0,2.8102776731348795,0.44525995650535394,5.0,46.0,0
00-0004161,2008,16,414,246,3284.0,15,12.0,38.618375542179734,3876.0,1226.0,151.0,14.28535632381858,1.949876725083656,20.0,130.0,0
00-0004161,2009,11,321,178,2015.0,8,18.0,-58.24870598203963,2925.0,838.0,100.0,7.949408230414878,0.37660483962063074,23.0,187.0,1
00-0004161,2010,5,149,93,872.0,2,7.0,-42.77351373952007,1119.0,374.0,36.0,3.9388103521429696,0.21810753220097953,6.0,49.0,0
00-0004161,2011,1,28,18,211.0,1,0.0,-1.4104350829292154,217.0,56.0,9.0,0.9723502304147466,0.05770143732168096,2.0,18.0,0
00-0004229,1999,1,28,10,181.0,3,2.0,-3.0465405269629446,0.0,0.0,7.0,0.0,0.024840141608416362,0.0,0.0,0
00-0004229,2000,2,1,0,0.0,0,1.0,-5.288766722544096,0.0,0.0,0.0,0.0,0.0,0.0,0.0,0
00-0004229,2001,5,14,5,51.0,0,1.0,-8.556153918169121,0.0,0.0,2.0,0.0,0.037021598170182246,1.0,9.0,0
00-0004229,2002,2,28,19,224.0,2,0.0,12.999946746752407,0.0,0.0,10.0,0.0,0.2401451304879541,1.0,8.0,0
00-0004229,2003,3,5,3,32.0,0,0.0,-3.5692025805533873,0.0,0.0,3.0,0.0,0.0,0.0,0.0,0
00-0004229,2004,5,40,18,207.0,0,2.0,-18.778784841124494,0.0,0.0,6.0,0.0,0.08673453350509673,2.0,16.0,0
00-0004229,2005,5,56,32,238.0,0,3.0,-27.78118458550307,0.0,0.0,10.0,0.0,0.43336323098568114,3.0,15.0,0
00-0004230,1999,5,91,47,548.0,4,2.0,-2.998984740639571,0.0,0.0,27.0,0.0,0.5281517152885621,4.0,26.0,0
00-0004230,2001,4,151,92,906.0,3,10.0,-35.72508448561818,0.0,0.0,43.0,0.0,0.16210901708256945,12.0,75.0,0
00-0004293,1999,10,242,145,1610.0,11,10.0,-34.94424711595085,0.0,0.0,78.0,0.0,0.8056351906379118,26.0,189.0,0
00-0004293,2000,9,225,133,1493.0,12,11.0,-16.272868017474504,0.0,0.0,69.0,0.0,0.5996902118651701,23.0,135.0,0
00-0004293,2001,6,122,73,1014.0,7,4.0,21.750209586555034,0.0,0.0,43.0,0.0,0.467711375107515,10.0,72.0,1
00-0004293,2002,6,168,94,1182.0,4,6.0,-2.899445156003371,0.0,0.0,51.0,0.0,0.3964786822331663,7.0,36.0,0
00-0004293,2003,5,8,4,31.0,1,1.0,-4.117671216081362,0.0,0.0,3.0,0.0,0.0,1.0,8.0,0
00-0004293,2004,4,58,25,333.0,1,3.0,-12.85474150778883,0.0,0.0,12.0,0.0,0.05962907417603279,4.0,21.0,0
00-0004293,2005,11,333,199,2321.0,11,12.0,-24.530959724339144,0.0,0.0,101.0,0.0,0.6912584693029411,23.0,139.0,0
00-0004293,2007,7,219,113,1166.0,7,12.0,-88.67349076294076,1869.0,511.0,62.0,4.913397893972827,0.003845221112245771,27.0,182.0,0
00-0004294,2001,16,1,1,39.0,1,0.0,5.490057402290404,0.0,0.0,1.0,0.0,0.0,0.0,0.0,0
00-0004304,2001,16,1,0,0.0,0,1.0,-4.668137023982126,0.0,0.0,0.0,0.0,0.0,0.0,0.0,0
00-0004386,2002,14,1,0,0.0,0,0.0,-1.5659769437094286,0.0,0.0,0.0,0.0,0.0,0.0,0.0,0
00-0005091,2001,15,1,1,23.0,0,0.0,1.769159761723131,0.0,0.0,1.0,0.0,0.0,0.0,0.0,0
00-0005091,2002,15,1,0,0.0,0,0.0,-0.44345757784321904,0.0,0.0,0.0,0.0,0.0,0.0,0.0,0
00-0005091,2003,15,1,0,0.0,0,0.0,-0.41949632187606767,0.0,0.0,0.0,0.0,0.0,0.0,0.0,0
00-0005091,2008,15,1,1,-2.0,0,0.0,-0.9696952349622734,-4.0,2.0,0.0,0.0,0.0,0.0,0.0,0
00-0005092,1999,15,1,0,0.0,0,0.0,-1.9219735076185316,0.0,0.0,0.0,0.0,0.0,0.0,0.0,0
00-0005092,2001,14,1,0,0.0,0,0.0,-0.36587227624841034,0.0,0.0,0.0,0.0,0.0,0.0,0.0,0
00-0005106,1999,16,589,338,4068.0,22,23.0,19.11071085606215,0.0,0.0,193.0,0.0,1.7130104420525845,34.0,210.0,1
00-0005106,2000,16,575,334,3764.0,20,16.0,22.89298184941246,0.0,0.0,191.0,0.0,1.3443036491819842,33.0,236.0,2
00-0005106,2001,16,510,314,3921.0,32,15.0,85.92782157879421,0.0,0.0,187.0,0.0,1.702906879805943,21.0,146.0,1
00-0005106,2002,16,551,341,3658.0,27,16.0,42.18749067180978,0.0,0.0,189.0,0.0,1.7366889218602266,26.0,188.0,0
00-0005106,2003,16,472,308,3361.0,32,21.0,56.61266336848663,0.0,0.0,166.0,0.0,1.7870428729944237,19.0,139.0,2
00-0005106,2004,16,541,346,4086.0,30,17.0,138.21238033040464,0.0,0.0,202.0,0.0,2.5443237957129115,12.0,101.0,2
00-0005106,2005,16,607,372,3881.0,20,29.0,-0.5839660332726417,0.0,0.0,202.0,0.0,1.3835260228735864,24.0,170.0,2
00-0005106,2006,16,613,343,3885.0,18,18.0,-2.58334310667742,5305.0,1928.0,182.0,12.682606292164905,0.9240913936258119,21.0,139.0,0
00-0005106,2007,16,535,356,4157.0,28,15.0,115.0859453738512,4064.0,2085.0,197.0,17.553266268922034,2.783781853318129,15.0,93.0,0
00-0005106,2008,16,522,343,3472.0,22,22.0,20.542461575754345,4062.0,1644.0,184.0,14.774412532614615,1.8733834289197753,30.0,213.0,1
00-0005106,2009,16,532,364,4202.0,33,7.0,134.62405105501702,4229.0,1949.0,211.0,17.59451963437913,2.9722470589403582,34.0,247.0,0
00-0005106,2010,13,358,217,2509.0,11,19.0,-44.36368367828169,3086.0,1229.0,114.0,11.973187426189263,0.5770104799791467,22.0,139.0,0
00-0005113,2000,1,1,0,0.0,0,0.0,-2.4287649603793398,0.0,0.0,0.0,0.0,0.0,0.0,0.0,0
00-0005113,2001,2,2,0,0.0,0,0.0,-3.0206022621132433,0.0,0.0,0.0,0.0,0.0,0.0,0.0,0
00-0005113,2004,1,1,0,0.0,0,0.0,-2.5460643148981035,0.0,0.0,0.0,0.0,0.0,0.0,0.0,0
00-0005113,2006,1,1,0,0.0,0,0.0,-2.7649382883682847,-7.0,0.0,0.0,0.0,0.0,0.0,0.0,0
00-0005180,1999,7,94,61,656.0,2,2.0,13.968521615397426,0.0,0.0,40.0,0.0,0.5822779606977408,7.0,47.0,1
00-0005180,2000,14,330,188,2248.0,13,13.0,38.41633823961627,0.0,0.0,101.0,0.0,1.354017761250981,22.0,121.0,0
00-0005180,2001,16,449,272,3248.0,20,19.0,36.29166401120965,0.0,0.0,152.0,0.0,1.8317188742479946,27.0,178.0,0
00-0005180,2002,11,292,179,2024.0,14,9.0,38.40952715265138,0.0,0.0,108.0,0.0,1.305423089983178,13.0,89.0,0
00-0005180,2003,12,314,179,2138.0,12,13.0,-10.791204945397928,0.0,0.0,107.0,0.0,1.3361213787939552,20.0,133.0,0
00-0005180,2004,8,190,101,1186.0,7,8.0,-42.5103603064419,0.0,0.0,54.0,0.0,0.4191014604315574,25.0,165.0,0
00-0005180,2005,2,13,8,107.0,1,0.0,7.1376736691454425,0.0,0.0,5.0,0.0,0.2603390922138834,0.0,0.0,0
00-0005363,1999,15,471,261,3145.0,18,14.0,11.475076423035313,0.0,0.0,154.0,0.0,1.618380101416708,25.0,168.0,0
00-0005363,2000,10,225,129,1656.0,8,2.0,28.350644682521796,0.0,0.0,69.0,0.0,0.9161548137938735,9.0,64.0,0
00-0005363,2001,16,521,294,3464.0,15,18.0,35.71418589756642,0.0,0.0,166.0,0.0,1.3634876329898546,25.0,168.0,0
00-0005363,2002,1,11,3,64.0,0,0.0,-0.71777415027463,0.0,0.0,2.0,0.0,0.02820514278154909,0.0,0.0,0
00-0005363,2003,7,167,91,1097.0,9,4.0,8.518420974239806,0.0,0.0,50.0,0.0,0.7247199184259715,8.0,27.0,1
00-0005363,2004,2,38,20,276.0,1,0.0,14.43574988844689,0.0,0.0,15.0,0.0,0.4228504124832595,1.0,7.0,0
00-0005363,2005,4,10,5,29.0,0,0.0,-2.7386978367576376,0.0,0.0,3.0,0.0,0.027870711579041918,1.0,13.0,0
00-0005379,1999,1,30,18,283.0,2,0.0,10.587443276599515,0.0,0.0,13.0,0.0,0.0953530664349689,6.0,34.0,0
00-0005589,1999,9,287,174,2111.0,9,7.0,17.34694736783083,0.0,0.0,90.0,0.0,0.6824469351279926,27.0,198.0,1
00-0005589,2000,9,230,137,1766.0,9,8.0,6.522225955207457,0.0,0.0,86.0,0.0,0.7667035390965175,11.0,74.0,0
00-0005589,2001,4,48,30,308.0,3,0.0,11.732562359165852,0.0,0.0,19.0,0.0,0.552870282098364,3.0,21.0,0
00-0005589,2002,3,85,44,437.0,1,5.0,-32.20341557297934,0.0,0.0,24.0,0.0,0.11865155568419038,10.0,74.0,0
00-0005589,2003,5,65,38,690.0,7,2.0,26.947995296841107,0.0,0.0,25.0,0.0,0.45441299464336193,5.0,22.0,1
00-0005589,2004,1,1,0,0.0,0,0.0,-2.7432604102941696,0.0,0.0,0.0,0.0,0.0,0.0,0.0,0
00-0005589,2005,16,494,257,2996.0,18,13.0,-8.07905153960592,0.0,0.0,142.0,0.0,1.2127961034499704,26.0,158.0,0
00-0005589,2006,1,3,1,27.0,0,0.0,1.5221012772344968,57.0,0.0,1.0,0.47368421052631576,0.0,0.0,0.0,0
00-0005589,2007,8,167,94,1014.0,7,12.0,-48.83969681146701,1505.0,329.0,55.0,4.357001205727642,-0.013579521073571896,11.0,59.0,1
00-0005589,2008,11,301,178,2157.0,12,15.0,-31.73797024176325,2463.0,955.0,101.0,10.338014930402501,0.38960769437277176,29.0,164.0,0
00-0005600,2000,1,21,11,66.0,0,1.0,-15.454613385330155,0.0,0.0,4.0,0.0,0.033053685407905986,3.0,16.0,0
00-0005720,2001,16,1,1,-1.0,0,0.0,-1.2717014788649976,0.0,0.0,0.0,0.0,0.0,0.0,0.0,0
00-0005741,1999,16,512,302,3819.0,24,13.0,71.467633941514,0.0,0.0,194.0,0.0,1.953338757178005,49.0,241.0,1
00-0005741,2000,16,465,278,3343.0,28,11.0,96.72317132629124,0.0,0.0,172.0,0.0,2.0181306034801265,27.0,120.0,0
00-0005741,2001,16,549,361,3828.0,27,9.0,98.24862079145515,0.0,0.0,194.0,0.0,1.7471952881230324,27.0,155.0,0
00-0005741,2002,16,618,418,4689.0,26,10.0,131.59151773973937,0.0,0.0,226.0,0.0,2.0167788017868284,36.0,214.0,2
00-0005741,2003,7,224,124,1270.0,6,4.0,-25.61729229741468,0.0,0.0,53.0,0.0,0.3612320446446609,17.0,90.0,0
00-0005741,2004,3,68,41,524.0,3,2.0,9.430876749105215,0.0,0.0,23.0,0.0,0.21927196211654712,5.0,17.0,1
00-0005755,1999,13,369,222,2516.0,11,11.0,26.18531290212859,0.0,0.0,132.0,0.0,1.2943806807330231,15.0,104.0,1
00-0005755,2000,16,550,349,4238.0,31,9.0,134.47117808848,0.0,0.0,203.0,0.0,2.041574793396366,23.0,153.0,1
00-0005755,2001,16,504,316,3538.0,32,12.0,88.00339949688268,0.0,0.0,183.0,0.0,1.7938434562393097,26.0,114.0,1
00-0005755,2002,16,528,328,3344.0,21,10.0,79.53785981271228,0.0,0.0,171.0,0.0,1.645622387010193,17.0,93.0,1
00-0005755,2003,13,392,225,2704.0,18,13.0,20.453884149777803,0.0,0.0,131.0,0.0,1.519435955280097,22.0,107.0,1
00-0005755,2004,11,252,144,1731.0,10,9.0,-26.085418709582722,0.0,0.0,71.0,0.0,0.7586286097093717,25.0,108.0,0
00-0005755,2005,6,173,102,937.0,3,6.0,-19.235567736679222,0.0,0.0,45.0,0.0,0.29298262476100917,6.0,34.0,0
00-0005755,2006,8,188,116,1309.0,10,2.0,15.657653423836756,1586.0,546.0,61.0,6.974018434378415,0.7031690399326935,6.0,40.0,1
00-0005755,2007,13,327,209,2440.0,13,4.0,49.41911268455459,2443.0,1129.0,112.0,14.127411606887135,1.7578437465628958,19.0,104.0,0
00-0005755,2008,12,377,244,2712.0,12,6.0,41.30447470264246,2795.0,1193.0,125.0,12.635928405150828,1.5258966083316836,24.0,103.0,1
00-0005771,2005,1,1,0,0.0,0,0.0,-2.262403250671923,0.0,0.0,0.0,0.0,0.0,0.0,0.0,0
00-0005794,1999,5,64,32,314.0,3,1.0,-14.202010607450445,0.0,0.0,13.0,0.0,0.2687811031472506,5.0,21.0,0
00-0005885,1999,12,318,188,2769.0,22,12.0,50.73148063700399,0.0,0.0,118.0,0.0,1.4594555434052896,27.0,223.0,0
00-0005885,2000,6,192,113,1389.0,7,6.0,28.134116135275047,0.0,0.0,65.0,0.0,0.6684830642860201,11.0,85.0,0
00-0005885,2001,2,42,23,168.0,0,3.0,-23.579978804686107,0.0,0.0,6.0,0.0,0.08535460067509092,6.0,38.0,0
00-0005902,1999,2,16,9,136.0,1,2.0,-6.760237823764328,0.0,0.0,6.0,0.0,0.024964401904010593,3.0,23.0,0
00-0006043,2003,13,1,0,0.0,0,0.0,-0.4148707629647106,0.0,0.0,0.0,0.0,0.0,0.0,0.0,0
00-0006043,2004,6,1,0,0.0,0,0.0,-0.40240379224997014,0.0,0.0,0.0,0.0,0.0,0.0,0.0,0
00-0006100,1999,1,1,1,8.0,0,0.0,0.04836830520071089,0.0,0.0,0.0,0.0,0.0,0.0,0.0,0
00-0006101,2001,16,1,1,40.0,0,0.0,2.655994185595773,0.0,0.0,1.0,0.0,0.0,0.0,0.0,0
00-0006212,1999,9,270,160,1697.0,9,8.0,-6.1633820938865895,0.0,0.0,81.0,0.0,0.5896951640586157,25.0,169.0,0
00-0006212,2000,8,148,66,878.0,1,1.0,-34.8588977556456,0.0,0.0,37.0,0.0,0.19585497514152983,13.0,70.0,0
00-0006212,2001,2,19,13,131.0,2,0.0,7.11895736301085,0.0,0.0,9.0,0.0,0.11092490825271771,2.0,16.0,0
00-0006223,2001,1,1,0,0.0,0,0.0,-2.84100969042629,0.0,0.0,0.0,0.0,0.0,0.0,0.0,0
00-0006299,1999,11,115,61,753.0,2,3.0,-17.595211378774206,0.0,0.0,37.0,0.0,0.3898327520463933,12.0,78.0,0
00-0006300,1999,16,494,293,3360.0,22,13.0,46.79460941880345,0.0,0.0,162.0,0.0,1.5984769819062121,26.0,170.0,0
00-0006300,2000,14,509,303,3848.0,22,13.0,56.60272229024737,0.0,0.0,181.0,0.0,1.4656268040938945,27.0,210.0,0
00-0006300,2001,14,467,265,3033.0,15,18.0,-36.516165005120115,0.0,0.0,149.0,0.0,1.0179818803696399,28.0,215.0,0
00-0006305,2000,16,1,0,0.0,0,0.0,-0.662081322981976,0.0,0.0,0.0,0.0,0.0,0.0,0.0,0
00-0006305,2004,15,1,1,20.0,1,0.0,3.151465460890904,0.0,0.0,1.0,0.0,0.0,0.0,0.0,0
00-0006355,2000,8,236,142,2007.0,16,5.0,51.645357447682,0.0,0.0,91.0,0.0,0.8457460323273112,24.0,145.0,0
00-0006355,2001,16,523,296,3783.0,17,24.0,-7.79657193524726,0.0,0.0,176.0,0.0,1.263286646715799,39.0,198.0,2
00-0006355,2002,16,470,287,3690.0,26,13.0,92.66052321899731,0.0,0.0,176.0,0.0,2.0858991596013947,26.0,141.0,0
00-0006355,2003,16,523,330,4039.0,24,12.0,99.95693825775682,0.0,0.0,198.0,0.0,1.6749016972637787,20.0,130.0,0
00-0006355,2004,16,556,369,4589.0,27,17.0,149.84341570446128,0.0,0.0,227.0,0.0,2.433586874868129,32.0,227.0,1
00-0006355,2005,16,507,317,4014.0,17,10.0,76.87233051224709,0.0,0.0,182.0,0.0,2.0397824973110557,32.0,204.0,1
00-0006355,2006,8,198,121,1342.0,7,9.0,-7.431508433151999,1621.0,552.0,76.0,6.623989897161341,0.8744419628505669,24.0,127.0,0
00-0006355,2007,5,141,85,987.0,5,7.0,-2.9148037714302735,1182.0,434.0,51.0,4.373105611018312,0.33415827747935256,7.0,53.0,0
00-0006355,2008,3,72,38,525.0,0,6.0,-32.54896031840667,764.0,227.0,19.0,2.3698100898377414,-0.010836030638137914,6.0,58.0,0
00-0006410,1999,1,6,1,4.0,0,0.0,-3.6638951732893474,0.0,0.0,0.0,0.0,0.045937719189649465,0.0,0.0,0
00-0006410,2000,2,10,6,65.0,1,0.0,-3.6502420774195343,0.0,0.0,4.0,0.0,0.025861335455342322,3.0,24.0,0
00-0006423,1999,14,442,258,3006.0,14,14.0,6.049619669249247,0.0,0.0,136.0,0.0,1.1361909410793678,27.0,176.0,0
00-0006423,2000,10,330,210,2606.0,19,4.0,83.17200812147622,0.0,0.0,133.0,0.0,1.1711483164888927,17.0,139.0,1
00-0006423,2001,15,451,275,2827.0,23,19.0,-18.20327517137901,0.0,0.0,150.0,0.0,1.1078259543395705,38.0,241.0,2
00-0006423,2002,13,436,291,3214.0,15,15.0,34.78316395047424,0.0,0.0,156.0,0.0,1.32364321525402,34.0,237.0,0
00-0006423,2003,5,130,74,813.0,5,6.0,-41.82441770622223,0.0,0.0,36.0,0.0,0.25560385940712377,12.0,83.0,0
00-0006423,2004,11,336,233,2632.0,20,12.0,57.68905681627179,0.0,0.0,126.0,0.0,1.141123066614198,26.0,169.0,0
00-0006423,2005,6,174,112,1136.0,7,7.0,-8.606807005805628,0.0,0.0,54.0,0.0,0.3996886650871242,12.0,76.0,0
00-0006423,2006,5,32,18,220.0,1,2.0,-2.2910763445718874,249.0,101.0,10.0,7.960561763534566,0.049848025732273996,3.0,22.0,0
00-0006423,2007,7,262,161,1803.0,10,12.0,0.2968209928833563,1940.0,894.0,82.0,6.432262678096662,0.5765308424760833,15.0,114.0,0
00-0006423,2008,5,184,110,1073.0,5,7.0,-23.085887214986194,1278.0,444.0,58.0,4.2431350071959715,0.1754623643324206,9.0,69.0,0
00-0006627,2001,15,1,1,51.0,1,0.0,4.1993786136154085,0.0,0.0,1.0,0.0,0.0,0.0,0.0,0
00-0006627,2003,13,1,1,21.0,0,0.0,1.474828605831135,0.0,0.0,1.0,0.0,0.0,0.0,0.0,0
00-0006808,1999,14,426,245,2654.0,10,14.0,-29.428397470778535,0.0,0.0,127.0,0.0,0.6772472936518179,36.0,203.0,1
00-0006808,2000,7,199,121,1389.0,8,10.0,8.725724241036671,0.0,0.0,65.0,0.0,0.5144838964381259,13.0,94.0,0
00-0007059,2000,1,1,0,0.0,0,0.0,-1.2733296293881722,0.0,0.0,0.0,0.0,0.0,0.0,0.0,0
00-0007091,1999,5,10,3,41.0,1,0.0,-3.0603246675783247,0.0,0.0,2.0,0.0,0.047348835968411926,1.0,9.0,0
00-0007091,2000,4,19,10,104.0,1,0.0,-0.7400779824452541,0.0,0.0,4.0,0.0,0.02727404968493301,1.0,2.0,0
00-0007091,2001,13,321,176,2023.0,7,8.0,-22.693224573314833,0.0,0.0,92.0,0.0,0.7840005621417246,38.0,251.0,0
00-0007091,2002,13,419,267,3075.0,15,10.0,59.857382871135094,0.0,0.0,157.0,0.0,1.414022225372884,26.0,143.0,0
00-0007091,2003,16,513,313,3844.0,26,15.0,76.87820228175144,0.0,0.0,187.0,0.0,1.8166358675615477,42.0,246.0,0
00-0007091,2004,14,474,279,3390.0,22,15.0,60.633057532812295,0.0,0.0,177.0,0.0,1.5891341916193114,29.0,159.0,2
00-0007091,2005,16,450,294,3455.0,24,10.0,99.50947426170504,0.0,0.0,182.0,0.0,2.32545261522899,23.0,151.0,0
00-0007091,2006,12,371,210,2442.0,18,15.0,-9.687878082558015,3722.0,792.0,125.0,8.366054105823343,0.8329347943691365,34.0,229.0,1
00-0007091,2007,16,562,352,3966.0,28,12.0,65.83427600115671,4650.0,1669.0,204.0,14.067755749728045,1.71113919276066,33.0,204.0,0
00-0007091,2008,7,209,109,1216.0,5,10.0,-35.89208779528974,1935.0,439.0,65.0,4.483847921832532,0.2256826168650645,19.0,119.0,0
00-0007091,2009,14,488,293,3029.0,17,17.0,-54.19883075127592,3351.0,1713.0,146.0,13.800944792985078,0.6615870756009636,32.0,209.0,0
00-0007091,2010,14,444,266,2998.0,12,17.0,-18.810071508288836,3870.0,1263.0,136.0,11.823511062001836,0.9520004137679298,29.0,174.0,0
00-0007091,2011,16,518,319,3571.0,18,14.0,7.898979828312612,4129.0,1631.0,163.0,19.62974659192534,1.2277378675277264,19.0,153.0,0
00-0007091,2012,8,221,138,1367.0,7,5.0,-14.856309872997752,1707.0,557.0,71.0,6.316032171746534,0.3713525813530857,14.0,103.0,1
00-0007091,2013,3,12,7,130.0,0,1.0,3.8099719973703614,77.0,90.0,6.0,6.516590389016018,-0.05993200585989792,0.0,0.0,0
00-0007091,2014,4,44,30,301.0,2,0.0,-0.6280506349282078,313.0,182.0,17.0,2.540579534064332,0.3042256154382854,2.0,7.0,0
00-0007091,2015,8,256,156,1690.0,9,5.0,-0.11306125011947232,1900.0,779.0,85.0,7.422088788257151,0.5321229184020049,16.0,101.0,0
00-0007308,2001,2,2,0,0.0,0,1.0,-2.680948156499653,0.0,0.0,0.0,0.0,0.0,0.0,0.0,0
00-0007308,2002,2,1,1,17.0,0,0.0,3.202376300934702,0.0,0.0,1.0,0.0,0.0,0.0,0.0,0
00-0007308,2003,5,5,2,25.0,0,0.0,-1.0113622544449754,0.0,0.0,2.0,0.0,0.0,0.0,0.0,0
00-0007308,2004,5,4,2,10.0,0,0.0,-4.927598073147237,0.0,0.0,1.0,0.0,0.0,0.0,0.0,0
00-0007308,2005,3,2,1,26.0,0,0.0,1.696795507799834,0.0,0.0,1.0,0.0,0.0,0.0,0.0,0
00-0007530,1999,9,157,84,965.0,6,5.0,-1.9143597580462242,0.0,0.0,43.0,0.0,0.7901913224468158,11.0,79.0,0
00-0007576,2001,1,12,7,114.0,1,0.0,7.528921502758749,0.0,0.0,5.0,0.0,0.19393129477369075,0.0,0.0,0
00-0007576,2002,4,106,64,790.0,8,4.0,12.64588220119876,0.0,0.0,42.0,0.0,0.4569128680759956,5.0,40.0,0
00-0007576,2003,10,302,193,1797.0,10,12.0,-21.05098249535324,0.0,0.0,94.0,0.0,0.7914908866248535,21.0,166.0,0
00-0007576,2004,4,87,59,737.0,7,5.0,8.842726087696988,0.0,0.0,35.0,0.0,0.3582800622222895,5.0,31.0,0
00-0007576,2005,10,230,155,1509.0,10,8.0,5.625024798787983,0.0,0.0,74.0,0.0,0.6308943962018236,17.0,140.0,0
00-0007576,2007,3,83,42,511.0,2,1.0,-5.86896687802285,617.0,225.0,23.0,2.578011931236542,-0.047035063065644034,11.0,87.0,0
00-0007661,2002,14,1,0,0.0,0,0.0,-0.4743238204391673,0.0,0.0,0.0,0.0,0.0,0.0,0.0,0
00-0007661,2003,16,1,0,0.0,0,0.0,-1.2111699406926633,0.0,0.0,0.0,0.0,0.0,0.0,0.0,0
00-0007744,2001,16,1,0,0.0,0,0.0,-0.4904857291840017,0.0,0.0,0.0,0.0,0.0,0.0,0.0,0
00-0007744,2003,15,1,1,14.0,0,0.0,0.8923134823562577,0.0,0.0,1.0,0.0,0.0,0.0,0.0,0
00-0007744,2006,10,1,0,0.0,0,0.0,-1.7060696005355567,2.0,0.0,0.0,0.0,0.0,0.0,0.0,0
00-0007832,1999,2,5,2,10.0,0,0.0,-2.517501836642623,0.0,0.0,1.0,0.0,0.0,0.0,0.0,0
00-0007832,2000,1,2,0,0.0,0,0.0,-1.7873982868622988,0.0,0.0,0.0,0.0,0.0,0.0,0.0,0
00-0007834,2000,5,86,48,508.0,3,2.0,-19.146713118101317,0.0,0.0,26.0,0.0,0.20954412357120425,13.0,72.0,0
00-0007834,2001,1,17,9,127.0,1,0.0,4.386154583829921,0.0,0.0,6.0,0.0,0.1394686330299414,1.0,5.0,0
00-0007834,2003,2,3,2,22.0,0,0.0,0.9320646984269843,0.0,0.0,2.0,0.0,0.0,1.0,3.0,0
00-0007835,1999,9,214,124,1280.0,8,4.0,-17.55195364869821,0.0,0.0,68.0,0.0,0.8199018262072798,28.0,185.0,0
00-0007835,2000,3,61,37,301.0,1,3.0,-17.59727450897507,0.0,0.0,14.0,0.0,0.06731331220743117,4.0,22.0,0
00-0007835,2003,1,1,0,0.0,0,0.0,-1.3990331420209259,0.0,0.0,0.0,0.0,0.0,0.0,0.0,0
00-0007835,2006,10,244,148,1878.0,11,1.0,32.47853236305193,1973.0,760.0,106.0,10.344391466748172,1.038981296791498,16.0,106.0,1
00-0007835,2007,11,332,206,2257.0,11,13.0,-26.30675728873787,2676.0,952.0,111.0,9.570720121659745,0.7601305619477833,37.0,237.0,0
00-0007835,2008,5,81,50,477.0,2,4.0,-26.500164471612763,659.0,200.0,20.0,3.6079294537458533,0.26680692392157096,9.0,56.0,0
00-0007969,2001,13,1,0,0.0,0,0.0,-4.342944138566963,0.0,0.0,0.0,0.0,0.0,1.0,0.0,0
00-0008442,1999,16,515,313,3988.0,24,13.0,63.17596225158665,0.0,0.0,176.0,0.0,1.894796595546542,28.0,176.0,1
00-0008442,2000,12,359,226,2489.0,11,15.0,9.48168340036444,0.0,0.0,119.0,0.0,1.1064120086957252,20.0,150.0,0
00-0008442,2001,16,559,340,3406.0,13,11.0,9.697828748975317,0.0,0.0,179.0,0.0,1.2701939413036358,44.0,269.0,2
00-0008442,2002,13,451,281,3049.0,22,6.0,50.88786840785427,0.0,0.0,142.0,0.0,1.3661732201215337,21.0,121.0,2
00-0008442,2003,16,570,354,3821.0,26,21.0,42.29702712993842,0.0,0.0,184.0,0.0,1.52165514787862,20.0,111.0,1
00-0008442,2004,4,103,65,674.0,3,3.0,-13.289532437448443,0.0,0.0,28.0,0.0,0.309235144377226,8.0,55.0,1
00-0008442,2005,11,293,183,1885.0,12,4.0,1.9777318080844495,0.0,0.0,92.0,0.0,0.774922126119592,23.0,134.0,0
00-0008442,2006,15,439,270,2750.0,10,15.0,-72.73818843222023,3414.0,1364.0,132.0,14.202366609416055,0.9629498009105906,28.0,200.0,0
00-0008442,2007,3,11,7,79.0,0,0.0,-1.7430230045672293,73.0,53.0,2.0,1.082191780821918,0.037691895765312323,1.0,9.0,0
00-0008442,2008,3,78,41,427.0,2,5.0,-22.17741646761243,701.0,178.0,16.0,1.7964490185387132,-0.018768668282285163,8.0,54.0,0
00-0008484,2008,1,1,1,10.0,0,0.0,-2.373515899060294,7.0,3.0,0.0,1.4285714285714286,0.0,0.0,0.0,0
00-0008484,2009,1,1,0,0.0,0,0.0,-1.8945891654584557,9.0,0.0,0.0,0.0,0.0,0.0,0.0,0
00-0008560,1999,16,1,0,0.0,0,0.0,-0.4396761499810964,0.0,0.0,0.0,0.0,0.0,0.0,0.0,0
00-0008560,2000,16,3,1,23.0,0,1.0,-2.6588042164221406,0.0,0.0,1.0,0.0,0.0,0.0,0.0,0
00-0008560,2002,16,2,1,33.0,1,0.0,2.7563339818734676,0.0,0.0,1.0,0.0,0.0,0.0,0.0,0
00-0008560,2003,15,1,0,0.0,0,0.0,-0.3818329938221723,0.0,0.0,0.0,0.0,0.0,0.0,0.0,0
00-0008561,1999,16,1,0,0.0,0,0.0,-1.6606977416668087,0.0,0.0,0.0,0.0,0.0,1.0,9.0,0
00-0008561,2004,16,2,1,14.0,0,1.0,-1.3053375477902591,0.0,0.0,0.0,0.0,0.0,0.0,0.0,0
00-0008561,2005,16,1,0,0.0,0,0.0,-0.37519844551570714,0.0,0.0,0.0,0.0,0.0,0.0,0.0,0
00-0008561,2006,16,1,0,0.0,0,1.0,-4.12562867696397,20.0,0.0,0.0,0.0,0.0,0.0,0.0,0
00-0008566,2000,3,1,1,18.0,0,0.0,3.2144905542954803,0.0,0.0,1.0,0.0,0.0,0.0,0.0,0
00-0008568,2001,8,1,1,18.0,0,0.0,1.0034730748739094,0.0,0.0,1.0,0.0,0.0,0.0,0.0,0
00-0008568,2002,15,1,1,27.0,0,0.0,1.060081924428232,0.0,0.0,1.0,0.0,0.0,1.0,0.0,0
00-0008612,1999,2,34,25,298.0,2,0.0,17.797075586859137,0.0,0.0,16.0,0.0,0.2558431502766676,1.0,9.0,0
00-0008612,2000,11,274,161,1911.0,12,6.0,-21.579064875420695,0.0,0.0,93.0,0.0,0.6636284395823112,44.0,252.0,0
00-0008612,2001,8,216,134,1465.0,5,7.0,-36.72422707285692,0.0,0.0,70.0,0.0,0.417315291514447,31.0,196.0,0
00-0008612,2002,6,88,57,536.0,1,2.0,-22.89692683360845,0.0,0.0,26.0,0.0,0.32386412594167635,19.0,94.0,0
00-0008612,2003,3,20,11,93.0,0,1.0,-11.434406413813122,0.0,0.0,5.0,0.0,0.03164656712857623,4.0,21.0,0
00-0008970,1999,6,14,9,91.0,0,0.0,2.145909371036104,0.0,0.0,5.0,0.0,0.06570621119604089,1.0,3.0,0
00-0009007,1999,3,82,41,574.0,4,4.0,4.844675992610207,0.0,0.0,28.0,0.0,0.2474522081630853,5.0,37.0,0
00-0009007,2000,5,114,55,506.0,2,5.0,-32.859389605992256,0.0,0.0,28.0,0.0,0.11792827613925505,8.0,60.0,0
00-0009007,2003,5,103,53,442.0,2,5.0,-31.84195125467674,0.0,0.0,26.0,0.0,0.27316870406978555,2.0,24.0,0
00-0009266,1999,6,145,88,807.0,7,4.0,-13.66171918814878,0.0,0.0,40.0,0.0,0.3344232596140341,11.0,78.0,0
00-0009266,2000,16,421,228,2689.0,18,13.0,-1.5446882031345424,0.0,0.0,139.0,0.0,1.3546273913652827,37.0,240.0,0
00-0009266,2001,3,31,21,210.0,0,1.0,-1.9460399448361576,0.0,0.0,10.0,0.0,0.027661990926351257,3.0,29.0,0
00-0009266,2002,3,27,10,80.0,0,1.0,-16.58832285257107,0.0,0.0,4.0,0.0,0.0366967772533649,1.0,5.0,0
00-0009266,2003,3,22,15,130.0,1,1.0,-3.3080432372568636,0.0,0.0,6.0,0.0,0.08491700382910035,3.0,25.0,0
00-0009266,2004,3,84,47,502.0,1,4.0,-11.247018191723566,0.0,0.0,23.0,0.0,0.10543534495561985,6.0,42.0,0
00-0009288,1999,16,1,1,2.0,0,0.0,-0.3216591353993863,0.0,0.0,0.0,0.0,0.0,0.0,0.0,0
00-0009288,2002,6,1,0,0.0,0,0.0,-0.4797042472055182,0.0,0.0,0.0,0.0,0.0,0.0,0.0,0
00-0009311,1999,15,487,267,3328.0,23,16.0,6.873812242134385,0.0,0.0,166.0,0.0,1.1613468467622712,31.0,191.0,0
00-0009311,2000,15,412,256,2643.0,18,19.0,5.334726248816276,0.0,0.0,141.0,0.0,1.0797306334089716,32.0,156.0,0
00-0009311,2001,16,581,313,3216.0,12,22.0,-35.7605821497298,0.0,0.0,171.0,0.0,0.8027398842257404,25.0,185.0,1
00-0009311,2002,13,473,294,3178.0,16,16.0,-16.65554820102614,0.0,0.0,156.0,0.0,1.1677612541878422,24.0,159.0,0
00-0009311,2003,16,521,325,3605.0,26,15.0,48.47296262706061,0.0,0.0,181.0,0.0,1.8393948428526263,37.0,253.0,0
00-0009311,2004,4,104,61,623.0,5,4.0,4.173406766912115,0.0,0.0,32.0,0.0,0.44717738511966215,6.0,41.0,0
00-0009311,2005,3,29,17,99.0,0,2.0,-12.797836410902162,0.0,0.0,6.0,0.0,0.03769508208299252,2.0,10.0,0
00-0009311,2006,16,596,372,4208.0,21,22.0,-33.99151609285423,5040.0,1698.0,208.0,13.806149606328898,1.1339145402114499,63.0,388.0,0
00-0009311,2007,16,563,355,4066.0,18,21.0,-22.755922423423094,4799.0,1569.0,196.0,14.417915003546446,1.2748194607867156,48.0,319.0,0
00-0009311,2008,4,120,68,758.0,5,5.0,-42.933106934691445,1093.0,377.0,33.0,2.756165754447549,0.01918214273705008,15.0,89.0,0
00-0009311,2010,10,318,209,2365.0,16,12.0,24.067200474526892,2140.0,1345.0,117.0,11.192859275390479,1.1843445317125854,21.0,100.0,2
00-0009311,2011,3,10,6,87.0,1,2.0,-0.0806328957551159,110.0,30.0,5.0,0.7909090909090909,0.07275858900394373,0.0,0.0,0
00-0009451,1999,6,140,77,769.0,2,10.0,-31.436896701601913,0.0,0.0,38.0,0.0,0.14136502387347538,7.0,62.0,0
00-0009715,2000,10,305,151,1779.0,11,17.0,-64.11308571858797,0.0,0.0,77.0,0.0,0.3885298979110181,30.0,146.0,0
00-0009715,2001,4,88,45,494.0,1,3.0,-30.363164451910485,0.0,0.0,24.0,0.0,0.18974685909554714,12.0,82.0,0
00-0009829,2002,16,2,0,0.0,0,0.0,-4.817177906865254,0.0,0.0,0.0,0.0,0.0,0.0,0.0,0
00-0009868,1999,2,3,2,11.0,0,0.0,-2.1850709822028875,0.0,0.0,0.0,0.0,0.0,1.0,6.0,0
00-0009868,2000,5,32,16,120.0,0,1.0,-22.53022429026896,0.0,0.0,6.0,0.0,0.09816178196308452,7.0,51.0,0
00-0009869,2000,11,1,1,3.0,0,0.0,0.7524307977873832,0.0,0.0,1.0,0.0,0.0,0.0,0.0,0
00-0010007,2001,14,1,1,31.0,1,0.0,3.1768673062324524,0.0,0.0,1.0,0.0,0.0,0.0,0.0,0
00-0010007,2002,12,1,1,14.0,1,0.0,2.357170680188574,0.0,0.0,1.0,0.0,0.0,0.0,0.0,0
00-0010072,2006,1,1,1,16.0,1,0.0,4.305627933354117,1.0,15.0,1.0,16.0,0.0,0.0,0.0,0
00-0010137,1999,9,268,160,1669.0,14,6.0,27.710157728260008,0.0,0.0,82.0,0.0,0.7500509981455327,11.0,69.0,0
00-0010137,2000,6,39,21,206.0,0,2.0,-19.806496462068598,0.0,0.0,10.0,0.0,0.06987969909538513,6.0,24.0,0
00-0010137,2001,7,3,2,45.0,0,0.0,2.9438041005050763,0.0,0.0,2.0,0.0,0.0,0.0,0.0,0
00-0010137,2002,7,160,92,1045.0,4,6.0,-14.15670881619363,0.0,0.0,47.0,0.0,0.5232828905836567,12.0,90.0,0
00-0010206,2001,3,30,17,133.0,1,3.0,-19.955611858026657,0.0,0.0,5.0,0.0,0.04144586570870169,3.0,24.0,0
00-0010240,2003,8,1,0,0.0,0,1.0,-4.322607356880326,0.0,0.0,0.0,0.0,0.0,0.0,0.0,0
00-0010261,2001,3,9,7,154.0,1,1.0,5.613233673328068,0.0,0.0,4.0,0.0,0.10296605618738645,1.0,4.0,0
00-0010261,2002,12,377,234,2836.0,20,16.0,26.10349880012123,0.0,0.0,137.0,0.0,1.3198288193777985,26.0,148.0,3
00-0010261,2003,16,519,298,3414.0,18,17.0,-24.37920469822277,0.0,0.0,171.0,0.0,1.3461584238407174,41.0,242.0,0
00-0010261,2004,4,60,30,329.0,1,2.0,-22.599332385033986,0.0,0.0,15.0,0.0,0.1015440729369126,6.0,37.0,0
00-0010261,2005,3,71,34,406.0,2,4.0,-23.820758034027183,0.0,0.0,19.0,0.0,0.09942526650648316,8.0,43.0,0
00-0010346,1999,16,527,326,4047.0,26,15.0,115.76011144999012,0.0,0.0,194.0,0.0,2.127704796877849,14.0,116.0,1
00-0010346,2000,16,564,353,4388.0,33,14.0,140.9278687242325,0.0,0.0,211.0,0.0,2.2973757343876704,20.0,131.0,1
00-0010346,2001,16,547,343,4131.0,26,23.0,23.481885153541764,0.0,0.0,201.0,0.0,1.4709933622315186,29.0,232.0,2
00-0010346,2002,16,591,392,4200.0,27,19.0,71.86421172390203,0.0,0.0,213.0,0.0,1.8521623852069762,23.0,145.0,2
00-0010346,2003,16,566,379,4267.0,29,10.0,136.2662435631979,0.0,0.0,210.0,0.0,2.1253372444561984,19.0,110.0,1
00-0010346,2004,16,497,336,4557.0,49,10.0,221.4964524093534,0.0,0.0,232.0,0.0,3.0184478074374788,13.0,101.0,0
00-0010346,2005,16,453,305,3747.0,28,10.0,180.43690499082808,0.0,0.0,197.0,0.0,2.7817379994217735,17.0,81.0,0
00-0010346,2006,16,557,362,4397.0,31,9.0,182.55263240458657,5332.0,1407.0,241.0,14.58220692130643,3.1267241229224765,14.0,86.0,1
00-0010346,2007,16,515,337,4040.0,31,14.0,154.48747470370654,4465.0,1447.0,205.0,17.463069225969374,3.1482594159103723,21.0,124.0,1
00-0010346,2008,16,555,371,4002.0,27,12.0,144.53437126231856,4810.0,1586.0,210.0,17.04735525716987,3.079192236242708,14.0,86.0,1
00-0010346,2009,16,571,393,4500.0,33,16.0,174.14356319901796,4898.0,1974.0,237.0,16.02842943072966,3.2529400919951903,10.0,74.0,0
00-0010346,2010,16,679,450,4700.0,33,17.0,130.54233597675443,5895.0,1894.0,253.0,13.067285416205845,2.475666351720987,16.0,91.0,0
00-0010346,2012,16,583,400,4659.0,37,11.0,161.96348390945786,4841.0,1872.0,230.0,16.49667878509674,3.358400635832534,21.0,137.0,1
00-0010346,2013,16,659,450,5477.0,55,10.0,263.1860975704831,5169.0,2581.0,289.0,18.066362003132134,3.4307746668628276,18.0,120.0,0
00-0010346,2014,16,597,395,4727.0,39,15.0,119.71089107857145,5071.0,1882.0,225.0,15.767252501568562,2.556234015363423,17.0,118.0,2
00-0010346,2015,10,331,198,2249.0,9,17.0,-31.956644534830502,3112.0,967.0,110.0,7.325103166201298,0.5155661562446213,16.0,95.0,0
00-0010379,1999,11,361,199,2378.0,12,17.0,-27.384200813587228,0.0,0.0,118.0,0.0,0.9343687960266182,9.0,66.0,0
00-0010442,2000,16,1,1,18.0,1,0.0,3.3348866275628097,0.0,0.0,1.0,0.0,0.0,0.0,0.0,0
00-0010442,2001,16,1,1,18.0,1,0.0,2.9221952341031283,0.0,0.0,1.0,0.0,0.0,0.0,0.0,0
00-0010455,2000,5,33,22,307.0,2,1.0,18.83801498467801,0.0,0.0,16.0,0.0,0.3275081887488822,0.0,0.0,0
00-0010455,2001,3,3,3,22.0,0,0.0,0.4030286972410977,0.0,0.0,2.0,0.0,0.0,2.0,7.0,0
00-0010455,2002,5,195,124,1216.0,7,10.0,-13.15280022213065,0.0,0.0,67.0,0.0,0.29333050254406623,10.0,77.0,0
00-0010455,2004,1,31,16,188.0,0,0.0,4.394781279494055,0.0,0.0,8.0,0.0,0.08100379312393088,2.0,6.0,0
00-0010455,2005,8,177,124,1277.0,5,7.0,-3.5994353872481986,0.0,0.0,60.0,0.0,0.43185547527933044,11.0,81.0,1
00-0010455,2006,1,24,16,208.0,1,1.0,-10.82434326474322,178.0,121.0,6.0,1.1685393258426966,0.09780417627699227,5.0,18.0,0
00-0010560,1999,8,271,164,1621.0,10,6.0,-12.40678458426478,0.0,0.0,84.0,0.0,0.45494402821071117,13.0,79.0,0
00-0010560,2000,6,176,101,949.0,3,6.0,-35.44838160186929,0.0,0.0,53.0,0.0,0.504056159577347,5.0,24.0,0
00-0010560,2001,4,129,84,694.0,5,6.0,-10.20267958123036,0.0,0.0,44.0,0.0,0.28227459501650337,6.0,48.0,0
00-0010560,2002,7,237,124,1251.0,11,6.0,-14.699879356114137,0.0,0.0,64.0,0.0,0.4060191470533831,9.0,54.0,0
00-0010560,2004,2,3,2,44.0,1,0.0,5.494854618096724,0.0,0.0,2.0,0.0,0.0,0.0,0.0,0
00-0010609,2001,1,1,1,27.0,1,0.0,5.423163032508455,0.0,0.0,1.0,0.0,0.0,0.0,0.0,0
00-0010609,2002,2,1,1,12.0,1,0.0,4.1972839994123206,0.0,0.0,1.0,0.0,0.0,0.0,0.0,0
00-0010609,2005,2,2,1,18.0,0,0.0,1.0537569335720036,0.0,0.0,1.0,0.0,0.0,0.0,0.0,0
00-0010609,2006,1,1,1,37.0,0,0.0,5.155131246894598,11.0,26.0,1.0,3.3636363636363638,0.0,0.0,0.0,0
00-0010609,2008,1,1,0,0.0,0,0.0,-2.519698107847944,23.0,0.0,0.0,0.0,0.0,0.0,0.0,0
00-0010609,2009,1,1,1,0.0,0,0.0,-2.8947513680905104,-3.0,3.0,0.0,0.0,0.0,0.0,0.0,0
00-0010668,2004,7,1,0,0.0,0,0.0,-0.39784105168655515,0.0,0.0,0.0,0.0,0.0,0.0,0.0,0
00-0011022,1999,11,213,105,934.0,8,6.0,-81.30633953850888,0.0,0.0,54.0,0.0,0.49460546008300527,28.0,204.0,1
00-0011022,2000,16,563,327,3320.0,21,11.0,6.615934779470823,0.0,0.0,179.0,0.0,1.33876824039862,45.0,265.0,1
00-0011022,2001,15,493,285,3233.0,25,12.0,0.15984404760040904,0.0,0.0,136.0,0.0,1.1799719139571125,39.0,273.0,0
00-0011022,2002,10,361,211,2289.0,17,6.0,2.758797035343459,0.0,0.0,108.0,0.0,0.9705814345616183,28.0,166.0,2
00-0011022,2003,16,479,276,3223.0,16,11.0,1.000225167857181,0.0,0.0,152.0,0.0,1.6865700611437746,43.0,257.0,0
00-0011022,2004,15,469,300,3875.0,31,8.0,121.6976131022653,0.0,0.0,175.0,0.0,1.8396398730548704,31.0,192.0,0
00-0011022,2005,9,357,211,2507.0,16,9.0,15.626556849589985,0.0,0.0,116.0,0.0,0.8037761174559311,19.0,112.0,1
00-0011022,2006,10,316,180,2612.0,18,6.0,36.704777738096354,2792.0,1316.0,113.0,9.510029915891135,1.007346541348123,21.0,140.0,0
00-0011022,2007,14,473,291,3324.0,20,7.0,35.59022092831584,3617.0,1474.0,152.0,12.719119896119235,1.3857544237269468,44.0,227.0,0
00-0011022,2008,16,571,345,3914.0,23,11.0,59.90753778374601,4718.0,1715.0,196.0,13.898205400654762,1.75664430618361,24.0,153.0,0
00-0011022,2009,14,443,267,3553.0,22,10.0,38.62432210313621,3841.0,1638.0,148.0,13.94174403186138,1.5636306777786357,36.0,265.0,2
00-0011022,2010,13,472,275,3377.0,14,15.0,-7.476039376566824,4084.0,1592.0,152.0,11.532726050605246,0.6169339836497014,37.0,271.0,0
00-0011022,2011,6,156,94,1026.0,4,2.0,-17.455171481491632,1231.0,424.0,52.0,5.199450188161115,0.16570225285558093,16.0,113.0,0
00-0011024,1999,11,329,185,2152.0,12,8.0,9.284022939219941,0.0,0.0,99.0,0.0,1.174962985131372,16.0,74.0,1
00-0011024,2000,16,389,242,2757.0,15,13.0,14.523362430470453,0.0,0.0,137.0,0.0,1.2617868863504142,23.0,136.0,0
00-0011024,2001,15,431,264,3350.0,21,12.0,65.59615838069338,0.0,0.0,159.0,0.0,1.8594023771370205,37.0,251.0,3
00-0011024,2002,16,492,301,3387.0,22,15.0,72.45615506142518,0.0,0.0,178.0,0.0,1.9056505857737054,21.0,121.0,0
00-0011024,2003,14,400,250,3246.0,24,7.0,104.22644267826905,0.0,0.0,164.0,0.0,2.027181256712275,20.0,112.0,1
00-0011024,2004,8,215,129,1343.0,8,9.0,4.639694231210406,0.0,0.0,76.0,0.0,0.621981305011508,13.0,95.0,0
00-0011024,2005,14,476,292,3161.0,16,11.0,-9.399797444046225,0.0,0.0,164.0,0.0,1.0088325934497129,20.0,134.0,0
00-0011024,2006,16,468,295,3050.0,16,12.0,39.61885033156843,3473.0,1196.0,159.0,13.10272564809234,1.926391179079909,14.0,84.0,0
00-0011024,2007,6,205,133,1113.0,2,4.0,-36.23172274087431,1137.0,567.0,60.0,6.308566040865517,0.5469160422869102,11.0,85.0,0
00-0011044,1999,15,230,126,1452.0,8,8.0,-20.33502933756673,0.0,0.0,64.0,0.0,0.7828258929035177,18.0,94.0,0
00-0011044,2000,10,277,153,1635.0,8,8.0,-50.320252139712885,0.0,0.0,66.0,0.0,0.6612601093793217,27.0,169.0,0
00-0011244,1999,3,80,45,512.0,2,1.0,-5.887156386456644,0.0,0.0,22.0,0.0,0.17319195638828763,7.0,51.0,0
00-0011276,1999,5,172,109,1233.0,7,6.0,22.34584056898817,0.0,0.0,53.0,0.0,0.39634142402644146,7.0,43.0,0
00-0011276,2000,3,80,46,376.0,1,0.0,0.9207344783504379,0.0,0.0,22.0,0.0,0.16277671972176042,2.0,7.0,0
00-0011276,2001,14,395,228,2299.0,13,10.0,-19.677748296560853,0.0,0.0,106.0,0.0,0.870296349771998,11.0,72.0,0
00-0011276,2002,10,314,180,1944.0,13,9.0,-9.756311424688771,0.0,0.0,98.0,0.0,0.7412823135055555,16.0,101.0,0
00-0011279,2003,1,1,1,81.0,1,0.0,8.928133855108172,0.0,0.0,1.0,0.0,0.0,0.0,0.0,0
00-0011378,1999,7,173,92,1042.0,5,9.0,-21.054655714727748,0.0,0.0,47.0,0.0,0.4152258904918806,22.0,102.0,0
00-0011378,2000,1,20,10,126.0,1,0.0,3.398562681279145,0.0,0.0,6.0,0.0,0.1458065173851179,1.0,6.0,1
00-0011378,2003,9,221,116,1267.0,3,5.0,-37.43280487639267,0.0,0.0,64.0,0.0,0.7397887224014337,22.0,122.0,0
00-0011399,2000,14,4,1,21.0,0,0.0,-0.11616370850242674,0.0,0.0,1.0,0.0,0.0,0.0,0.0,0
00-0011399,2002,2,1,1,57.0,1,0.0,7.158632891718298,0.0,0.0,1.0,0.0,0.0,0.0,0.0,0
00-0011434,1999,1,16,7,48.0,0,2.0,-6.240894504063415,0.0,0.0,2.0,0.0,0.03095755708000169,1.0,5.0,0
00-0011434,2000,8,186,89,966.0,3,8.0,-42.61700583964115,0.0,0.0,51.0,0.0,0.3832732456745484,16.0,82.0,0
00-0011434,2001,1,12,4,38.0,0,3.0,-17.807381121150684,0.0,0.0,2.0,0.0,0.07698853630784744,2.0,15.0,0
00-0011463,2000,1,1,1,44.0,0,0.0,4.892789435340092,0.0,0.0,1.0,0.0,0.0,0.0,0.0,0
00-0011463,2001,2,2,2,40.0,0,0.0,2.9468102280516177,0.0,0.0,1.0,0.0,0.0,0.0,0.0,0
00-0011463,2002,1,1,0,0.0,0,1.0,-1.2233387662563473,0.0,0.0,0.0,0.0,0.0,0.0,0.0,0
00-0011463,2003,1,1,0,0.0,0,0.0,-2.096552964299917,0.0,0.0,0.0,0.0,0.0,0.0,0.0,0
00-0011463,2004,2,3,2,24.0,0,0.0,-0.6821942693204619,0.0,0.0,1.0,0.0,0.0,0.0,0.0,0
00-0011524,1999,1,3,1,20.0,0,0.0,-0.14104291089461185,0.0,0.0,1.0,0.0,0.0,0.0,0.0,0
00-0011524,2000,2,34,15,208.0,1,1.0,-5.8122972158119275,0.0,0.0,9.0,0.0,0.03427322260359924,5.0,46.0,0
00-0011626,2001,2,1,0,0.0,0,0.0,-0.6608450860949233,0.0,0.0,0.0,0.0,0.0,0.0,0.0,0
00-0011626,2004,5,3,1,24.0,0,0.0,0.03997557662660256,0.0,0.0,1.0,0.0,0.0,0.0,0.0,0
00-0011626,2006,3,1,0,0.0,0,0.0,-2.8035673170816153,0.0,0.0,0.0,0.0,0.0,0.0,0.0,0
00-0011626,2008,1,1,1,19.0,1,0.0,4.386391122650821,14.0,5.0,1.0,1.3571428571428572,0.0,0.0,0.0,0
00-0011626,2009,1,1,1,25.0,1,0.0,4.799529605079442,19.0,6.0,1.0,1.3157894736842106,0.0,0.0,0.0,0
00-0011640,1999,1,7,5,78.0,0,0.0,1.4737461925057642,0.0,0.0,2.0,0.0,0.1127911038654457,1.0,3.0,0
00-0011640,2000,5,28,13,98.0,0,2.0,-14.521785212629583,0.0,0.0,4.0,0.0,0.3353162662035625,3.0,29.0,0
00-0011754,1999,16,1,1,27.0,1,0.0,3.3389932269928977,0.0,0.0,1.0,0.0,0.0,0.0,0.0,0
00-0011754,2001,16,1,1,29.0,0,0.0,1.9833537741797045,0.0,0.0,1.0,0.0,0.0,0.0,0.0,0
00-0011754,2002,16,3,1,13.0,1,0.0,2.4605972697027028,0.0,0.0,1.0,0.0,0.0,0.0,0.0,0
00-0011754,2003,16,1,0,0.0,0,0.0,-0.4146808502264321,0.0,0.0,0.0,0.0,0.0,0.0,0.0,0
00-0011754,2004,11,2,1,37.0,0,1.0,-1.8571400057990104,0.0,0.0,1.0,0.0,0.0,0.0,0.0,0
00-0012261,1999,8,192,114,1374.0,10,4.0,15.946952362100092,0.0,0.0,64.0,0.0,0.5640143577449642,9.0,63.0,0
00-0012261,2000,6,62,35,521.0,2,3.0,13.030987181253717,0.0,0.0,24.0,0.0,0.5170987867109824,3.0,23.0,0
00-0012261,2001,5,76,42,496.0,2,2.0,-9.194932630553371,0.0,0.0,19.0,0.0,0.1826039065152401,6.0,58.0,0
00-0012261,2002,2,5,3,24.0,0,0.0,1.1412326999898692,0.0,0.0,2.0,0.0,0.0,0.0,0.0,0
00-0012261,2003,1,27,18,232.0,2,1.0,6.293426237667729,0.0,0.0,13.0,0.0,0.13160314113062274,0.0,0.0,0
00-0012642,2001,15,2,1,60.0,1,1.0,2.922614986775443,0.0,0.0,1.0,0.0,0.0,0.0,0.0,0
00-0012642,2002,16,1,0,0.0,0,0.0,-0.4628840913064778,0.0,0.0,0.0,0.0,0.0,0.0,0.0,0
00-0012726,1999,10,226,118,1257.0,7,9.0,-53.786842985315175,0.0,0.0,61.0,0.0,0.4941366779726154,20.0,109.0,0
00-0012726,2000,10,210,117,1047.0,2,8.0,-53.215568151801406,0.0,0.0,45.0,0.0,0.31496668604379274,16.0,111.0,0
00-0012726,2002,4,28,19,134.0,1,0.0,-1.5705769894785533,0.0,0.0,7.0,0.0,0.24224912018731948,1.0,8.0,0
00-0012726,2003,4,2,2,16.0,0,0.0,-2.1020855559036136,0.0,0.0,0.0,0.0,0.0,0.0,0.0,0
00-0012726,2004,2,23,11,120.0,0,2.0,-8.098240803170484,0.0,0.0,5.0,0.0,0.05283282926783578,0.0,0.0,0
00-0012732,1999,2,17,8,107.0,2,1.0,-3.2520227178306467,0.0,0.0,6.0,0.0,0.29110242461741814,2.0,9.0,0
00-0012732,2002,14,381,223,2630.0,15,14.0,-28.858475699947025,0.0,0.0,114.0,0.0,0.9290654934666664,31.0,192.0,0
00-0012732,2003,1,10,4,19.0,0,0.0,-11.938219385163393,0.0,0.0,0.0,0.0,0.06132978036796445,3.0,20.0,0
00-0012732,2004,1,1,1,3.0,0,0.0,-0.6968479455681518,0.0,0.0,0.0,0.0,0.0,0.0,0.0,0
00-0012953,1999,16,1,1,6.0,0,0.0,1.2467436123406515,0.0,0.0,1.0,0.0,0.0,0.0,0.0,0
00-0013013,1999,10,1,1,26.0,0,0.0,1.890527322771959,0.0,0.0,1.0,0.0,0.0,0.0,0.0,0
00-0013042,1999,12,379,200,2104.0,9,23.0,-64.721973629015,0.0,0.0,109.0,0.0,0.6437019891704278,27.0,152.0,0
00-0013042,2000,14,469,266,2852.0,12,20.0,-42.26545756017644,0.0,0.0,130.0,0.0,0.9671133707926501,22.0,151.0,0
00-0013042,2001,16,525,304,3653.0,18,14.0,40.203132033156265,0.0,0.0,177.0,0.0,1.4585598825272015,29.0,204.0,0
00-0013042,2002,16,530,284,2972.0,18,20.0,-56.0086246991642,0.0,0.0,145.0,0.0,0.8331308032030946,36.0,248.0,1
00-0013042,2003,11,302,189,2183.0,15,7.0,45.50309377785823,0.0,0.0,114.0,0.0,1.651903130793926,14.0,73.0,0
00-0013042,2004,16,522,303,4089.0,27,20.0,65.45772583113018,0.0,0.0,184.0,0.0,2.0519811641487733,17.0,103.0,0
00-0013042,2005,16,456,277,3366.0,18,7.0,68.52753603458265,0.0,0.0,162.0,0.0,1.7940633067757468,23.0,140.0,1
00-0013042,2006,12,317,175,1994.0,11,13.0,-26.12506597165406,2925.0,829.0,103.0,7.770207552208677,0.5986740371597515,18.0,111.0,0
00-0013232,2004,15,1,1,25.0,0,0.0,1.860253899008967,0.0,0.0,1.0,0.0,0.0,0.0,0.0,0
00-0013268,2002,15,1,0,0.0,0,0.0,-1.118335791514255,0.0,0.0,0.0,0.0,0.0,1.0,1.0,0
00-0013268,2004,14,1,0,0.0,0,0.0,-2.0948702699970454,0.0,0.0,0.0,0.0,0.0,0.0,0.0,0
00-0013338,2001,4,61,32,361.0,0,1.0,-33.50612053486012,0.0,0.0,17.0,0.0,0.05889965918127558,6.0,43.0,0
00-0013338,2004,5,98,51,413.0,1,3.0,-44.42978145333124,0.0,0.0,18.0,0.0,0.128688470005733,15.0,109.0,0
00-0013639,1999,16,1,0,0.0,0,0.0,-0.668821464641951,0.0,0.0,0.0,0.0,0.0,0.0,0.0,0
00-0013639,2000,16,1,0,0.0,0,0.0,-0.42842492391355336,0.0,0.0,0.0,0.0,0.0,0.0,0.0,0
00-0013639,2003,16,1,0,0.0,0,0.0,-0.40658860513940454,0.0,0.0,0.0,0.0,0.0,0.0,0.0,0
00-0013682,2001,2,1,1,-11.0,0,0.0,-2.7135140221216716,0.0,0.0,0.0,0.0,0.0,0.0,0.0,0
00-0013712,1999,16,1,0,0.0,0,0.0,-0.3470837013446726,0.0,0.0,0.0,0.0,0.0,0.0,0.0,0
00-0014115,1999,2,2,1,17.0,0,0.0,1.2465297910384834,0.0,0.0,1.0,0.0,0.0,0.0,0.0,0
00-0014115,2000,1,1,1,36.0,0,0.0,4.908231646986678,0.0,0.0,1.0,0.0,0.0,0.0,0.0,0
00-0014115,2001,1,1,1,5.0,0,0.0,-2.072848725365475,0.0,0.0,0.0,0.0,0.0,0.0,0.0,0
00-0014115,2003,1,1,0,0.0,0,1.0,-3.2204802006017417,0.0,0.0,0.0,0.0,0.0,0.0,0.0,0
00-0014234,2001,1,9,5,57.0,0,0.0,-0.35147965035866946,0.0,0.0,4.0,0.0,0.0348559013717604,1.0,6.0,0
00-0014324,1999,5,1,0,0.0,0,0.0,-0.39963863184675574,0.0,0.0,0.0,0.0,0.0,0.0,0.0,0
00-0014328,1999,16,1,0,0.0,0,0.0,-1.0627784996759146,0.0,0.0,0.0,0.0,0.0,0.0,0.0,0
00-0014328,2001,15,1,0,0.0,0,0.0,-0.40552910044789314,0.0,0.0,0.0,0.0,0.0,0.0,0.0,0
00-0014377,2003,1,1,0,0.0,0,0.0,-1.8475186110008508,0.0,0.0,0.0,0.0,0.0,0.0,0.0,0
00-0014384,2002,1,9,6,59.0,0,0.0,-1.2733830948127434,0.0,0.0,3.0,0.0,0.029432795785026163,0.0,0.0,0
00-0014489,2003,14,1,0,0.0,0,0.0,-0.4346596284303814,0.0,0.0,0.0,0.0,0.0,0.0,0.0,0
00-0015063,1999,15,2,0,0.0,0,0.0,-0.6421241265488788,0.0,0.0,0.0,0.0,0.0,0.0,0.0,0
00-0015063,2000,14,1,0,0.0,0,1.0,-1.3315030760131776,0.0,0.0,0.0,0.0,0.0,0.0,0.0,0
00-0015082,1999,7,150,79,793.0,2,6.0,-40.47305230097733,0.0,0.0,34.0,0.0,0.2581357247752135,19.0,110.0,0
00-0015082,2000,11,262,117,1246.0,3,6.0,-94.46044435836646,0.0,0.0,58.0,0.0,0.3124881702528269,35.0,186.0,0
00-0015082,2001,2,8,5,37.0,0,0.0,2.3447758304246236,0.0,0.0,3.0,0.0,0.10019084938895377,1.0,3.0,0
00-0015082,2002,1,33,12,117.0,0,1.0,-27.183673086343333,0.0,0.0,6.0,0.0,0.04461986512691275,3.0,23.0,0
00-0015165,2004,15,1,1,21.0,1,0.0,3.59424558468163,0.0,0.0,1.0,0.0,0.0,0.0,0.0,0
00-0015194,2005,1,1,0,0.0,0,0.0,-2.7194123207591474,0.0,0.0,0.0,0.0,0.0,0.0,0.0,0
00-0015194,2009,3,2,1,35.0,1,1.0,3.562874033668777,43.0,6.0,1.0,1.206896551724138,0.0,0.0,0.0,0
00-0015242,1999,13,1,0,0.0,0,0.0,-1.3368994840420783,0.0,0.0,0.0,0.0,0.0,0.0,0.0,0
00-0015242,2000,14,1,0,0.0,0,0.0,-1.2975512463599443,0.0,0.0,0.0,0.0,0.0,0.0,0.0,0
00-0015290,1999,15,1,0,0.0,0,0.0,-0.6826229644939303,0.0,0.0,0.0,0.0,0.0,0.0,0.0,0
00-0015290,2002,16,1,0,0.0,0,0.0,-0.482535136397928,0.0,0.0,0.0,0.0,0.0,0.0,0.0,0
00-0015290,2003,15,1,1,72.0,0,0.0,5.016743371146731,0.0,0.0,1.0,0.0,0.0,0.0,0.0,0
00-0015290,2005,16,1,0,0.0,0,0.0,-2.123612361261621,0.0,0.0,0.0,0.0,0.0,1.0,11.0,0
00-0015420,1999,2,1,0,0.0,0,0.0,-0.40107318107038736,0.0,0.0,0.0,0.0,0.0,0.0,0.0,0
00-0015627,1999,6,99,54,536.0,0,3.0,-37.336356803928794,0.0,0.0,22.0,0.0,0.12653025421933806,10.0,66.0,0
00-0015698,2002,14,1,0,0.0,0,0.0,-0.9006145289167762,0.0,0.0,0.0,0.0,0.0,0.0,0.0,0
00-0015700,1999,15,272,159,1422.0,6,10.0,-58.647110427990114,0.0,0.0,79.0,0.0,0.7117519958848885,22.0,131.0,0
00-0015700,2000,15,286,150,1827.0,11,8.0,7.0366332798707045,0.0,0.0,90.0,0.0,1.1079476696699493,28.0,135.0,0
00-0015700,2001,16,442,266,3109.0,14,11.0,57.62115655662349,0.0,0.0,145.0,0.0,1.6123214199336597,29.0,175.0,0
00-0015700,2002,7,166,109,1155.0,6,6.0,16.178044642006356,0.0,0.0,60.0,0.0,0.6974102839458413,7.0,46.0,1
00-0015700,2003,9,251,126,1418.0,7,12.0,-73.52391764121263,0.0,0.0,69.0,0.0,0.4692928922294194,25.0,146.0,0
00-0015842,2003,1,1,0,0.0,0,0.0,-3.1445663461927325,0.0,0.0,0.0,0.0,0.0,0.0,0.0,0
00-0016193,1999,1,15,10,96.0,1,1.0,4.699977421783842,0.0,0.0,6.0,0.0,0.1603941035744104,0.0,0.0,0
00-0016193,2000,16,581,325,3692.0,21,23.0,9.600834618162619,0.0,0.0,177.0,0.0,0.9824667137089962,12.0,63.0,2
00-0016193,2001,16,441,260,2752.0,15,14.0,7.213158364065942,0.0,0.0,144.0,0.0,0.9871771027113652,18.0,122.0,0
00-0016193,2002,5,83,54,499.0,3,3.0,-31.617497563379388,0.0,0.0,23.0,0.0,0.18615018967394284,9.0,62.0,1
00-0016193,2003,7,198,123,1385.0,7,2.0,2.7844259880565234,0.0,0.0,65.0,0.0,0.6334019754386534,6.0,48.0,0
00-0016193,2004,16,494,296,3518.0,17,20.0,8.606151670197526,0.0,0.0,163.0,0.0,1.4644678409810756,35.0,186.0,1
00-0016193,2005,6,106,60,777.0,1,6.0,-25.597922124235406,0.0,0.0,35.0,0.0,0.5481840414256921,12.0,102.0,0
00-0016193,2006,3,3,2,29.0,1,0.0,6.229990537511185,11.0,18.0,2.0,2.6363636363636362,0.0,0.0,0.0,0
00-0016193,2007,7,172,94,936.0,5,6.0,-27.78821468342351,1245.0,470.0,46.0,4.905202192428047,-0.05697580012611551,9.0,46.0,0
00-0016534,1999,10,261,137,1897.0,7,13.0,-20.237429934729988,0.0,0.0,83.0,0.0,0.8802473677932154,19.0,152.0,3
00-0016538,1999,9,255,137,1596.0,12,8.0,-2.7521677989388866,0.0,0.0,76.0,0.0,0.8028233617584054,15.0,104.0,1
00-0016683,1999,2,11,6,165.0,2,0.0,0.1235921123297885,0.0,0.0,4.0,0.0,0.1317818797487954,3.0,30.0,0
00-0016683,2001,1,1,1,9.0,0,0.0,2.940409862436354,0.0,0.0,1.0,0.0,0.0,0.0,0.0,0
00-0016683,2002,2,1,0,0.0,0,1.0,-5.354170317528769,0.0,0.0,0.0,0.0,0.0,0.0,0.0,0
00-0016689,2002,2,1,0,0.0,0,1.0,-2.3128540897741914,0.0,0.0,0.0,0.0,0.0,0.0,0.0,0
00-0016689,2008,2,1,0,0.0,0,0.0,-2.7837009683134966,3.0,0.0,0.0,0.0,0.0,0.0,0.0,0
00-0016838,1999,1,1,1,9.0,0,0.0,-0.15371587849222124,0.0,0.0,1.0,0.0,0.0,0.0,0.0,0
00-0016838,2000,1,8,4,67.0,0,0.0,2.0001290816580877,0.0,0.0,2.0,0.0,0.1380537358433377,0.0,0.0,0
00-0016838,2001,12,307,178,2056.0,12,11.0,19.14754434554635,0.0,0.0,99.0,0.0,0.948340304289453,14.0,73.0,1
00-0016838,2002,1,2,2,5.0,0,0.0,-0.19720957704703324,0.0,0.0,0.0,0.0,0.0,0.0,0.0,0
00-0016838,2003,5,12,5,49.0,0,3.0,-11.670080058634735,0.0,0.0,1.0,0.0,0.04775229770752497,1.0,7.0,0
00-0016919,2004,1,1,1,4.0,1,0.0,4.052668904187158,0.0,0.0,1.0,0.0,0.0,0.0,0.0,0
00-0017121,1999,2,13,7,47.0,0,2.0,-12.56594655563822,0.0,0.0,2.0,0.0,0.09818583695370653,0.0,0.0,0
00-0017162,2001,16,1,0,0.0,0,0.0,-0.5282423231357103,0.0,0.0,0.0,0.0,0.0,1.0,3.0,0
00-0017200,1999,15,450,293,3956.0,38,11.0,161.95752189864797,0.0,0.0,179.0,0.0,2.620202784540598,26.0,176.0,1
00-0017200,2000,11,344,232,3383.0,21,18.0,102.27495901887193,0.0,0.0,150.0,0.0,1.6319340243593776,20.0,115.0,1
00-0017200,2001,16,546,375,4830.0,36,22.0,152.676967651878,0.0,0.0,233.0,0.0,2.202048260811365,38.0,233.0,1
00-0017200,2002,7,220,144,1431.0,3,11.0,-26.000959560399274,0.0,0.0,66.0,0.0,0.303408435634659,21.0,130.0,0
00-0017200,2003,2,65,38,365.0,1,1.0,-25.19682104054357,0.0,0.0,15.0,0.0,0.07264674786340786,6.0,38.0,0
00-0017200,2004,10,277,174,2054.0,6,4.0,6.5120841707889685,0.0,0.0,93.0,0.0,1.064461988268413,39.0,196.0,0
00-0017200,2005,10,375,242,2713.0,11,9.0,30.815950529531698,0.0,0.0,134.0,0.0,0.9832103119843243,23.0,158.0,1
00-0017200,2006,6,168,108,1377.0,6,5.0,10.37292399037455,1288.0,641.0,63.0,6.2679233967884755,0.5675865381877017,14.0,104.0,0
00-0017200,2007,14,452,282,3409.0,27,17.0,47.108145978385856,3811.0,1300.0,167.0,12.99840954607005,1.5479260615769197,20.0,140.0,0
00-0017200,2008,16,599,402,4582.0,30,14.0,114.33177088645903,4213.0,2115.0,220.0,17.41927716320227,2.337592150391433,26.0,182.0,0
00-0017200,2009,15,514,340,3758.0,27,14.0,52.96729159590208,3926.0,1595.0,192.0,15.631552034915558,2.102134676605565,24.0,172.0,0
00-0017218,2001,16,2,0,0.0,0,1.0,-4.783089334960096,0.0,0.0,0.0,0.0,0.0,0.0,0.0,0
00-0017693,2004,2,1,0,0.0,0,0.0,-2.1268843300640583,0.0,0.0,0.0,0.0,0.0,0.0,0.0,0
00-0017915,1999,12,1,0,0.0,0,0.0,-0.343731299508363,0.0,0.0,0.0,0.0,0.0,0.0,0.0,0
00-0017915,2000,10,1,1,34.0,0,0.0,3.7601284495322034,0.0,0.0,1.0,0.0,0.0,0.0,0.0,0
00-0017915,2009,16,1,0,0.0,0,1.0,-6.747075867897365,3.0,0.0,0.0,0.0,0.0,0.0,0.0,0
00-0018272,2000,4,53,22,237.0,0,3.0,-45.388180640079824,0.0,0.0,10.0,0.0,0.15342346537171309,12.0,92.0,0
00-0018272,2001,4,98,48,529.0,5,5.0,-23.571802902095477,0.0,0.0,23.0,0.0,0.2204912737275899,5.0,30.0,0
00-0018272,2003,7,178,94,1199.0,9,8.0,-12.191614177036627,0.0,0.0,55.0,0.0,0.33029349673134706,19.0,127.0,0
00-0018272,2005,8,266,164,1582.0,6,9.0,-26.045398303188126,0.0,0.0,77.0,0.0,0.3489465102318768,19.0,147.0,0
00-0018272,2006,2,3,3,31.0,0,0.0,3.363125005067559,-2.0,33.0,1.0,0.0,0.0,1.0,9.0,0
00-0018272,2007,2,7,1,12.0,0,0.0,-5.049548029899597,55.0,9.0,1.0,0.2857142857142857,-0.17691336956684725,0.0,0.0,0
00-0018333,1999,4,46,20,187.0,0,3.0,-28.225713748696077,0.0,0.0,9.0,0.0,0.09144171266184047,5.0,32.0,0
00-0018333,2002,6,92,58,719.0,3,6.0,-6.517658260655505,0.0,0.0,33.0,0.0,0.3639841841169592,11.0,83.0,0
00-0018343,1999,16,1,1,61.0,1,0.0,5.553035997087136,0.0,0.0,1.0,0.0,0.0,0.0,0.0,0
00-0018343,2000,16,2,2,53.0,1,0.0,5.74346719722962,0.0,0.0,2.0,0.0,0.0,0.0,0.0,0
00-0018343,2001,16,1,1,21.0,0,0.0,1.173455927055329,0.0,0.0,1.0,0.0,0.0,0.0,0.0,0
00-0018343,2002,14,2,1,13.0,0,0.0,0.3878877174574882,0.0,0.0,1.0,0.0,0.0,0.0,0.0,0
00-0018441,1999,3,83,45,446.0,3,4.0,-22.805211820940556,0.0,0.0,17.0,0.0,0.14748911710964924,8.0,63.0,0
00-0018483,1999,2,54,32,270.0,0,1.0,-17.187565498833333,0.0,0.0,12.0,0.0,0.07776853428559052,5.0,36.0,0
00-0018483,2000,3,3,3,19.0,0,0.0,1.8059723603655584,0.0,0.0,1.0,0.0,0.0,0.0,0.0,0
00-0018518,1999,1,4,0,0.0,0,0.0,-3.5672650313936174,0.0,0.0,0.0,0.0,0.0,0.0,0.0,0
00-0019019,2001,2,1,0,0.0,0,0.0,-2.8846838315948844,0.0,0.0,0.0,0.0,0.0,0.0,0.0,0
00-0019019,2003,1,1,0,0.0,0,0.0,-2.5568975738133304,0.0,0.0,0.0,0.0,0.0,0.0,0.0,0
00-0019041,2001,1,3,0,0.0,0,0.0,-3.5083972241554875,0.0,0.0,0.0,0.0,0.0,0.0,0.0,0
00-0019041,2003,6,69,44,545.0,4,1.0,6.324008162556016,0.0,0.0,31.0,0.0,0.3156963208502834,6.0,45.0,0
00-0019041,2004,10,357,218,2485.0,18,10.0,1.5720557378917341,0.0,0.0,120.0,0.0,0.8137794092566659,30.0,216.0,0
00-0019041,2005,5,88,50,474.0,4,2.0,-30.52745862003687,0.0,0.0,21.0,0.0,0.18632369144870806,9.0,45.0,0
00-0019041,2006,1,2,1,4.0,0,0.0,-4.318383050151169,8.0,0.0,0.0,0.5,0.0,1.0,6.0,0
00-0019041,2007,5,10,3,6.0,0,1.0,-15.517097872798331,65.0,5.0,0.0,0.8846153846153846,0.0,2.0,7.0,0
00-0019041,2009,4,31,20,231.0,1,1.0,5.1919651097836175,174.0,163.0,13.0,1.2413793103448276,0.07307168879253463,1.0,1.0,0
00-0019041,2010,3,1,1,8.0,0,0.0,1.0138069773092866,8.0,0.0,1.0,1.0,0.0,0.0,0.0,0
00-0019087,2000,4,67,36,406.0,2,3.0,-33.3990665824361,0.0,0.0,21.0,0.0,0.19503427847922303,13.0,75.0,0
00-0019087,2001,3,5,3,23.0,1,0.0,-1.9286890552029945,0.0,0.0,3.0,0.0,0.0,2.0,13.0,0
00-0019087,2002,6,57,37,448.0,2,3.0,9.95069134588569,0.0,0.0,24.0,0.0,0.4533391154836164,3.0,11.0,0
00-0019087,2003,10,243,136,1655.0,8,12.0,-51.258268258546934,0.0,0.0,72.0,0.0,0.4966687975440836,19.0,121.0,0
00-0019087,2004,2,12,6,68.0,0,0.0,-4.510312221440984,0.0,0.0,2.0,0.0,0.13680021878103105,1.0,6.0,0
00-0019192,2000,1,1,0,0.0,0,0.0,-1.510354275116697,0.0,0.0,0.0,0.0,0.0,0.0,0.0,0
00-0019192,2001,1,33,15,201.0,1,2.0,-9.854566605645232,0.0,0.0,11.0,0.0,0.024069092037385886,1.0,2.0,0
00-0019192,2003,2,18,14,160.0,0,1.0,2.522448102827184,0.0,0.0,7.0,0.0,0.15758205188341487,1.0,7.0,0
00-0019242,2003,16,1,1,11.0,0,0.0,3.052391023375094,0.0,0.0,1.0,0.0,0.0,0.0,0.0,0
00-0019242,2008,11,3,2,17.0,0,0.0,0.2574104535742663,37.0,0.0,0.0,2.0,0.0,1.0,0.0,0
00-0019278,2000,1,1,1,8.0,0,0.0,-0.1423094291239977,0.0,0.0,0.0,0.0,0.0,0.0,0.0,0
00-0019442,2000,1,4,2,24.0,1,0.0,3.775220972893294,0.0,0.0,1.0,0.0,0.0,2.0,21.0,0
00-0019442,2001,4,49,26,314.0,3,5.0,-6.43090896049042,0.0,0.0,17.0,0.0,0.36712955998177527,5.0,22.0,0
00-0019456,2002,1,1,0,0.0,0,0.0,-2.5073560446035117,0.0,0.0,0.0,0.0,0.0,0.0,0.0,0
00-0019490,2004,1,1,0,0.0,0,1.0,-1.101722882129252,0.0,0.0,0.0,0.0,0.0,0.0,0.0,0
00-0019539,2008,7,1,0,0.0,0,0.0,-0.7305266703478992,0.0,0.0,0.0,0.0,0.0,0.0,0.0,0
00-0019553,2000,7,53,21,150.0,0,1.0,-51.554246855783276,0.0,0.0,5.0,0.0,0.20441332625753827,13.0,89.0,0
00-0019553,2001,3,98,48,418.0,1,6.0,-45.97499188548173,0.0,0.0,20.0,0.0,0.09999883704998502,10.0,65.0,0
00-0019559,2000,1,5,2,67.0,1,0.0,7.07823493971955,0.0,0.0,2.0,0.0,0.29375122472513393,1.0,4.0,0
00-0019559,2001,2,20,10,92.0,1,0.0,-2.750727949256543,0.0,0.0,5.0,0.0,0.06107016372752193,1.0,8.0,0
00-0019559,2002,15,399,275,3120.0,22,6.0,117.21764742421118,0.0,0.0,167.0,0.0,1.9941775278379963,22.0,135.0,1
00-0019559,2003,10,297,189,2139.0,13,12.0,22.58380983818722,0.0,0.0,116.0,0.0,0.9289318185485471,25.0,160.0,1
00-0019559,2004,13,370,242,2673.0,16,9.0,29.422586842702458,0.0,0.0,136.0,0.0,1.3902690474242099,18.0,103.0,0
00-0019559,2005,3,83,49,530.0,2,3.0,-8.05009335718671,0.0,0.0,30.0,0.0,0.19904785875968037,9.0,52.0,0
00-0019559,2006,16,485,313,3352.0,17,16.0,24.74479794571577,3660.0,1412.0,161.0,14.872741006059698,1.8968849696880203,29.0,172.0,0
00-0019559,2007,9,260,179,1766.0,10,9.0,-2.4694395016270647,1913.0,640.0,90.0,8.872275904749436,1.0912541756317522,26.0,178.0,1
00-0019559,2008,16,476,321,3653.0,19,7.0,90.0194417308048,3884.0,1404.0,180.0,16.785920794629877,2.44208019723294,23.0,117.0,0
00-0019559,2009,3,74,51,413.0,1,2.0,-0.4668614449168853,554.0,148.0,27.0,2.7192977178899014,0.3452353122171599,6.0,32.0,0
00-0019559,2010,1,2,1,19.0,0,0.0,0.921495056245476,9.0,13.0,1.0,2.111111111111111,0.0,0.0,0.0,0
00-0019576,2001,8,2,0,0.0,0,2.0,-5.916968911420554,0.0,0.0,0.0,0.0,0.0,0.0,0.0,0
00-0019596,2000,1,3,1,6.0,0,0.0,-1.342475933022797,0.0,0.0,0.0,0.0,0.0,0.0,0.0,0
00-0019596,2001,15,413,264,2843.0,18,12.0,14.048472081929631,0.0,0.0,143.0,0.0,1.290487273433312,41.0,216.0,0
00-0019596,2002,16,601,373,3764.0,28,14.0,13.039537683352256,0.0,0.0,184.0,0.0,1.43246856501538,31.0,190.0,2
00-0019596,2003,16,528,317,3620.0,23,12.0,35.284094999821775,0.0,0.0,175.0,0.0,1.4072079465029443,32.0,219.0,0
00-0019596,2004,16,474,288,3690.0,28,14.0,120.46439413787454,0.0,0.0,188.0,0.0,2.2457748198805523,26.0,162.0,0
00-0019596,2005,16,530,334,4110.0,26,14.0,112.97456953332264,0.0,0.0,193.0,0.0,2.096359192076546,26.0,188.0,0
00-0019596,2006,16,517,320,3533.0,24,12.0,67.65501013516601,4170.0,1673.0,176.0,14.138026349196135,1.8858686359902892,26.0,175.0,2
00-0019596,2007,16,578,398,4806.0,50,8.0,250.0281579677097,4746.0,2071.0,240.0,17.78809299907936,3.9428451670062556,21.0,128.0,0
00-0019596,2008,1,11,7,76.0,0,0.0,0.037038876209408045,74.0,28.0,3.0,1.027027027027027,0.039763840122883184,0.0,0.0,0
00-0019596,2009,16,565,371,4398.0,28,13.0,136.5798376742497,4711.0,2222.0,214.0,15.84417799713378,2.639397791356565,16.0,86.0,1
00-0019596,2010,16,492,324,3900.0,36,4.0,150.04829620827692,3872.0,1880.0,189.0,17.006376178407614,2.7150111858776365,25.0,175.0,0
00-0019596,2011,16,611,401,5235.0,39,12.0,198.03348554604884,4989.0,2566.0,261.0,17.867145576074247,2.8624508173591283,32.0,173.0,0
00-0019596,2012,16,637,401,4827.0,35,8.0,190.1886397708397,5508.0,2218.0,255.0,14.622637311181153,2.8166740225016262,27.0,182.0,0
00-0019596,2013,16,628,380,4343.0,25,11.0,69.39238269031705,5304.0,2014.0,225.0,13.807960406621536,1.555463540646113,40.0,256.0,2
00-0019596,2014,16,582,373,4109.0,33,9.0,110.73081503496122,4691.0,1862.0,220.0,14.61368789217741,2.1115059419120663,21.0,134.0,0
00-0019596,2015,16,624,402,4770.0,36,7.0,127.53617939309689,4915.0,2414.0,228.0,17.189631811442812,1.9951222418290377,38.0,225.0,0
00-0019596,2016,12,432,291,3554.0,28,2.0,147.29648005710285,3353.0,1744.0,163.0,13.359502540716697,2.2304430660219006,15.0,87.0,1
00-0019596,2017,16,581,385,4577.0,32,8.0,138.50818443449458,5308.0,1910.0,230.0,14.757794827119636,2.6240444178350972,35.0,201.0,2
00-0019596,2018,16,570,375,4355.0,29,11.0,92.55194421713175,4487.0,2121.0,205.0,16.84065926549696,2.0598924597742205,21.0,147.0,0
00-0019596,2019,16,613,373,4057.0,24,8.0,31.495536933869403,4613.0,1863.0,193.0,14.739259707018444,1.3741073944917566,27.0,185.0,1
00-0019596,2020,16,610,401,4633.0,40,12.0,133.306173572968,5532.0,1810.0,233.0,13.480106637924505,2.8546430218677945,21.0,143.0,0
00-0019596,2021,17,719,485,5316.0,43,12.0,145.71488371139247,5804.0,2534.0,269.0,16.02689856101568,2.4575664605084473,22.0,144.0,0
00-0019596,2022,17,733,490,4694.0,25,9.0,61.90626977165676,5027.0,2292.0,237.0,16.32944806347621,1.55658437000219,22.0,160.0,2
00-0019599,2002,7,214,138,1826.0,14,6.0,60.430205503497234,0.0,0.0,86.0,0.0,0.6899173831443974,12.0,102.0,0
00-0019599,2003,15,532,336,3845.0,22,22.0,34.9373443060663,0.0,0.0,193.0,0.0,1.593594212202989,37.0,288.0,0
00-0019599,2004,14,485,321,3964.0,21,14.0,76.32803505016615,0.0,0.0,180.0,0.0,1.5158402330744023,41.0,302.0,1
00-0019599,2005,8,287,192,2297.0,14,9.0,51.55671240887721,0.0,0.0,109.0,0.0,1.017564157905112,26.0,192.0,0
00-0019599,2006,16,588,370,4301.0,24,8.0,55.18097075092615,5291.0,1618.0,211.0,13.386452513320867,1.7975633142227867,49.0,366.0,1
00-0019599,2007,12,378,221,2392.0,11,15.0,-47.93895474614525,3308.0,724.0,128.0,9.673949605404314,0.7102150375816381,37.0,269.0,0
00-0019599,2008,15,441,252,2727.0,11,13.0,-80.12942850714597,3819.0,1157.0,121.0,10.967411966605479,0.07311027269648367,38.0,263.0,0
00-0019599,2009,9,247,140,1469.0,5,6.0,-38.49705222251772,1904.0,690.0,78.0,8.066531377374318,0.478366920461633,14.0,85.0,0
00-0019622,2000,1,2,2,-2.0,0,0.0,-1.3838941385038197,0.0,0.0,0.0,0.0,0.0,0.0,0.0,0
00-0019623,2000,1,1,1,-4.0,0,0.0,-1.494645684142597,0.0,0.0,0.0,0.0,0.0,0.0,0.0,0
00-0019623,2001,2,2,2,21.0,0,0.0,2.106146323727444,0.0,0.0,1.0,0.0,0.0,0.0,0.0,0
00-0019623,2002,4,43,26,232.0,2,0.0,-3.1922018993326757,0.0,0.0,11.0,0.0,0.1004033729755626,5.0,26.0,0
00-0019623,2003,8,118,73,856.0,7,2.0,20.074316703208652,0.0,0.0,41.0,0.0,0.5923578848692779,7.0,54.0,0
00-0019623,2004,9,325,198,2169.0,10,10.0,-30.413287878685075,0.0,0.0,108.0,0.0,0.6630246384745886,37.0,211.0,2
00-0019623,2005,4,97,56,667.0,5,6.0,-13.584449730135908,0.0,0.0,32.0,0.0,0.35321341237853743,10.0,63.0,0
00-0019623,2006,4,101,61,748.0,4,2.0,9.134248078508366,587.0,334.0,26.0,5.511455255262795,0.30703368190152736,4.0,18.0,0
00-0019623,2007,4,27,15,164.0,3,3.0,-3.379020738894946,318.0,34.0,10.0,3.5079872204472844,-0.02370285602677041,0.0,0.0,0
00-0019633,2003,2,16,6,69.0,0,1.0,-11.563688376976643,0.0,0.0,5.0,0.0,0.0746467125827841,1.0,5.0,0
00-0019641,2006,16,1,1,-4.0,0,0.0,-1.0807996408548206,-13.0,9.0,0.0,0.0,0.0,0.0,0.0,0
00-0019644,2002,16,1,1,31.0,1,0.0,3.9275629916228354,0.0,0.0,1.0,0.0,0.0,0.0,0.0,0
00-0019650,2003,15,1,0,0.0,0,0.0,-0.5846244614804164,0.0,0.0,0.0,0.0,0.0,0.0,0.0,0
00-0019682,2000,2,1,0,0.0,0,0.0,-2.7992189191281796,0.0,0.0,0.0,0.0,0.0,1.0,5.0,0
00-0019682,2001,1,12,7,73.0,0,0.0,1.5704100565753225,0.0,0.0,5.0,0.0,0.04844863681248161,1.0,6.0,0
00-0019682,2003,1,9,4,41.0,0,1.0,-5.1056905802106485,0.0,0.0,3.0,0.0,0.033464631100124494,0.0,0.0,0
00-0019709,2000,1,3,2,19.0,0,0.0,-2.072561442829096,0.0,0.0,1.0,0.0,0.0,0.0,0.0,0
00-0019709,2002,6,182,97,1034.0,7,3.0,-19.836973515104425,0.0,0.0,49.0,0.0,0.43750035430249257,11.0,68.0,0
00-0019709,2003,2,13,7,58.0,0,2.0,-19.91077481555752,0.0,0.0,4.0,0.0,0.05395049068176075,6.0,45.0,0
00-0019709,2007,6,149,89,1079.0,10,5.0,-11.422329389726187,1014.0,510.0,48.0,6.873227632939786,0.28467602589030083,9.0,51.0,0
00-0019709,2009,5,119,69,781.0,4,3.0,0.7165102831004582,986.0,348.0,40.0,2.4937121536542852,0.19029791414441183,8.0,34.0,0
00-0019709,2010,1,6,4,20.0,0,0.0,-3.054808806977235,9.0,15.0,1.0,2.2222222222222223,0.003788758299615329,0.0,0.0,0
00-0019709,2011,4,28,18,188.0,0,1.0,-8.572181781521067,229.0,68.0,10.0,2.9158210652682124,0.3469889214489627,0.0,0.0,0
00-0019714,2011,3,3,1,35.0,1,0.0,-0.518233745067846,40.0,30.0,1.0,7.0,0.0,0.0,0.0,0
00-0019714,2012,2,1,1,4.0,0,0.0,-1.8331251109484583,1.0,3.0,0.0,4.0,0.0,0.0,0.0,0
00-0019714,2014,1,1,1,10.0,0,0.0,2.7922356287017465,0.0,10.0,1.0,0.0,0.0,0.0,0.0,0
00-0019726,2000,14,1,1,31.0,0,0.0,2.021020835847594,0.0,0.0,1.0,0.0,0.0,0.0,0.0,0
00-0019764,2002,6,51,18,207.0,3,5.0,-37.042685423897844,0.0,0.0,9.0,0.0,0.12852915574930995,4.0,20.0,0
00-0019794,2003,10,1,1,37.0,0,0.0,2.6805494623840787,0.0,0.0,1.0,0.0,0.0,0.0,0.0,0
00-0019816,2003,7,177,95,1012.0,5,7.0,-25.228326395731436,0.0,0.0,53.0,0.0,0.6094332785918777,9.0,44.0,0
00-0019976,2003,9,1,1,14.0,0,0.0,2.125778593996074,0.0,0.0,1.0,0.0,0.0,0.0,0.0,0
00-0019976,2004,15,1,1,26.0,1,0.0,3.888573030126281,0.0,0.0,1.0,0.0,0.0,0.0,0.0,0
00-0019976,2005,13,1,0,0.0,0,0.0,-0.38747978396713734,0.0,0.0,0.0,0.0,0.0,0.0,0.0,0
00-0020245,2001,8,113,50,785.0,2,3.0,-44.9538732979145,0.0,0.0,34.0,0.0,0.35264040136125246,21.0,113.0,0
00-0020245,2002,15,421,231,2936.0,16,8.0,33.615713160062654,0.0,0.0,139.0,0.0,1.789067889099876,33.0,206.0,0
00-0020245,2003,5,100,50,585.0,4,3.0,-13.321301518977881,0.0,0.0,32.0,0.0,0.5405979421463617,9.0,64.0,0
00-0020245,2004,15,321,181,2313.0,14,12.0,-71.01689360313296,0.0,0.0,103.0,0.0,1.5390225515742206,45.0,261.0,0
00-0020245,2005,15,387,214,2412.0,15,13.0,-15.182438035430152,0.0,0.0,126.0,0.0,1.4360266201315304,34.0,210.0,1
00-0020245,2006,16,389,205,2474.0,20,13.0,-66.99131294279393,4463.0,880.0,123.0,9.507974269205915,1.0008265915432712,45.0,303.0,0
00-0020245,2009,12,13,6,86.0,1,0.0,3.270934095606208,152.0,13.0,3.0,3.185872869036606,0.0,0.0,0.0,0
00-0020245,2010,12,372,233,3018.0,21,6.0,66.24013266749661,3419.0,1332.0,131.0,11.733102069885852,1.9980197488146627,35.0,211.0,1
00-0020245,2011,13,423,253,3303.0,18,14.0,49.776743787846485,3878.0,1332.0,155.0,11.694096732007154,1.6472916485920246,23.0,126.0,0
00-0020245,2012,10,351,204,2362.0,12,10.0,-2.25061192759998,3111.0,1004.0,114.0,9.447139826030135,0.8708160740617373,28.0,153.0,0
00-0020245,2013,7,141,77,1215.0,5,3.0,1.8382312890962522,1531.0,571.0,51.0,4.904492707838957,0.5591774237028886,15.0,99.0,0
00-0020245,2014,9,121,64,604.0,3,2.0,-48.4193069326558,1055.0,250.0,33.0,2.916215600944716,0.04312914913277083,19.0,85.0,0
00-0020245,2015,5,66,40,371.0,2,1.0,-30.644706980810334,631.0,193.0,14.0,3.188251788439054,0.10546482979864623,10.0,53.0,0
00-0020267,2003,1,1,0,0.0,0,0.0,-2.9101038868539035,0.0,0.0,0.0,0.0,0.0,0.0,0.0,0
00-0020305,2001,1,14,10,143.0,2,1.0,10.107295753698262,0.0,0.0,8.0,0.0,0.28012206967272063,0.0,0.0,0
00-0020305,2002,6,154,86,1011.0,6,5.0,4.218718046445187,0.0,0.0,44.0,0.0,0.253066256757217,7.0,48.0,0
00-0020305,2004,11,356,191,1893.0,11,15.0,-80.57842111483723,0.0,0.0,101.0,0.0,0.3265860089911288,23.0,136.0,2
00-0020305,2006,2,38,26,342.0,3,0.0,15.59684150404626,282.0,167.0,15.0,2.2298850574712645,0.34949835662032264,1.0,10.0,0
00-0020305,2007,3,103,59,681.0,5,8.0,-7.336493589519964,999.0,270.0,34.0,2.2498078921808804,0.3568651029921843,3.0,10.0,0
00-0020305,2011,4,97,53,548.0,1,2.0,-24.959176459116918,617.0,369.0,27.0,4.4173837953726585,-0.23063354617938348,10.0,72.0,0
00-0020308,2001,7,115,53,671.0,3,1.0,-18.365057815370932,0.0,0.0,34.0,0.0,0.354919246913143,21.0,122.0,0
00-0020308,2002,8,147,62,874.0,7,9.0,-31.437048470848996,0.0,0.0,40.0,0.0,0.292892202002913,12.0,99.0,1
00-0020308,2003,3,31,9,87.0,0,2.0,-19.364820639486425,0.0,0.0,4.0,0.0,0.07261766268474551,2.0,9.0,0
00-0020308,2004,1,15,11,77.0,0,1.0,-3.711220423982013,0.0,0.0,4.0,0.0,0.028204290904123474,1.0,12.0,0
00-0020308,2005,9,207,94,1158.0,5,8.0,-55.5199813035796,0.0,0.0,56.0,0.0,0.35344852257439646,21.0,103.0,0
00-0020337,2004,1,1,0,0.0,0,0.0,-0.5327754141762853,0.0,0.0,0.0,0.0,0.0,0.0,0.0,0
00-0020376,2002,12,1,0,0.0,0,1.0,-2.3687692696694285,0.0,0.0,0.0,0.0,0.0,0.0,0.0,0
00-0020397,2010,14,1,0,0.0,0,0.0,-0.5161897784564644,37.0,0.0,0.0,0.0,0.0,0.0,0.0,0
00-0020404,2001,8,176,90,1072.0,5,7.0,-20.69882264111886,0.0,0.0,46.0,0.0,0.4995533222253677,12.0,56.0,0
00-0020404,2002,7,221,125,1465.0,7,8.0,-10.824405551989024,0.0,0.0,66.0,0.0,0.47366382339662905,19.0,130.0,0
00-0020404,2003,16,506,292,3302.0,17,21.0,-49.63527101812181,0.0,0.0,148.0,0.0,0.8876888124489667,37.0,185.0,0
00-0020404,2004,6,58,35,498.0,3,1.0,4.21447305880782,0.0,0.0,25.0,0.0,0.29446768930856865,12.0,70.0,0
00-0020405,2001,1,4,3,34.0,0,0.0,1.3038425983977504,0.0,0.0,1.0,0.0,0.0,0.0,0.0,0
00-0020405,2003,4,45,25,324.0,0,3.0,-3.0282009923273985,0.0,0.0,14.0,0.0,0.11153081746356382,2.0,14.0,0
00-0020405,2005,1,26,14,124.0,1,2.0,-13.429359257017657,0.0,0.0,8.0,0.0,0.025703078987468014,6.0,40.0,0
00-0020405,2006,2,13,6,68.0,1,2.0,-3.334553019987652,105.0,18.0,4.0,1.4467564259485923,-0.04488353332874204,0.0,0.0,0
00-0020405,2008,2,2,1,4.0,0,0.0,-5.763125911355019,7.0,0.0,0.0,0.5714285714285714,0.0,3.0,29.0,0
00-0020434,2001,15,540,293,2931.0,11,19.0,-95.81140016016204,0.0,0.0,137.0,0.0,0.8258726410487661,26.0,177.0,0
00-0020434,2002,6,38,17,180.0,0,3.0,-24.58850870630369,0.0,0.0,10.0,0.0,0.2019480248328239,6.0,35.0,0
00-0020434,2005,3,13,7,64.0,1,0.0,3.6810295552615018,0.0,0.0,4.0,0.0,0.338868592760246,0.0,0.0,0
00-0020434,2006,3,96,56,625.0,2,4.0,-27.793937143789947,831.0,234.0,26.0,2.030628901485255,0.08615543861555773,10.0,55.0,0
00-0020434,2007,1,22,13,104.0,1,0.0,-9.964236318890471,156.0,75.0,5.0,0.6666666666666666,0.03715882928977428,5.0,31.0,0
00-0020452,2003,14,1,1,6.0,0,0.0,0.26711337419692427,0.0,0.0,0.0,0.0,0.0,0.0,0.0,0
00-0020452,2006,14,1,1,21.0,0,0.0,1.4107511210022494,21.0,0.0,1.0,1.0,0.0,0.0,0.0,0
00-0020462,2001,13,1,0,0.0,0,0.0,-0.8233621432445943,0.0,0.0,0.0,0.0,0.0,0.0,0.0,0
00-0020462,2004,14,1,0,0.0,0,1.0,-6.924757323751692,0.0,0.0,0.0,0.0,0.0,0.0,0.0,0
00-0020471,2003,15,1,0,0.0,0,1.0,-4.018952534534037,0.0,0.0,0.0,0.0,0.0,0.0,0.0,0
00-0020480,2002,2,3,0,0.0,0,0.0,-1.5345610509975813,0.0,0.0,0.0,0.0,0.0,0.0,0.0,0
00-0020480,2003,2,6,4,50.0,1,0.0,3.849274330306798,0.0,0.0,2.0,0.0,0.21619262746727813,0.0,0.0,0
00-0020480,2004,2,39,16,264.0,1,3.0,-13.040463357258243,0.0,0.0,9.0,0.0,0.024381587971135012,3.0,16.0,0
00-0020480,2005,4,61,34,462.0,4,3.0,6.606511226273142,0.0,0.0,17.0,0.0,0.29172324151038126,0.0,0.0,0
00-0020480,2006,3,39,27,265.0,3,1.0,8.533400273532607,302.0,115.0,15.0,2.6804943710230056,0.4236990829893299,1.0,5.0,0
00-0020480,2007,9,240,154,1684.0,15,12.0,31.028751039268883,1913.0,734.0,93.0,8.80499583544504,1.1569250904353188,6.0,48.0,1
00-0020480,2008,6,174,116,1431.0,6,10.0,6.264888305926954,1286.0,659.0,64.0,6.929331628975744,0.6094134840011446,9.0,58.0,0
00-0020483,2002,1,4,3,30.0,0,0.0,3.487858923501335,0.0,0.0,2.0,0.0,0.0,0.0,0.0,0
00-0020483,2003,5,116,60,532.0,3,4.0,-47.52483417807453,0.0,0.0,25.0,0.0,0.1476359243912162,16.0,95.0,0
00-0020497,2001,13,1,0,0.0,0,0.0,-0.43585655256174505,0.0,0.0,0.0,0.0,0.0,0.0,0.0,0
00-0020497,2002,10,1,0,0.0,0,0.0,-0.34711644460912794,0.0,0.0,0.0,0.0,0.0,0.0,0.0,0
00-0020497,2003,15,1,1,25.0,1,0.0,3.1219237920595333,0.0,0.0,1.0,0.0,0.0,0.0,0.0,0
00-0020498,2009,16,1,0,0.0,0,1.0,-3.9985294812358916,16.0,0.0,0.0,0.0,0.0,0.0,0.0,0
00-0020516,2002,16,1,0,0.0,0,0.0,-0.5507628177292645,0.0,0.0,0.0,0.0,0.0,0.0,0.0,0
00-0020525,2002,16,1,0,0.0,0,0.0,-0.6967192327138036,0.0,0.0,0.0,0.0,0.0,0.0,0.0,0
00-0020525,2003,16,3,2,46.0,2,0.0,6.733083099883515,0.0,0.0,2.0,0.0,0.0,0.0,0.0,0
00-0020525,2004,16,3,0,0.0,0,0.0,-3.0811378181679174,0.0,0.0,0.0,0.0,0.0,1.0,3.0,0
00-0020527,2001,13,2,1,12.0,1,0.0,2.097321321023628,0.0,0.0,1.0,0.0,0.0,0.0,0.0,0
00-0020527,2003,16,2,0,0.0,0,0.0,-1.5050619943067431,0.0,0.0,0.0,0.0,0.0,0.0,0.0,0
00-0020531,2001,1,27,15,221.0,1,0.0,10.566101451475431,0.0,0.0,11.0,0.0,0.16618816671439476,2.0,12.0,0
00-0020531,2002,16,526,320,3284.0,17,16.0,6.135578352908768,0.0,0.0,163.0,0.0,1.272426175858972,24.0,180.0,1
00-0020531,2003,11,356,205,2108.0,11,15.0,-59.786184187180176,0.0,0.0,95.0,0.0,0.5685542904376433,21.0,178.0,1
00-0020531,2004,15,400,262,3159.0,27,7.0,130.74531570183433,0.0,0.0,141.0,0.0,2.443925972593411,17.0,122.0,0
00-0020531,2005,16,500,323,3576.0,24,15.0,64.01175467035816,0.0,0.0,182.0,0.0,1.999219087678706,27.0,223.0,0
00-0020531,2006,16,555,357,4424.0,26,11.0,124.24046867104968,3848.0,2060.0,202.0,19.804844550468744,2.2562430351945393,18.0,105.0,2
00-0020531,2007,16,655,443,4428.0,28,18.0,53.030763382990074,4459.0,2050.0,233.0,16.62933064257723,2.2165245824716333,15.0,100.0,0
00-0020531,2008,16,635,413,5069.0,34,17.0,163.06032784462403,5006.0,2311.0,232.0,18.381395284409304,2.6003548499996434,13.0,92.0,0
00-0020531,2009,15,514,363,4388.0,34,11.0,157.81398207679922,4217.0,1975.0,210.0,16.242192330747887,3.089868575914934,20.0,135.0,0
00-0020531,2010,16,658,448,4620.0,33,22.0,84.0468688083093,4964.0,2048.0,236.0,15.657956427534614,2.289745788474261,26.0,195.0,0
00-0020531,2011,16,660,471,5535.0,46,14.0,225.52100298145996,5070.0,2449.0,280.0,19.182189829621382,3.295681069361761,24.0,158.0,2
00-0020531,2012,16,670,422,5177.0,43,19.0,114.68509710656896,5468.0,2158.0,266.0,15.986202014321101,2.299946046790267,26.0,190.0,0
00-0020531,2013,16,650,446,5162.0,39,12.0,147.93384446670268,5181.0,2435.0,244.0,16.81580293419872,2.708586996937385,37.0,244.0,0
00-0020531,2014,16,659,456,4952.0,33,17.0,103.02978814409695,5072.0,2173.0,258.0,16.102021349789666,2.474547353833903,29.0,186.0,0
00-0020531,2015,15,627,428,4870.0,32,11.0,105.54360427458502,4908.0,2382.0,228.0,15.82960392351072,1.9792638989262912,31.0,235.0,0
00-0020531,2016,16,673,471,5208.0,37,15.0,113.29107356053856,4795.0,2410.0,264.0,18.13725597523634,2.386811593186469,27.0,184.0,0
00-0020531,2017,16,536,386,4334.0,23,8.0,106.64644942046743,3417.0,2369.0,201.0,21.640208661103458,2.3674200541568777,20.0,145.0,0
00-0020531,2018,15,489,364,3992.0,32,5.0,159.19895505122125,3502.0,1827.0,199.0,18.773128887044326,3.1604980834647027,17.0,121.0,1
00-0020531,2019,11,378,281,2979.0,27,4.0,93.79557738414712,2425.0,1495.0,159.0,13.487758183490776,1.8799012362353626,12.0,89.0,0
00-0020531,2020,12,390,275,2942.0,24,6.0,69.72044695507294,2361.0,1478.0,149.0,15.637096256248567,1.5455517447875238,13.0,89.0,0
00-0020536,2003,16,1,1,21.0,1,0.0,3.6893623374635354,0.0,0.0,1.0,0.0,0.0,0.0,0.0,0
00-0020536,2004,15,2,1,38.0,0,0.0,-4.1098882615404095,0.0,0.0,1.0,0.0,0.0,2.0,10.0,0
00-0020536,2005,16,4,3,47.0,3,0.0,6.636840419102185,0.0,0.0,3.0,0.0,0.0,0.0,0.0,0
00-0020536,2006,16,3,2,20.0,2,0.0,2.6785583940056483,31.0,0.0,2.0,2.0,0.0,0.0,0.0,0
00-0020536,2007,16,1,1,17.0,1,0.0,2.2307826139149256,16.0,1.0,1.0,1.0625,0.0,0.0,0.0,0
00-0020536,2009,14,1,0,0.0,0,0.0,-0.99232980562374,3.0,0.0,0.0,0.0,0.0,0.0,0.0,0
00-0020562,2002,9,250,127,1555.0,7,8.0,-94.56040040710825,0.0,0.0,63.0,0.0,0.42913287787723475,34.0,265.0,0
00-0020562,2003,1,2,1,8.0,0,0.0,-1.5126282908022404,0.0,0.0,0.0,0.0,0.0,0.0,0.0,0
00-0020562,2004,5,161,92,903.0,4,3.0,-48.515837560329274,0.0,0.0,43.0,0.0,0.22442445027808297,23.0,160.0,0
00-0020565,2006,4,68,38,412.0,2,1.0,-2.4312697140690283,654.0,114.0,23.0,2.677178770005169,0.19087510417981035,5.0,24.0,0
00-0020565,2007,9,309,173,1773.0,6,6.0,-16.73154446292555,2575.0,808.0,87.0,6.239173110711412,0.38249791172195813,23.0,147.0,0
00-0020565,2008,1,2,0,0.0,0,0.0,-2.7346982820890844,10.0,0.0,0.0,0.0,0.0,0.0,0.0,0
00-0020608,2002,16,444,233,2592.0,9,15.0,-134.56527050028154,0.0,0.0,117.0,0.0,0.6526401541287066,76.0,411.0,2
00-0020608,2003,12,295,167,2013.0,9,13.0,-26.906566108726633,0.0,0.0,86.0,0.0,0.8828582059261537,15.0,90.0,0
00-0020608,2004,16,467,286,3539.0,16,14.0,30.81975013525494,0.0,0.0,173.0,0.0,1.4256322677291007,50.0,305.0,0
00-0020608,2005,16,423,256,2488.0,14,11.0,-67.9094791361773,0.0,0.0,135.0,0.0,0.9286326886992506,68.0,424.0,1
00-0020608,2006,16,442,302,2765.0,11,12.0,-46.038332191816,2401.0,1518.0,141.0,18.887723556675518,1.4595332380336932,40.0,237.0,1
00-0020608,2007,6,136,73,635.0,3,5.0,-30.178160071953826,1091.0,297.0,32.0,4.004676202204144,0.04689396952457498,13.0,74.0,0
00-0020608,2008,3,12,9,115.0,2,0.0,8.632806781417042,141.0,26.0,7.0,1.8088235294117647,0.30620034718990713,1.0,2.0,0
00-0020608,2009,6,33,21,225.0,1,0.0,1.733676929415739,266.0,125.0,11.0,4.385807174456421,0.6102450244562443,2.0,11.0,0
00-0020608,2010,1,13,5,67.0,0,1.0,-5.576723581982236,137.0,46.0,3.0,0.48905109489051096,-0.06976610717440747,1.0,5.0,0
00-0020608,2012,2,3,2,19.0,0,0.0,-0.8787381140864454,10.0,17.0,1.0,15.444444444444445,0.0,1.0,6.0,0
00-0020613,2005,1,14,8,100.0,2,0.0,7.223388804239221,0.0,0.0,6.0,0.0,0.20960562449411957,1.0,7.0,0
00-0020613,2006,1,22,13,166.0,0,0.0,5.357983792782761,234.0,40.0,8.0,0.7094017094017094,0.1920921341302199,1.0,11.0,0
00-0020613,2007,8,144,80,986.0,10,5.0,24.194359432058878,1532.0,351.0,54.0,4.58650703893351,0.7274267548516697,10.0,68.0,0
00-0020613,2008,1,8,7,76.0,1,0.0,6.091389842506032,51.0,28.0,5.0,1.4901960784313726,0.36359911236728576,0.0,0.0,0
00-0020679,2007,3,80,54,501.0,5,2.0,5.681415820081563,283.0,306.0,26.0,5.830691738498167,0.37845784262839577,5.0,28.0,0
00-0020679,2008,9,288,181,2046.0,14,8.0,27.0031798116924,2295.0,798.0,99.0,9.377554471154676,1.1514927077442019,23.0,148.0,0
00-0020679,2009,6,155,87,943.0,5,2.0,-18.631601619526627,1083.0,499.0,39.0,6.231981026559437,0.17703462159515468,18.0,107.0,0
00-0020679,2010,11,416,257,2686.0,16,12.0,17.992639199960887,2992.0,1425.0,133.0,9.906668389109239,0.9013084991444942,17.0,113.0,1
00-0020679,2011,2,3,2,33.0,0,0.0,1.4804485792992637,47.0,0.0,1.0,1.263157894736842,0.0,0.0,0.0,0
00-0020679,2012,1,13,10,172.0,2,0.0,13.742976711306255,141.0,47.0,8.0,1.2198581560283688,0.45720207215464403,0.0,0.0,0
00-0020679,2014,8,229,145,1657.0,8,7.0,-23.89881369991659,1807.0,809.0,81.0,8.138262848815145,0.47383972003015595,18.0,116.0,0
00-0020679,2015,3,7,2,15.0,0,0.0,-6.6293511195108294,59.0,9.0,0.0,0.28846153846153844,-0.09177911215262947,1.0,11.0,0
00-0020679,2016,3,35,19,242.0,0,0.0,6.045880342577831,348.0,66.0,12.0,2.188046647230321,0.11164236856238224,1.0,7.0,0
00-0020780,2002,1,1,0,0.0,0,0.0,-0.47874823305755854,0.0,0.0,0.0,0.0,0.0,0.0,0.0,0
00-0020780,2003,2,1,0,0.0,0,0.0,-0.03412152943201363,0.0,0.0,0.0,0.0,0.0,0.0,0.0,0
00-0020780,2004,7,1,0,0.0,0,0.0,-0.4461244447156787,0.0,0.0,0.0,0.0,0.0,0.0,0.0,0
00-0020964,2004,16,1,1,8.0,1,0.0,1.6804256075411104,0.0,0.0,1.0,0.0,0.0,0.0,0.0,0
00-0020964,2005,12,1,1,14.0,0,0.0,1.1924757421948016,0.0,0.0,1.0,0.0,0.0,0.0,0.0,0
00-0020973,2003,5,1,0,0.0,0,0.0,-1.6307474051136523,0.0,0.0,0.0,0.0,0.0,1.0,5.0,0
00-0020984,2004,12,1,0,0.0,0,0.0,-1.693998615257442,0.0,0.0,0.0,0.0,0.0,0.0,0.0,0
00-0020984,2005,9,2,0,0.0,0,0.0,-0.6719511311966926,0.0,0.0,0.0,0.0,0.0,0.0,0.0,0
00-0021141,2002,14,429,215,2294.0,12,16.0,-86.77954108676421,0.0,0.0,110.0,0.0,0.7227446489635841,8.0,75.0,0
00-0021141,2003,16,554,309,2880.0,17,22.0,-92.40595086009588,0.0,0.0,147.0,0.0,0.85576899138497,11.0,67.0,2
00-0021141,2004,16,489,274,3047.0,19,12.0,-58.287222262542244,0.0,0.0,138.0,0.0,1.1333190964466948,35.0,196.0,1
00-0021141,2005,12,330,188,2021.0,12,12.0,-38.15716863856049,0.0,0.0,101.0,0.0,0.9821611772460306,23.0,136.0,0
00-0021141,2006,11,388,223,2236.0,12,15.0,-42.297489179354415,2949.0,923.0,113.0,7.872510218258326,0.4232582628747301,14.0,109.0,2
00-0021141,2007,12,348,215,2215.0,7,8.0,-38.03268107355535,2364.0,1110.0,100.0,12.794135766858625,0.7012299027637613,32.0,192.0,0
00-0021163,2002,16,1,1,39.0,1,0.0,4.709694659803063,0.0,0.0,1.0,0.0,0.0,0.0,0.0,0
00-0021163,2003,13,1,0,0.0,0,0.0,-0.4277262723771855,0.0,0.0,0.0,0.0,0.0,0.0,0.0,0
00-0021163,2004,14,3,0,0.0,0,0.0,-1.3160438212798908,0.0,0.0,0.0,0.0,0.0,0.0,0.0,0
00-0021164,2005,15,1,0,0.0,0,0.0,-0.47641939274035394,0.0,0.0,0.0,0.0,0.0,0.0,0.0,0
00-0021176,2002,12,1,1,20.0,0,0.0,1.2279302817769349,0.0,0.0,1.0,0.0,0.0,0.0,0.0,0
00-0021179,2004,15,2,1,15.0,1,0.0,2.2324074781499803,0.0,0.0,1.0,0.0,0.0,0.0,0.0,0
00-0021179,2005,16,2,1,17.0,1,0.0,2.0549712955835275,0.0,0.0,1.0,0.0,0.0,0.0,0.0,0
00-0021179,2007,16,1,1,15.0,1,0.0,1.4365133385990259,15.0,0.0,1.0,1.0,0.0,1.0,2.0,0
00-0021179,2009,8,1,0,0.0,0,0.0,-1.4102344970728948,5.0,0.0,0.0,0.0,0.0,0.0,0.0,0
00-0021190,2002,16,8,7,45.0,0,0.0,-2.1074210530496202,0.0,0.0,3.0,0.0,0.0,1.0,10.0,1
00-0021190,2003,16,4,3,6.0,0,0.0,-3.3711343475151807,0.0,0.0,0.0,0.0,0.0,1.0,10.0,0
00-0021190,2004,16,1,1,10.0,1,0.0,3.1939452461665496,0.0,0.0,1.0,0.0,0.0,0.0,0.0,0
00-0021190,2005,15,3,3,67.0,1,0.0,5.339430681196973,0.0,0.0,2.0,0.0,0.0,0.0,0.0,0
00-0021190,2006,16,3,2,88.0,1,0.0,6.297113093081862,113.0,4.0,2.0,2.102357676825762,0.0,0.0,0.0,0
00-0021190,2007,14,2,1,19.0,0,0.0,0.8529124844353646,29.0,13.0,1.0,3.1666666666666665,0.0,0.0,0.0,0
00-0021190,2008,16,4,3,46.0,1,0.0,3.7420094108674675,61.0,22.0,3.0,5.758333333333333,0.0,0.0,0.0,0
00-0021190,2010,12,2,2,42.0,2,0.0,6.736850430606864,42.0,0.0,2.0,2.0,0.0,0.0,0.0,0
00-0021206,2002,2,18,7,66.0,0,2.0,-21.584006430523004,0.0,0.0,3.0,0.0,0.07703202547302465,5.0,50.0,0
00-0021206,2003,7,165,95,1018.0,5,6.0,-16.009218423207265,0.0,0.0,51.0,0.0,0.41715065038660043,24.0,173.0,0
00-0021206,2004,14,408,233,2511.0,11,10.0,-43.86217371800463,0.0,0.0,122.0,0.0,0.8144082994925994,31.0,263.0,0
00-0021206,2005,9,270,163,1832.0,9,11.0,-7.14102420273545,0.0,0.0,84.0,0.0,0.5694296197319381,18.0,101.0,0
00-0021206,2007,9,191,111,1151.0,10,11.0,-23.820791199942416,1641.0,476.0,54.0,6.633756060246956,0.3754636681473378,15.0,98.0,1
00-0021206,2009,1,6,1,2.0,0,0.0,-7.009537508827634,20.0,0.0,0.0,0.1,-0.21590447567119325,1.0,6.0,0
00-0021206,2011,3,55,35,414.0,2,4.0,-2.0895292433112065,490.0,167.0,18.0,2.8601307189542484,0.22351560272852078,7.0,43.0,0
00-0021206,2013,8,224,149,1829.0,13,1.0,82.01391675626952,1769.0,835.0,90.0,7.98346064929799,1.5589619462140971,11.0,37.0,1
00-0021206,2014,11,327,184,2206.0,11,14.0,-29.44601484442695,3268.0,738.0,98.0,7.556378597551278,0.632079288421708,36.0,235.0,0
00-0021206,2015,8,292,186,2109.0,12,4.0,15.662762937371987,2266.0,1014.0,96.0,8.200305946838347,0.7281724724378374,23.0,137.0,2
00-0021206,2016,5,165,90,1100.0,6,6.0,-26.370596484836565,1649.0,450.0,56.0,3.204257219124753,0.053169681465650376,18.0,126.0,1
00-0021206,2017,13,397,267,2926.0,18,9.0,14.320195225675935,3036.0,1256.0,133.0,13.084986529558101,1.6259360778690088,39.0,264.0,0
00-0021206,2018,4,110,60,539.0,1,4.0,-32.38688326054918,805.0,308.0,27.0,1.9978941132913737,-0.03819246401867809,7.0,35.0,0
00-0021206,2019,2,5,3,24.0,0,0.0,1.1289297543116845,22.0,15.0,2.0,1.0909090909090908,0.04296032309569281,0.0,0.0,0
00-0021216,2002,14,1,1,25.0,1,0.0,3.201354683493264,0.0,0.0,1.0,0.0,0.0,0.0,0.0,0
00-0021216,2009,8,1,0,0.0,0,0.0,-0.9988904983038083,1.0,0.0,0.0,0.0,0.0,0.0,0.0,0
00-0021231,2002,4,46,23,231.0,0,2.0,-17.61014129646382,0.0,0.0,16.0,0.0,0.20718583137748187,7.0,40.0,0
00-0021231,2003,1,12,9,86.0,1,0.0,6.552948814816773,0.0,0.0,5.0,0.0,0.2289488566754057,0.0,0.0,0
00-0021231,2004,4,72,38,374.0,2,1.0,-6.259678784128739,0.0,0.0,21.0,0.0,0.1400102419246959,6.0,35.0,0
00-0021231,2005,7,168,98,1117.0,4,1.0,16.05184142377653,0.0,0.0,63.0,0.0,0.6885193299437662,10.0,58.0,0
00-0021231,2006,10,241,145,1735.0,10,9.0,-18.141614301386305,2286.0,769.0,81.0,8.628959353866394,0.9259573752332815,20.0,119.0,0
00-0021231,2007,12,325,208,2509.0,18,3.0,78.71033428136249,2994.0,969.0,126.0,10.683200956937206,1.976793919126371,20.0,96.0,0
00-0021231,2008,16,535,335,3620.0,15,13.0,15.541969915666689,4443.0,1466.0,182.0,13.757090154789767,1.836902747501137,42.0,288.0,0
00-0021231,2009,16,516,314,3597.0,15,10.0,-8.461835108037402,4224.0,1521.0,170.0,14.430425676446838,1.5711493273856951,42.0,231.0,0
00-0021231,2010,14,366,236,2734.0,23,15.0,23.823731637378913,3142.0,1183.0,130.0,13.667108646650288,1.9320003246806121,32.0,251.0,0
00-0021235,2002,2,1,0,0.0,0,0.0,-2.575119733810425,0.0,0.0,0.0,0.0,0.0,0.0,0.0,0
00-0021238,2002,2,2,1,3.0,0,0.0,-0.8573517425684258,0.0,0.0,0.0,0.0,0.0,0.0,0.0,0
00-0021238,2003,1,6,3,31.0,0,0.0,-0.5459434659569524,0.0,0.0,2.0,0.0,0.16480039652798564,0.0,0.0,0
00-0021238,2004,4,10,4,54.0,0,0.0,1.8249717430444434,0.0,0.0,4.0,0.0,0.21431675244924497,0.0,0.0,0
00-0021254,2002,4,44,15,171.0,0,4.0,-27.937269098275493,0.0,0.0,9.0,0.0,0.4117166185320865,7.0,60.0,0
00-0021271,2003,6,114,44,391.0,2,6.0,-54.89101288310116,0.0,0.0,23.0,0.0,0.20731284731817395,5.0,30.0,0
00-0021277,2004,5,33,23,314.0,4,0.0,20.07725818548405,0.0,0.0,19.0,0.0,0.7869445332423138,2.0,8.0,0
00-0021277,2007,1,15,7,88.0,1,0.0,-0.21599847348077184,117.0,40.0,4.0,0.7521367521367521,-0.040548992077907395,1.0,10.0,0
00-0021296,2007,4,25,13,148.0,1,2.0,-2.5830401036393607,204.0,80.0,7.0,0.751269035532995,-0.007942794337947421,3.0,18.0,0
00-0021296,2008,9,220,128,1678.0,8,11.0,-55.542078082795115,1809.0,930.0,77.0,8.07509580144491,0.5162431005340475,32.0,197.0,1
00-0021296,2009,3,11,4,40.0,0,0.0,-19.42766161088366,44.0,15.0,1.0,9.720930232558139,-0.08447939880476485,3.0,31.0,0
00-0021306,2007,16,1,1,9.0,1,0.0,2.161404990882147,9.0,0.0,1.0,1.0,0.0,0.0,0.0,0
00-0021314,2007,14,1,0,0.0,0,0.0,-0.9752383984159678,5.0,0.0,0.0,0.0,0.0,0.0,0.0,0
00-0021314,2008,16,1,1,4.0,1,0.0,2.587790197925642,4.0,0.0,1.0,1.0,0.0,0.0,0.0,0
00-0021337,2004,11,1,0,0.0,0,0.0,-0.5352177452296019,0.0,0.0,0.0,0.0,0.0,0.0,0.0,0
00-0021337,2006,15,2,0,0.0,0,1.0,-2.5669263057643548,81.0,0.0,0.0,0.0,0.0,0.0,0.0,0
00-0021337,2007,16,1,0,0.0,0,0.0,-0.4291341134812683,0.0,0.0,0.0,0.0,0.0,0.0,0.0,0
00-0021353,2003,10,1,0,0.0,0,1.0,-4.006469402695075,0.0,0.0,0.0,0.0,0.0,0.0,0.0,0
00-0021376,2003,16,1,0,0.0,0,0.0,-0.5147270066663623,0.0,0.0,0.0,0.0,0.0,0.0,0.0,0
00-0021379,2002,9,227,117,1539.0,9,8.0,1.0225821981887897,0.0,0.0,67.0,0.0,0.5386882338979734,18.0,132.0,1
00-0021379,2003,11,338,180,2169.0,14,9.0,-25.387596065719404,0.0,0.0,99.0,0.0,0.45276155127003315,30.0,206.0,2
00-0021379,2004,9,272,169,1665.0,10,11.0,-5.337676041472103,0.0,0.0,89.0,0.0,0.652482483743458,22.0,134.0,0
00-0021379,2005,4,25,15,279.0,1,1.0,8.345455139875412,0.0,0.0,11.0,0.0,0.5649439992055505,4.0,27.0,0
00-0021379,2006,1,1,0,0.0,0,0.0,-0.4319904155563563,31.0,0.0,0.0,0.0,0.0,0.0,0.0,0
00-0021379,2007,2,48,29,262.0,1,1.0,-11.2776283386047,298.0,82.0,12.0,0.8791946308724832,0.028273529564005223,3.0,13.0,0
00-0021379,2008,1,3,2,19.0,0,0.0,-1.4188963279593736,12.0,10.0,1.0,1.5833333333333333,0.0,1.0,5.0,0
00-0021429,2004,13,432,263,2897.0,18,18.0,-29.864142017494302,0.0,0.0,140.0,0.0,1.0742792501861336,25.0,178.0,0
00-0021429,2005,16,509,345,3836.0,32,12.0,120.45502324354844,0.0,0.0,197.0,0.0,2.0441495318776557,20.0,108.0,1
00-0021429,2006,16,520,324,4036.0,28,13.0,62.18936231082692,5067.0,1433.0,200.0,13.153057314120465,2.1362263817286835,36.0,231.0,0
00-0021429,2007,16,575,373,4130.0,26,20.0,60.22681372071517,5041.0,1742.0,213.0,14.243875951038314,2.2615549315997896,17.0,119.0,0
00-0021429,2008,4,130,76,736.0,3,4.0,-17.086664309294815,892.0,333.0,41.0,3.224311733451949,0.16609331556751447,11.0,67.0,0
00-0021429,2009,16,466,282,3094.0,21,13.0,47.67946300389795,3833.0,1299.0,158.0,12.67409090628902,1.556349798431476,26.0,213.0,1
00-0021429,2010,16,586,362,3970.0,26,20.0,35.687816629765834,4911.0,1648.0,205.0,13.365294321298592,1.5983098218202463,26.0,201.0,1
00-0021429,2011,10,328,199,2753.0,13,16.0,34.36404957944187,3389.0,1051.0,122.0,8.517582778528238,1.2341146280897042,17.0,119.0,0
00-0021429,2012,15,565,345,4018.0,22,14.0,16.911176471452514,4712.0,1959.0,184.0,27.475351149562066,1.1505084212973273,26.0,199.0,2
00-0021429,2013,16,572,362,4274.0,24,22.0,12.825727478092794,5266.0,1756.0,204.0,13.539378591034886,1.7810471489029722,41.0,289.0,0
00-0021429,2014,6,224,141,1626.0,11,3.0,32.81934315503189,2050.0,747.0,82.0,4.884785826020252,0.7048782347594096,9.0,59.0,0
00-0021429,2015,16,537,342,4671.0,35,11.0,157.61754612943565,5765.0,1756.0,231.0,13.482984032806518,3.1245383199759607,25.0,151.0,0
00-0021429,2016,15,597,364,4233.0,26,14.0,34.85178977190047,5635.0,1669.0,218.0,11.544474700804944,1.4729038083675454,40.0,281.0,1
00-0021429,2017,7,267,164,1978.0,9,7.0,-3.251267905359141,2499.0,743.0,94.0,5.7017141075081055,0.5029543534592292,22.0,150.0,0
00-0021488,2004,1,1,0,0.0,0,0.0,-4.335919933277182,0.0,0.0,0.0,0.0,0.0,0.0,0.0,0
00-0021488,2013,1,1,1,30.0,0,0.0,5.5709729379741475,19.0,11.0,1.0,1.5789473684210527,0.0,0.0,0.0,0
00-0021508,2007,7,1,0,0.0,0,0.0,-0.7118513067252934,33.0,0.0,0.0,0.0,0.0,0.0,0.0,0
00-0021647,2008,13,1,1,18.0,0,0.0,1.668647684942698,15.0,3.0,1.0,1.2,0.0,0.0,0.0,0
00-0021678,2006,13,337,220,2903.0,19,13.0,83.13981336166889,3439.0,983.0,143.0,10.750425565414233,1.8794311656477911,21.0,124.0,1
00-0021678,2007,16,520,335,4211.0,36,19.0,139.9886226375508,4305.0,1681.0,215.0,16.248169140486446,2.8387296479435604,25.0,178.0,0
00-0021678,2008,13,451,276,3448.0,26,14.0,48.20309174642024,4103.0,1579.0,150.0,11.669339715276408,1.642488802322262,20.0,123.0,0
00-0021678,2009,16,550,347,4483.0,26,9.0,113.02790599830774,4163.0,2295.0,203.0,17.446886064549947,2.0512406291401377,34.0,196.0,0
00-0021678,2010,6,213,148,1605.0,11,7.0,25.438720242337542,1522.0,815.0,75.0,7.907796628819521,0.7500935052631107,7.0,41.0,0
00-0021678,2011,16,522,346,4184.0,31,10.0,93.95441820476599,4020.0,1946.0,203.0,16.4034922068,2.30331911745929,36.0,227.0,0
00-0021678,2012,16,648,425,4903.0,28,19.0,83.71177806119434,5715.0,1952.0,231.0,14.533551671963114,2.160473851342636,36.0,263.0,1
00-0021678,2013,15,535,342,3828.0,31,10.0,61.24347559387949,4248.0,1778.0,194.0,13.747582793233308,1.3908541782980446,35.0,272.0,1
00-0021678,2014,15,435,304,3705.0,34,9.0,145.6905271308002,3924.0,1626.0,189.0,14.873316444005583,3.301981397538783,29.0,215.0,0
00-0021678,2015,4,121,83,884.0,5,7.0,-10.050436075268909,859.0,426.0,46.0,4.23886691219634,0.39826554244537615,6.0,35.0,0
00-0021678,2016,1,4,3,29.0,1,0.0,3.706004136125557,60.0,10.0,3.0,0.48333333333333334,0.0,0.0,0.0,0
00-0021755,2008,10,1,1,3.0,1,0.0,1.1628254193929024,3.0,0.0,1.0,1.0,0.0,0.0,0.0,0
00-0021755,2010,11,1,1,2.0,1,0.0,1.3158027259050868,2.0,0.0,1.0,1.0,0.0,0.0,0.0,0
00-0021940,2009,1,1,1,36.0,1,0.0,6.005454347468913,7.0,29.0,1.0,5.142857142857143,0.0,0.0,0.0,0
00-0021976,2006,16,1,0,0.0,0,0.0,-0.4127123840735294,12.0,0.0,0.0,0.0,0.0,0.0,0.0,0
00-0021976,2007,8,1,0,0.0,0,0.0,-0.40940274886088446,16.0,0.0,0.0,0.0,0.0,0.0,0.0,0
00-0021976,2008,12,1,1,4.0,1,0.0,1.160126572533045,4.0,0.0,1.0,1.0,0.0,0.0,0.0,0
00-0021979,2005,11,1,0,0.0,0,0.0,-0.40185316069982946,0.0,0.0,0.0,0.0,0.0,0.0,0.0,0
00-0022005,2004,5,73,42,467.0,1,3.0,-21.86483458947991,0.0,0.0,21.0,0.0,0.07872800100383988,10.0,75.0,0
00-0022005,2005,11,313,191,2035.0,10,7.0,-25.77128270612362,0.0,0.0,107.0,0.0,0.6762542140992028,28.0,205.0,0
00-0022005,2006,3,106,58,585.0,1,7.0,-44.14863956035799,713.0,227.0,28.0,2.4995649323559213,0.09576946354745816,4.0,32.0,0
00-0022005,2008,1,2,1,7.0,0,0.0,-2.2974565223557875,50.0,1.0,1.0,0.14,0.0,1.0,10.0,0
00-0022005,2009,3,17,5,23.0,0,1.0,-22.61858327424852,138.0,11.0,1.0,0.663888888888889,-0.1460330533091313,5.0,39.0,0
00-0022017,2004,1,1,0,0.0,0,1.0,-3.60020523192361,0.0,0.0,0.0,0.0,0.0,0.0,0.0,0
00-0022017,2006,1,1,0,0.0,0,0.0,-1.739476672373712,0.0,0.0,0.0,0.0,0.0,0.0,0.0,0
00-0022017,2010,1,1,1,28.0,0,0.0,4.481698259129189,19.0,9.0,1.0,1.4736842105263157,0.0,0.0,0.0,0
00-0022026,2004,1,9,5,60.0,0,0.0,-2.6698304689489305,0.0,0.0,2.0,0.0,0.029324297675474807,1.0,8.0,0
00-0022026,2005,11,266,150,1558.0,7,6.0,-49.52974772500758,0.0,0.0,76.0,0.0,0.6829067687938504,33.0,196.0,0
00-0022026,2006,2,18,13,146.0,0,1.0,-10.50533278239891,112.0,102.0,7.0,3.315810434090004,0.23075323827843444,6.0,42.0,0
00-0022026,2007,5,50,33,391.0,1,1.0,-4.57038032434062,354.0,210.0,18.0,6.2263736263736265,0.4491697503513341,7.0,36.0,0
00-0022026,2008,2,17,10,71.0,1,1.0,-7.15438795753289,121.0,16.0,4.0,1.5575221238938053,0.014213955265796933,3.0,22.0,0
00-0022027,2005,1,2,1,17.0,0,0.0,-2.295266949455254,0.0,0.0,0.0,0.0,0.0,0.0,0.0,0
00-0022039,2004,8,226,123,1231.0,6,9.0,-53.25916998996506,0.0,0.0,60.0,0.0,0.48967186798075013,13.0,94.0,0
00-0022039,2005,3,90,48,481.0,2,2.0,-13.455993721473963,0.0,0.0,22.0,0.0,0.18267934624700097,6.0,28.0,1
00-0022039,2006,1,1,0,0.0,0,0.0,-3.235375451040454,-9.0,0.0,0.0,0.0,0.0,1.0,7.0,0
00-0022039,2008,4,91,43,374.0,0,7.0,-49.354901385718534,622.0,160.0,19.0,2.060045948203843,-0.06932577195286056,5.0,43.0,0
00-0022055,2005,5,25,13,173.0,1,1.0,-2.5260541207738494,0.0,0.0,10.0,0.0,0.1528529431374126,3.0,20.0,0
00-0022055,2006,6,141,82,927.0,8,7.0,-23.89818709632931,1322.0,285.0,42.0,3.8417389201147545,0.2796131663879513,13.0,80.0,0
00-0022055,2007,5,28,19,215.0,2,1.0,-4.404976474700458,164.0,115.0,7.0,2.9553805774278215,0.1748953623555678,3.0,13.0,0
00-0022055,2008,9,242,141,1532.0,11,3.0,15.601658627035143,1849.0,750.0,72.0,7.504776634336185,0.6843114732297285,14.0,76.0,0
00-0022055,2009,13,120,78,700.0,3,2.0,0.1502463127995184,891.0,340.0,37.0,12.697264798723609,0.17832792659448243,9.0,59.0,0
00-0022055,2010,6,101,64,694.0,4,2.0,5.175237016667688,771.0,365.0,35.0,4.134475219966742,0.41239933240808996,6.0,33.0,0
00-0022055,2011,6,107,55,567.0,2,2.0,-20.57370664712164,823.0,178.0,29.0,4.071105105867012,-0.07112253897085016,6.0,30.0,0
00-0022055,2013,2,24,16,139.0,0,1.0,-12.09124995075884,126.0,54.0,7.0,3.4827586206896552,0.21780927157110785,4.0,25.0,0
00-0022057,2003,15,2,1,32.0,0,0.0,1.7525582900852896,0.0,0.0,1.0,0.0,0.0,0.0,0.0,0
00-0022064,2005,8,2,2,27.0,0,0.0,0.9936452864203602,0.0,0.0,1.0,0.0,0.0,0.0,0.0,0
00-0022064,2006,16,1,0,0.0,0,0.0,-0.549801078857854,38.0,0.0,0.0,0.0,0.0,0.0,0.0,0
00-0022084,2003,16,1,0,0.0,0,1.0,-3.181171167641878,0.0,0.0,0.0,0.0,0.0,0.0,0.0,0
00-0022084,2005,14,1,0,0.0,0,0.0,-0.834191313944757,0.0,0.0,0.0,0.0,0.0,0.0,0.0,0
00-0022084,2010,16,1,1,-6.0,0,0.0,-1.0459226823877543,-11.0,5.0,0.0,0.0,0.0,0.0,0.0,0
00-0022084,2014,16,1,0,0.0,0,0.0,-0.41531770303845406,18.0,0.0,0.0,0.0,0.0,0.0,0.0,0
00-0022091,2003,2,40,20,135.0,0,1.0,-21.407203236614862,0.0,0.0,7.0,0.0,0.06719597792087757,8.0,39.0,0
00-0022092,2009,14,1,0,0.0,0,1.0,-5.1040110338362865,4.0,0.0,0.0,0.0,0.0,0.0,0.0,0
00-0022097,2011,15,1,0,0.0,0,0.0,-0.39640825567767024,31.0,0.0,0.0,0.0,0.0,0.0,0.0,0
00-0022101,2004,1,1,0,0.0,0,0.0,-0.9753408385490547,0.0,0.0,0.0,0.0,0.0,0.0,0.0,0
00-0022101,2009,1,4,2,12.0,1,1.0,-3.3189410027407575,30.0,0.0,2.0,0.4,0.0,0.0,0.0,0
00-0022101,2010,1,28,13,173.0,1,2.0,-18.552411864932846,193.0,105.0,3.0,0.8963730569948186,-0.06866633696322325,3.0,23.0,0
00-0022112,2003,1,2,1,7.0,0,0.0,-0.1792512146057561,0.0,0.0,0.0,0.0,0.0,1.0,2.0,0
00-0022121,2003,3,72,38,437.0,2,1.0,-5.567409378836549,0.0,0.0,23.0,0.0,0.1483733632946629,4.0,41.0,0
00-0022121,2004,3,84,47,607.0,1,3.0,3.9248301125253455,0.0,0.0,28.0,0.0,0.25103849226908515,5.0,22.0,0
00-0022121,2005,2,39,20,259.0,1,2.0,8.653247457546449,0.0,0.0,14.0,0.0,0.2606550914640923,1.0,9.0,0
00-0022121,2006,16,480,262,3197.0,23,20.0,-27.0587427658017,4317.0,1264.0,150.0,12.37424605758752,1.5230070107773825,21.0,142.0,0
00-0022121,2007,8,225,122,1411.0,4,7.0,-50.29701226284215,1984.0,574.0,66.0,5.6018678299747675,-0.060277862895061665,25.0,198.0,0
00-0022121,2008,3,63,33,257.0,2,2.0,-20.54005674704572,537.0,103.0,12.0,1.4660610611586797,0.029359867622669338,2.0,8.0,0
00-0022121,2009,1,9,3,33.0,0,1.0,-6.4396577352890745,86.0,7.0,1.0,0.38372093023255816,-0.05225082591990207,0.0,0.0,0
00-0022121,2010,4,133,74,884.0,7,4.0,-15.140292248867684,938.0,417.0,42.0,3.8243445002032574,0.04319108004898124,9.0,77.0,2
00-0022121,2011,13,458,265,3151.0,16,20.0,-13.972273377445095,4139.0,1315.0,159.0,10.244095708486386,0.9208394927467082,25.0,201.0,0
00-0022127,2008,15,1,1,42.0,0,0.0,2.987339074141346,25.0,17.0,1.0,1.68,0.0,0.0,0.0,0
00-0022164,2003,10,224,116,1260.0,7,9.0,-40.09142249372381,0.0,0.0,62.0,0.0,0.36305809377327436,17.0,92.0,4
00-0022164,2004,16,464,258,2559.0,13,11.0,-76.6370986789032,0.0,0.0,135.0,0.0,0.8550172228884316,35.0,247.0,1
00-0022164,2005,9,293,171,1799.0,11,12.0,-11.626264982917238,0.0,0.0,86.0,0.0,0.7843820717054326,23.0,146.0,0
00-0022164,2006,4,55,33,485.0,5,2.0,13.844093034800608,595.0,196.0,20.0,5.128405315614618,0.2004821895936504,3.0,16.0,0
00-0022164,2007,12,275,168,1743.0,9,10.0,-33.0828660469204,2541.0,553.0,90.0,9.061804233631596,0.9506407802027977,24.0,159.0,0
00-0022164,2009,7,176,98,899.0,3,6.0,-68.58252961639968,1095.0,576.0,50.0,4.549881481168528,-0.0774928706076504,17.0,117.0,0
00-0022164,2010,3,4,2,25.0,0,1.0,-4.565778606687672,35.0,2.0,1.0,1.6666666666666665,0.0,1.0,6.0,0
00-0022164,2011,2,28,15,161.0,0,3.0,-13.70313702346175,319.0,84.0,7.0,1.1685848252344415,0.03865799920036707,3.0,19.0,0
00-0022177,2003,15,419,239,2819.0,14,17.0,-15.065598284481373,0.0,0.0,135.0,0.0,1.5443531286512828,18.0,86.0,0
00-0022177,2004,14,441,267,2941.0,15,10.0,19.795156618576346,0.0,0.0,140.0,0.0,1.2918691210773803,25.0,114.0,4
00-0022177,2005,11,302,175,2123.0,15,5.0,28.253307970394886,0.0,0.0,101.0,0.0,0.9765702930720278,23.0,110.0,0
00-0022177,2006,6,184,109,1158.0,7,5.0,2.389967728322665,1316.0,615.0,58.0,5.684970895987477,0.372573180122939,9.0,48.0,0
00-0022177,2007,3,59,32,279.0,1,3.0,-32.872206775260125,471.0,120.0,13.0,1.6624972926142516,0.03494886660742376,5.0,27.0,0
00-0022177,2008,5,36,21,303.0,2,0.0,16.325803046926243,380.0,122.0,17.0,7.547243418720498,0.7872976558982823,3.0,22.0,0
00-0022177,2009,3,107,58,594.0,4,3.0,-11.17022326929303,995.0,178.0,27.0,1.5351699958761982,0.152495900210719,2.0,0.0,0
00-0022177,2010,1,7,5,42.0,0,0.0,1.3749821236496191,33.0,18.0,3.0,1.2727272727272727,0.0988304283291431,2.0,7.0,0
00-0022177,2012,2,53,25,272.0,0,1.0,-4.410142474435906,541.0,115.0,13.0,1.058883151654236,0.07435692273933861,3.0,24.0,0
00-0022181,2004,2,18,10,78.0,1,1.0,-16.167361249536043,0.0,0.0,7.0,0.0,0.2616083530657146,2.0,26.0,0
00-0022181,2008,2,2,1,20.0,0,0.0,-1.295292667375179,24.0,0.0,1.0,0.8333333333333334,0.0,3.0,25.0,0
00-0022217,2004,7,1,0,0.0,0,0.0,-0.42688386561349034,0.0,0.0,0.0,0.0,0.0,0.0,0.0,0
00-0022217,2006,16,1,1,15.0,1,0.0,3.870298649184406,15.0,0.0,1.0,1.0,0.0,0.0,0.0,0
00-0022217,2007,6,1,0,0.0,0,0.0,-0.7787959597771987,8.0,0.0,0.0,0.0,0.0,0.0,0.0,0
00-0022217,2009,15,1,1,6.0,1,0.0,1.592945342476014,6.0,0.0,1.0,1.0,0.0,0.0,0.0,0
00-0022250,2007,15,1,0,0.0,0,0.0,-0.7144018132821657,12.0,0.0,0.0,0.0,0.0,0.0,0.0,0
00-0022590,2007,2,8,4,28.0,0,0.0,0.8683882501209155,99.0,6.0,1.0,0.5284728213977566,0.19423513984700252,1.0,5.0,0
00-0022684,2008,1,1,0,0.0,0,0.0,-2.1607476903591305,11.0,0.0,0.0,0.0,0.0,0.0,0.0,0
00-0022725,2009,12,1,0,0.0,0,0.0,-0.41122307715704665,13.0,0.0,0.0,0.0,0.0,0.0,0.0,0
00-0022731,2004,1,10,4,55.0,0,2.0,-7.470962324296124,0.0,0.0,4.0,0.0,0.046326841858004474,2.0,14.0,0
00-0022731,2005,3,35,14,140.0,0,2.0,-17.63271602852744,0.0,0.0,4.0,0.0,0.06660780708226817,3.0,16.0,0
00-0022736,2007,12,1,1,2.0,1,0.0,1.252592870092485,2.0,0.0,1.0,1.0,0.0,0.0,0.0,0
00-0022744,2004,4,29,17,175.0,2,0.0,0.4517714441943008,0.0,0.0,6.0,0.0,0.09250138577130719,1.0,8.0,0
00-0022744,2005,5,62,43,444.0,3,1.0,4.120029268197603,0.0,0.0,20.0,0.0,0.181426396879445,3.0,14.0,0
00-0022744,2007,4,36,18,132.0,1,0.0,-11.188083142566029,179.0,76.0,7.0,4.587044534412955,-0.044921395638355115,2.0,15.0,0
00-0022744,2008,1,30,22,178.0,0,0.0,2.215082692095262,141.0,120.0,10.0,1.2624113475177305,0.12327056981906913,0.0,0.0,0
00-0022766,2004,5,1,0,0.0,0,1.0,-4.404523419449106,0.0,0.0,0.0,0.0,0.0,0.0,0.0,0
00-0022766,2008,14,1,0,0.0,0,0.0,-0.4903808129020035,48.0,0.0,0.0,0.0,0.0,0.0,0.0,0
00-0022766,2010,8,1,0,0.0,0,0.0,-0.6851646694121882,29.0,0.0,0.0,0.0,0.0,0.0,0.0,0
00-0022768,2005,2,27,15,136.0,0,1.0,-11.0496184649528,0.0,0.0,5.0,0.0,0.08775202912394664,1.0,8.0,0
00-0022774,2005,2,8,2,7.0,0,0.0,-6.118107911956031,0.0,0.0,0.0,0.0,0.05187204788803656,0.0,0.0,0
00-0022787,2004,6,70,33,329.0,1,4.0,-13.570912860262034,0.0,0.0,15.0,0.0,0.14182990531085093,4.0,14.0,0
00-0022787,2005,7,64,33,495.0,4,0.0,-2.587470458041195,0.0,0.0,23.0,0.0,0.24066571683981117,6.0,27.0,3
00-0022787,2006,5,27,18,208.0,1,2.0,-3.8543507065915037,224.0,65.0,10.0,0.7990867579908676,0.26534647801601813,2.0,8.0,0
00-0022787,2007,11,289,192,2241.0,9,9.0,8.466493125943469,2348.0,760.0,97.0,11.408521504402367,1.107899100813639,16.0,126.0,0
00-0022787,2008,11,380,251,3043.0,15,10.0,35.355537266731915,2891.0,1340.0,146.0,12.303175210595981,1.6927949129904354,23.0,149.0,1
00-0022787,2009,16,583,396,4770.0,29,15.0,135.58121106589786,4444.0,2161.0,230.0,17.513491569242344,2.475299492802634,26.0,153.0,1
00-0022787,2010,16,574,365,4370.0,24,12.0,76.91602591059832,4411.0,1993.0,222.0,17.008446330838662,1.915557057653004,32.0,226.0,1
00-0022787,2011,10,292,178,2479.0,15,6.0,63.544955026612044,2463.0,1189.0,118.0,11.102827111184439,1.5651778298383736,16.0,98.0,0
00-0022787,2012,16,544,350,4008.0,22,12.0,84.80408646627983,4351.0,1758.0,202.0,15.053933713677075,1.8297130847128138,27.0,216.0,0
00-0022787,2013,10,358,219,2310.0,10,14.0,-32.328896102023755,2796.0,910.0,115.0,8.798864239261432,0.4532309251792843,21.0,162.0,0
00-0022787,2014,2,10,5,57.0,0,2.0,-16.359494665870443,96.0,24.0,4.0,0.7702702702702703,-0.04238109944516877,3.0,24.0,0
00-0022787,2015,2,80,52,540.0,3,4.0,-4.685892605412931,554.0,213.0,28.0,1.9484890748489074,0.13455068556140892,3.0,27.0,0
00-0022787,2016,3,3,1,16.0,0,0.0,-0.1445904701249674,18.0,5.0,1.0,1.4545454545454546,0.0,0.0,0.0,0
00-0022787,2018,2,7,5,20.0,0,0.0,-2.4365082403528504,32.0,8.0,1.0,0.625,0.03395108609315561,0.0,0.0,0
00-0022787,2019,5,67,50,580.0,3,1.0,25.777006570070256,488.0,266.0,30.0,3.143371590656734,0.8790277279689592,2.0,19.0,1
00-0022803,2004,8,197,95,1043.0,6,9.0,-33.953269697845926,0.0,0.0,50.0,0.0,0.5624916942020828,13.0,83.0,0
00-0022803,2005,16,558,294,3762.0,24,17.0,41.346540567868885,0.0,0.0,172.0,0.0,1.5960832187378553,27.0,184.0,1
00-0022803,2006,16,522,301,3244.0,25,18.0,-6.605720006958046,4363.0,1304.0,163.0,11.991939463054301,0.8911563859186392,25.0,186.0,0
00-0022803,2007,16,528,297,3336.0,23,20.0,-50.09168922029341,4540.0,1317.0,165.0,12.126722882351174,0.7639000684006595,27.0,217.0,0
00-0022803,2008,16,479,289,3238.0,21,10.0,46.24533213347021,4271.0,1220.0,169.0,12.585562653976371,1.6884942720901142,27.0,174.0,1
00-0022803,2009,16,509,317,4021.0,27,14.0,88.22736758675096,4515.0,1750.0,183.0,15.690031387918884,2.6387085664391665,30.0,216.0,0
00-0022803,2010,16,539,339,4002.0,31,25.0,43.21750294362546,4991.0,1611.0,192.0,12.875841339120035,1.7519749687767159,16.0,117.0,0
00-0022803,2011,16,589,359,4933.0,29,16.0,89.43524404839545,5770.0,2089.0,216.0,14.089769249024616,2.040430648315998,28.0,199.0,0
00-0022803,2012,16,536,321,3948.0,26,15.0,57.48117236682826,5122.0,1389.0,186.0,12.298800764555159,1.922212559086701,19.0,136.0,0
00-0022803,2013,16,551,317,3818.0,18,27.0,-46.277772761623076,5241.0,1463.0,174.0,12.236061181561757,0.6826970960203519,39.0,281.0,0
00-0022803,2014,16,601,379,4410.0,30,14.0,66.40867828881022,4953.0,1938.0,216.0,15.546822339350868,1.9007056118383443,28.0,187.0,0
00-0022803,2015,16,618,387,4432.0,35,14.0,56.872562863799345,4668.0,2086.0,204.0,15.746688513058862,1.5188259464762406,27.0,157.0,0
00-0022803,2016,16,598,377,4027.0,26,16.0,-5.597733376855103,4702.0,2011.0,190.0,14.234321649970333,0.9865976468617417,21.0,142.0,0
00-0022803,2017,15,571,352,3468.0,19,13.0,-59.335554447787956,4171.0,1619.0,170.0,13.323945624036762,0.4940236961403249,32.0,189.0,0
00-0022803,2018,16,576,380,4299.0,21,11.0,27.83334421025058,4229.0,2162.0,206.0,17.470958459985855,1.8205675942067037,47.0,358.0,3
00-0022803,2019,4,147,91,1042.0,6,5.0,-6.980309834191953,1199.0,417.0,47.0,3.5115110256145674,0.15826113469359188,5.0,44.0,0
00-0022818,2004,6,127,59,718.0,3,6.0,-78.91408865489379,0.0,0.0,32.0,0.0,0.23124328218935253,23.0,158.0,0
00-0022824,2014,1,1,0,0.0,0,0.0,-3.4010372664779425,7.0,0.0,0.0,0.0,0.0,0.0,0.0,0
00-0022824,2019,1,1,1,26.0,0,0.0,4.240687240380794,26.0,0.0,1.0,1.0,0.0,0.0,0.0,0
00-0022824,2020,1,1,1,26.0,0,0.0,4.014011434279382,14.0,12.0,1.0,1.8571428571428572,0.0,0.0,0.0,0
00-0022824,2022,1,1,1,4.0,0,0.0,2.8644769557286054,0.0,4.0,1.0,0.0,0.0,0.0,0.0,0
00-0022827,2004,1,40,18,168.0,1,4.0,-19.066002480565295,0.0,0.0,6.0,0.0,0.03456343740979787,1.0,8.0,0
00-0022827,2005,1,24,14,174.0,1,1.0,-7.8000639365281845,0.0,0.0,6.0,0.0,0.02761125629980421,4.0,27.0,0
00-0022857,2005,2,1,1,4.0,0,0.0,-2.733558620326221,0.0,0.0,0.0,0.0,0.0,0.0,0.0,0
00-0022864,2004,5,98,48,608.0,4,7.0,-42.98212096234468,0.0,0.0,19.0,0.0,0.19079072178359907,13.0,131.0,1
00-0022864,2007,5,139,94,1009.0,5,3.0,-2.0081809493244425,784.0,630.0,45.0,6.667496063044009,0.3676794545559384,15.0,104.0,0
00-0022864,2009,2,3,1,2.0,0,0.0,-3.20106621296145,19.0,0.0,0.0,1.0,0.0,2.0,7.0,0
00-0022864,2010,1,19,11,120.0,0,0.0,-2.693369491957128,190.0,58.0,6.0,0.631578947368421,0.03299912699888053,0.0,0.0,0
00-0022864,2011,4,56,30,296.0,0,4.0,-28.083934161030598,362.0,140.0,13.0,2.745544132807,-0.0011192832754374042,4.0,38.0,0
00-0022864,2013,3,1,0,0.0,0,0.0,-2.338849510299042,24.0,0.0,0.0,0.0,0.0,0.0,0.0,0
00-0022864,2015,2,39,32,335.0,0,1.0,16.940434832708366,285.0,153.0,19.0,2.814814814814815,0.2425488275413177,1.0,0.0,0
00-0022883,2004,3,1,0,0.0,0,0.0,-0.36370084958616644,0.0,0.0,0.0,0.0,0.0,0.0,0.0,0
00-0022909,2004,14,1,0,0.0,0,0.0,-0.7711402445565909,0.0,0.0,0.0,0.0,0.0,0.0,0.0,0
00-0022910,2006,16,1,0,0.0,0,0.0,-0.457501869299449,17.0,0.0,0.0,0.0,0.0,0.0,0.0,0
00-0022912,2004,3,5,3,32.0,0,1.0,-2.1969960674468894,0.0,0.0,2.0,0.0,0.0,1.0,0.0,0
00-0022912,2005,9,228,114,1340.0,8,8.0,-46.8496544046815,0.0,0.0,55.0,0.0,0.4768217015910958,25.0,195.0,0
00-0022912,2006,16,430,269,3050.0,19,14.0,-25.221815203578885,3816.0,1246.0,132.0,13.26998590038442,1.5370294250062266,47.0,332.0,0
00-0022912,2007,8,175,111,1204.0,4,6.0,-25.33410495314546,1407.0,577.0,59.0,5.97474408790267,0.8666744401869738,14.0,103.0,0
00-0022912,2008,5,104,63,584.0,2,5.0,-40.89992473414723,771.0,265.0,34.0,3.4549660535453155,0.08325434507334105,15.0,119.0,0
00-0022912,2009,1,1,0,0.0,0,0.0,-1.0107952220132574,8.0,0.0,0.0,0.0,0.0,0.0,0.0,0
00-0022912,2011,1,10,6,60.0,0,0.0,-4.5144861709850375,90.0,23.0,3.0,0.6666666666666666,0.061227522847141,5.0,38.0,0
00-0022921,2013,16,1,0,0.0,0,0.0,-0.2655384660465643,1.0,0.0,0.0,0.0,0.0,0.0,0.0,0
00-0022921,2016,16,1,0,0.0,0,0.0,-0.5623792777769268,22.0,0.0,0.0,0.0,0.0,0.0,0.0,0
00-0022921,2017,16,1,1,21.0,0,0.0,1.2412540030200034,18.0,3.0,1.0,1.1666666666666667,0.0,0.0,0.0,0
00-0022921,2018,16,1,1,32.0,1,0.0,3.088042840885464,28.0,4.0,1.0,1.1428571428571428,0.0,0.0,0.0,0
00-0022924,2004,14,295,196,2621.0,17,11.0,59.679949361660064,0.0,0.0,130.0,0.0,1.920010320358311,30.0,213.0,0
00-0022924,2005,12,268,168,2385.0,17,9.0,72.4329629728527,0.0,0.0,111.0,0.0,1.9365109243425607,23.0,129.0,0
00-0022924,2006,15,470,281,3528.0,18,23.0,9.3415464755273,4344.0,1503.0,179.0,12.805502753808423,1.9812966379499923,46.0,280.0,0
00-0022924,2007,15,405,265,3158.0,32,11.0,77.24751767419593,3910.0,1081.0,168.0,13.175479261879753,2.7772821422533758,47.0,347.0,1
00-0022924,2008,16,470,282,3314.0,17,15.0,-6.34045047439985,4033.0,1289.0,162.0,14.375432914807401,1.243492460365104,47.0,291.0,0
00-0022924,2009,15,506,337,4328.0,26,12.0,87.78840817841593,4548.0,1795.0,202.0,14.783888698106663,2.2871214102696467,50.0,348.0,0
00-0022924,2010,12,389,240,3200.0,17,5.0,78.62572160339533,3659.0,1336.0,149.0,11.255032975107206,1.8826723099007983,32.0,220.0,0
00-0022924,2011,15,513,324,4077.0,21,14.0,81.67987079168356,4793.0,1741.0,210.0,13.170135335298328,2.0773236499562024,40.0,269.0,0
00-0022924,2012,13,449,284,3265.0,26,8.0,67.95383736201597,3704.0,1474.0,167.0,11.851156003151166,1.585130337268432,30.0,182.0,1
00-0022924,2013,16,584,375,4261.0,28,14.0,60.671946859195245,4928.0,2042.0,205.0,14.455457703392826,1.8005525326622365,42.0,282.0,0
00-0022924,2014,16,608,408,4952.0,32,9.0,155.46690631696674,5198.0,2259.0,240.0,16.350741785614115,2.6525053002536882,33.0,172.0,3
00-0022924,2015,12,469,319,3938.0,21,16.0,95.27050652401628,4738.0,1463.0,174.0,10.430933697771628,2.291631868378266,20.0,141.0,8
00-0022924,2016,14,509,328,3819.0,29,13.0,86.4211359282757,4412.0,1741.0,184.0,12.852041386683917,2.033112151294057,17.0,141.0,3
00-0022924,2017,15,562,361,4259.0,28,14.0,85.54563093095166,5002.0,2096.0,208.0,13.624653691082424,2.117069501337776,21.0,139.0,2
00-0022924,2018,16,675,452,5129.0,34,16.0,142.84618901639533,5254.0,2802.0,248.0,17.546766993014014,2.58144635131704,24.0,166.0,4
00-0022924,2019,2,62,35,351.0,0,1.0,-13.165258370914653,576.0,193.0,14.0,1.2692240627724498,-0.09330683169975976,2.0,7.0,0
00-0022924,2020,15,608,399,3803.0,33,10.0,55.11086141312222,4225.0,1956.0,193.0,13.850798052502867,1.4792242628770276,13.0,118.0,2
00-0022924,2021,16,605,390,3740.0,22,10.0,-44.58255300954863,4069.0,1932.0,188.0,15.35868853643637,0.9369653447037287,38.0,239.0,2
00-0022942,2004,2,8,5,33.0,1,0.0,1.14483810873935,0.0,0.0,3.0,0.0,0.029829549542588023,0.0,0.0,0
00-0022942,2005,2,22,12,115.0,0,1.0,-8.734237724507693,0.0,0.0,6.0,0.0,0.0328666927792895,3.0,16.0,0
00-0022942,2006,16,460,284,3387.0,22,9.0,85.5473995034387,4108.0,1310.0,167.0,13.963282121590295,2.0956688984073018,28.0,148.0,1
00-0022942,2007,16,460,277,3152.0,21,15.0,30.640627636919323,3918.0,1272.0,157.0,13.7070946013919,2.0994419144843626,22.0,163.0,0
00-0022942,2008,16,478,312,4004.0,34,11.0,134.40771293824346,4215.0,1698.0,191.0,15.623818714163038,2.9310245290608425,25.0,151.0,2
00-0022942,2009,16,486,317,4254.0,28,9.0,168.66925643416928,4730.0,1862.0,208.0,15.173597746248713,3.4210592577632735,25.0,167.0,0
00-0022942,2010,16,541,357,4710.0,30,13.0,164.92084636326834,4612.0,2223.0,234.0,19.60388940625783,3.1939908191082664,38.0,227.0,1
00-0022942,2011,16,582,366,4624.0,27,20.0,101.6892132750464,5222.0,1974.0,234.0,14.845820976104923,2.5690429487497357,30.0,198.0,1
00-0022942,2012,16,527,338,3606.0,26,15.0,-2.156317642490418,3960.0,1796.0,184.0,15.724938744094233,1.839969532914199,49.0,311.0,0
00-0022942,2013,16,544,378,4478.0,32,11.0,173.44334986829443,4218.0,2066.0,230.0,17.499426679829146,3.111558387387042,30.0,150.0,0
00-0022942,2014,16,570,379,4286.0,31,18.0,77.77659778304047,4853.0,1925.0,213.0,15.559966808517926,2.262191905979855,36.0,189.0,0
00-0022942,2015,16,661,437,4792.0,29,13.0,65.92256311614923,4754.0,2618.0,226.0,17.68438027973732,1.7954475205695446,40.0,264.0,2
00-0022942,2016,16,578,349,4386.0,33,21.0,51.945378468018355,4856.0,2020.0,214.0,15.40366835597621,1.8547982395773768,36.0,188.0,0
00-0022942,2017,16,575,360,4515.0,28,10.0,117.54848241619028,4745.0,2144.0,216.0,15.894782350790793,2.1582293886095734,18.0,120.0,0
00-0022942,2018,16,508,347,4308.0,32,12.0,137.72665280236802,3948.0,2119.0,213.0,19.299801486535493,2.67092845785958,32.0,204.0,5
00-0022942,2019,16,591,390,4615.0,23,20.0,67.68109725720754,5047.0,2154.0,217.0,15.809967435634514,2.1772752003917786,34.0,222.0,1
00-0022942,2020,16,543,369,4169.0,24,11.0,104.33805718987293,3888.0,2226.0,200.0,17.83661011441691,2.252025191828626,19.0,118.0,1
00-0022954,2006,2,1,0,0.0,0,0.0,-3.5263124130433425,-11.0,0.0,0.0,0.0,0.0,0.0,0.0,0
00-0023060,2007,1,1,1,27.0,0,0.0,4.015348401386291,-3.0,30.0,1.0,0.0,0.0,0.0,0.0,0
00-0023074,2005,8,1,0,0.0,0,0.0,-0.39011743222363293,0.0,0.0,0.0,0.0,0.0,0.0,0.0,0
00-0023158,2007,1,28,17,153.0,0,1.0,-0.5275595713634891,224.0,68.0,8.0,0.6830357142857143,0.0479897034894032,0.0,0.0,0
00-0023158,2008,1,3,1,6.0,0,0.0,-1.5229326193220913,47.0,2.0,0.0,0.1276595744680851,0.0,0.0,0.0,0
00-0023176,2006,10,1,0,0.0,0,0.0,-0.32925031892955303,24.0,0.0,0.0,0.0,0.0,0.0,0.0,0
00-0023176,2008,14,4,1,8.0,0,0.0,-0.17340787593275309,85.0,0.0,1.0,0.2857142857142857,0.0,0.0,0.0,0
00-0023176,2009,16,4,1,18.0,0,1.0,-3.752267786621998,51.0,6.0,1.0,1.5,0.0,0.0,0.0,0
00-0023176,2010,13,3,2,19.0,0,0.0,1.3762514651753008,25.0,16.0,2.0,3.3333333333333335,0.0,0.0,0.0,0
00-0023176,2013,4,3,2,38.0,0,0.0,2.3969366520177573,48.0,9.0,2.0,1.96875,0.0,0.0,0.0,0
00-0023222,2006,4,1,0,0.0,0,0.0,-0.46372671239078045,31.0,0.0,0.0,0.0,0.0,0.0,0.0,0
00-0023234,2013,2,2,0,0.0,0,0.0,-4.146061317645945,30.0,0.0,0.0,0.0,0.0,0.0,0.0,0
00-0023252,2007,1,1,0,0.0,0,0.0,-2.1867409686674364,19.0,0.0,0.0,0.0,0.0,0.0,0.0,0
00-0023310,2008,16,1,0,0.0,0,1.0,-6.394435173016973,17.0,0.0,0.0,0.0,0.0,0.0,0.0,0
00-0023436,2005,9,165,84,875.0,1,11.0,-85.50437735931625,0.0,0.0,37.0,0.0,0.2787772307607212,29.0,185.0,0
00-0023436,2006,16,443,259,2901.0,16,15.0,-33.63505306853237,3455.0,1410.0,132.0,15.021879736151567,1.1670453153253655,37.0,209.0,0
00-0023436,2007,7,193,94,914.0,2,4.0,-72.64497970249118,1819.0,317.0,47.0,3.216313121763164,-0.10438229961288592,17.0,121.0,0
00-0023436,2009,11,372,225,2350.0,18,12.0,-17.02034486779206,2543.0,1123.0,98.0,10.537155595566391,0.689128540296264,22.0,134.0,0
00-0023436,2010,11,342,204,2370.0,14,10.0,-15.185472563148851,2548.0,1242.0,103.0,11.47180657177839,0.6967842855799765,25.0,140.0,1
00-0023436,2011,16,445,273,3144.0,17,5.0,21.331183642427,3386.0,1429.0,147.0,15.353191557699173,1.5329102187775132,44.0,263.0,1
00-0023436,2012,10,218,153,1737.0,13,5.0,33.56166513759301,1674.0,775.0,87.0,13.166135597562404,1.4924325697056833,24.0,137.0,0
00-0023436,2013,15,508,308,3313.0,23,7.0,24.394525886672568,3362.0,1756.0,165.0,15.884574811915591,1.2477213372465463,39.0,210.0,0
00-0023436,2014,15,464,303,3265.0,18,6.0,63.463065944768246,2702.0,1818.0,175.0,22.488994425840858,1.5659460231110762,45.0,229.0,0
00-0023436,2015,16,470,307,3486.0,20,7.0,30.328905517484312,3173.0,1920.0,154.0,19.177837295817774,1.555673194137581,45.0,235.0,2
00-0023436,2016,15,489,328,3502.0,15,8.0,42.13984683601021,3296.0,1855.0,181.0,16.665320984516534,1.9296670646376153,28.0,140.0,2
00-0023436,2017,15,505,341,4042.0,26,5.0,92.04293372487636,3877.0,1964.0,184.0,17.290010155225286,2.0800967050872172,35.0,207.0,0
00-0023436,2018,10,328,205,2180.0,10,5.0,-6.617012404721574,2650.0,975.0,106.0,9.36852666728355,0.6978180241843718,22.0,121.0,0
00-0023436,2020,8,252,168,1582.0,6,8.0,-32.68786900252314,1286.0,949.0,74.0,10.486933411429174,0.3254890042975778,22.0,139.0,0
00-0023437,2006,13,1,0,0.0,0,0.0,-1.0663773516425863,4.0,0.0,0.0,0.0,0.0,0.0,0.0,0
00-0023437,2008,16,3,2,31.0,1,0.0,2.596736976178363,46.0,0.0,1.0,1.9747899159663866,0.0,1.0,8.0,0
00-0023437,2009,9,6,2,22.0,1,0.0,-1.253998322004918,50.0,5.0,2.0,1.277777777777778,0.0,1.0,9.0,0
00-0023437,2010,16,2,0,0.0,0,0.0,-1.1991243795491755,37.0,0.0,0.0,0.0,0.0,0.0,0.0,0
00-0023438,2009,16,1,0,0.0,0,0.0,-0.478659784886986,17.0,0.0,0.0,0.0,0.0,0.0,0.0,0
00-0023456,2005,15,3,2,12.0,0,0.0,0.07586845214245841,0.0,0.0,0.0,0.0,0.0,0.0,0.0,0
00-0023457,2005,13,1,0,0.0,0,0.0,-0.7216010862354438,0.0,0.0,0.0,0.0,0.0,0.0,0.0,0
00-0023457,2006,16,1,0,0.0,0,0.0,-0.4860824448405765,14.0,0.0,0.0,0.0,0.0,0.0,0.0,0
00-0023457,2007,15,1,0,0.0,0,0.0,-0.41127287910785526,14.0,0.0,0.0,0.0,0.0,0.0,0.0,0
00-0023457,2008,16,1,1,32.0,1,0.0,3.4839071336900815,32.0,0.0,1.0,1.0,0.0,0.0,0.0,0
00-0023457,2009,13,1,1,0.0,0,0.0,-0.6231707971310243,0.0,0.0,0.0,0.0,0.0,0.0,0.0,0
00-0023459,2005,3,16,9,65.0,0,1.0,-16.317947932111565,0.0,0.0,3.0,0.0,0.044906728697403794,3.0,28.0,0
00-0023459,2006,2,15,6,46.0,0,0.0,-15.284823548572604,151.0,22.0,2.0,0.8586956521739131,-0.08303089856239289,3.0,18.0,0
00-0023459,2007,2,28,20,218.0,1,0.0,7.166247891378589,162.0,133.0,9.0,1.1964285714285714,0.22218118488082625,3.0,24.0,0
00-0023459,2008,16,536,341,4038.0,28,13.0,77.93465967768161,4844.0,1526.0,182.0,13.86252673980228,2.2167433911412404,34.0,231.0,2
00-0023459,2009,16,541,350,4434.0,30,7.0,122.22421536294343,4984.0,2057.0,197.0,15.363255914295989,2.6279968946666425,49.0,294.0,3
00-0023459,2010,15,475,312,3922.0,28,11.0,116.86728530821213,4411.0,1777.0,183.0,13.43524805703684,2.5384153387501875,31.0,193.0,0
00-0023459,2011,15,501,342,4636.0,45,6.0,224.3149269880729,4549.0,2015.0,208.0,15.971530220680254,3.3517950789307682,36.0,219.0,0
00-0023459,2012,16,552,371,4295.0,39,8.0,115.05985499440348,4467.0,2044.0,211.0,15.736083785230662,2.4320181407022763,51.0,293.0,1
00-0023459,2013,9,290,193,2536.0,17,6.0,94.2014997188724,2364.0,1251.0,108.0,10.215657099389691,1.552381112344878,21.0,117.0,0
00-0023459,2014,16,520,341,4381.0,38,5.0,170.94749426149733,4204.0,2059.0,219.0,18.515069579892117,3.2645628665369495,28.0,174.0,1
00-0023459,2015,16,572,347,3821.0,31,8.0,-7.692705138248115,4629.0,1952.0,173.0,14.089956815149856,1.5252714160783714,46.0,314.0,4
00-0023459,2016,16,610,401,4428.0,40,7.0,132.41956615379067,5287.0,2030.0,222.0,14.190815455035041,2.5902934509982276,35.0,246.0,1
00-0023459,2017,7,238,154,1675.0,16,6.0,23.49950614524161,1643.0,870.0,85.0,6.736680106474269,0.7767876547995216,22.0,168.0,0
00-0023459,2018,16,597,372,4442.0,25,2.0,52.818098437914315,5241.0,2134.0,200.0,13.611298157500814,1.4524689174493042,49.0,353.0,2
00-0023459,2019,16,569,353,4002.0,26,4.0,57.70745093267907,5006.0,2020.0,189.0,13.523566391199427,1.750913828202606,36.0,284.0,2
00-0023459,2020,16,526,372,4299.0,48,5.0,186.2518480531837,4135.0,2248.0,216.0,17.374026061954453,3.555300860147336,20.0,182.0,0
00-0023459,2021,16,531,366,4115.0,37,4.0,129.76606195780067,4084.0,2177.0,213.0,16.83842883558605,2.84116520492683,30.0,188.0,0
00-0023459,2022,17,542,350,3695.0,26,12.0,-6.309945535983276,4327.0,1893.0,177.0,16.405610028274516,1.5024781053495646,32.0,258.0,2
00-0023459,2023,1,1,0,0.0,0,0.0,-2.0319598843343556,17.0,0.0,0.0,0.0,0.0,1.0,10.0,0
00-0023460,2006,7,207,110,1297.0,10,6.0,-3.0684007628614403,2105.0,544.0,68.0,4.396769640725054,0.33398221382019316,8.0,60.0,0
00-0023460,2007,13,417,250,2700.0,12,11.0,17.02019184372011,3575.0,1155.0,148.0,10.162496554630954,1.117342091048627,20.0,110.0,2
00-0023460,2008,16,506,315,3245.0,13,6.0,0.6001066698705122,3316.0,1784.0,162.0,16.30936026971214,1.304843962449075,38.0,266.0,0
00-0023460,2009,16,507,327,3618.0,20,15.0,1.258786518209325,3317.0,2071.0,186.0,18.748275949522927,1.407262578102992,42.0,275.0,0
00-0023460,2010,13,329,194,2387.0,13,8.0,14.07489205979982,2792.0,1274.0,108.0,11.51815469172045,1.300856925158359,33.0,208.0,0
00-0023460,2011,6,165,100,1170.0,6,4.0,20.316755861351783,1664.0,445.0,56.0,4.256626048793693,0.6483323158567889,5.0,19.0,0
00-0023460,2012,5,51,32,265.0,2,2.0,-12.952095849936267,389.0,78.0,10.0,2.285451237800231,0.38119914708728075,6.0,49.0,0
00-0023460,2013,9,317,180,2015.0,11,8.0,-24.348667441981974,2387.0,1026.0,86.0,7.478445315711997,0.5362021948891336,16.0,97.0,0
00-0023460,2014,4,19,11,74.0,0,0.0,-9.785156351455953,75.0,57.0,3.0,2.8658986175115206,-0.09652781222580357,1.0,0.0,0
00-0023474,2008,8,1,1,37.0,1,0.0,3.6474075332516804,36.0,1.0,1.0,1.0277777777777777,0.0,0.0,0.0,0
00-0023474,2009,12,1,1,26.0,0,0.0,2.6132279951125383,14.0,12.0,1.0,1.8571428571428572,0.0,0.0,0.0,0
00-0023479,2008,11,1,0,0.0,0,0.0,-0.4808205938898027,38.0,0.0,0.0,0.0,0.0,0.0,0.0,0
00-0023490,2005,8,1,1,3.0,0,0.0,-0.06742306076921523,0.0,0.0,0.0,0.0,0.0,0.0,0.0,0
00-0023502,2005,7,165,98,1002.0,4,6.0,-35.73294420262114,0.0,0.0,48.0,0.0,0.4164046286172484,22.0,130.0,0
00-0023502,2006,13,391,251,2449.0,10,17.0,-84.8102034313731,2891.0,1065.0,116.0,13.477512019642298,1.296750847809862,44.0,262.0,0
00-0023502,2007,1,10,4,34.0,0,1.0,-13.630919372313656,49.0,11.0,2.0,0.6938775510204082,-0.13274196071327635,5.0,31.0,0
00-0023502,2008,1,23,12,83.0,2,2.0,-12.271753148009795,165.0,42.0,5.0,0.503030303030303,-0.025630305752164274,3.0,19.0,0
00-0023502,2009,3,87,53,581.0,1,4.0,-15.398227333244538,699.0,272.0,29.0,2.282830037197982,0.2835836393093143,5.0,40.0,0
00-0023504,2006,12,276,147,1677.0,3,13.0,-102.08331918354308,2738.0,508.0,80.0,7.601241327606404,0.0012272569977624936,46.0,256.0,0
00-0023504,2007,1,8,5,38.0,0,0.0,0.2855091857491061,58.0,25.0,2.0,0.6551724137931034,0.06520137775925625,0.0,0.0,0
00-0023504,2008,2,49,22,204.0,0,3.0,-25.856554452877546,300.0,132.0,11.0,1.3505434782608696,-0.12357664820534132,5.0,39.0,0
00-0023534,2014,1,1,1,6.0,0,0.0,2.5930144345620647,-4.0,10.0,1.0,0.0,0.0,0.0,0.0,0
00-0023534,2019,1,1,0,0.0,0,0.0,-2.3052910679834895,4.0,0.0,0.0,0.0,0.0,0.0,0.0,0
00-0023541,2005,15,368,190,1869.0,9,13.0,-93.0938189471403,0.0,0.0,92.0,0.0,0.5640867984325122,30.0,190.0,0
00-0023541,2007,3,79,42,475.0,3,2.0,-11.699600148021549,660.0,288.0,19.0,2.8674768787049176,0.14807526147918654,2.0,12.0,1
00-0023541,2008,15,466,273,2979.0,19,12.0,-22.008092501220716,3704.0,1387.0,142.0,12.334126947269693,0.9088798104459349,27.0,160.0,1
00-0023541,2009,16,541,336,3802.0,21,12.0,30.25936995442791,3806.0,1965.0,185.0,16.47545684227467,1.5538915364836794,29.0,159.0,0
00-0023541,2010,13,498,293,3652.0,20,9.0,31.810430105387134,4556.0,1480.0,173.0,10.777465365815148,1.3171509456069022,34.0,242.0,0
00-0023541,2011,9,252,150,1758.0,9,9.0,17.474885185649445,1981.0,751.0,94.0,6.969899335893834,0.6333986467373739,10.0,54.0,0
00-0023541,2012,1,10,9,89.0,1,0.0,6.398407682776451,67.0,24.0,6.0,1.328358208955224,0.37062229185040435,0.0,0.0,1
00-0023541,2013,2,51,33,398.0,2,2.0,2.4563858931583358,425.0,229.0,19.0,1.6166897506925206,0.27445631083096494,0.0,0.0,0
00-0023541,2014,12,447,287,3018.0,18,10.0,7.321141798229318,3170.0,1541.0,147.0,11.516715396759931,0.8958075114303478,33.0,198.0,1
00-0023544,2010,13,1,0,0.0,0,0.0,-0.4234890757361427,12.0,0.0,0.0,0.0,0.0,0.0,0.0,0
00-0023578,2005,2,17,7,63.0,0,0.0,-4.1475709022488445,0.0,0.0,5.0,0.0,0.058979085271341915,1.0,3.0,0
00-0023578,2008,10,255,143,1616.0,8,8.0,-17.380360650441908,2604.0,618.0,73.0,5.455379562628112,0.37997239029143337,14.0,95.0,2
00-0023578,2011,8,193,122,1201.0,6,4.0,4.892464669458844,1475.0,379.0,70.0,6.910990782136549,0.6682640689025069,14.0,84.0,0
00-0023578,2012,1,7,4,51.0,0,0.0,-0.7879688799730502,73.0,14.0,2.0,0.6986301369863014,0.01688311522861905,0.0,0.0,0
00-0023578,2015,2,40,22,201.0,1,1.0,0.10338919015286585,312.0,82.0,13.0,0.6025236593059937,-0.011961400440356757,0.0,0.0,0
00-0023645,2006,4,117,66,793.0,5,8.0,-23.97679878450727,860.0,468.0,37.0,3.83486025949336,0.2732729225723191,8.0,66.0,0
00-0023645,2007,16,527,298,3786.0,29,19.0,43.403308992804284,4201.0,1602.0,187.0,15.27729152367592,1.4849147401736102,15.0,115.0,1
00-0023645,2008,10,283,142,1615.0,9,8.0,-25.016199128233225,2195.0,781.0,82.0,7.424510262039794,0.21763054337618495,15.0,90.0,2
00-0023645,2009,8,182,81,888.0,3,10.0,-70.04469669491452,1522.0,375.0,43.0,4.656307419249277,-0.10801762771400361,11.0,75.0,0
00-0023645,2010,12,327,169,2065.0,7,10.0,-57.669392494951936,3234.0,691.0,97.0,7.595883769458733,-0.04241269661361924,25.0,176.0,1
00-0023645,2012,2,4,4,58.0,0,0.0,0.8932216552784666,27.0,31.0,3.0,3.8888888888888884,0.0,0.0,0.0,0
00-0023645,2014,5,97,65,701.0,5,0.0,24.722784850686985,900.0,181.0,44.0,4.4938598730014,1.0928493888876372,4.0,17.0,0
00-0023645,2015,3,6,4,36.0,0,0.0,-0.003978568565798923,66.0,21.0,2.0,0.5454545454545454,0.1030439391865143,0.0,0.0,0
00-0023645,2016,4,53,36,453.0,2,5.0,-2.5595816932153896,458.0,161.0,22.0,1.9608938547486034,0.2447012953515858,0.0,0.0,1
00-0023645,2017,3,8,2,17.0,0,0.0,-4.194470634281602,92.0,6.0,1.0,0.2,-0.13759796102180938,0.0,0.0,0
00-0023645,2018,2,70,42,465.0,0,4.0,-38.59778605819132,618.0,174.0,22.0,1.5486632270168856,0.01844187428356238,5.0,33.0,0
00-0023662,2005,2,24,13,183.0,2,1.0,-0.255161328357163,0.0,0.0,8.0,0.0,0.15413102232494758,1.0,1.0,0
00-0023662,2006,5,8,5,32.0,0,0.0,-2.8139948967145756,26.0,30.0,3.0,0.8571428571428571,0.0,3.0,15.0,0
00-0023662,2007,5,7,4,38.0,0,1.0,-4.358228123863228,30.0,16.0,2.0,3.428571428571429,0.0,0.0,0.0,0
00-0023662,2008,16,518,328,3693.0,21,11.0,76.29732779568691,3885.0,2053.0,182.0,16.6749647180412,2.457993984062773,44.0,219.0,2
00-0023662,2009,15,494,272,2924.0,16,16.0,-82.55727792547557,3966.0,1160.0,128.0,11.715026011194448,0.20050755611260868,42.0,250.0,1
00-0023662,2010,15,450,262,3116.0,27,7.0,64.49943208677422,3601.0,1505.0,163.0,13.15217226003874,1.7325152131833663,26.0,182.0,0
00-0023662,2011,9,269,160,1713.0,10,9.0,-20.825008575514474,2444.0,682.0,83.0,6.684890676404429,0.7129939530415743,22.0,120.0,0
00-0023662,2012,9,277,161,1796.0,6,12.0,-38.921063091794,2298.0,784.0,96.0,7.194904982754594,0.34171648061199705,19.0,101.0,0
00-0023662,2013,9,254,153,1807.0,11,9.0,-11.876581504607707,2145.0,792.0,80.0,7.482605780536937,0.7619614679857746,16.0,85.0,0
00-0023662,2014,3,71,41,425.0,3,4.0,-12.552808126646426,434.0,295.0,21.0,3.696918767507003,-0.027617370328629834,6.0,39.0,0
00-0023662,2015,8,204,119,1276.0,5,7.0,-37.72678255998684,1630.0,571.0,54.0,6.49083656957806,0.26928102917235014,14.0,86.0,1
00-0023662,2016,4,51,30,284.0,2,2.0,-10.823392971803178,378.0,71.0,16.0,1.4355763927192497,0.06767106923422808,5.0,23.0,0
00-0023662,2017,2,42,25,162.0,1,2.0,-38.206590093826634,332.0,44.0,10.0,0.8185483870967742,0.03321966060426434,8.0,30.0,0
00-0023662,2018,2,17,7,59.0,0,1.0,-15.966980080935173,124.0,29.0,2.0,0.8857142857142857,-0.23502724187754576,1.0,13.0,0
00-0023682,2005,4,135,76,777.0,4,8.0,-15.564312948649235,0.0,0.0,40.0,0.0,0.34383481069253896,9.0,49.0,0
00-0023682,2008,12,372,221,1905.0,8,9.0,-76.92392160116236,2734.0,817.0,100.0,8.61065628146812,0.4318871031133093,38.0,193.0,0
00-0023682,2009,10,227,127,1422.0,9,10.0,-44.55617117849093,2045.0,691.0,63.0,7.184890886972839,0.38775168213326383,22.0,137.0,0
00-0023682,2010,13,441,255,2992.0,23,15.0,11.158662703560324,3980.0,1182.0,151.0,10.283062492170513,1.0747380788777894,24.0,145.0,0
00-0023682,2011,16,569,353,3832.0,24,23.0,-6.18484555746476,4315.0,1866.0,178.0,16.23383543312044,1.4267676346759623,22.0,148.0,0
00-0023682,2012,16,505,306,3400.0,24,16.0,8.694933121841675,3906.0,1796.0,174.0,15.45802420695085,1.204467834998845,30.0,161.0,0
00-0023682,2013,11,350,217,2454.0,14,12.0,27.315928703294613,3011.0,1094.0,116.0,9.163655122388308,1.2000906608125674,21.0,109.0,0
00-0023682,2014,12,312,197,2483.0,17,8.0,47.85447296926065,2646.0,1076.0,119.0,11.481313568825957,1.1779318264156944,21.0,83.0,0
00-0023682,2015,16,562,335,3905.0,31,15.0,72.50829739591452,5173.0,1800.0,196.0,13.440453969370644,2.0313626228625514,19.0,94.0,0
00-0023682,2016,14,403,228,2710.0,12,17.0,-18.125779991515593,3636.0,1125.0,128.0,10.972465865452403,0.6908549647386164,19.0,81.0,0
00-0023682,2017,6,163,96,1103.0,7,3.0,8.966295987526255,1479.0,385.0,63.0,3.6975400552691315,0.34762165431750025,7.0,34.0,0
00-0023682,2018,8,246,164,2366.0,17,12.0,59.56822162937678,2546.0,874.0,113.0,7.554684780797247,1.3716975702098981,14.0,76.0,1
00-0023682,2019,15,502,311,3529.0,20,13.0,25.316553993446195,4513.0,1239.0,182.0,11.998283325615045,1.2808361283932268,40.0,209.0,1
00-0023682,2020,9,267,183,2091.0,13,8.0,46.58721821586509,2080.0,855.0,106.0,9.150339742389269,1.600968603230088,14.0,65.0,2
00-0023682,2021,1,6,3,13.0,0,0.0,-4.27462314258315,9.0,6.0,0.0,1.4444444444444444,-0.06532716211840665,1.0,2.0,0
00-0023742,2006,2,1,1,16.0,0,0.0,2.461656985571608,1.0,15.0,1.0,16.0,0.0,0.0,0.0,0
00-0023742,2009,2,1,1,42.0,0,0.0,4.727572813513689,18.0,24.0,1.0,2.3333333333333335,0.0,0.0,0.0,0
00-0023742,2016,3,1,0,0.0,0,0.0,-1.156725954147987,0.0,0.0,0.0,0.0,0.0,0.0,0.0,0
00-0023742,2017,1,1,1,-4.0,0,0.0,-2.359139459207654,-4.0,0.0,0.0,0.0,0.0,0.0,0.0,0
00-0023853,2012,1,1,0,0.0,0,0.0,-2.642674138653092,21.0,0.0,0.0,0.0,0.0,0.0,0.0,0
00-0023853,2018,1,1,1,8.0,1,0.0,4.070927621796727,8.0,0.0,1.0,1.0,0.0,0.0,0.0,0
00-0023859,2006,1,11,6,56.0,0,1.0,-0.117463712929748,73.0,11.0,4.0,0.7671232876712328,0.010028113227967556,0.0,0.0,0
00-0023968,2009,2,1,0,0.0,0,0.0,-0.9185711471363902,18.0,0.0,0.0,0.0,0.0,0.0,0.0,0
00-0023968,2010,16,3,0,0.0,0,0.0,-3.8014279738999903,27.0,0.0,0.0,0.0,0.0,0.0,0.0,0
00-0023968,2011,5,1,0,0.0,0,0.0,-0.46706426865421236,38.0,0.0,0.0,0.0,0.0,0.0,0.0,0
00-0024013,2006,10,1,0,0.0,0,1.0,-4.879025047644973,25.0,0.0,0.0,0.0,0.0,0.0,0.0,0
00-0024110,2009,3,1,0,0.0,0,1.0,-2.3855366277275607,-3.0,0.0,0.0,0.0,0.0,0.0,0.0,0
00-0024204,2009,16,1,1,27.0,1,0.0,3.5091679635224864,27.0,0.0,1.0,1.0,0.0,0.0,0.0,0
00-0024204,2014,14,1,0,0.0,0,0.0,-0.3916904491488822,30.0,0.0,0.0,0.0,0.0,0.0,0.0,0
00-0024217,2006,16,1,0,0.0,0,1.0,-4.730780934682116,18.0,0.0,0.0,0.0,0.0,0.0,0.0,0
00-0024218,2006,15,356,184,2199.0,12,13.0,-47.10570689064042,3454.0,880.0,107.0,10.07891784165022,0.8286009964106956,26.0,130.0,0
00-0024218,2007,15,382,238,2546.0,9,17.0,-13.214898481565449,3412.0,1088.0,141.0,11.329442426201524,1.2913075853425808,25.0,157.0,0
00-0024218,2008,3,36,22,219.0,1,2.0,-10.20156888647956,285.0,162.0,9.0,1.4542458614347025,0.04258407618165803,3.0,13.0,0
00-0024218,2009,12,259,152,1879.0,10,7.0,32.83988959622345,2481.0,756.0,91.0,8.653861009844336,1.45545069516206,9.0,36.0,0
00-0024218,2010,9,156,93,1255.0,10,3.0,22.910363264807636,1763.0,402.0,58.0,7.4373851202376455,1.5018696121410686,13.0,80.0,0
00-0024218,2011,5,114,66,866.0,4,9.0,-5.750620667983622,1293.0,312.0,39.0,2.0298162261349857,0.1992135311451635,8.0,34.0,0
00-0024225,2006,12,376,213,2542.0,11,12.0,3.7000332981582424,2996.0,941.0,124.0,11.032338505543876,0.8883712825046272,20.0,153.0,0
00-0024225,2007,5,112,60,647.0,2,4.0,-10.713449097578772,919.0,259.0,33.0,3.2990193106672887,-0.042137363585645,4.0,23.0,0
00-0024225,2008,4,29,15,264.0,1,1.0,-3.9685651545046268,300.0,98.0,10.0,3.1261655011655014,0.049954597986635985,2.0,19.0,0
00-0024225,2009,8,77,51,435.0,0,3.0,-11.295056402591477,623.0,175.0,22.0,7.247630887875654,0.15052415426455418,2.0,12.0,0
00-0024225,2011,2,13,10,57.0,1,0.0,-2.610743609433694,18.0,39.0,1.0,3.1666666666666665,0.06879592828783762,0.0,0.0,0
00-0024225,2012,2,33,16,115.0,0,1.0,-10.824813695593999,249.0,40.0,7.0,0.47520661157024796,-0.02202494708077126,1.0,9.0,0
00-0024226,2006,5,137,81,1001.0,9,5.0,-7.059023429188751,1405.0,406.0,48.0,3.635131024087195,0.3897529964654348,13.0,85.0,0
00-0024226,2007,16,467,297,3497.0,20,14.0,56.27241555721115,3849.0,1580.0,175.0,15.363388743383236,1.8218184876014338,27.0,153.0,0
00-0024226,2008,16,616,384,4525.0,25,18.0,127.62812400843622,5487.0,1813.0,222.0,14.017595634184953,2.0732889265904175,11.0,69.0,1
00-0024226,2009,16,555,336,3666.0,27,26.0,-48.81004671209921,4562.0,1591.0,170.0,13.497122719467756,1.0983115403597632,34.0,203.0,2
00-0024226,2010,15,432,261,3274.0,23,16.0,-13.710707695869107,3871.0,1434.0,159.0,13.798507283915763,1.8595261670405325,52.0,352.0,1
00-0024226,2011,10,314,182,2319.0,13,7.0,4.543881319639466,2753.0,972.0,106.0,8.591370663696434,0.8075064320191268,23.0,159.0,0
00-0024226,2012,15,434,255,3033.0,19,14.0,-21.760115878751634,4441.0,1153.0,153.0,10.602127425554643,1.283095504477632,38.0,250.0,0
00-0024226,2013,11,355,224,2621.0,19,12.0,11.77136347705926,3261.0,928.0,125.0,8.864480510637456,1.3340621256313223,19.0,132.0,3
00-0024226,2014,15,561,370,3812.0,28,18.0,-28.630866588746766,4106.0,2038.0,181.0,14.455070361773977,1.2026188977753185,38.0,223.0,4
00-0024226,2015,15,483,311,3659.0,21,11.0,27.574544449517507,4044.0,1736.0,171.0,15.84288269070508,1.9186776492593955,29.0,150.0,1
00-0024226,2016,5,137,81,1059.0,4,5.0,-26.047714958422432,1262.0,405.0,45.0,4.5129586812769205,0.2502256598413657,17.0,104.0,0
00-0024226,2017,14,429,266,2666.0,19,14.0,-23.957359524030878,3530.0,1191.0,134.0,11.009056589742588,0.968759397725009,20.0,154.0,0
00-0024240,2009,16,1,0,0.0,0,1.0,-3.6187654004897922,34.0,0.0,0.0,0.0,0.0,0.0,0.0,0
00-0024245,2009,15,1,1,22.0,1,0.0,2.436150003981311,22.0,0.0,1.0,1.0,0.0,0.0,0.0,0
00-0024264,2006,2,1,0,0.0,0,0.0,-6.798028664488811,7.0,0.0,0.0,0.0,0.0,4.0,27.0,0
00-0024264,2007,10,250,130,1529.0,5,10.0,-50.34140074604961,2207.0,665.0,82.0,6.070042066133546,0.10920226863381827,27.0,138.0,0
00-0024264,2008,2,5,3,26.0,0,1.0,-2.0340113361598924,52.0,6.0,2.0,0.5,0.04700550796601635,0.0,0.0,0
00-0024264,2009,6,26,13,125.0,0,0.0,-7.451141804768591,217.0,38.0,7.0,1.6210407239819005,0.01657337604508154,4.0,21.0,0
00-0024264,2010,1,2,1,6.0,0,0.0,0.3708089466090314,20.0,2.0,1.0,0.3,0.0,0.0,0.0,0
00-0024264,2011,3,91,48,546.0,2,1.0,-15.329422676929394,887.0,187.0,28.0,1.816594624340944,-0.03904176263362108,9.0,68.0,0
00-0024264,2012,2,3,1,39.0,0,1.0,-4.023541818372905,56.0,1.0,1.0,0.75,0.0,0.0,0.0,0
00-0024264,2013,10,242,142,1673.0,8,7.0,-16.929046157055645,2123.0,742.0,80.0,8.936592124690698,0.6625605503926109,21.0,138.0,1
00-0024264,2014,1,3,1,10.0,0,0.0,-3.404492739122361,27.0,2.0,1.0,0.37037037037037035,0.0,1.0,9.0,0
00-0024264,2015,2,6,5,63.0,1,0.0,7.164608395018149,84.0,4.0,4.0,0.75,0.5825954167551698,0.0,0.0,0
00-0024264,2016,1,1,0,0.0,0,0.0,-0.9599702777341008,35.0,0.0,0.0,0.0,0.0,0.0,0.0,0
00-0024264,2017,3,8,6,36.0,0,1.0,-9.740795278106816,35.0,6.0,4.0,1.5972222222222223,0.403809457068101,0.0,0.0,0
00-0024275,2010,14,1,0,0.0,0,1.0,-3.590977357234806,23.0,0.0,0.0,0.0,0.0,0.0,0.0,0
00-0024275,2013,15,1,1,8.0,1,0.0,2.3772909659310244,8.0,0.0,1.0,1.0,0.0,0.0,0.0,0
00-0024279,2006,4,81,47,475.0,2,4.0,-27.83083928382257,609.0,241.0,19.0,3.4061091703648803,0.06806419804583455,7.0,37.0,0
00-0024279,2007,12,294,171,1911.0,9,12.0,-7.380110183899258,2610.0,889.0,95.0,10.019197761940848,1.098381205732672,19.0,70.0,0
00-0024279,2008,7,149,88,1056.0,9,2.0,2.275284891991145,1326.0,472.0,48.0,6.596689190061264,1.02135470321348,15.0,98.0,0
00-0024279,2009,8,21,14,201.0,1,0.0,14.565018744007503,71.0,154.0,9.0,17.83108108108108,0.45045082761679744,0.0,0.0,0
00-0024279,2010,3,58,34,341.0,3,4.0,-15.622399180186314,498.0,117.0,18.0,2.2947162809452943,0.18158759730165047,6.0,43.0,1
00-0024279,2011,15,450,271,3091.0,14,13.0,-13.808257629512779,3969.0,1362.0,138.0,12.52210588638416,1.2370895603660073,42.0,293.0,0
00-0024279,2013,3,13,10,151.0,1,0.0,7.312955245166204,117.0,75.0,7.0,4.929896907216495,0.5799806393316037,0.0,0.0,0
00-0024279,2014,1,1,1,0.0,0,0.0,-0.5418642838485539,0.0,0.0,0.0,0.0,0.0,0.0,0.0,0
00-0024279,2015,4,6,4,37.0,0,0.0,1.359533752023708,22.0,23.0,3.0,4.3,0.0,1.0,6.0,0
00-0024294,2006,14,1,0,0.0,0,0.0,-0.4489121504011564,11.0,0.0,0.0,0.0,0.0,0.0,0.0,0
00-0024294,2011,7,1,0,0.0,0,1.0,-4.660491733346134,6.0,0.0,0.0,0.0,0.0,0.0,0.0,0
00-0024296,2010,5,99,57,507.0,2,3.0,-23.97123462980374,700.0,236.0,22.0,4.868291221586134,-0.03837249545225368,5.0,13.0,2
00-0024296,2011,3,56,27,298.0,1,1.0,-22.390047928223826,561.0,124.0,14.0,1.6027306604129745,0.05566618016222317,8.0,46.0,0
00-0024296,2014,7,185,105,1326.0,7,2.0,-3.817638288934157,1731.0,550.0,56.0,5.379140265023064,0.28414722895013933,18.0,103.0,0
00-0024296,2015,4,32,16,150.0,0,1.0,-14.443799755594227,277.0,92.0,9.0,2.172245396119145,-0.07747523528744764,5.0,28.0,0
00-0024296,2016,1,24,14,182.0,1,1.0,2.4922614012029953,265.0,42.0,8.0,0.6867924528301886,0.06083672854576148,2.0,14.0,0
00-0024300,2006,2,7,3,23.0,0,2.0,-11.001063558389433,87.0,2.0,2.0,0.26436781609195403,-0.03603624721153667,1.0,10.0,0
00-0024300,2007,9,224,127,1227.0,6,6.0,-33.24573446200736,1598.0,543.0,58.0,9.669678852507163,0.2029071180331128,16.0,98.0,0
00-0024300,2008,2,29,20,151.0,0,0.0,-2.5404283959453586,119.0,104.0,7.0,2.744314489928525,0.2143620767587236,1.0,10.0,0
00-0024300,2009,3,40,23,230.0,2,0.0,-9.371008063408542,312.0,124.0,10.0,1.6152873894236501,0.044292080427638394,3.0,18.0,0
00-0024300,2010,2,19,8,38.0,0,1.0,-18.92578205029713,213.0,14.0,2.0,-0.0915395284327323,-0.03440813062058218,4.0,29.0,0
00-0024315,2006,14,1,0,0.0,0,0.0,-2.6089744712226093,0.0,0.0,0.0,0.0,0.0,0.0,0.0,0
00-0024315,2010,10,1,1,28.0,0,0.0,2.117123174946755,28.0,0.0,1.0,1.0,0.0,0.0,0.0,0
00-0024318,2007,14,1,0,0.0,0,0.0,-3.364694094925653,10.0,0.0,0.0,0.0,0.0,0.0,0.0,0
00-0024318,2008,12,2,1,18.0,0,0.0,-0.7031391290656757,19.0,18.0,0.0,0.0,0.0,0.0,0.0,0
00-0024318,2009,11,1,1,27.0,0,0.0,4.444380085915327,3.0,24.0,1.0,9.0,0.0,0.0,0.0,0
00-0024318,2010,15,3,2,6.0,1,0.0,1.778795779158827,37.0,3.0,1.0,1.0,0.0,0.0,0.0,0
00-0024318,2011,13,1,0,0.0,0,1.0,-2.297189359087497,51.0,0.0,0.0,0.0,0.0,1.0,6.0,0
00-0024318,2012,13,1,0,0.0,0,1.0,-3.2487173049594276,36.0,0.0,0.0,0.0,0.0,0.0,0.0,0
00-0024318,2013,5,1,0,0.0,0,0.0,-0.5044714277028106,6.0,0.0,0.0,0.0,0.0,0.0,0.0,0
00-0024332,2007,15,1,1,36.0,0,0.0,3.052197980461642,25.0,11.0,1.0,1.44,0.0,0.0,0.0,0
00-0024334,2010,14,1,0,0.0,0,0.0,-0.9412520765326917,45.0,0.0,0.0,0.0,0.0,0.0,0.0,0
00-0024358,2008,2,1,1,5.0,0,0.0,-0.8991557019762695,4.0,1.0,0.0,1.25,0.0,1.0,1.0,0
00-0024408,2006,13,328,177,1661.0,9,9.0,-84.50815918179369,2241.0,794.0,79.0,14.766304563125708,0.027973766578615708,25.0,146.0,0
00-0024408,2007,4,24,13,130.0,0,1.0,-10.163680113050253,217.0,38.0,5.0,1.2795698924731185,-0.006464069793896819,2.0,14.0,0
00-0024408,2008,2,21,7,26.0,0,3.0,-31.101286410892424,91.0,23.0,1.0,0.5580645161290323,-0.25274495959015353,4.0,18.0,0
00-0024408,2009,7,149,81,1004.0,6,3.0,-5.083778055240818,1544.0,421.0,44.0,5.482573046119711,0.3370635428923742,11.0,71.0,0
00-0024408,2010,6,158,83,1059.0,5,7.0,-20.433944597519492,1392.0,516.0,50.0,4.174354925887767,-0.08002917542198687,10.0,77.0,0
00-0024408,2011,2,18,8,109.0,1,1.0,-4.67018818622455,179.0,68.0,4.0,1.1995402298850575,-0.08759373634851263,1.0,7.0,0
00-0024408,2012,2,11,5,65.0,0,0.0,-3.061100918579199,110.0,5.0,1.0,0.5909090909090909,-0.02076477456274353,0.0,0.0,0
00-0024417,2010,1,1,1,13.0,0,0.0,3.838324762880802,4.0,9.0,1.0,3.25,0.0,0.0,0.0,0
00-0024417,2015,2,1,1,-3.0,0,0.0,-3.6138413445441984,-6.0,3.0,0.0,0.0,0.0,0.0,0.0,0
00-0024417,2017,2,2,2,38.0,0,0.0,9.42508688842645,32.0,6.0,2.0,2.6,0.0,0.0,0.0,0
00-0024417,2018,1,1,1,21.0,0,0.0,4.490723728435114,19.0,2.0,1.0,1.105263157894737,0.0,0.0,0.0,0
00-0024417,2019,1,1,1,-2.0,0,0.0,-2.624801553087309,-5.0,3.0,0.0,0.0,0.0,0.0,0.0,0
00-0024417,2020,1,1,1,15.0,0,0.0,3.3933274865266867,9.0,6.0,1.0,1.6666666666666667,0.0,0.0,0.0,0
00-0024417,2021,1,1,0,0.0,0,0.0,-2.778717302950099,10.0,0.0,0.0,0.0,0.0,0.0,0.0,0
00-0024812,2010,2,6,4,35.0,0,0.0,0.89640189812053,23.0,13.0,2.0,2.8769230769230774,0.0,2.0,10.0,0
00-0024812,2011,6,134,80,796.0,2,7.0,-26.408653814026753,965.0,338.0,40.0,6.612595339070447,0.3987284748291509,11.0,83.0,0
00-0024824,2007,4,1,1,15.0,0,0.0,1.3180487552890554,4.0,11.0,1.0,3.75,0.0,0.0,0.0,0
00-0024824,2009,1,1,1,3.0,0,0.0,-0.9110581970307976,2.0,1.0,0.0,1.5,0.0,0.0,0.0,0
00-0025388,2007,4,66,36,373.0,2,4.0,-19.360563514503184,492.0,137.0,17.0,3.8170017951701807,-0.21782523913169954,6.0,40.0,1
00-0025388,2008,15,367,198,2423.0,13,8.0,-58.281563832837946,3622.0,1025.0,111.0,10.457117482777498,0.8847991563564173,30.0,200.0,0
00-0025388,2009,12,247,121,1290.0,3,11.0,-120.68255710442946,2300.0,594.0,58.0,7.687660859063171,-0.04780119769256705,32.0,207.0,0
00-0025396,2014,13,1,1,10.0,0,0.0,0.8702882564393803,10.0,0.0,1.0,1.0,0.0,0.0,0.0,0
00-0025399,2007,13,1,1,8.0,1,0.0,2.4555505752796307,8.0,0.0,1.0,1.0,0.0,0.0,0.0,0
00-0025399,2011,15,2,0,0.0,0,0.0,-0.7496615910204127,29.0,0.0,0.0,0.0,0.0,0.0,0.0,0
00-0025409,2007,1,8,3,45.0,0,0.0,0.5877931822409037,44.0,18.0,3.0,1.0227272727272727,-0.046321830513562916,0.0,0.0,0
00-0025409,2008,3,89,45,518.0,2,2.0,-2.774015568180589,714.0,240.0,24.0,2.514921643655784,0.03546422906350753,1.0,9.0,0
00-0025409,2009,10,256,136,1339.0,8,7.0,-50.834900449128824,2144.0,669.0,73.0,6.888649062128773,0.288887511395995,19.0,104.0,0
00-0025409,2012,10,197,112,1141.0,2,8.0,-76.62354845233358,1620.0,477.0,48.0,7.670966690604393,0.22129159773581086,21.0,123.0,0
00-0025423,2008,6,34,17,144.0,0,4.0,-30.743901011912385,271.0,62.0,8.0,2.9550539083557954,0.3182337940412822,0.0,0.0,0
00-0025423,2009,3,96,62,741.0,4,3.0,-2.793616517742139,687.0,359.0,31.0,2.7604696969696967,0.3051182433773947,4.0,33.0,0
00-0025423,2010,7,189,115,1197.0,7,7.0,-13.443347214981381,1552.0,590.0,58.0,4.925696003366137,0.45737077111826024,14.0,99.0,0
00-0025423,2011,9,253,146,1955.0,9,8.0,-8.029222160653099,2042.0,905.0,88.0,8.073570983612921,0.37838189342313433,30.0,219.0,0
00-0025423,2012,6,183,109,1169.0,8,3.0,-21.065582918494922,1446.0,478.0,62.0,5.395163540628277,0.38570566869404105,27.0,159.0,0
00-0025424,2014,1,1,0,0.0,0,0.0,-2.3244858644902706,21.0,0.0,0.0,0.0,0.0,0.0,0.0,0
00-0025427,2007,5,107,60,559.0,1,3.0,-41.52711620522706,793.0,192.0,24.0,2.8640699691038427,0.09287057007843506,10.0,69.0,1
00-0025427,2011,4,132,80,858.0,2,4.0,-22.607872966631675,1097.0,402.0,44.0,3.193432351797458,0.22838014004761542,16.0,84.0,1
00-0025430,2008,3,17,9,119.0,1,0.0,-7.406024240555885,210.0,31.0,6.0,1.4864165129805647,0.028469231898235123,6.0,35.0,0
00-0025430,2009,3,51,26,259.0,0,6.0,-35.347714949474195,457.0,129.0,12.0,1.6502857142857144,-0.04810925162857002,5.0,27.0,0
00-0025430,2010,6,119,69,780.0,4,3.0,1.7402123016413693,844.0,422.0,39.0,9.533770698095545,0.1934464353752912,6.0,42.0,0
00-0025430,2014,9,240,132,1711.0,7,5.0,4.506461395394161,2656.0,639.0,77.0,6.083405872164389,0.6686299879746967,11.0,66.0,1
00-0025430,2015,6,25,11,104.0,0,2.0,-15.152286488446407,319.0,26.0,6.0,1.5413672378846508,-0.05268809839006704,2.0,8.0,0
00-0025430,2016,5,48,19,192.0,2,3.0,-13.17432080087415,547.0,78.0,11.0,2.1830271091487443,-0.11399926417352128,1.0,8.0,0
00-0025430,2017,5,159,79,894.0,6,5.0,-22.236957853646302,1718.0,299.0,50.0,2.5984884555847416,0.03636758971127477,7.0,40.0,0
00-0025431,2007,11,2,2,94.0,0,0.0,5.145893525972497,62.0,32.0,2.0,1.5161290322580645,0.0,0.0,0.0,0
00-0025431,2008,10,1,0,0.0,0,0.0,-0.519997707568109,37.0,0.0,0.0,0.0,0.0,0.0,0.0,0
00-0025431,2009,16,1,0,0.0,0,0.0,-0.4505040957592428,8.0,0.0,0.0,0.0,0.0,0.0,0.0,0
00-0025431,2011,9,1,1,55.0,0,0.0,4.039452996104956,45.0,10.0,1.0,1.2222222222222223,0.0,0.0,0.0,0
00-0025431,2012,16,2,1,25.0,0,0.0,1.3941912073642015,56.0,0.0,1.0,1.0,0.0,0.0,0.0,0
00-0025479,2007,10,269,151,1630.0,7,8.0,-41.92331456533116,1899.0,837.0,81.0,9.927430491514432,0.3513426909292063,12.0,105.0,0
00-0025479,2008,14,374,245,2699.0,11,10.0,10.220437590546357,2737.0,1096.0,132.0,15.941499936124957,1.225893195304269,23.0,143.0,1
00-0025479,2009,8,183,110,1169.0,6,7.0,-31.665966272958705,1286.0,582.0,53.0,7.9010323796366,0.6265183490809062,22.0,129.0,0
00-0025479,2010,4,101,55,521.0,2,5.0,-39.82121801965859,589.0,246.0,23.0,5.940992951202375,0.008717567766671586,11.0,95.0,0
00-0025479,2012,1,2,2,14.0,0,0.0,0.014045633841305971,6.0,8.0,0.0,2.3333333333333335,0.0,0.0,0.0,0
00-0025486,2010,10,1,1,1.0,0,0.0,-0.39391914708539844,-8.0,9.0,0.0,0.0,0.0,0.0,0.0,0
00-0025487,2008,11,3,1,8.0,0,0.0,-0.8514623316004872,19.0,2.0,1.0,1.3333333333333333,0.0,0.0,0.0,0
00-0025487,2009,15,1,0,0.0,0,0.0,-0.9385995102854019,17.0,0.0,0.0,0.0,0.0,0.0,0.0,0
00-0025488,2011,1,1,0,0.0,0,0.0,-1.4504092251881957,7.0,0.0,0.0,0.0,0.0,0.0,0.0,0
00-0025499,2007,1,1,1,32.0,0,0.0,5.255593387642875,9.0,23.0,1.0,3.5555555555555554,0.0,0.0,0.0,0
00-0025499,2011,1,1,1,33.0,0,0.0,4.4192065426614136,12.0,21.0,1.0,2.75,0.0,0.0,0.0,0
00-0025529,2010,12,2,1,17.0,0,0.0,0.6353758714394644,50.0,6.0,1.0,1.5454545454545454,0.0,0.0,0.0,0
00-0025559,2009,13,1,1,21.0,0,0.0,1.112600879278034,-8.0,29.0,1.0,0.0,0.0,0.0,0.0,0
00-0025559,2011,15,1,1,27.0,0,0.0,2.3191721339244395,-5.0,32.0,1.0,0.0,0.0,0.0,0.0,0
00-0025561,2007,4,76,40,452.0,2,0.0,6.089827852683884,752.0,172.0,25.0,2.219390227021041,0.4429933318841824,4.0,29.0,0
00-0025561,2008,5,4,3,82.0,1,0.0,4.891568657680182,63.0,25.0,3.0,3.749000999000999,0.0,1.0,1.0,0
00-0025561,2009,3,9,5,24.0,0,1.0,-6.432560040906537,83.0,16.0,1.0,2.8491655969191267,0.0,0.0,0.0,0
00-0025561,2010,6,145,73,1176.0,5,4.0,-6.14869257596761,1460.0,580.0,43.0,4.924223442559069,0.23483422578031576,18.0,112.0,0
00-0025592,2008,3,12,7,41.0,0,2.0,-13.137832014617743,62.0,29.0,4.0,2.644144144144144,0.0724776061334207,2.0,11.0,0
00-0025592,2010,1,3,3,18.0,0,0.0,-0.8120608516037464,3.0,15.0,1.0,6.0,0.0,2.0,20.0,0
00-0025592,2014,1,3,1,7.0,0,0.0,-4.004206218000036,30.0,0.0,0.0,0.23333333333333334,0.0,0.0,0.0,0
00-0025604,2007,1,6,2,41.0,0,1.0,-5.098594418959692,85.0,28.0,2.0,0.4823529411764706,-0.04567019380089447,1.0,9.0,0
00-0025604,2008,14,420,230,2608.0,18,12.0,-17.36533497765846,3589.0,1005.0,127.0,10.998741146977467,0.6215121749797958,26.0,162.0,1
00-0025604,2009,2,8,4,83.0,1,2.0,0.008280544192530215,127.0,25.0,3.0,0.6535433070866141,0.07974176449173745,0.0,0.0,0
00-0025604,2010,5,62,33,435.0,2,2.0,-10.930949949602008,677.0,129.0,20.0,2.3981711220390434,0.3215484843307122,8.0,50.0,0
00-0025604,2011,2,8,3,25.0,0,1.0,-5.544895853614435,60.0,10.0,2.0,0.9072398190045249,-0.18082530461550006,0.0,0.0,0
00-0025604,2012,2,5,3,30.0,0,0.0,-0.1252952115610242,30.0,9.0,2.0,1.0,-0.025470152476812835,0.0,0.0,0
00-0025612,2012,2,1,0,0.0,0,0.0,-2.1032492129597813,5.0,0.0,0.0,0.0,0.0,0.0,0.0,0
00-0025672,2009,6,1,0,0.0,0,1.0,-3.176075770286843,26.0,0.0,0.0,0.0,0.0,0.0,0.0,0
00-0025708,2007,8,111,63,730.0,3,5.0,0.1715188881030043,1166.0,256.0,37.0,4.517898876521073,0.15890674232295096,6.0,40.0,0
00-0025708,2009,7,138,85,1053.0,8,2.0,18.24638965807425,1204.0,432.0,52.0,5.59895211513316,0.6422461232269427,9.0,78.0,0
00-0025708,2010,6,143,79,857.0,5,10.0,-37.049706099115014,1247.0,351.0,47.0,3.8127413454588956,0.07233492685320699,13.0,90.0,0
00-0025708,2011,13,347,210,2497.0,16,9.0,3.7512282968132604,3471.0,838.0,122.0,9.728456546017,1.3952968005053827,36.0,229.0,0
00-0025708,2012,2,19,11,131.0,1,0.0,2.337414228901915,225.0,28.0,7.0,0.5822222222222222,0.20392898476290588,2.0,9.0,0
00-0025708,2013,1,6,2,53.0,0,2.0,-2.107697533792816,117.0,13.0,1.0,0.452991452991453,-0.06375476695049073,0.0,0.0,0
00-0025708,2014,2,4,2,21.0,0,0.0,1.3215904026292264,93.0,10.0,2.0,0.22580645161290322,0.0,0.0,0.0,0
00-0025708,2015,1,1,1,14.0,0,0.0,1.9897069240687415,5.0,9.0,1.0,2.8,0.0,0.0,0.0,0
00-0025708,2016,4,87,55,721.0,8,3.0,29.377741281897112,729.0,356.0,35.0,3.776275918311676,0.7936794825411908,1.0,0.0,0
00-0025708,2017,4,127,78,861.0,4,5.0,-21.448263867693406,1039.0,324.0,38.0,3.416221108383356,0.41552430072374164,12.0,95.0,0
00-0025708,2019,6,91,59,659.0,4,0.0,6.999017375269092,630.0,287.0,35.0,3.0891065206570434,0.19443290724070245,8.0,65.0,0
00-0025749,2010,1,28,16,150.0,0,1.0,-15.771758897433756,168.0,39.0,7.0,0.8928571428571429,-0.000691497247231547,2.0,12.0,0
00-0025749,2011,2,22,10,86.0,1,1.0,-9.3000059693004,202.0,17.0,5.0,0.8056148231330713,-0.12089555440672048,1.0,6.0,0
00-0025825,2019,3,2,1,11.0,0,0.0,1.4956223342451267,33.0,8.0,1.0,3.6666666666666665,0.0,0.0,0.0,0
00-0025825,2020,1,1,0,0.0,0,0.0,-1.8763287150650285,18.0,0.0,0.0,0.0,0.0,0.0,0.0,0
00-0025970,2009,2,7,3,11.0,0,1.0,-6.419037105573807,46.0,6.0,0.0,0.17391304347826086,-0.038147654419191795,0.0,0.0,0
00-0025970,2010,2,7,5,55.0,0,0.0,-3.2183081166585907,84.0,12.0,2.0,1.3452991452991454,0.0,2.0,15.0,0
00-0025970,2011,4,102,51,613.0,3,9.0,-61.26348904216037,925.0,216.0,29.0,2.70739450164995,-0.013832058800135605,19.0,133.0,0
00-0026035,2015,14,1,1,36.0,0,0.0,3.1290306355804205,7.0,29.0,1.0,5.142857142857143,0.0,0.0,0.0,0
00-0026035,2018,15,1,1,28.0,1,0.0,2.501789590693079,25.0,3.0,1.0,1.12,0.0,0.0,0.0,0
00-0026035,2019,15,1,1,19.0,1,0.0,1.9585355066228658,14.0,5.0,1.0,1.3571428571428572,0.0,0.0,0.0,0
00-0026035,2021,8,1,0,0.0,0,0.0,-0.3616975506884046,14.0,0.0,0.0,0.0,0.0,0.0,0.0,0
00-0026143,2008,16,434,265,3440.0,16,11.0,80.96877924539848,3986.0,1325.0,157.0,14.698481182529484,2.4446882793348435,17.0,104.0,1
00-0026143,2009,14,451,263,2916.0,22,14.0,47.71010538004808,3746.0,1172.0,152.0,11.373355931350872,1.206014845063025,19.0,92.0,0
00-0026143,2010,16,571,357,3705.0,28,9.0,99.49467244909643,4781.0,1351.0,199.0,12.928586655494541,2.1835112104711247,23.0,158.0,2
00-0026143,2011,16,566,347,4177.0,29,12.0,87.78109609545749,5099.0,1718.0,205.0,14.483020773297584,2.442921967740386,26.0,173.0,0
00-0026143,2012,16,615,422,4719.0,32,14.0,141.7550071679022,5004.0,2061.0,246.0,16.63798871236908,2.860381403315789,28.0,210.0,0
00-0026143,2013,16,651,439,4515.0,26,17.0,37.06585420053572,4439.0,2117.0,225.0,17.45019370077574,1.7703545915263867,44.0,298.0,0
00-0026143,2014,16,628,415,4694.0,28,14.0,71.84747865334776,4853.0,2073.0,230.0,16.25646412976488,2.135818012480791,31.0,205.0,1
00-0026143,2015,16,614,407,4591.0,21,16.0,79.66134243190754,4741.0,1835.0,229.0,16.599099744017856,1.6485711257495101,30.0,206.0,1
00-0026143,2016,16,534,373,4944.0,38,7.0,176.4265240257243,4619.0,2262.0,238.0,18.11942541894716,3.285631167304054,37.0,235.0,1
00-0026143,2017,16,529,342,4095.0,20,12.0,70.37926863303906,4719.0,1861.0,199.0,14.258494410220454,2.1210817713642287,24.0,156.0,0
00-0026143,2018,16,608,422,4924.0,35,7.0,122.4606328052705,5201.0,2133.0,236.0,15.39399463072155,2.6107959821037117,42.0,296.0,2
00-0026143,2019,15,616,408,4466.0,26,14.0,20.470535377422227,5051.0,1626.0,228.0,13.33401183864376,1.687209496375227,48.0,316.0,1
00-0026143,2020,16,626,407,4581.0,26,11.0,68.41089281225402,5342.0,1642.0,242.0,14.369335328052177,1.8408972840899616,41.0,257.0,1
00-0026143,2021,17,560,375,3968.0,20,12.0,8.224791799200407,4002.0,1721.0,195.0,17.839688325057043,1.6425844286860396,40.0,274.0,0
00-0026143,2022,12,461,309,3057.0,14,13.0,-24.760005779762064,2772.0,1405.0,156.0,13.382329482733397,0.7375237775341289,38.0,287.0,0
00-0026144,2010,13,1,0,0.0,0,0.0,-0.4388239805120975,33.0,0.0,0.0,0.0,0.0,0.0,0.0,0
00-0026144,2013,10,1,1,16.0,1,0.0,2.510503833531402,16.0,0.0,1.0,1.0,0.0,0.0,0.0,0
00-0026144,2014,16,1,0,0.0,0,0.0,-0.5046176582109183,17.0,0.0,0.0,0.0,0.0,0.0,0.0,0
00-0026144,2015,16,1,0,0.0,0,0.0,-0.3609142529312521,18.0,0.0,0.0,0.0,0.0,0.0,0.0,0
00-0026158,2008,16,428,257,2971.0,14,12.0,-6.327041898062928,3642.0,1376.0,143.0,13.367840124067191,1.2201697709882096,33.0,277.0,1
00-0026158,2009,16,499,315,3613.0,21,12.0,51.8488912794945,4328.0,1649.0,186.0,14.65043530617472,1.8203586855454894,37.0,224.0,0
00-0026158,2010,16,489,306,3622.0,25,10.0,45.02374387248377,4442.0,1507.0,174.0,13.853458530362154,2.015839035917908,40.0,294.0,0
00-0026158,2011,16,542,312,3610.0,20,12.0,30.54128362630674,5020.0,1586.0,179.0,12.266983633234076,1.4539021792968452,31.0,203.0,0
00-0026158,2012,16,531,317,3817.0,22,10.0,15.820617883477347,5341.0,1544.0,174.0,11.568392559178843,1.6162243957544977,35.0,227.0,1
00-0026158,2013,16,614,362,3912.0,19,22.0,-35.64454589617082,5754.0,1750.0,189.0,11.324291838546024,1.1974818178051168,48.0,324.0,2
00-0026158,2014,16,554,344,3986.0,27,12.0,73.29455290800261,4623.0,1751.0,194.0,14.881060602882199,2.3772634288713714,19.0,167.0,0
00-0026158,2015,10,413,266,2791.0,14,12.0,6.087360314581819,3039.0,1487.0,123.0,9.563357674631199,0.7295394203363852,16.0,124.0,1
00-0026158,2016,16,672,436,4317.0,20,15.0,-26.375798897186947,4967.0,2071.0,204.0,14.701157875594525,0.9145474972617677,33.0,243.0,4
00-0026158,2017,16,549,352,3141.0,18,13.0,-52.5727826322,3679.0,1470.0,161.0,14.79025264187482,1.1777085710003254,27.0,205.0,1
00-0026158,2018,9,379,232,2465.0,12,6.0,19.17978335528972,3237.0,1015.0,122.0,7.041391667420812,0.7559634167437849,16.0,79.0,0
00-0026158,2019,8,262,171,1822.0,6,5.0,-23.281209961145215,1777.0,907.0,86.0,8.731914483048534,0.48702940491467567,26.0,194.0,1
00-0026158,2020,5,134,74,864.0,6,3.0,-9.165092194288736,1425.0,342.0,36.0,4.4408872302214695,0.42247636797460847,7.0,69.0,0
00-0026158,2021,2,42,27,338.0,3,0.0,6.294119076454828,336.0,175.0,14.0,2.4702273929138023,0.08409617283191553,2.0,13.0,0
00-0026158,2022,5,191,110,1051.0,5,3.0,-25.36170515305042,1537.0,432.0,55.0,2.9259999318418233,0.1847631111054904,10.0,66.0,0
00-0026158,2023,5,204,123,1616.0,13,8.0,-1.607587160902579,1910.0,678.0,60.0,4.883884955405668,0.3678736895371929,8.0,57.0,1
00-0026164,2009,16,1,0,0.0,0,0.0,-1.5246585980563228,3.0,0.0,0.0,0.0,0.0,0.0,0.0,0
00-0026182,2008,15,1,0,0.0,0,0.0,-0.4738079442176968,18.0,0.0,0.0,0.0,0.0,0.0,0.0,0
00-0026184,2011,12,1,0,0.0,0,0.0,-0.45728855300694704,15.0,0.0,0.0,0.0,0.0,0.0,0.0,0
00-0026189,2008,16,1,0,0.0,0,1.0,-4.551678745367099,7.0,0.0,0.0,0.0,0.0,0.0,0.0,0
00-0026195,2009,16,1,0,0.0,0,0.0,-1.5681724939495325,0.0,0.0,0.0,0.0,0.0,0.0,0.0,0
00-0026195,2011,16,1,1,1.0,1,0.0,1.0937826750450768,1.0,0.0,1.0,1.0,0.0,0.0,0.0,0
00-0026196,2009,2,29,17,146.0,0,2.0,-9.788899158631121,172.0,95.0,8.0,0.8488372093023255,-0.019301237784667462,2.0,8.0,0
00-0026196,2010,1,23,10,106.0,0,3.0,-21.01931273774244,228.0,39.0,4.0,0.4649122807017544,6.538830747832014e-05,3.0,5.0,0
00-0026197,2008,1,12,7,67.0,0,0.0,3.130583201069385,62.0,11.0,3.0,1.0806451612903225,0.16425599176210373,0.0,0.0,0
00-0026197,2009,14,451,274,2878.0,12,14.0,13.642078074660438,3778.0,1136.0,156.0,11.147000196446626,1.1298446802050832,26.0,176.0,0
00-0026197,2010,15,491,302,3298.0,15,18.0,-3.105561226960066,3965.0,1306.0,168.0,12.633635899330024,0.8802433288177403,30.0,178.0,0
00-0026197,2011,4,112,64,868.0,4,4.0,5.6628644867453275,1028.0,333.0,41.0,3.1006525427594145,0.2939680835677104,11.0,67.0,0
00-0026197,2012,10,308,166,2084.0,11,11.0,-44.91556376237337,2802.0,853.0,85.0,7.960409933512726,0.3215633527578803,28.0,169.0,0
00-0026197,2013,15,503,305,3241.0,13,14.0,-33.60874612017805,3266.0,1801.0,151.0,15.285808184722676,0.46817980248437907,38.0,243.0,0
00-0026197,2014,3,78,42,492.0,3,1.0,-36.882492895169264,699.0,215.0,19.0,1.9309137887182997,-0.01098414802307772,16.0,105.0,0
00-0026197,2017,2,2,0,0.0,0,0.0,-2.141747591085732,2.0,0.0,0.0,0.0,0.0,0.0,0.0,0
00-0026197,2018,1,3,2,29.0,0,0.0,0.37695603776955977,18.0,15.0,2.0,1.6111111111111112,0.0,0.0,0.0,0
00-0026197,2020,3,38,28,248.0,2,0.0,13.956284097541356,158.0,200.0,15.0,9.871882086167801,0.17779097152773154,2.0,4.0,0
00-0026197,2021,4,16,11,82.0,0,0.0,4.047984530450776,125.0,24.0,6.0,0.656,0.14622102327296965,0.0,0.0,0
00-0026197,2022,2,2,0,0.0,0,0.0,-1.8915138673619367,-4.0,0.0,0.0,0.0,0.0,0.0,0.0,0
00-0026234,2008,2,6,4,23.0,0,0.0,-4.4829828889342025,28.0,12.0,1.0,1.0,0.0,1.0,2.0,0
00-0026296,2008,1,1,1,3.0,0,0.0,-0.40896247047930956,2.0,1.0,0.0,1.5,0.0,0.0,0.0,0
00-0026296,2009,1,26,12,145.0,1,1.0,-6.495541022183445,262.0,80.0,6.0,0.5534351145038168,-0.05049703508646998,0.0,0.0,0
00-0026296,2010,2,32,22,254.0,0,1.0,-7.3119397100345855,214.0,99.0,8.0,4.729186602870813,0.06638876145207144,5.0,41.0,0
00-0026300,2009,5,125,63,685.0,4,8.0,-30.191430002775075,1008.0,280.0,32.0,4.006898451125541,-0.09776546011451669,11.0,59.0,0
00-0026300,2010,8,16,14,111.0,0,0.0,-1.1618738970137201,108.0,51.0,5.0,4.029761904761905,0.39784345491831513,2.0,8.0,0
00-0026300,2011,9,36,19,246.0,1,2.0,-5.630992191824454,363.0,32.0,12.0,3.403254972875226,0.11462686481515666,3.0,24.0,0
00-0026300,2018,4,91,52,590.0,3,4.0,-12.234199859591296,839.0,302.0,29.0,3.5843010592958384,0.2815662681524061,9.0,67.0,2
00-0026300,2021,4,85,57,638.0,5,2.0,27.387476933403597,620.0,283.0,39.0,4.867135819093114,0.3162417663806407,3.0,23.0,0
00-0026300,2022,1,2,1,10.0,0,0.0,-0.8358491185936145,2.0,4.0,1.0,5.0,0.0,0.0,0.0,0
00-0026314,2012,16,1,0,0.0,0,0.0,-1.417102167615667,32.0,0.0,0.0,0.0,0.0,0.0,0.0,0
00-0026345,2014,16,1,0,0.0,0,0.0,-0.6566392839886248,52.0,0.0,0.0,0.0,0.0,0.0,0.0,0
00-0026349,2008,4,5,2,6.0,0,0.0,-4.121591734990943,22.0,3.0,0.0,0.2727272727272727,-0.032542444928114034,0.0,0.0,0
00-0026349,2009,4,12,7,58.0,0,1.0,-7.937411880591819,93.0,42.0,4.0,3.0359267734553774,0.24537556892185247,1.0,6.0,0
00-0026349,2010,6,66,40,433.0,3,2.0,-5.260737588769828,585.0,238.0,21.0,1.6041335227272726,0.11774018678332451,7.0,38.0,0
00-0026349,2011,5,49,33,518.0,6,2.0,14.958953009181595,474.0,227.0,22.0,2.826856649395509,0.24166034445000376,5.0,18.0,0
00-0026349,2012,2,9,5,68.0,0,0.0,3.654005476112261,82.0,41.0,2.0,0.8292682926829268,0.1643984824837238,0.0,0.0,0
00-0026349,2013,7,200,124,1392.0,8,5.0,-25.65496661985814,1424.0,721.0,69.0,6.644103210023242,0.42704267232254445,24.0,135.0,0
00-0026349,2014,7,16,8,66.0,0,1.0,-13.654873651908003,121.0,33.0,3.0,8.714069264069263,-0.1467768227454937,2.0,12.0,0
00-0026367,2010,16,2,1,13.0,0,0.0,1.464544316928368,14.0,7.0,1.0,2.1666666666666665,0.0,0.0,0.0,0
00-0026367,2012,13,1,0,0.0,0,0.0,-1.5722928661651876,1.0,0.0,0.0,0.0,0.0,0.0,0.0,0
00-0026393,2013,16,1,1,22.0,0,0.0,3.8468238678760827,10.0,12.0,1.0,2.2,0.0,0.0,0.0,0
00-0026491,2010,9,1,0,0.0,0,0.0,-0.4139237580820918,9.0,0.0,0.0,0.0,0.0,0.0,0.0,0
00-0026498,2009,10,377,201,2267.0,13,20.0,-73.41789469682463,3035.0,1192.0,111.0,7.537126906516847,0.195022426691204,23.0,169.0,1
00-0026498,2010,4,96,57,535.0,6,1.0,-0.05624824546976015,673.0,297.0,27.0,2.566188346840292,0.1768377188537041,4.0,36.0,1
00-0026498,2011,16,673,428,5100.0,41,16.0,92.20655684904467,5457.0,2271.0,246.0,15.646409653380145,1.9674341352774616,38.0,265.0,2
00-0026498,2012,16,727,435,4967.0,20,17.0,32.44172258084128,6317.0,2048.0,264.0,13.329172937966117,1.3105402543575426,29.0,212.0,1
00-0026498,2013,16,634,371,4650.0,29,19.0,56.62307376059545,5241.0,2270.0,221.0,15.14216035644994,1.0878428240198423,23.0,168.0,2
00-0026498,2014,16,602,363,4257.0,22,12.0,30.499920785969284,4822.0,2206.0,209.0,14.787025943279266,0.9434971401198574,45.0,254.0,1
00-0026498,2015,16,592,398,4262.0,32,13.0,25.566938680494655,3820.0,2413.0,223.0,19.505241326789534,1.4983522412905614,44.0,251.0,0
00-0026498,2016,16,594,388,4327.0,24,10.0,73.89057127971115,4421.0,2227.0,217.0,17.622828953708005,1.8259337680609766,37.0,216.0,1
00-0026498,2017,16,565,371,4446.0,29,10.0,38.3132342865771,4543.0,2103.0,209.0,16.23736693367934,1.7139434615049742,47.0,287.0,1
00-0026498,2018,16,555,367,3777.0,21,11.0,10.256432385859132,3836.0,2030.0,198.0,16.6750375017898,1.354659786398122,40.0,255.0,0
00-0026498,2019,8,291,187,2499.0,19,5.0,69.60849164905136,3109.0,890.0,117.0,6.4082713715126784,1.0927714532640564,18.0,137.0,0
00-0026498,2020,16,528,339,4084.0,26,10.0,55.84689829382474,4609.0,1741.0,205.0,16.86393990038365,1.7380348453668277,38.0,254.0,2
00-0026498,2021,17,601,404,4886.0,41,17.0,116.43642310095349,5094.0,2124.0,233.0,17.10571240608431,2.4369472029108756,30.0,243.0,2
00-0026498,2022,9,303,206,2087.0,10,8.0,-24.03734681550175,2027.0,1119.0,105.0,9.687971224528836,0.6961748722739384,29.0,208.0,0
00-0026498,2023,15,521,326,3965.0,24,11.0,55.03210787712951,4033.0,1890.0,187.0,15.714152391074743,1.2871096315545254,30.0,205.0,1
00-0026516,2011,1,1,0,0.0,0,0.0,-2.458291975723114,2.0,0.0,0.0,0.0,0.0,0.0,0.0,0
00-0026544,2010,2,3,2,16.0,0,0.0,-0.46209596539847553,6.0,11.0,0.0,2.6666666666666665,0.0,0.0,0.0,0
00-0026544,2011,3,5,4,29.0,0,0.0,-3.0020990525371825,23.0,23.0,2.0,9.666666666666668,0.0,0.0,0.0,0
00-0026544,2012,1,1,1,10.0,0,0.0,1.4674322715727612,5.0,5.0,1.0,2.0,0.0,0.0,0.0,0
00-0026544,2013,5,38,25,248.0,1,1.0,2.547708223927037,193.0,148.0,14.0,5.9371212121212125,0.22649685009338422,2.0,11.0,0
00-0026544,2014,2,28,16,157.0,1,0.0,-8.611003569217818,200.0,66.0,8.0,0.7696078431372549,0.0013096261743118648,4.0,17.0,0
00-0026544,2015,2,2,2,4.0,0,0.0,0.6385920391185209,0.0,4.0,1.0,0.0,0.0,0.0,0.0,0
00-0026544,2016,1,1,1,16.0,0,0.0,1.5969057810143568,5.0,11.0,1.0,3.2,0.0,0.0,0.0,0
00-0026544,2018,4,76,53,515.0,3,2.0,-4.827031971985903,648.0,168.0,24.0,1.5914886218753623,0.13661624375785664,9.0,40.0,0
00-0026544,2019,3,64,45,435.0,3,2.0,4.713880894518592,430.0,135.0,22.0,2.6494186046511627,0.2560153605421689,7.0,48.0,0
00-0026544,2020,4,43,29,264.0,1,2.0,-14.956961511568641,275.0,119.0,14.0,3.7109671528654733,0.2514169949574867,3.0,29.0,0
00-0026544,2022,3,12,8,52.0,1,0.0,1.3760408995098574,17.0,63.0,4.0,0.5681818181818182,0.09171369292221042,1.0,1.0,1
00-0026625,2009,4,27,19,142.0,0,0.0,-4.6662915459059455,86.0,115.0,8.0,5.289126559714795,0.0879430788201212,2.0,18.0,0
00-0026625,2010,5,15,7,122.0,1,1.0,5.058238048455678,152.0,41.0,7.0,0.9838709677419355,0.2182320945630201,0.0,0.0,0
00-0026625,2011,2,1,1,22.0,0,0.0,-0.5777570100035518,22.0,0.0,1.0,1.0,0.0,0.0,0.0,0
00-0026625,2012,2,53,30,330.0,1,2.0,-11.088999664038981,479.0,92.0,13.0,1.3471082267608323,-0.007010625502935842,4.0,30.0,0
00-0026625,2013,3,96,57,615.0,5,3.0,-1.3417650681219353,774.0,312.0,33.0,2.037539644278325,0.1191815838751355,6.0,48.0,0
00-0026625,2014,14,438,242,3326.0,12,13.0,-2.00794273202818,4535.0,1343.0,163.0,11.030615334701844,0.8359703294686538,24.0,160.0,0
00-0026625,2015,11,369,224,2606.0,19,7.0,15.478775021734968,3494.0,931.0,130.0,8.55288568708957,0.8965953270197176,25.0,185.0,0
00-0026625,2016,6,200,134,1445.0,6,0.0,34.807929013654274,1566.0,704.0,75.0,5.214021671729986,0.5413469207640313,4.0,18.0,0
00-0026625,2017,10,211,123,1287.0,4,4.0,-29.952640037107944,1667.0,569.0,64.0,4.414960910165888,0.1431160682802558,16.0,112.0,0
00-0026625,2018,5,2,1,7.0,0,0.0,-3.0019380084704608,4.0,10.0,0.0,0.0,0.0,0.0,0.0,0
00-0026625,2019,4,65,35,372.0,4,4.0,-26.09413856433026,559.0,157.0,22.0,1.5720193187916283,-0.004989654741987072,5.0,47.0,0
00-0026625,2020,1,24,15,130.0,0,1.0,-9.24764575094061,196.0,56.0,8.0,0.6632653061224489,0.02009847734448047,2.0,18.0,0
00-0026625,2021,5,11,9,227.0,1,0.0,20.87713444084511,97.0,143.0,8.0,9.66838383838384,0.0,0.0,0.0,0
00-0026625,2022,1,6,5,37.0,0,0.0,-2.126523873504231,28.0,22.0,2.0,1.3214285714285714,0.10188964638643827,1.0,8.0,0
00-0026625,2023,2,42,23,231.0,0,2.0,-8.780772753364403,344.0,80.0,14.0,1.425892857142857,0.1840162964022598,1.0,8.0,0
00-0026664,2012,2,2,1,27.0,1,0.0,3.005121369846165,21.0,30.0,1.0,0.0,0.0,0.0,0.0,0
00-0026796,2014,13,1,1,5.0,1,0.0,1.3071546642750036,5.0,0.0,1.0,1.0,0.0,0.0,0.0,0
00-0026898,2009,15,363,196,2444.0,12,20.0,-70.6657333439983,3407.0,997.0,123.0,11.630951760453849,0.8124752019730074,26.0,195.0,2
00-0026898,2010,15,507,278,3291.0,17,13.0,-9.535986741055014,4662.0,1299.0,162.0,10.749986375635604,0.9481770580970929,27.0,171.0,1
00-0026898,2011,16,543,308,3474.0,26,18.0,-57.65046149161719,4384.0,1506.0,171.0,13.298790322910861,1.1144457858858046,39.0,243.0,0
00-0026898,2012,15,453,246,2883.0,13,18.0,-63.86828877350389,4065.0,976.0,146.0,11.106804916199328,0.5760638535575625,34.0,209.0,0
00-0026898,2014,9,309,198,2418.0,14,11.0,38.80004449308877,2582.0,1124.0,117.0,8.44285912910523,0.8672333053910014,23.0,151.0,0
00-0026898,2015,3,91,59,616.0,4,4.0,-12.714233602336197,538.0,317.0,29.0,3.437603411574935,0.028114061972473337,9.0,54.0,0
00-0026898,2016,2,18,10,93.0,0,2.0,-11.862307058726524,24.0,89.0,5.0,6.7142857142857135,-0.03838211398961658,3.0,25.0,0
00-0026898,2018,2,35,19,138.0,0,3.0,-31.6875793812898,220.0,87.0,3.0,1.1892857142857143,-0.0850890199369223,7.0,42.0,0
00-0026901,2014,16,1,0,0.0,0,0.0,-0.4376145548885688,25.0,0.0,0.0,0.0,0.0,0.0,0.0,0
00-0026941,2011,16,1,0,0.0,0,0.0,-0.7151050474494696,-6.0,0.0,0.0,0.0,0.0,0.0,0.0,0
00-0026993,2009,10,291,159,1857.0,10,18.0,-58.36053504719536,2649.0,658.0,89.0,7.337232996717029,0.3907559788206127,19.0,102.0,1
00-0026993,2010,16,474,291,3451.0,25,6.0,75.28410727410261,4350.0,1510.0,166.0,13.954084696959917,2.326399232968145,28.0,195.0,0
00-0026993,2011,15,551,346,3592.0,16,22.0,-37.93021810764364,4004.0,1650.0,168.0,13.771798348679297,0.9054942229906418,29.0,164.0,2
00-0026993,2012,16,558,306,4065.0,27,17.0,25.48503153146985,5579.0,1642.0,185.0,12.322545060084048,1.3124367400550596,26.0,161.0,1
00-0026993,2013,4,147,63,761.0,2,4.0,-37.20489621086833,1579.0,306.0,40.0,2.062445706566274,-0.16181361960290438,8.0,61.0,0
00-0026993,2015,1,28,15,149.0,1,1.0,-5.43483854935449,201.0,67.0,7.0,0.7412935323383084,-0.035960295951397464,1.0,7.0,0
00-0026995,2016,12,1,0,0.0,0,0.0,-0.43459909211378545,3.0,0.0,0.0,0.0,0.0,0.0,0.0,0
00-0027020,2009,10,5,0,0.0,0,0.0,-6.032815472688526,63.0,0.0,0.0,0.0,0.0,1.0,9.0,0
00-0027026,2010,15,1,1,29.0,1,0.0,2.909509580116719,29.0,0.0,1.0,1.0,0.0,0.0,0.0,0
00-0027071,2010,2,44,22,238.0,2,0.0,-8.25775910742328,238.0,119.0,9.0,1.9990112994350282,-0.022079945161835812,3.0,25.0,0
00-0027071,2011,1,38,24,182.0,1,0.0,-4.940971351112239,236.0,87.0,11.0,0.7711864406779662,0.03380379366441621,3.0,25.0,0
00-0027114,2023,1,1,1,18.0,0,0.0,2.6709000263363123,10.0,8.0,1.0,1.8,0.0,0.0,0.0,0
00-0027121,2011,1,2,0,0.0,0,0.0,-2.7655587768531404,31.0,0.0,0.0,0.0,0.0,0.0,0.0,0
00-0027131,2009,4,118,72,558.0,3,9.0,-49.80047839457089,804.0,267.0,30.0,2.739735348826258,0.007985194668953685,13.0,82.0,0
00-0027134,2009,2,28,8,83.0,0,2.0,-27.8893808904686,295.0,24.0,3.0,0.6272654047523157,-0.22771841916086358,3.0,16.0,0
00-0027134,2011,9,243,132,1541.0,6,9.0,-45.33637057195394,2034.0,748.0,71.0,6.55841532728762,0.1945811125317687,16.0,104.0,0
00-0027134,2013,3,16,8,57.0,0,2.0,-13.256553895887919,131.0,27.0,2.0,4.2126218851570965,-0.12509102951528253,1.0,6.0,0
00-0027145,2014,1,1,0,0.0,0,0.0,-2.4950099713751115,16.0,0.0,0.0,0.0,0.0,0.0,0.0,0
00-0027145,2016,2,1,1,35.0,0,0.0,5.0364618439925835,17.0,18.0,1.0,2.0588235294117645,0.0,0.0,0.0,0
00-0027150,2018,12,2,2,43.0,0,0.0,3.175205132982228,-2.0,45.0,1.0,0.0,0.0,0.0,0.0,0
00-0027150,2019,16,2,2,47.0,1,0.0,5.536066588712856,9.0,38.0,2.0,1.0,0.0,0.0,0.0,0
00-0027150,2020,6,2,2,38.0,0,0.0,3.4443048023385927,-2.0,40.0,2.0,0.0,0.0,0.0,0.0,0
00-0027253,2012,1,32,22,204.0,1,1.0,-0.27873211353031824,276.0,61.0,12.0,0.7391304347826086,0.10216328089717358,3.0,14.0,0
00-0027253,2013,5,157,93,1092.0,4,3.0,0.38310818274755043,1397.0,457.0,48.0,4.029308368135698,0.20037412767474147,18.0,100.0,0
00-0027347,2010,6,78,39,370.0,1,6.0,-54.77092929486813,654.0,140.0,19.0,3.0540578437763894,-0.13571189227565347,14.0,100.0,0
00-0027595,2015,11,1,0,0.0,0,0.0,-0.46009079075884074,26.0,0.0,0.0,0.0,0.0,0.0,0.0,0
00-0027602,2012,3,4,2,20.0,0,0.0,-0.6556488269125111,28.0,10.0,1.0,1.695906432748538,0.0,0.0,0.0,0
00-0027618,2011,3,1,1,49.0,1,0.0,4.282296833698638,34.0,15.0,1.0,1.4411764705882353,0.0,0.0,0.0,0
00-0027659,2010,13,299,157,1558.0,3,9.0,-92.99275860874081,1974.0,813.0,73.0,10.384880677842917,-0.14881271906931337,33.0,223.0,0
00-0027659,2014,4,48,26,223.0,2,1.0,-10.473095975175966,368.0,123.0,13.0,1.2823235020050046,-0.06488228982791096,3.0,20.0,0
00-0027659,2015,4,125,72,739.0,2,4.0,-35.7227474250296,1095.0,294.0,32.0,2.655000093238252,0.019249263175573815,7.0,38.0,0
00-0027681,2010,14,1,0,0.0,0,0.0,-2.1532553212018684,-4.0,0.0,0.0,0.0,0.0,0.0,0.0,0
00-0027685,2011,11,1,1,15.0,0,0.0,0.9598225430236198,15.0,0.0,1.0,1.0,0.0,0.0,0.0,0
00-0027685,2018,12,1,1,28.0,1,0.0,2.5614739569136873,28.0,0.0,1.0,1.0,0.0,0.0,0.0,0
00-0027685,2019,17,1,1,35.0,1,0.0,3.320115084410645,22.0,13.0,1.0,1.5909090909090908,0.0,0.0,0.0,0
00-0027688,2010,8,222,135,1576.0,6,9.0,0.3519448365392899,1945.0,723.0,79.0,7.125491828799996,0.85445273339056,23.0,132.0,0
00-0027688,2011,13,463,265,2733.0,14,11.0,-34.884873588207526,3383.0,1213.0,144.0,11.552749339271564,0.3928683279567577,32.0,173.0,0
00-0027688,2012,2,17,9,79.0,1,0.0,-6.628599628398661,137.0,24.0,5.0,0.5766423357664233,-0.04249063539426424,4.0,25.0,0
00-0027688,2013,3,1,1,13.0,0,0.0,1.662437965394929,0.0,13.0,1.0,0.0,0.0,0.0,0.0,0
00-0027688,2014,5,128,91,1057.0,4,3.0,-0.298772753510991,916.0,546.0,44.0,8.264234049418278,0.6075874905202875,17.0,117.0,0
00-0027688,2015,1,11,7,128.0,1,0.0,6.690450982719826,91.0,81.0,4.0,1.4065934065934067,0.23401534314315464,1.0,13.0,0
00-0027688,2018,3,54,34,372.0,3,3.0,-5.9617262664558,479.0,151.0,17.0,3.7271604938271605,0.13899632273941415,6.0,36.0,0
00-0027688,2019,1,27,18,122.0,0,1.0,-22.01641057850793,177.0,34.0,5.0,0.6892655367231638,0.012814964557351422,6.0,44.0,0
00-0027688,2020,4,66,40,375.0,1,1.0,-9.664052741327854,590.0,127.0,19.0,2.264268758477904,0.1106560618713445,5.0,24.0,1
00-0027688,2021,7,99,74,740.0,3,1.0,14.313491760355214,512.0,452.0,39.0,6.5081855758129565,0.4698784475110569,6.0,40.0,0
00-0027688,2022,4,132,90,780.0,1,3.0,-30.083980903608307,801.0,368.0,34.0,3.8908957382959612,0.15659972255971372,13.0,97.0,0
00-0027690,2011,16,1,0,0.0,0,0.0,-0.6106363335857168,29.0,0.0,0.0,0.0,0.0,0.0,0.0,0
00-0027690,2017,16,1,0,0.0,0,0.0,-0.8350026871776208,0.0,0.0,0.0,0.0,0.0,0.0,0.0,0
00-0027692,2010,2,1,1,0.0,0,0.0,-1.4413492348976433,0.0,0.0,0.0,0.0,0.0,0.0,0.0,0
00-0027692,2011,2,1,1,11.0,0,0.0,0.6902054530801252,0.0,11.0,1.0,0.0,0.0,0.0,0.0,0
00-0027692,2012,6,1,0,0.0,0,0.0,-0.5445620033424348,24.0,0.0,0.0,0.0,0.0,0.0,0.0,0
00-0027702,2012,16,1,1,28.0,0,0.0,2.276137005945202,28.0,0.0,1.0,1.0,0.0,0.0,0.0,0
00-0027722,2011,3,16,11,107.0,0,2.0,-4.239855026942678,203.0,39.0,3.0,1.103708791208791,0.13836679424227988,1.0,6.0,0
00-0027754,2010,5,126,60,662.0,3,2.0,-40.09820708578052,1128.0,204.0,30.0,2.9391677795300923,-0.15633698811986255,9.0,65.0,0
00-0027754,2011,8,275,151,1913.0,11,14.0,-49.70495597176042,2632.0,808.0,82.0,6.044242906217773,0.11993405197588325,23.0,162.0,0
00-0027754,2012,7,201,109,1132.0,2,9.0,-67.33181184670829,1531.0,531.0,55.0,5.02157774457107,-0.36796073056865064,15.0,98.0,0
00-0027775,2010,2,40,20,200.0,0,4.0,-19.92165264238909,401.0,84.0,7.0,0.9675205361003026,-0.06973332103065291,1.0,0.0,0
00-0027775,2012,1,5,3,34.0,0,0.0,-0.4115796000114642,45.0,17.0,2.0,0.7555555555555555,-0.01758902653667954,0.0,0.0,0
00-0027793,2012,13,2,0,0.0,0,1.0,-3.3129435712471604,41.0,0.0,0.0,0.0,0.0,0.0,0.0,0
00-0027793,2013,16,1,1,15.0,0,0.0,-0.20008470269860412,11.0,4.0,1.0,1.3636363636363635,0.0,1.0,7.0,0
00-0027793,2014,16,2,2,20.0,1,0.0,1.9882452232413925,9.0,11.0,2.0,3.8333333333333335,0.0,0.0,0.0,0
00-0027793,2018,15,1,0,0.0,0,0.0,-0.45709213684313,12.0,0.0,0.0,0.0,0.0,0.0,0.0,0
00-0027796,2010,4,89,54,477.0,0,3.0,-20.98880722665559,769.0,219.0,27.0,2.1281262502466145,0.03184369931309923,8.0,48.0,0
00-0027796,2011,8,63,34,376.0,3,2.0,0.8293589195236564,605.0,141.0,16.0,2.0519249610537584,0.6255468878949504,3.0,21.0,0
00-0027796,2017,2,7,2,35.0,0,1.0,-5.235481272567995,112.0,3.0,1.0,0.4166666666666667,-0.10624407632106435,0.0,0.0,0
00-0027801,2010,1,12,6,47.0,0,0.0,-5.8641825943486765,75.0,23.0,2.0,0.6266666666666667,0.02905924437903589,1.0,10.0,0
00-0027804,2010,1,3,2,24.0,0,1.0,-1.9870630371151492,55.0,3.0,1.0,0.43636363636363634,0.0,0.0,0.0,0
00-0027854,2010,16,590,354,3512.0,18,15.0,-44.42408020200839,3919.0,1862.0,179.0,14.91192288878579,0.5924047194879714,34.0,244.0,0
00-0027854,2011,10,357,191,2164.0,6,6.0,-79.5534111252532,3269.0,854.0,104.0,7.102091547990727,-0.0495825020843643,36.0,248.0,0
00-0027854,2012,16,551,328,3702.0,21,13.0,0.2816349855832194,4507.0,1518.0,185.0,13.388042982858256,1.0181966405756322,35.0,233.0,4
00-0027854,2013,7,262,159,1687.0,14,4.0,-2.048588471707706,1824.0,903.0,85.0,7.185902909634175,0.752286116513145,15.0,97.0,0
00-0027854,2015,14,532,346,3725.0,19,14.0,4.109355180489409,3707.0,1938.0,164.0,14.790423548300158,0.9076443514736492,28.0,200.0,0
00-0027854,2016,15,552,395,3877.0,20,5.0,36.28674542173499,3508.0,1964.0,197.0,17.48496474705863,1.7456086169150875,37.0,276.0,0
00-0027854,2017,2,43,32,382.0,3,0.0,13.014905507553484,359.0,149.0,17.0,1.7476987447698744,0.3257890862798869,5.0,40.0,0
00-0027854,2018,3,80,50,400.0,2,4.0,-31.076391484966734,512.0,192.0,16.0,2.3303973073709914,-0.0017793507202997424,6.0,33.0,0
00-0027874,2011,10,1,0,0.0,0,0.0,-0.4463074472732842,9.0,0.0,0.0,0.0,0.0,0.0,0.0,0
00-0027876,2010,7,82,41,654.0,5,3.0,10.294883166454069,1007.0,248.0,31.0,3.6071597811907417,0.3148418450199222,6.0,26.0,0
00-0027876,2011,13,271,126,1729.0,12,6.0,-62.11039144926014,3491.0,605.0,76.0,6.187702753331719,0.18012147824327923,33.0,225.0,0
00-0027876,2012,11,8,6,39.0,0,0.0,-2.682737367635127,69.0,25.0,2.0,4.055555555555555,0.0,2.0,7.0,0
00-0027880,2010,15,1,0,0.0,0,0.0,-0.39375825342722237,15.0,0.0,0.0,0.0,0.0,0.0,0.0,0
00-0027891,2012,15,1,1,23.0,1,0.0,3.1938500072574243,23.0,0.0,1.0,1.0,0.0,0.0,0.0,0
00-0027891,2020,12,2,1,18.0,0,0.0,1.865398216061294,-9.0,23.0,1.0,0.0,0.0,0.0,0.0,0
00-0027902,2016,13,1,1,10.0,1,0.0,1.7572321020415984,10.0,0.0,1.0,1.0,0.0,0.0,0.0,0
00-0027912,2012,10,1,0,0.0,0,0.0,-0.6590914065018296,1.0,0.0,0.0,0.0,0.0,0.0,0.0,0
00-0027939,2011,16,517,310,4051.0,21,17.0,48.29621748840418,4907.0,1911.0,173.0,14.916062293413038,1.8451572368448366,35.0,260.0,2
00-0027939,2012,16,485,280,3869.0,19,12.0,54.95805549863879,4511.0,1715.0,168.0,14.434751573937973,1.8817115526481825,36.0,244.0,0
00-0027939,2013,16,473,292,3379.0,24,13.0,33.1253804500164,4238.0,1613.0,169.0,14.336228202950933,2.072012724372788,43.0,336.0,0
00-0027939,2014,14,448,262,3127.0,18,12.0,-10.557302570438983,4421.0,1246.0,155.0,10.328420968055177,0.9290230805704581,38.0,300.0,1
00-0027939,2015,16,495,296,3837.0,35,10.0,85.87007847376454,5114.0,1473.0,195.0,12.516937826833582,1.9026578351417323,33.0,284.0,0
00-0027939,2016,15,510,270,3509.0,19,14.0,-23.490819193906837,5253.0,1310.0,172.0,10.287235470961352,0.43680951723464784,36.0,277.0,1
00-0027939,2017,16,492,291,3302.0,22,16.0,-2.1696097014514795,4150.0,1617.0,166.0,13.499180296025138,1.265741604061141,35.0,242.0,0
00-0027939,2018,14,471,320,3395.0,24,13.0,32.13335891689222,3380.0,1743.0,180.0,14.718870489020434,1.5682262669664877,29.0,213.0,2
00-0027939,2019,2,89,50,572.0,0,1.0,-6.708514380294688,793.0,204.0,29.0,1.604201680672269,-0.019599258073954087,6.0,43.0,0
00-0027939,2020,15,368,242,2657.0,8,10.0,-4.540039214108631,2496.0,1258.0,133.0,15.637683400565004,1.0590464207823218,31.0,195.0,1
00-0027939,2021,7,126,69,684.0,4,5.0,-40.78142059471429,878.0,309.0,32.0,5.369804306157531,-0.16251612252459025,10.0,83.0,1
00-0027943,2013,9,1,1,17.0,0,0.0,1.0978419819730334,17.0,0.0,1.0,1.0,0.0,0.0,0.0,0
00-0027946,2011,5,66,34,542.0,4,0.0,9.17893913083692,586.0,265.0,22.0,4.363465261557639,0.24838350713708301,5.0,37.0,0
00-0027946,2012,11,314,177,2176.0,10,11.0,-23.894235787919317,3031.0,824.0,93.0,7.3415742113722615,0.5926465437329324,25.0,151.0,0
00-0027946,2013,7,183,111,1256.0,8,4.0,7.3820694193893015,1788.0,561.0,56.0,4.980324625161946,0.6234795815266896,16.0,105.0,0
00-0027946,2014,7,146,86,993.0,5,7.0,-32.45284006786507,1403.0,462.0,47.0,6.134362321282491,0.5538511101116621,14.0,85.0,0
00-0027948,2011,15,413,210,2214.0,12,11.0,-101.76424196678244,3216.0,1135.0,109.0,12.05198386567238,-0.0845944490767239,40.0,293.0,0
00-0027948,2012,10,278,162,1662.0,9,6.0,-37.66674826655969,2194.0,691.0,72.0,8.20444465056088,0.31449718638549085,22.0,158.0,2
00-0027948,2013,3,86,42,481.0,1,7.0,-60.37531997267681,581.0,277.0,23.0,2.50741870735541,-0.1254394721168562,12.0,67.0,0
00-0027948,2014,1,7,3,38.0,1,0.0,3.99110510078026,91.0,5.0,2.0,0.4175824175824176,0.1651167667783044,0.0,0.0,0
00-0027948,2015,8,282,178,2031.0,10,7.0,-30.87260658638509,2027.0,1083.0,83.0,8.169918387204653,0.39211672247853313,25.0,164.0,0
00-0027948,2016,6,160,91,925.0,5,6.0,-33.18219087480132,1351.0,358.0,51.0,4.01702059225342,0.00034706398125090854,11.0,48.0,0
00-0027948,2017,5,171,95,1086.0,6,6.0,-54.940678147842306,1572.0,412.0,55.0,3.5378590062188593,-0.011914780010738452,23.0,149.0,1
00-0027948,2018,8,101,61,626.0,4,4.0,-23.27536538691046,710.0,301.0,32.0,5.048599771692471,0.216118184588648,5.0,37.0,0
00-0027948,2020,4,16,9,143.0,2,0.0,-0.5905255725215492,108.0,80.0,5.0,1.3240740740740742,0.10600794323816456,1.0,7.0,0
00-0027948,2021,6,11,7,67.0,0,0.0,0.1918351231798563,90.0,39.0,4.0,5.440476190476191,0.0,1.0,10.0,0
00-0027948,2022,1,8,6,29.0,1,0.0,0.2152441979269497,20.0,37.0,2.0,1.45,0.07338804154963942,0.0,0.0,0
00-0027948,2023,2,35,18,185.0,0,3.0,-16.143287105163772,198.0,118.0,8.0,1.9221556886227544,-0.032885639537880346,1.0,9.0,0
00-0027950,2011,11,291,158,1853.0,13,13.0,-56.44692570977574,2667.0,831.0,91.0,7.611355737760013,0.18556305087794922,30.0,164.0,0
00-0027950,2012,16,483,300,2935.0,18,12.0,-8.96750798814706,3344.0,1610.0,163.0,14.03662486656911,0.929145372999141,32.0,184.0,1
00-0027950,2013,9,239,152,1648.0,7,9.0,-23.037471617175378,2041.0,705.0,83.0,7.672964857418612,0.718090989888008,27.0,119.0,0
00-0027950,2014,2,44,22,222.0,0,2.0,-19.11413137042081,370.0,99.0,13.0,0.6,-0.024124660947974892,6.0,34.0,0
00-0027973,2011,16,516,300,3398.0,20,13.0,2.6546236803845287,4298.0,1317.0,156.0,13.146623498165201,0.9959097766095222,24.0,160.0,0
00-0027973,2012,16,528,329,3669.0,27,16.0,-0.9018503584871533,4528.0,1660.0,171.0,13.172487835365834,1.6421317795074077,46.0,229.0,0
00-0027973,2013,16,586,363,4293.0,33,20.0,67.86008473726129,5001.0,2077.0,204.0,14.74892893166242,2.03137774643199,29.0,182.0,0
00-0027973,2014,16,481,309,3398.0,19,17.0,3.2633495169093507,3751.0,1737.0,158.0,15.061941746364985,1.7749635958596555,21.0,124.0,1
00-0027973,2015,13,386,255,3250.0,25,7.0,116.20513929192991,3460.0,1486.0,147.0,12.951714761652552,2.416475737989319,20.0,118.0,0
00-0027973,2016,16,563,364,4206.0,18,8.0,63.68831079074759,4416.0,1820.0,204.0,15.88304212605391,2.0033303875642843,41.0,264.0,0
00-0027973,2017,16,496,297,3320.0,25,12.0,-30.998743666825927,4064.0,1704.0,162.0,14.089863783272419,1.2510892986541335,39.0,255.0,0
00-0027973,2018,11,365,226,2566.0,21,11.0,27.37702385996771,2947.0,1142.0,132.0,10.205754767584779,0.9252197597222712,21.0,157.0,0
00-0027973,2019,13,528,314,3494.0,16,14.0,-16.00874001621874,4278.0,1547.0,170.0,10.7870686110771,0.6645412118766015,37.0,249.0,1
00-0027973,2020,11,333,216,2170.0,14,8.0,-11.200869862839083,2289.0,1043.0,116.0,9.863079766114591,0.806234315588982,24.0,184.0,0
00-0027973,2021,8,236,149,1515.0,8,9.0,-31.21305377452016,1643.0,752.0,83.0,8.755591810798045,0.4744862034357162,18.0,143.0,2
00-0027973,2022,14,378,252,2871.0,18,9.0,17.990597040069932,2981.0,1318.0,135.0,14.018657302853672,1.185450478577533,25.0,189.0,1
00-0027973,2023,2,58,34,361.0,2,0.0,4.548329591227218,477.0,128.0,17.0,0.7568134171907757,0.06331220456200536,3.0,27.0,0
00-0027974,2011,2,5,3,35.0,0,0.0,2.1088855830894317,44.0,9.0,2.0,1.3461538461538463,0.0,0.0,0.0,0
00-0027974,2012,13,218,136,1814.0,10,3.0,52.86631071060112,2140.0,705.0,85.0,9.687389642119198,1.2391725515431886,16.0,112.0,0
00-0027974,2013,16,416,243,3197.0,21,8.0,56.77815207297809,3950.0,1326.0,147.0,13.178374168949235,1.8722728478319017,39.0,231.0,0
00-0027974,2014,16,478,289,3369.0,19,10.0,3.2674559081757355,4621.0,1388.0,163.0,12.55108659935952,1.0772422759087892,52.0,344.0,0
00-0027974,2015,9,244,144,1615.0,6,5.0,-27.380289275372366,1875.0,840.0,71.0,6.801360159136466,0.41295094766133433,28.0,166.0,1
00-0027974,2016,11,331,196,2241.0,16,4.0,-8.835200188322167,2662.0,1112.0,101.0,9.272026949816238,0.3154699142566527,36.0,207.0,0
00-0027994,2017,15,1,0,0.0,0,1.0,-4.046502808923833,17.0,0.0,0.0,0.0,0.0,0.0,0.0,0
00-0028002,2011,14,1,0,0.0,0,0.0,-0.4412487749941647,22.0,0.0,0.0,0.0,0.0,0.0,0.0,0
00-0028002,2017,14,1,1,10.0,0,0.0,0.6066524784546345,-5.0,15.0,1.0,0.0,0.0,0.0,0.0,0
00-0028002,2019,15,1,0,0.0,0,0.0,-0.398940063547343,0.0,0.0,0.0,0.0,0.0,0.0,0.0,0
00-0028002,2020,10,1,0,0.0,0,0.0,-0.5173710964154452,7.0,0.0,0.0,0.0,0.0,0.0,0.0,0
00-0028009,2016,16,2,1,10.0,1,0.0,1.8449034959776327,28.0,0.0,1.0,1.0,0.0,0.0,0.0,0
00-0028012,2012,3,4,1,17.0,0,1.0,-2.613821846083738,23.0,19.0,1.0,1.7,0.0,0.0,0.0,0
00-0028012,2014,3,75,41,400.0,2,2.0,-4.692872022439422,621.0,161.0,23.0,1.2950088385151295,0.09959069187512803,1.0,5.0,0
00-0028012,2015,7,244,136,1336.0,5,6.0,-17.338725583747983,2071.0,470.0,76.0,4.587824359648596,0.29689248834755333,6.0,32.0,1
00-0028012,2016,4,6,3,26.0,0,1.0,-4.215306690137368,60.0,19.0,1.0,2.830952380952381,0.0,0.0,0.0,0
00-0028012,2017,2,16,9,56.0,2,0.0,-0.6837479340611026,131.0,30.0,5.0,0.8705002337540908,0.010284526775735062,0.0,0.0,0
00-0028052,2014,13,2,2,32.0,1,0.0,3.3220988616812974,25.0,7.0,2.0,2.5634920634920633,0.0,0.0,0.0,0
00-0028052,2015,11,1,1,21.0,1,0.0,2.2659222728107125,17.0,4.0,1.0,1.2352941176470589,0.0,0.0,0.0,0
00-0028064,2013,16,1,1,30.0,0,0.0,2.2830867192242295,20.0,10.0,1.0,1.5,0.0,0.0,0.0,0
00-0028064,2019,12,1,0,0.0,0,0.0,-0.5224094889126718,13.0,0.0,0.0,0.0,0.0,0.0,0.0,0
00-0028090,2011,6,134,82,949.0,3,3.0,-4.505375525487727,1116.0,469.0,48.0,8.704546413954079,0.2483245932916955,15.0,74.0,0
00-0028090,2012,3,10,4,38.0,0,1.0,-5.198413046251517,64.0,29.0,3.0,5.676470588235294,-0.10780243733585064,1.0,0.0,0
00-0028090,2013,2,22,15,113.0,0,2.0,-11.500739075185265,113.0,45.0,7.0,1.7033598585322722,0.10749099799318775,2.0,7.0,0
00-0028090,2014,1,4,3,64.0,0,1.0,0.2152721339953132,43.0,26.0,3.0,1.4883720930232558,0.0,0.0,0.0,0
00-0028090,2015,4,57,28,370.0,3,1.0,-4.812586770658422,643.0,117.0,19.0,1.9517468348058093,0.07658137134863731,5.0,33.0,0
00-0028090,2017,4,97,47,523.0,4,3.0,-27.95495881836323,991.0,176.0,27.0,2.346179219749029,0.05272598626833233,13.0,75.0,0
00-0028091,2011,12,1,1,41.0,0,0.0,2.93751163338311,16.0,25.0,1.0,2.5625,0.0,0.0,0.0,0
00-0028091,2012,16,1,1,42.0,0,0.0,2.322969053639099,42.0,0.0,1.0,1.0,0.0,0.0,0.0,0
00-0028091,2013,12,1,0,0.0,0,0.0,-1.8386744274757802,8.0,0.0,0.0,0.0,0.0,0.0,0.0,0
00-0028091,2014,16,1,0,0.0,0,0.0,-1.3206103803440654,0.0,0.0,0.0,0.0,0.0,0.0,0.0,0
00-0028118,2011,2,1,1,18.0,0,0.0,-0.4012482221587561,13.0,5.0,1.0,1.3846153846153846,0.0,2.0,3.0,0
00-0028118,2012,5,29,17,179.0,0,1.0,-6.629881182411649,157.0,80.0,8.0,2.7086247086247086,0.05323794278701605,3.0,30.0,0
00-0028118,2013,3,5,1,2.0,0,1.0,-10.241777423536405,27.0,1.0,0.0,0.1,0.0,0.0,0.0,0
00-0028118,2015,14,380,242,3035.0,20,6.0,56.59511852018485,3997.0,1125.0,129.0,11.34133320162727,1.8269741671331374,36.0,212.0,0
00-0028118,2016,15,436,269,3023.0,17,6.0,33.04290422923219,4095.0,1138.0,147.0,11.870610774023787,1.5083410882096506,42.0,192.0,1
00-0028118,2017,15,420,263,2799.0,14,4.0,4.030209646912175,3599.0,1231.0,134.0,12.081043059876789,1.4019756323398807,46.0,256.0,0
00-0028118,2018,4,85,42,473.0,2,2.0,-28.325977112094122,846.0,198.0,17.0,1.6065706200302412,-0.05153843530105795,13.0,81.0,0
00-0028118,2019,4,6,4,33.0,1,0.0,3.6523738623363897,32.0,19.0,3.0,2.04,0.16688762573121088,0.0,0.0,0
00-0028118,2020,1,30,16,208.0,0,0.0,-0.19123305879765118,335.0,80.0,10.0,0.6208955223880597,0.010346467644596114,2.0,1.0,0
00-0028118,2021,6,150,91,966.0,5,5.0,-14.875614879206069,1107.0,491.0,44.0,6.39998851480026,0.6120331854352492,13.0,119.0,0
00-0028118,2022,2,8,6,58.0,1,1.0,-4.385336910490878,99.0,26.0,3.0,1.8935185185185186,0.2416565112471205,3.0,18.0,1
00-0028118,2023,10,180,116,1341.0,5,3.0,2.116015696653961,1541.0,578.0,52.0,6.960946885779897,0.7737828506503619,17.0,94.0,0
00-0028146,2012,2,31,19,214.0,1,1.0,-15.849500754367526,222.0,123.0,13.0,1.6388710122276364,0.16985030423844666,11.0,71.0,0
00-0028237,2015,13,1,1,4.0,0,0.0,-0.060125589137896895,3.0,1.0,0.0,1.3333333333333333,0.0,0.0,0.0,0
00-0028347,2013,1,1,1,11.0,1,0.0,4.245240559626836,10.0,1.0,1.0,1.1,0.0,0.0,0.0,0
00-0028427,2011,1,1,0,0.0,0,0.0,-1.9100089890416712,5.0,0.0,0.0,0.0,0.0,0.0,0.0,0
00-0028434,2016,16,1,1,15.0,1,0.0,2.0046004552859813,12.0,3.0,1.0,1.25,0.0,0.0,0.0,0
00-0028595,2013,3,90,55,717.0,1,5.0,-12.41012280055931,653.0,338.0,29.0,3.1569562460724434,0.10708688307587473,3.0,26.0,0
00-0028595,2015,2,1,1,4.0,0,0.0,-1.9299032299313694,4.0,0.0,0.0,1.0,0.0,1.0,8.0,0
00-0028595,2016,2,37,23,216.0,1,2.0,-8.334698651770502,360.0,81.0,13.0,4.240896358543417,0.038200452494405686,3.0,21.0,0
00-0028595,2017,1,18,9,128.0,0,2.0,-22.61561008038051,165.0,72.0,5.0,0.7757575757575758,-0.005481858685428262,4.0,29.0,0
00-0028664,2020,2,1,0,0.0,0,0.0,-3.3216047949390486,9.0,0.0,0.0,0.0,0.0,0.0,0.0,0
00-0028825,2012,3,30,14,155.0,2,1.0,1.3403564269247,338.0,25.0,9.0,1.462962962962963,0.03355169576971867,0.0,0.0,0
00-0028825,2013,11,272,156,1798.0,7,11.0,-38.652472849445736,2107.0,926.0,85.0,8.700696110421825,0.24043558072127275,31.0,203.0,0
00-0028825,2016,16,9,5,41.0,0,0.0,-3.468580155284144,68.0,30.0,1.0,2.422619047619048,0.005605932533165065,1.0,1.0,0
00-0028863,2013,1,7,5,34.0,0,0.0,0.16529693850316107,43.0,15.0,2.0,0.7906976744186046,0.1601873947722143,0.0,0.0,1
00-0028872,2012,3,3,3,42.0,1,0.0,8.200499248167034,21.0,21.0,3.0,3.1052631578947367,0.0,0.0,0.0,0
00-0028872,2013,1,1,0,0.0,0,0.0,-1.8240076925139874,18.0,0.0,0.0,0.0,0.0,0.0,0.0,0
00-0028872,2014,3,2,2,37.0,0,0.0,5.746033141738735,8.0,29.0,2.0,12.166666666666666,0.0,0.0,0.0,1
00-0028872,2015,4,4,1,20.0,0,0.0,-5.253574986825697,64.0,0.0,1.0,1.0,0.0,0.0,0.0,0
00-0028872,2016,2,2,1,4.0,0,0.0,-0.3363394981715828,8.0,1.0,1.0,1.3333333333333333,0.0,0.0,0.0,0
00-0028872,2017,3,3,2,34.0,0,0.0,-1.2539928567712195,38.0,27.0,1.0,10.666666666666668,0.0,0.0,0.0,0
00-0028872,2018,5,4,2,19.0,0,0.0,0.05310727295000106,51.0,11.0,2.0,5.5,0.0,0.0,0.0,0
00-0028872,2019,3,3,2,28.0,0,1.0,3.2449600292020477,12.0,20.0,2.0,8.666666666666668,0.0,0.0,0.0,0
00-0028872,2021,2,1,1,2.0,0,0.0,-2.582091593008954,-4.0,6.0,0.0,0.0,0.0,0.0,0.0,0
00-0028872,2023,2,1,1,7.0,0,0.0,-1.9410884017124772,-4.0,11.0,0.0,0.0,0.0,0.0,0.0,0
00-0028954,2014,2,1,1,25.0,0,0.0,3.798126615351066,13.0,12.0,1.0,1.9230769230769231,0.0,0.0,0.0,0
00-0028954,2017,1,1,1,44.0,0,0.0,4.970928155875299,23.0,21.0,1.0,1.9130434782608696,0.0,0.0,0.0,0
00-0028957,2014,9,284,180,2001.0,12,9.0,-33.21686422676752,2417.0,891.0,106.0,8.233082441446651,0.758948432828771,29.0,179.0,0
00-0028957,2015,3,94,56,547.0,1,3.0,-36.83697281135839,776.0,213.0,25.0,2.112776626122292,0.2208766143248475,11.0,96.0,0
00-0028986,2013,8,253,137,1760.0,9,6.0,-31.31437301540487,2247.0,697.0,76.0,6.257804285944193,0.30614114566230205,19.0,201.0,0
00-0028986,2014,2,77,45,435.0,2,2.0,-17.69512689149082,494.0,263.0,21.0,1.8876262626262625,0.0004583652752674361,3.0,15.0,0
00-0028986,2015,5,125,76,828.0,4,1.0,10.389424872394883,1009.0,400.0,41.0,4.796261678639136,0.39132370353831375,4.0,28.0,0
00-0028986,2016,10,322,196,2201.0,9,11.0,-35.95203738696044,2468.0,1037.0,102.0,9.090007533793957,0.5361884942711024,23.0,140.0,0
00-0028986,2017,15,481,325,3547.0,22,7.0,57.22962707811837,3641.0,1830.0,179.0,16.517423551401528,2.146655985207028,22.0,136.0,1
00-0028986,2018,16,586,365,3890.0,18,15.0,-16.750758365198063,4369.0,1795.0,179.0,14.75515451799544,0.7485003769412044,34.0,235.0,0
00-0028986,2019,10,247,160,1707.0,11,5.0,-3.2112300295661758,1700.0,800.0,83.0,9.133169691238152,0.7941545190690296,15.0,145.0,0
00-0028986,2020,1,10,5,46.0,0,0.0,-4.156520829652436,27.0,28.0,2.0,1.7037037037037037,-0.0697043892053338,0.0,0.0,0
00-0028986,2021,5,72,47,462.0,3,1.0,-8.276253173967334,420.0,306.0,25.0,4.198973849718636,0.24243895962832943,5.0,29.0,0
00-0028986,2022,2,7,2,8.0,0,0.0,-5.786273917416111,57.0,5.0,0.0,0.25,-0.11744811192781658,0.0,0.0,0
00-0028986,2023,2,53,34,291.0,1,3.0,-20.65132938160174,377.0,146.0,14.0,1.44357153106615,0.040419039095312914,6.0,60.0,0
00-0029000,2016,16,1,0,0.0,0,0.0,-1.1910355943255126,40.0,0.0,0.0,0.0,0.0,0.0,0.0,0
00-0029000,2018,16,1,0,0.0,0,0.0,-0.48140335240168497,11.0,0.0,0.0,0.0,0.0,0.0,0.0,0
00-0029000,2020,15,1,1,20.0,1,0.0,2.913771021645516,20.0,0.0,1.0,1.0,0.0,0.0,0.0,0
00-0029000,2021,16,1,0,0.0,0,0.0,-0.47759081999538466,19.0,0.0,0.0,0.0,0.0,0.0,0.0,0
00-0029143,2013,1,1,0,0.0,0,0.0,-2.3146263295784593,11.0,0.0,0.0,0.0,0.0,0.0,0.0,0
00-0029151,2013,3,31,16,156.0,1,1.0,-10.898975176503882,276.0,66.0,8.0,1.6692634807766042,0.16677913980145637,4.0,23.0,0
00-0029151,2014,1,8,3,39.0,0,0.0,-2.7920401620212942,54.0,23.0,2.0,0.7222222222222222,-0.11951433067467221,0.0,0.0,0
00-0029159,2014,15,1,1,17.0,0,0.0,1.0823003244004212,15.0,2.0,1.0,1.1333333333333333,0.0,0.0,0.0,0
00-0029205,2015,6,1,0,0.0,0,0.0,-0.38078289618715644,15.0,0.0,0.0,0.0,0.0,0.0,0.0,0
00-0029234,2015,3,104,61,779.0,4,6.0,-0.48858216612159566,893.0,354.0,40.0,2.493250824792784,0.036252007308320414,5.0,23.0,0
00-0029263,2012,16,393,252,3118.0,26,10.0,82.44575281519165,3903.0,1230.0,149.0,13.564936237110258,2.6791453422640057,33.0,203.0,0
00-0029263,2013,16,407,257,3357.0,26,9.0,73.30102054195349,3878.0,1442.0,153.0,15.119802634511057,2.3454898971298475,44.0,272.0,0
00-0029263,2014,16,452,285,3475.0,20,7.0,42.165206570775766,3700.0,1879.0,159.0,16.30122772569213,2.1697887073056457,42.0,242.0,0
00-0029263,2015,16,483,329,4024.0,34,8.0,130.4903456489878,4122.0,1826.0,187.0,16.572312536963896,2.9992043315722303,45.0,265.0,0
00-0029263,2016,16,546,353,4219.0,21,11.0,49.927808773787476,4714.0,1747.0,193.0,15.024314855591333,2.203989149110088,41.0,293.0,1
00-0029263,2017,16,553,339,3983.0,34,11.0,27.841122888504387,5411.0,1599.0,183.0,12.161896601071357,1.8973999560524233,43.0,322.0,2
00-0029263,2018,16,427,280,3448.0,35,7.0,63.47602963982203,3833.0,1385.0,156.0,14.787566784626307,2.955048833572139,51.0,355.0,1
00-0029263,2019,16,516,341,4110.0,31,5.0,87.7924086832474,4830.0,1723.0,190.0,14.441860809011434,2.546694431801803,48.0,319.0,1
00-0029263,2020,16,558,384,4212.0,40,13.0,78.27155225282836,4809.0,1827.0,213.0,14.615686342499487,2.629492442354223,47.0,301.0,1
00-0029263,2021,14,400,259,3113.0,25,6.0,16.506031373268872,3955.0,1383.0,135.0,11.846254433540036,1.6655767463966682,33.0,266.0,1
00-0029263,2022,15,483,292,3524.0,16,11.0,-55.99700972790031,4264.0,1720.0,142.0,13.181928406144483,0.9342129219847752,55.0,368.0,0
00-0029263,2023,15,447,297,3070.0,26,8.0,-16.336197524169002,3189.0,1735.0,135.0,15.711004444947886,1.5927855881814104,45.0,258.0,2
00-0029269,2016,14,1,0,0.0,0,0.0,-0.5070287110283971,22.0,0.0,0.0,0.0,0.0,0.0,0.0,0
00-0029304,2017,1,1,1,29.0,0,0.0,4.493392292526551,8.0,21.0,1.0,3.625,0.0,0.0,0.0,0
00-0029384,2013,12,1,0,0.0,0,0.0,-0.35246748966164887,13.0,0.0,0.0,0.0,0.0,0.0,0.0,0
00-0029384,2014,12,1,0,0.0,0,0.0,-0.4260430687572807,14.0,0.0,0.0,0.0,0.0,0.0,0.0,0
00-0029493,2014,1,1,1,38.0,0,0.0,4.489343025314156,11.0,27.0,1.0,3.4545454545454546,0.0,0.0,0.0,0
00-0029493,2017,1,1,0,0.0,0,0.0,-2.6640026818495244,-1.0,0.0,0.0,0.0,0.0,0.0,0.0,0
00-0029510,2015,13,1,0,0.0,0,0.0,-0.9588559087133035,3.0,0.0,0.0,0.0,0.0,0.0,0.0,0
00-0029531,2012,6,171,89,752.0,0,7.0,-87.94198339035462,1406.0,262.0,38.0,3.444949993913286,-0.20709413205053967,12.0,91.0,0
00-0029531,2014,3,93,45,562.0,2,4.0,-16.39346808737829,1161.0,154.0,30.0,1.2650415201373957,-0.06238708057071042,6.0,46.0,0
00-0029531,2015,1,10,6,58.0,1,0.0,3.3890308131230995,83.0,11.0,4.0,0.6987951807228916,0.13766884297779958,0.0,0.0,0
00-0029567,2012,7,265,161,1699.0,6,5.0,-15.822112821580916,2164.0,818.0,76.0,5.649142254844693,0.48558967004475656,20.0,131.0,0
00-0029567,2013,13,317,203,2891.0,27,2.0,104.93084527910025,2962.0,1385.0,129.0,14.05776408644442,2.185139424920385,28.0,173.0,2
00-0029567,2014,8,311,186,2163.0,13,10.0,10.81058114134184,2999.0,980.0,101.0,6.311044985534956,0.6336313701868775,9.0,74.0,0
00-0029567,2015,11,337,190,2052.0,7,10.0,-89.16748965587412,2707.0,1154.0,82.0,9.003422007772295,0.12300996498093779,14.0,98.0,1
00-0029567,2016,2,55,36,410.0,3,0.0,-6.430125908284399,431.0,210.0,15.0,1.9311249945767712,0.26772671686120947,4.0,34.0,0
00-0029567,2017,7,101,57,537.0,5,2.0,-16.765180207660602,825.0,241.0,29.0,5.430368855695633,0.09889496583201285,5.0,44.0,0
00-0029567,2018,5,195,141,1413.0,7,4.0,17.170552850342474,1320.0,717.0,60.0,5.968268846074195,0.7082049430842712,9.0,47.0,0
00-0029567,2019,4,117,77,736.0,3,2.0,-13.581143393876676,990.0,354.0,31.0,3.226031266783531,0.3681254799869993,8.0,60.0,1
00-0029567,2020,9,312,202,1852.0,10,8.0,-33.65516300228922,2502.0,701.0,93.0,5.955409343659161,0.5582134733051517,18.0,145.0,0
00-0029567,2021,1,35,24,250.0,1,0.0,4.486182382183367,198.0,165.0,14.0,1.2626262626262625,0.14847836551298665,4.0,21.0,1
00-0029567,2022,2,42,25,225.0,0,4.0,-34.17122693501303,343.0,91.0,9.0,1.4025925925925926,-0.012195299957501578,8.0,48.0,0
00-0029597,2016,1,1,0,0.0,0,0.0,-2.8866333242040128,15.0,0.0,0.0,0.0,0.0,0.0,0.0,0
00-0029604,2012,3,48,33,466.0,4,3.0,12.056594693454942,445.0,193.0,20.0,3.1391296809986127,0.22720416314325742,3.0,27.0,0
00-0029604,2013,5,155,81,854.0,4,7.0,-31.646294512820972,1243.0,319.0,41.0,3.4131185671047874,-0.013291599983536767,5.0,32.0,0
00-0029604,2014,6,204,126,1710.0,10,9.0,14.255489417378458,1781.0,901.0,75.0,6.0690568568281025,0.4909115050970768,8.0,70.0,0
00-0029604,2015,16,543,379,4166.0,29,11.0,97.09486031646735,4352.0,1875.0,204.0,17.332757483886148,2.71235002226556,26.0,186.0,2
00-0029604,2016,16,606,406,4917.0,25,12.0,115.14284935793641,5268.0,1969.0,225.0,15.511331039032001,2.550619402346046,23.0,190.0,0
00-0029604,2017,16,540,347,4093.0,27,13.0,16.449299637370878,4153.0,2140.0,191.0,17.205165956917767,1.67103180495022,41.0,342.0,0
00-0029604,2018,16,606,425,4298.0,30,10.0,-12.061679241282334,4396.0,1947.0,218.0,16.573498786879597,1.5165524597091962,40.0,262.0,3
00-0029604,2019,15,444,307,3603.0,26,6.0,87.03896045200226,3391.0,1789.0,165.0,18.608383114641118,2.745323052480136,28.0,206.0,1
00-0029604,2020,16,516,349,4265.0,35,13.0,91.6894228925342,4103.0,1936.0,212.0,21.899808499296064,2.557740877313698,39.0,256.0,5
00-0029604,2021,16,561,372,4221.0,33,7.0,71.63356777481539,4573.0,1813.0,192.0,15.249050312055731,1.8000000110233607,28.0,197.0,0
00-0029604,2022,17,643,424,4547.0,29,14.0,18.464406551715793,4821.0,1967.0,230.0,16.98790585975999,1.8198971116843659,46.0,329.0,3
00-0029604,2023,8,311,216,2331.0,18,5.0,37.10304547110406,2252.0,996.0,112.0,8.48299432724033,1.0611103338147516,17.0,110.0,0
00-0029608,2012,15,1,0,0.0,0,0.0,-0.8833354458329268,6.0,0.0,0.0,0.0,0.0,0.0,0.0,0
00-0029623,2015,1,14,10,99.0,1,0.0,-0.5631548078923381,123.0,24.0,7.0,0.8048780487804879,0.0744311825583884,3.0,34.0,0
00-0029623,2019,1,1,1,1.0,0,0.0,-0.04524400760419667,1.0,0.0,0.0,1.0,0.0,0.0,0.0,0
00-0029632,2012,6,1,1,73.0,1,0.0,6.470740758813918,43.0,30.0,1.0,1.697674418604651,0.0,0.0,0.0,0
00-0029632,2013,16,1,1,25.0,0,0.0,1.8262901397538371,22.0,3.0,1.0,1.1363636363636365,0.0,0.0,0.0,0
00-0029632,2014,16,3,3,79.0,1,0.0,4.419740966288373,61.0,18.0,3.0,2.0,0.0,1.0,6.0,0
00-0029632,2017,15,1,1,51.0,1,0.0,4.45806786720641,51.0,0.0,1.0,1.0,0.0,0.0,0.0,0
00-0029632,2018,16,2,1,5.0,1,0.0,0.9377035488723777,37.0,4.0,1.0,5.0,0.0,0.0,0.0,0
00-0029664,2014,5,1,0,0.0,0,0.0,-0.7762390393763781,0.0,0.0,0.0,0.0,0.0,0.0,0.0,0
00-0029664,2019,11,1,0,0.0,0,1.0,-2.873463816009462,33.0,0.0,0.0,0.0,0.0,0.0,0.0,0
00-0029665,2012,15,393,258,3200.0,20,5.0,85.0470963146171,3328.0,1450.0,151.0,14.795401325335396,2.467635108106056,30.0,217.0,0
00-0029665,2013,13,456,274,3203.0,16,12.0,7.590368202140009,3949.0,1524.0,157.0,11.077186225405883,0.9007139506967986,38.0,274.0,1
00-0029665,2014,9,214,147,1694.0,4,6.0,-30.846570335832105,1474.0,1096.0,67.0,10.417101932309983,0.5035341952871563,33.0,227.0,0
00-0029665,2016,5,147,87,886.0,2,3.0,-22.773194649556345,1275.0,448.0,43.0,3.5898889846011253,0.18200195683685938,22.0,138.0,0
00-0029665,2018,2,6,2,21.0,0,0.0,0.059968120603833164,72.0,26.0,1.0,0.525,0.0,0.0,0.0,0
00-0029665,2019,6,38,23,225.0,1,2.0,-0.3086284926050764,282.0,84.0,10.0,8.284237107921317,0.5035625124121922,5.0,19.0,0
00-0029665,2020,4,14,8,42.0,0,2.0,-20.329613793466706,123.0,34.0,1.0,2.2074074074074073,-0.015916013909905075,3.0,20.0,0
00-0029668,2012,16,627,339,4374.0,23,18.0,14.106011954468578,6377.0,1656.0,208.0,11.52436572489366,1.1420308526628404,41.0,246.0,0
00-0029668,2013,16,570,343,3822.0,23,9.0,17.88938710807227,4662.0,1896.0,185.0,13.842623941487975,1.556199225323533,32.0,227.0,4
00-0029668,2014,16,616,380,4761.0,40,16.0,86.45873915177273,5476.0,2209.0,234.0,14.652502132005463,2.045694425729574,27.0,161.0,0
00-0029668,2015,7,293,162,1881.0,15,12.0,-8.346066842586035,2824.0,698.0,90.0,4.9559649796850165,0.2607197501437616,15.0,88.0,1
00-0029668,2016,15,545,346,4240.0,31,13.0,59.822693227136696,4471.0,1701.0,206.0,14.547950837377133,1.9077226842481103,41.0,268.0,2
00-0029668,2018,16,639,430,4593.0,39,15.0,111.17987004126817,4770.0,1968.0,236.0,16.245119955396497,2.1688537776854284,18.0,134.0,2
00-0029677,2012,15,517,297,3385.0,14,17.0,-30.393054029760496,3845.0,1775.0,168.0,14.478183979664525,0.6811129193285638,28.0,186.0,0
00-0029677,2013,8,267,141,1731.0,9,9.0,-42.42349210335089,2480.0,636.0,80.0,4.858429373328264,0.11828383140068754,27.0,180.0,1
00-0029677,2014,4,41,24,303.0,3,2.0,2.738845181789648,351.0,161.0,16.0,4.93991341991342,0.1789975968848862,1.0,9.0,0
00-0029677,2015,6,140,97,1043.0,5,2.0,12.163190936209288,1016.0,484.0,53.0,8.520033041721135,1.161840300881891,10.0,77.0,0
00-0029682,2012,5,4,2,12.0,0,0.0,-0.2667718182002998,23.0,3.0,2.0,0.5217391304347826,0.0,0.0,0.0,0
00-0029682,2013,2,16,11,95.0,0,0.0,-4.735132384257965,94.0,68.0,4.0,2.405582922824302,0.04758672663667933,2.0,8.0,0
00-0029682,2014,4,10,4,52.0,1,0.0,0.774277127435198,50.0,30.0,2.0,8.195652173913043,-0.11909864868880023,0.0,0.0,0
00-0029682,2015,8,275,170,1967.0,10,6.0,5.108074138501752,2422.0,885.0,91.0,6.930279266757325,0.5105428736513598,23.0,151.0,0
00-0029682,2016,15,510,301,2957.0,15,16.0,-46.4236264898238,4381.0,1205.0,153.0,10.434592693634567,0.6576621438152465,27.0,206.0,0
00-0029682,2017,6,172,96,1088.0,5,5.0,-22.64894395815006,1326.0,507.0,53.0,6.176627484243927,0.34643302172873425,10.0,64.0,2
00-0029682,2018,7,178,113,1247.0,6,4.0,-9.53488458168916,1424.0,669.0,58.0,5.265712904858672,0.8162495071888178,17.0,130.0,1
00-0029688,2016,2,1,1,2.0,1,0.0,2.2973533822223544,2.0,0.0,1.0,1.0,0.0,0.0,0.0,0
00-0029692,2014,1,1,1,19.0,0,0.0,3.749778052791953,-5.0,24.0,1.0,0.0,0.0,0.0,0.0,0
00-0029692,2018,1,1,0,0.0,0,0.0,-2.9034433721681125,10.0,0.0,0.0,0.0,0.0,0.0,0.0,0
00-0029701,2012,16,484,282,3294.0,12,13.0,-21.725983825101878,4111.0,1243.0,151.0,13.771260084039671,0.9376049703872885,35.0,234.0,2
00-0029701,2013,16,588,355,3913.0,24,17.0,0.1272344321105372,5573.0,1522.0,204.0,11.858033466838586,1.0979252943532796,58.0,399.0,0
00-0029701,2014,16,590,392,4045.0,27,12.0,28.421043876443395,4498.0,1866.0,224.0,15.32868055687602,1.7556428923199994,46.0,337.0,0
00-0029701,2015,16,586,363,4208.0,24,12.0,-2.826350727141703,5146.0,1861.0,193.0,17.908092565644456,1.3631525417351003,45.0,420.0,1
00-0029701,2016,13,389,261,2995.0,19,12.0,10.956842309675357,3056.0,1440.0,132.0,13.677576910163985,1.382528744299286,29.0,216.0,1
00-0029701,2018,11,274,176,1979.0,17,9.0,-53.82381453888741,2229.0,1071.0,92.0,10.548276941263827,0.7736759965048324,35.0,279.0,0
00-0029701,2019,12,286,201,2742.0,22,6.0,63.98302852824133,2739.0,1224.0,126.0,11.712988577350217,2.191949674146705,31.0,212.0,0
00-0029701,2020,16,481,315,3819.0,34,7.0,126.13042575347839,4024.0,1529.0,202.0,15.641026010670263,2.7587099896784797,24.0,173.0,1
00-0029701,2021,17,531,357,3734.0,22,14.0,24.610613446694344,3954.0,1778.0,192.0,17.13946540973682,2.2877356203065107,47.0,327.0,1
00-0029701,2022,12,325,212,2536.0,14,6.0,19.717154413364575,2532.0,1179.0,116.0,12.503220433837251,1.1159025550601402,33.0,238.0,1
00-0029701,2023,9,230,149,1616.0,4,7.0,-22.866367662793895,1816.0,795.0,74.0,9.232990047569839,0.787401731257854,32.0,230.0,0
00-0029747,2021,1,1,1,23.0,0,0.0,3.7315283046336845,19.0,4.0,1.0,1.2105263157894737,0.0,0.0,0.0,0
00-0029857,2019,2,4,2,18.0,0,0.0,-0.6239215268287808,12.0,13.0,1.0,1.5,0.0,0.0,0.0,0
00-0029878,2017,6,1,0,0.0,0,0.0,-0.3691921569406986,5.0,0.0,0.0,0.0,0.0,0.0,0.0,0
00-0030024,2013,2,59,26,309.0,1,3.0,-29.37702691256533,603.0,141.0,15.0,0.9682382133995038,-0.12633609711217367,2.0,11.0,0
00-0030085,2018,15,1,1,3.0,1,0.0,1.2839272805140354,2.0,1.0,1.0,1.5,0.0,0.0,0.0,0
00-0030092,2014,1,2,2,27.0,0,0.0,1.856291466159746,-3.0,30.0,1.0,0.0,0.0,0.0,0.0,0
00-0030120,2015,3,2,1,7.0,0,0.0,0.19432505127042532,32.0,10.0,0.0,0.21875,0.0,0.0,0.0,0
00-0030140,2016,1,1,1,31.0,0,0.0,5.162058001733385,29.0,2.0,1.0,1.0689655172413792,0.0,0.0,0.0,0
00-0030140,2018,1,1,1,7.0,0,0.0,2.7343886659946293,7.0,0.0,1.0,1.0,0.0,0.0,0.0,0
00-0030142,2014,3,1,0,0.0,0,1.0,-2.112845234805718,10.0,0.0,0.0,0.0,0.0,0.0,0.0,1
00-0030151,2017,1,1,0,0.0,0,0.0,-1.1561214048415422,5.0,0.0,0.0,0.0,0.0,0.0,0.0,0
00-0030151,2020,1,5,1,18.0,0,0.0,-1.1256110534304753,43.0,13.0,1.0,0.4186046511627907,-0.15124870209020175,0.0,0.0,0
00-0030279,2020,14,1,0,0.0,0,0.0,-0.5174190076068044,15.0,0.0,0.0,0.0,0.0,0.0,0.0,0
00-0030279,2021,16,1,0,0.0,0,0.0,-0.49345556169282645,14.0,0.0,0.0,0.0,0.0,0.0,0.0,1
00-0030279,2023,13,2,1,49.0,1,0.0,3.514876914501656,39.0,27.0,1.0,2.227272727272727,0.0,0.0,0.0,0
00-0030288,2021,14,1,0,0.0,0,0.0,-0.4931206500623375,7.0,0.0,0.0,0.0,0.0,0.0,0.0,0
00-0030288,2022,15,1,0,0.0,0,0.0,-0.45197261590510607,7.0,0.0,0.0,0.0,0.0,0.0,0.0,0
00-0030391,2013,7,1,1,2.0,1,0.0,1.0166612838511355,2.0,0.0,1.0,1.0,0.0,0.0,0.0,0
00-0030419,2013,7,211,118,1547.0,8,8.0,4.2505478909854935,1828.0,653.0,69.0,6.076129079881406,0.31763099135260126,6.0,53.0,0
00-0030419,2014,1,19,12,129.0,1,2.0,-11.496264595538378,172.0,58.0,6.0,0.75,0.043416125289379597,1.0,8.0,0
00-0030419,2015,2,32,23,142.0,2,1.0,-5.348206117050722,173.0,64.0,10.0,0.8452380952380952,0.04853938031758247,2.0,20.0,0
00-0030419,2016,3,15,8,50.0,0,0.0,-6.169273761217482,120.0,9.0,3.0,1.2998805256869774,-0.03742751170093022,0.0,0.0,0
00-0030465,2019,8,1,1,3.0,0,0.0,-0.1481077503412962,-4.0,7.0,0.0,0.0,0.0,0.0,0.0,0
00-0030496,2016,12,1,0,0.0,0,0.0,-0.5972102339146659,5.0,0.0,0.0,0.0,0.0,0.0,0.0,0
00-0030506,2017,15,1,0,0.0,0,1.0,-2.9973920532502234,46.0,0.0,0.0,0.0,0.0,0.0,0.0,0
00-0030506,2020,15,2,1,4.0,0,0.0,0.4530931318295188,-2.0,7.0,1.0,0.0,0.0,0.0,0.0,0
00-0030520,2013,13,416,247,2608.0,19,9.0,-33.936207342474795,3624.0,917.0,126.0,9.9258373420165,1.0048858151253968,40.0,314.0,0
00-0030520,2014,6,203,117,1417.0,10,6.0,-0.5373756624106938,2206.0,416.0,64.0,3.936602789800803,0.34116102277524407,16.0,91.0,0
00-0030520,2016,1,11,10,75.0,1,0.0,6.076216017943807,43.0,37.0,6.0,1.744186046511628,0.3432385552683294,0.0,0.0,1
00-0030520,2017,4,140,93,833.0,4,5.0,-26.447758661278172,860.0,332.0,42.0,4.10284024965044,0.14059623601184132,8.0,78.0,0
00-0030520,2018,2,21,15,174.0,1,0.0,8.741517671151087,177.0,84.0,8.0,2.069105691056911,0.4568784541192803,1.0,8.0,0
00-0030520,2019,2,10,6,56.0,1,0.0,1.0464354921714403,112.0,18.0,3.0,1.0625,0.03828615065728113,0.0,0.0,0
00-0030520,2020,5,179,111,1072.0,7,5.0,-17.798893215352646,1424.0,405.0,57.0,3.6886130160862454,0.1312788027231272,9.0,53.0,1
00-0030520,2021,6,167,90,790.0,4,10.0,-80.84096342919406,1210.0,415.0,43.0,3.7955361461974886,-0.05782913610898656,9.0,68.0,0
00-0030524,2015,7,55,32,513.0,3,4.0,-0.09551562685549442,521.0,284.0,19.0,8.689296989296988,0.6277613445942379,2.0,17.0,0
00-0030524,2016,7,86,53,558.0,4,2.0,5.451127822226349,763.0,242.0,26.0,1.557313953399043,0.17536166155013563,4.0,34.0,0
00-0030524,2017,3,28,23,239.0,1,1.0,-3.832871857273858,218.0,79.0,9.0,1.1168224299065421,0.1353655662403003,3.0,15.0,0
00-0030525,2013,13,1,0,0.0,0,0.0,-0.4113485561683774,11.0,0.0,0.0,0.0,0.0,0.0,0.0,0
00-0030526,2013,10,306,180,1972.0,11,9.0,-42.42618924957314,2506.0,910.0,86.0,8.485535707432433,0.586693241665593,28.0,159.0,2
00-0030526,2014,4,131,76,838.0,5,3.0,-14.692600947246742,973.0,536.0,39.0,3.6549870000059848,0.14491261295936614,6.0,44.0,0
00-0030526,2015,4,84,52,561.0,3,3.0,-11.108962825688023,737.0,164.0,26.0,1.522261988924237,0.10433611647494834,6.0,45.0,0
00-0030526,2016,5,26,11,131.0,0,0.0,-6.78899853412125,280.0,27.0,6.0,2.057932263814617,-0.05833566188829319,3.0,20.0,1
00-0030526,2017,2,43,24,265.0,1,1.0,-3.145036091995989,411.0,83.0,13.0,1.2842437282996724,0.05010566126912991,4.0,29.0,0
00-0030533,2013,3,49,30,300.0,0,4.0,-15.665860873588827,497.0,82.0,17.0,1.6603174603174602,0.03322159406943982,3.0,24.0,0
00-0030533,2014,1,1,0,0.0,0,0.0,-1.1799209536984563,4.0,0.0,0.0,0.0,0.0,0.0,0.0,0
00-0030533,2016,7,216,129,1611.0,8,14.0,-1.1947820995323815,2274.0,530.0,89.0,5.17295734434772,0.5226549997261924,6.0,43.0,0
00-0030533,2018,1,25,15,232.0,3,0.0,14.352384895724782,310.0,77.0,12.0,0.7483870967741936,0.24676262804139076,1.0,8.0,0
00-0030533,2019,2,51,27,359.0,0,3.0,-10.370137373595673,403.0,156.0,15.0,1.82240682532555,-0.08615379467704531,2.0,10.0,0
00-0030533,2020,4,21,11,197.0,1,1.0,0.14290041726781055,251.0,55.0,9.0,2.4150793650793654,0.08687314303610245,1.0,7.0,0
00-0030547,2013,12,1,0,0.0,0,0.0,-0.487677488476038,35.0,0.0,0.0,0.0,0.0,0.0,0.0,0
00-0030547,2014,13,1,0,0.0,0,0.0,-1.7546308969613165,1.0,0.0,0.0,0.0,0.0,0.0,0.0,0
00-0030550,2013,15,1,1,21.0,1,0.0,2.420987492776476,21.0,0.0,1.0,1.0,0.0,0.0,0.0,0
00-0030564,2018,16,1,0,0.0,0,0.0,-0.4455960457562469,17.0,0.0,0.0,0.0,0.0,0.0,0.0,0
00-0030564,2019,15,2,1,6.0,1,1.0,-5.57848233851837,9.0,6.0,1.0,0.0,0.0,0.0,0.0,0
00-0030564,2023,17,1,0,0.0,0,0.0,-0.4180150681640953,-1.0,0.0,0.0,0.0,0.0,0.0,0.0,0
00-0030565,2013,16,443,247,3046.0,12,21.0,-59.77580962078301,3963.0,1260.0,143.0,13.991077406011213,0.9697370772762046,43.0,315.0,0
00-0030565,2014,14,367,219,2525.0,13,13.0,-11.463412149637936,3008.0,1206.0,118.0,11.182302664582995,0.7208711658031023,28.0,175.0,0
00-0030565,2015,1,42,27,265.0,2,1.0,1.321799624196744,372.0,89.0,14.0,0.7123655913978495,0.10447047569401104,3.0,19.0,0
00-0030565,2016,2,14,8,126.0,1,1.0,-2.4870091478223912,97.0,83.0,3.0,2.4179723502304147,0.09971102014795799,3.0,19.0,0
00-0030565,2017,2,36,21,212.0,1,0.0,-10.278772180284367,203.0,108.0,8.0,1.1977401129943503,0.008074185079950297,3.0,12.0,0
00-0030565,2018,4,4,1,8.0,0,0.0,-6.86530107389159,11.0,11.0,0.0,0.0,0.0,1.0,16.0,0
00-0030565,2020,1,5,4,33.0,0,0.0,0.6387938609695993,25.0,14.0,3.0,1.32,0.07727208499262134,1.0,3.0,0
00-0030565,2021,4,95,65,702.0,5,1.0,-1.2367402815664583,664.0,360.0,31.0,4.7418994812536885,0.5064178641288855,13.0,117.0,0
00-0030565,2022,17,572,399,4282.0,30,11.0,28.773135374029334,4311.0,1780.0,206.0,18.60339895734846,2.1191096622892127,46.0,348.0,0
00-0030565,2023,15,499,323,3624.0,20,9.0,32.440536514174156,3500.0,1714.0,169.0,15.825713940295476,1.5576720868736302,31.0,231.0,2
00-0030569,2015,2,7,3,11.0,0,1.0,-7.418899911688641,47.0,21.0,1.0,0.23404255319148937,-0.043595429448160763,2.0,17.0,0
00-0030578,2021,16,1,0,0.0,0,0.0,-0.5996399439172819,18.0,0.0,0.0,0.0,0.0,0.0,0.0,0
00-0030586,2014,2,5,4,60.0,0,0.0,-1.280990669503808,19.0,43.0,2.0,3.1578947368421053,0.11252224787238986,2.0,11.0,0
00-0030586,2015,1,5,5,68.0,1,0.0,5.547298305435106,41.0,27.0,4.0,1.6585365853658536,0.5710067397824876,0.0,0.0,0
00-0030661,2014,1,28,14,177.0,0,1.0,-1.812774369997229,250.0,117.0,10.0,0.708,-0.047712107453151235,4.0,27.0,0
00-0030663,2016,15,1,1,50.0,1,0.0,4.872772316914052,22.0,28.0,1.0,2.272727272727273,0.0,0.0,0.0,0
00-0030669,2018,7,1,1,52.0,1,0.0,4.3519763082731515,19.0,33.0,1.0,2.736842105263158,0.0,0.0,0.0,0
00-0030669,2019,13,2,1,20.0,0,0.0,-0.8180879853898659,20.0,23.0,1.0,1.0,0.0,1.0,10.0,0
00-0030669,2021,10,1,0,0.0,0,0.0,-2.053532929508947,5.0,0.0,0.0,0.0,0.0,1.0,1.0,0
00-0030789,2015,14,1,1,41.0,1,0.0,3.954363552154973,26.0,15.0,1.0,1.5769230769230769,0.0,0.0,0.0,0
00-0030990,2016,9,1,0,0.0,0,0.0,-0.3457150326576084,29.0,0.0,0.0,0.0,0.0,0.0,0.0,0
00-0030999,2014,6,1,0,0.0,0,0.0,-0.4444010801962577,15.0,0.0,0.0,0.0,0.0,0.0,0.0,0
00-0031051,2019,15,1,1,28.0,1,0.0,3.1874308812548406,21.0,7.0,1.0,1.3333333333333333,0.0,0.0,0.0,0
00-0031062,2019,15,1,1,35.0,0,0.0,2.000194003863726,8.0,27.0,1.0,4.375,0.0,0.0,0.0,0
00-0031064,2014,2,19,10,127.0,0,1.0,-2.218302158638835,222.0,33.0,6.0,0.5720720720720721,-0.0002856641078748806,1.0,5.0,0
00-0031064,2016,3,73,46,461.0,0,0.0,-11.11320585888738,593.0,169.0,20.0,2.2127116995538048,0.14015136137153306,5.0,36.0,0
00-0031064,2017,8,223,125,1412.0,5,6.0,-48.375128373040894,1966.0,552.0,68.0,4.959233906692361,0.22778046045450812,21.0,159.0,0
00-0031076,2016,1,5,2,22.0,0,0.0,-2.2586181573569775,49.0,15.0,2.0,0.4489795918367347,-0.11170050350293192,1.0,5.0,0
00-0031076,2017,2,43,29,265.0,1,1.0,-1.4042057673028534,278.0,166.0,15.0,1.1041666666666667,0.06323180099268047,1.0,8.0,0
00-0031079,2017,1,1,1,38.0,1,0.0,6.29359512636438,7.0,31.0,1.0,5.428571428571429,0.0,0.0,0.0,0
00-0031136,2018,1,1,1,2.0,1,0.0,3.991391037561698,2.0,0.0,1.0,1.0,0.0,0.0,0.0,0
00-0031136,2021,1,1,0,0.0,0,0.0,-3.0074845636845566,10.0,0.0,0.0,0.0,0.0,0.0,0.0,0
00-0031203,2015,1,1,1,3.0,0,0.0,-2.564316509407945,-6.0,9.0,0.0,0.0,0.0,0.0,0.0,0
00-0031235,2014,12,1,0,0.0,0,0.0,-0.4858482941053808,51.0,0.0,0.0,0.0,0.0,0.0,0.0,0
00-0031235,2018,12,2,2,106.0,2,0.0,9.481509466422722,68.0,38.0,2.0,3.4886363636363633,0.0,0.0,0.0,0
00-0031235,2019,16,2,1,20.0,0,0.0,0.9029249218292534,65.0,5.0,1.0,1.3333333333333333,0.0,0.0,0.0,0
00-0031235,2020,7,1,1,18.0,0,0.0,0.5891706984839402,17.0,1.0,1.0,1.0588235294117647,0.0,0.0,0.0,0
00-0031237,2014,13,402,259,2919.0,15,12.0,-1.9990920867969544,3139.0,1442.0,137.0,13.954642784498127,1.151333613562877,39.0,249.0,2
00-0031237,2015,16,447,292,3231.0,14,9.0,0.6415736348955239,3214.0,1799.0,153.0,20.019632686243533,1.8753516637140137,44.0,307.0,0
00-0031237,2017,1,2,0,0.0,0,1.0,-7.34884924441576,7.0,0.0,0.0,0.0,0.0,0.0,0.0,0
00-0031237,2018,4,23,14,118.0,1,1.0,-8.28122925839898,141.0,53.0,8.0,0.8676470588235294,0.007160928830617738,2.0,8.0,0
00-0031237,2019,9,196,133,1384.0,9,2.0,23.95584370264404,1212.0,748.0,67.0,7.145896606952416,0.5384070608486232,12.0,89.0,0
00-0031237,2020,15,492,340,3733.0,15,11.0,33.511927450437895,3507.0,1884.0,174.0,16.435146775132367,1.6573605645456808,31.0,205.0,1
00-0031237,2021,14,426,285,3052.0,18,7.0,57.955571553219876,3424.0,1387.0,146.0,12.792732508133325,1.8710742564610716,31.0,211.0,1
00-0031237,2022,5,79,49,683.0,4,4.0,0.3831824399777548,704.0,307.0,32.0,2.8350672607282292,0.30523962713942804,7.0,45.0,0
00-0031260,2014,2,9,1,81.0,1,0.0,-2.7238815035670996,136.0,64.0,1.0,0.8181818181818182,-0.20930967895855127,2.0,11.0,0
00-0031260,2018,8,1,1,15.0,0,0.0,3.8066323082894087,8.0,7.0,1.0,1.875,0.0,0.0,0.0,0
00-0031260,2020,16,1,1,28.0,0,0.0,1.8633733799215406,28.0,0.0,1.0,1.0,0.0,0.0,0.0,0
00-0031266,2014,7,179,107,1412.0,8,7.0,-29.17884425034379,1537.0,659.0,56.0,6.003319381379716,0.33033163308191477,18.0,138.0,0
00-0031266,2015,7,166,101,935.0,4,7.0,-62.37397646622651,1278.0,419.0,45.0,5.852685958303128,0.16660080400641214,13.0,98.0,0
00-0031280,2014,16,599,348,3270.0,21,12.0,-61.50931025803995,4664.0,1462.0,163.0,11.690437311615502,0.4240187425165015,24.0,149.0,0
00-0031280,2015,16,573,350,3987.0,32,13.0,-3.592084312224249,4570.0,1785.0,183.0,15.038116033296737,1.060379508054744,31.0,230.0,1
00-0031280,2016,15,560,357,3937.0,28,6.0,75.37664586596384,4343.0,1790.0,189.0,13.806711029752588,1.6907634125166462,16.0,79.0,5
00-0031280,2017,15,515,323,3496.0,22,13.0,24.070431365866977,4244.0,1603.0,165.0,13.663213787527654,1.4866178827517549,20.0,101.0,2
00-0031280,2018,16,553,381,4049.0,19,10.0,-1.20584695851284,3778.0,1994.0,197.0,18.300894347909765,1.6991331607954,51.0,299.0,1
00-0031280,2019,16,513,361,4054.0,21,8.0,99.12289919996202,3355.0,2135.0,191.0,20.45161961952337,2.3824587094960856,29.0,184.0,0
00-0031280,2020,16,517,348,4103.0,27,9.0,60.1711940404073,4184.0,1956.0,193.0,16.3279998885134,2.2411699245610306,26.0,150.0,1
00-0031280,2021,17,626,428,4804.0,23,14.0,40.301518820790776,5084.0,2283.0,217.0,16.915385942731543,1.9410622244629554,40.0,241.0,0
00-0031280,2022,15,502,305,3522.0,24,14.0,29.295583846643776,4602.0,1509.0,161.0,11.745561091345287,1.1180340252896626,27.0,191.0,0
00-0031280,2023,17,548,375,3878.0,25,8.0,25.91905731362155,4280.0,1696.0,185.0,16.60523925953741,1.9716220940066789,31.0,218.0,2
00-0031288,2015,7,119,79,854.0,6,2.0,9.479409237945266,972.0,317.0,44.0,5.548374432938334,0.5094415566785071,12.0,63.0,0
00-0031288,2017,2,14,7,66.0,0,0.0,-2.589030095085036,105.0,57.0,3.0,1.214600146735143,0.023061438188223073,1.0,9.0,0
00-0031288,2018,2,3,1,8.0,0,0.0,-2.6052306575584225,7.0,1.0,0.0,1.1428571428571428,0.0,1.0,7.0,0
00-0031288,2019,2,37,21,225.0,0,1.0,-8.248081752069993,313.0,130.0,11.0,0.7305194805194806,0.005363953484853481,5.0,43.0,0
00-0031288,2020,2,1,1,20.0,0,0.0,-1.2490409561432898,18.0,2.0,1.0,1.1111111111111112,0.0,1.0,12.0,0
00-0031288,2023,2,5,4,19.0,0,0.0,-5.251072044600733,-8.0,20.0,0.0,0.0,0.0,1.0,9.0,0
00-0031325,2020,10,1,0,0.0,0,1.0,-1.9586510438239202,24.0,0.0,0.0,0.0,0.0,0.0,0.0,0
00-0031326,2018,7,1,0,0.0,0,0.0,-0.44012234231922776,10.0,0.0,0.0,0.0,0.0,0.0,0.0,0
00-0031345,2014,5,27,19,182.0,1,0.0,-6.82712504892136,178.0,119.0,8.0,26.253830779480346,0.25957634842057264,5.0,36.0,0
00-0031345,2015,4,4,1,6.0,0,0.0,-3.1131341256259475,13.0,1.0,0.0,0.46153846153846156,0.0,0.0,0.0,0
00-0031345,2016,6,63,43,502.0,4,0.0,27.622329830408887,498.0,243.0,22.0,2.7100840336134455,0.49790171177194653,3.0,15.0,0
00-0031345,2017,6,178,120,1560.0,7,5.0,57.636927960317365,1572.0,721.0,78.0,6.034278044772641,0.9761306264801325,8.0,57.0,0
00-0031345,2018,3,89,53,718.0,5,3.0,-1.537113930991766,792.0,368.0,35.0,2.9872964059765783,0.19555098430441978,13.0,97.0,1
00-0031345,2019,16,476,329,3978.0,27,13.0,82.22163802091497,3108.0,2159.0,193.0,21.54376268653424,2.305921441181011,36.0,237.0,2
00-0031345,2020,6,140,94,1096.0,7,5.0,24.87557400059915,879.0,714.0,55.0,7.547815875459169,0.9379620672754891,11.0,77.0,0
00-0031345,2021,15,441,301,3810.0,20,12.0,93.07486054271166,3306.0,1966.0,172.0,18.513674619696044,2.2818547448456825,29.0,201.0,1
00-0031345,2022,11,308,207,2437.0,16,4.0,75.50642052189109,2124.0,1443.0,114.0,13.034163987447904,1.4181268162793,18.0,100.0,0
00-0031345,2023,7,169,110,1205.0,7,9.0,-19.161635413862108,1364.0,468.0,60.0,5.848699342114885,0.4281019083343922,14.0,101.0,1
00-0031363,2017,1,1,0,0.0,0,0.0,-2.962943117134273,6.0,0.0,0.0,0.0,0.0,0.0,0.0,0
00-0031363,2019,1,1,1,12.0,0,0.0,3.804443590459414,10.0,2.0,1.0,1.2,0.0,0.0,0.0,0
00-0031376,2016,15,1,0,0.0,0,0.0,-0.48066623765043914,18.0,0.0,0.0,0.0,0.0,0.0,0.0,0
00-0031376,2023,12,1,1,4.0,1,0.0,1.1053474548389204,-3.0,7.0,1.0,0.0,0.0,0.0,0.0,0
00-0031382,2015,16,1,1,9.0,0,0.0,1.1409724827390164,3.0,6.0,0.0,3.0,0.0,0.0,0.0,0
00-0031382,2016,16,1,0,0.0,0,0.0,-0.384655223460868,19.0,0.0,0.0,0.0,0.0,0.0,0.0,0
00-0031382,2017,16,1,0,0.0,0,0.0,-0.4277720359386876,11.0,0.0,0.0,0.0,0.0,0.0,0.0,0
00-0031382,2018,16,2,1,63.0,0,0.0,3.5699974935268983,77.0,17.0,1.0,1.3695652173913044,0.0,0.0,0.0,1
00-0031382,2020,15,4,4,74.0,1,0.0,7.160423681838438,58.0,16.0,4.0,3.2,0.0,0.0,0.0,0
00-0031387,2018,16,1,0,0.0,0,0.0,-1.6242491749035612,4.0,0.0,0.0,0.0,0.0,0.0,0.0,0
00-0031395,2018,1,3,2,40.0,0,0.0,-0.35654913168400526,17.0,30.0,1.0,2.3529411764705883,0.0,1.0,5.0,0
00-0031395,2019,5,3,0,0.0,0,0.0,-1.0598793326935265,47.0,0.0,0.0,0.0,0.0,0.0,0.0,0
00-0031395,2020,1,38,21,243.0,1,1.0,-5.159788555433671,348.0,52.0,10.0,0.6982758620689655,-0.009609035181335827,2.0,23.0,0
00-0031395,2021,1,31,20,194.0,0,0.0,-2.7503931065014506,197.0,97.0,8.0,0.9847715736040609,0.04535114733465598,2.0,20.0,0
00-0031407,2014,14,475,280,2908.0,11,17.0,-111.91558515990002,3326.0,1620.0,132.0,13.454576704633489,0.1473893523076614,55.0,345.0,1
00-0031407,2015,16,606,355,4428.0,35,18.0,5.362445124324658,5560.0,1841.0,215.0,13.022318212229546,1.193298155931475,51.0,320.0,1
00-0031407,2016,16,625,368,3905.0,23,16.0,-49.71472305725297,5140.0,1843.0,206.0,12.138226349054865,0.7460191726088086,34.0,197.0,1
00-0031407,2017,16,523,315,3687.0,21,13.0,29.656084220592803,4062.0,1911.0,192.0,15.57347671412515,1.5875140282928426,24.0,123.0,3
00-0031407,2018,13,403,243,2718.0,13,11.0,-22.41252092939936,2889.0,1480.0,128.0,13.390729856764102,0.5711702360729017,31.0,173.0,0
00-0031407,2019,2,2,1,3.0,0,0.0,-1.4286358838435262,-3.0,6.0,0.0,0.0,0.0,0.0,0.0,0
00-0031409,2014,4,35,18,175.0,0,2.0,-15.812758218019852,245.0,84.0,6.0,2.320851063829787,0.04863437346756637,3.0,26.0,0
00-0031409,2015,9,223,129,1500.0,7,5.0,-16.26082280653425,1829.0,729.0,71.0,7.025479529392335,0.4313764035164667,19.0,141.0,0
00-0031431,2016,16,1,1,20.0,1,0.0,2.714935635041911,15.0,5.0,1.0,1.3333333333333333,0.0,0.0,0.0,0
00-0031431,2017,13,1,0,0.0,0,0.0,-0.37339910480659455,27.0,0.0,0.0,0.0,0.0,0.0,0.0,0
00-0031503,2015,16,535,312,4042.0,22,15.0,49.23681380119149,5340.0,1476.0,201.0,12.848774002047982,1.8196904070640902,27.0,190.0,1
00-0031503,2016,16,567,345,4090.0,28,18.0,51.98933218331278,5776.0,1367.0,214.0,11.89776917391294,1.9143498992070003,35.0,239.0,3
00-0031503,2017,13,442,282,3504.0,19,11.0,49.65759950908298,4693.0,1257.0,180.0,9.659230704906799,1.5823467794863098,33.0,207.0,1
00-0031503,2018,11,378,244,2992.0,19,14.0,46.536390217023694,4086.0,895.0,152.0,8.386812761507935,1.6286221541811416,27.0,157.0,0
00-0031503,2019,16,626,380,5109.0,33,30.0,42.88715085152589,6481.0,1885.0,243.0,12.893107142195023,1.7996938511854297,47.0,282.0,2
00-0031503,2020,3,11,7,75.0,0,0.0,0.800061114063864,51.0,61.0,5.0,1.2352941176470589,-0.030327849536056453,2.0,11.0,0
00-0031503,2021,7,161,95,1170.0,14,3.0,21.81038703891622,1340.0,578.0,56.0,8.473253915703815,1.0331438035513412,11.0,69.0,0
00-0031503,2022,3,115,73,858.0,4,5.0,-7.012922977354351,1315.0,202.0,35.0,2.0833969584821412,0.22493001491643086,11.0,74.0,1
00-0031503,2023,6,47,25,264.0,2,3.0,-9.789019574831215,610.0,85.0,10.0,1.9229083132852178,-0.07833685762309125,2.0,13.0,0
00-0031543,2021,1,1,0,0.0,0,0.0,-2.76716072531417,10.0,0.0,0.0,0.0,0.0,0.0,0.0,0
00-0031544,2022,17,1,0,0.0,0,1.0,-4.980502444552258,18.0,0.0,0.0,0.0,0.0,0.0,0.0,0
00-0031549,2018,16,1,1,15.0,0,0.0,1.931480368715711,8.0,7.0,1.0,1.875,0.0,0.0,0.0,0
00-0031568,2016,6,133,75,809.0,3,7.0,-35.666749741353115,1169.0,395.0,35.0,3.0062291468113624,-0.03419691619578655,13.0,79.0,0
00-0031568,2017,4,112,55,544.0,1,3.0,-34.89162125848724,899.0,245.0,23.0,2.0925925925925926,-0.2739590153120102,8.0,55.0,0
00-0031588,2019,15,1,0,0.0,0,0.0,-1.8194127251044847,12.0,0.0,0.0,0.0,0.0,0.0,0.0,0
00-0031589,2016,4,10,2,17.0,0,1.0,-8.196249560293879,100.0,13.0,0.0,0.8618925831202047,0.0,0.0,0.0,0
00-0031589,2017,11,316,192,1836.0,9,12.0,-76.27835106119662,2393.0,1015.0,89.0,9.135663170888488,0.5638349105292845,29.0,197.0,1
00-0031589,2019,3,11,5,49.0,0,0.0,-3.3660533055521373,114.0,34.0,2.0,0.6363636363636364,0.030803473641165466,2.0,11.0,0
00-0031800,2017,1,1,1,10.0,0,0.0,-1.0418164716102183,5.0,5.0,1.0,2.0,0.0,1.0,16.0,0
00-0031800,2018,5,57,35,320.0,1,3.0,-17.19115018417993,508.0,151.0,19.0,3.1821792466953758,0.025341861855153233,2.0,17.0,0
00-0031800,2020,1,19,12,137.0,1,0.0,2.3747805972525384,255.0,49.0,6.0,0.5372549019607843,0.13541837854894118,1.0,7.0,0
00-0031800,2021,16,494,321,3419.0,20,15.0,-26.516315579167383,3779.0,1747.0,167.0,15.028159855213122,1.4416649963210024,38.0,278.0,0
00-0031800,2022,9,259,161,1859.0,12,6.0,-12.710993751717222,2146.0,772.0,93.0,8.073794788400424,0.5839413055268882,19.0,141.0,0
00-0031800,2023,5,136,74,890.0,5,4.0,-1.6432791084098852,1136.0,508.0,41.0,4.260695290591735,0.13366719763034482,8.0,47.0,0
00-0031912,2016,14,1,1,2.0,1,0.0,2.0902007045806386,2.0,0.0,1.0,1.0,0.0,0.0,0.0,0
00-0031941,2015,16,1,0,0.0,0,0.0,-0.45369074947666377,16.0,0.0,0.0,0.0,0.0,0.0,0.0,0
00-0031941,2020,12,1,1,43.0,1,0.0,3.8461674444843084,27.0,16.0,1.0,1.5925925925925926,0.0,0.0,0.0,0
00-0031972,2018,9,1,1,21.0,0,0.0,1.2712851711548865,10.0,11.0,1.0,2.1,0.0,0.0,0.0,0
00-0032156,2016,14,486,289,3401.0,18,10.0,15.896596271626468,4086.0,1411.0,155.0,12.629930413858382,1.262136377626463,31.0,187.0,1
00-0032156,2017,11,349,206,2285.0,12,14.0,-47.78009110508389,3044.0,1001.0,112.0,8.422484980212788,0.8093613604066655,33.0,220.0,0
00-0032156,2019,1,6,3,3.0,0,0.0,-5.561113071162254,41.0,11.0,0.0,0.07317073170731707,-0.004443065712634665,2.0,17.0,0
00-0032156,2021,6,188,108,1154.0,11,3.0,-6.704305688234496,1329.0,507.0,61.0,5.1788240283477185,0.23951729112280734,9.0,64.0,0
00-0032156,2022,2,26,15,184.0,1,1.0,-7.1543913324834385,171.0,116.0,7.0,1.0406976744186047,-0.007208756543740001,2.0,14.0,0
00-0032156,2023,5,153,86,724.0,2,4.0,-54.594705236723684,814.0,471.0,35.0,4.6993202852674,-0.17664178379357112,8.0,40.0,0
00-0032208,2022,14,1,0,0.0,0,0.0,-0.536111096618697,12.0,0.0,0.0,0.0,0.0,0.0,0.0,0
00-0032245,2015,1,7,6,31.0,0,0.0,-1.2866204445017502,26.0,11.0,2.0,1.1923076923076923,0.09142237819151292,0.0,0.0,0
00-0032245,2016,1,6,3,19.0,0,1.0,-12.610296838334762,6.0,14.0,1.0,3.1666666666666665,-0.09789563410998772,0.0,0.0,0
00-0032245,2017,5,37,22,185.0,0,0.0,-16.040472412790578,256.0,76.0,8.0,7.676,-0.0074188125991910756,3.0,20.0,0
00-0032245,2018,3,3,2,23.0,0,0.0,1.2564425312073348,-10.0,27.0,1.0,0.0,0.0,0.0,0.0,0
00-0032245,2019,3,21,12,126.0,0,2.0,-4.060896042318954,132.0,66.0,6.0,0.9545454545454546,-0.04515874533503233,0.0,0.0,0
00-0032245,2021,1,36,22,189.0,1,0.0,-10.911595458092904,233.0,94.0,8.0,0.8111587982832618,-0.003662178090868086,2.0,15.0,0
00-0032257,2016,16,1,0,0.0,0,0.0,-0.49236056790687144,38.0,0.0,0.0,0.0,0.0,0.0,0.0,0
00-0032268,2015,12,370,230,2818.0,19,10.0,-3.1858264588989655,3431.0,1161.0,142.0,10.68603132334095,1.4164592478181726,38.0,258.0,3
00-0032268,2016,15,451,276,3426.0,26,9.0,60.92957820146813,4344.0,1258.0,158.0,12.070640354442117,1.932803630153398,23.0,156.0,0
00-0032268,2017,15,453,281,3232.0,13,15.0,-7.626242456111015,4043.0,1254.0,147.0,12.199875463157273,1.386280145071376,27.0,173.0,0
00-0032268,2018,14,331,228,2528.0,11,8.0,9.161828941137633,2516.0,1266.0,121.0,15.999835635316682,1.5687221757991878,42.0,243.0,0
00-0032268,2019,7,160,95,1203.0,7,2.0,-7.3214071939656655,1127.0,604.0,50.0,9.474815796445805,0.2701089026546133,25.0,162.0,0
00-0032268,2020,1,28,17,226.0,1,1.0,8.426394110665445,273.0,76.0,11.0,0.8278388278388278,0.24446829634872252,0.0,0.0,0
00-0032268,2021,7,2,1,4.0,0,0.0,-0.7204284254694358,31.0,8.0,0.0,0.0,0.0,0.0,0.0,0
00-0032268,2022,13,300,184,2219.0,15,9.0,6.053635507238567,3093.0,912.0,111.0,11.084404486051053,1.050729030496393,28.0,195.0,2
00-0032268,2023,2,23,15,164.0,1,1.0,-5.110095864364313,178.0,72.0,10.0,4.055491329479769,0.0537962802109663,3.0,11.0,0
00-0032431,2017,1,5,3,24.0,0,1.0,-6.670547595946118,18.0,20.0,1.0,1.3333333333333333,0.0042246678048488695,0.0,0.0,0
00-0032434,2019,3,84,39,515.0,3,2.0,-21.54833991266867,646.0,234.0,20.0,2.378838452925213,0.0003924193538813042,9.0,59.0,0
00-0032434,2020,5,142,90,925.0,5,4.0,-9.506670263065,940.0,557.0,42.0,4.917605948748077,0.28933405549643193,7.0,51.0,0
00-0032434,2021,5,34,17,149.0,2,0.0,-10.645085469604526,174.0,120.0,5.0,2.3292682926829267,-0.06454731369060872,4.0,33.0,0
00-0032434,2022,1,3,3,22.0,0,0.0,-0.6882539251500881,10.0,12.0,1.0,2.2,0.0,1.0,0.0,0
00-0032436,2018,8,176,105,1003.0,6,2.0,-14.26021311374684,1378.0,506.0,50.0,6.851426859138063,0.24896074100440238,16.0,122.0,1
00-0032436,2019,3,105,62,685.0,4,4.0,-8.560895307526721,851.0,290.0,31.0,2.410705425756468,0.13259918024744943,11.0,46.0,0
00-0032436,2020,3,64,35,432.0,3,2.0,-14.59278558554156,638.0,131.0,18.0,1.416863259065094,0.01722101428291669,11.0,98.0,1
00-0032436,2022,7,20,14,108.0,1,0.0,-2.0113410300109535,45.0,79.0,5.0,7.462406015037594,-0.0032323233221836674,2.0,13.0,0
00-0032436,2023,1,26,13,166.0,2,2.0,-10.957208045409061,232.0,74.0,8.0,0.7155172413793104,-0.030105234232513878,3.0,26.0,0
00-0032449,2017,1,1,1,31.0,0,0.0,2.48630293936003,6.0,25.0,1.0,5.166666666666667,0.0,0.0,0.0,0
00-0032462,2016,4,18,13,145.0,1,1.0,5.5757202177000496,95.0,71.0,8.0,4.95,0.2270235388729112,1.0,5.0,0
00-0032475,2016,8,1,1,43.0,0,0.0,3.3772827613865957,28.0,15.0,1.0,1.5357142857142858,0.0,0.0,0.0,0
00-0032475,2017,7,1,0,0.0,0,1.0,-2.076302295550704,32.0,0.0,0.0,0.0,0.0,0.0,0.0,0
00-0032496,2021,1,1,1,6.0,0,0.0,3.0622718997765332,4.0,2.0,1.0,1.5,0.0,0.0,0.0,0
00-0032543,2019,15,1,1,26.0,0,0.0,1.738960771006532,23.0,3.0,1.0,1.1304347826086956,0.0,0.0,0.0,0
00-0032543,2020,9,1,0,0.0,0,0.0,-0.4890727505553514,21.0,0.0,0.0,0.0,0.0,0.0,0.0,0
00-0032630,2017,1,7,5,11.0,0,0.0,-3.5542538697482087,50.0,9.0,1.0,0.22,0.06242237952298761,0.0,0.0,0
00-0032764,2018,16,3,2,14.0,0,0.0,0.46195642405655235,12.0,21.0,1.0,0.0,0.0,0.0,0.0,0
00-0032764,2021,8,1,1,5.0,1,0.0,1.0320902957464568,5.0,0.0,1.0,1.0,0.0,0.0,0.0,0
00-0032764,2022,16,2,2,4.0,1,0.0,0.46645660075591877,-1.0,5.0,1.0,0.0,0.0,0.0,0.0,0
00-0032764,2023,17,3,2,14.0,2,0.0,4.522410724341171,27.0,0.0,2.0,2.0,0.0,0.0,0.0,0
00-0032784,2016,3,26,14,104.0,0,2.0,-7.445859435305465,124.0,63.0,6.0,4.8130081300813,0.03445121891621775,2.0,10.0,0
00-0032784,2017,4,75,46,517.0,4,5.0,-14.718022152217422,688.0,234.0,21.0,3.279271995231899,0.5905923336642599,6.0,35.0,0
00-0032792,2017,1,23,19,134.0,0,0.0,-11.19024082395481,95.0,78.0,4.0,1.4105263157894736,0.11436564416224304,3.0,24.0,0
00-0032792,2018,2,2,1,22.0,1,0.0,2.7612737589515746,9.0,23.0,1.0,0.0,0.0,0.0,0.0,0
00-0032792,2020,1,12,5,32.0,0,1.0,-4.724890490877442,118.0,18.0,1.0,0.2711864406779661,-0.014940581860866081,2.0,16.0,0
00-0032893,2016,1,21,14,150.0,1,1.0,-12.168068341445178,131.0,86.0,6.0,1.1450381679389312,0.029227558599758723,2.0,7.0,0
00-0032943,2016,1,1,1,16.0,0,0.0,3.530556734651327,10.0,6.0,1.0,1.6,0.0,0.0,0.0,0
00-0032943,2020,1,1,0,0.0,0,0.0,-2.573928223864641,8.0,0.0,0.0,0.0,0.0,0.0,0.0,0
00-0032943,2021,1,1,0,0.0,0,0.0,-2.8510376673657447,13.0,0.0,0.0,0.0,0.0,0.0,0.0,0
00-0032943,2022,2,2,2,18.0,0,0.0,5.386753983795643,10.0,8.0,2.0,3.5,0.0,0.0,0.0,0
00-0032950,2016,16,607,379,3782.0,16,14.0,9.655716643341963,4518.0,1757.0,191.0,14.150888676079912,1.0466148917224747,33.0,213.0,1
00-0032950,2017,13,440,265,3296.0,33,7.0,94.79939113529836,4359.0,1232.0,160.0,10.06778108919906,1.8424008211478795,28.0,162.0,4
00-0032950,2018,11,401,279,3074.0,21,7.0,36.21209486905656,3120.0,1397.0,159.0,11.234081132848228,1.5153940268416597,31.0,202.0,1
00-0032950,2019,16,607,388,4039.0,27,7.0,42.42268962561957,4889.0,1805.0,213.0,14.405865536260496,1.4588749840683057,37.0,230.0,2
00-0032950,2020,12,437,251,2620.0,16,15.0,-86.9983338663418,3871.0,996.0,130.0,8.558859744579957,0.30083374137687763,50.0,326.0,5
00-0032950,2021,17,516,322,3563.0,27,7.0,12.846730000047256,3937.0,1650.0,165.0,16.216711924586097,1.3406260008432358,32.0,227.0,2
00-0032950,2022,8,276,172,1755.0,11,9.0,-37.29265213974798,2147.0,826.0,85.0,6.878199617547953,0.38308559566777034,26.0,159.0,2
00-0032950,2023,1,24,17,163.0,2,1.0,7.064853062212933,159.0,65.0,11.0,1.0251572327044025,0.181530365591125,2.0,14.0,1
00-0032975,2016,8,1,0,0.0,0,0.0,-0.15399846865329891,0.0,0.0,0.0,0.0,0.0,0.0,0.0,0
00-0033009,2018,14,1,0,0.0,0,0.0,-0.5125943651655689,34.0,0.0,0.0,0.0,0.0,0.0,0.0,0
00-0033009,2020,15,2,1,16.0,0,0.0,0.7359127820236608,2.0,22.0,1.0,0.0,0.0,0.0,0.0,0
00-0033009,2021,16,1,1,46.0,0,0.0,3.1924436271365266,-4.0,50.0,1.0,0.0,0.0,0.0,0.0,0
00-0033009,2022,16,1,1,23.0,0,0.0,0.6072884440654889,21.0,2.0,1.0,1.0952380952380953,0.0,1.0,12.0,0
00-0033009,2023,17,1,0,0.0,0,1.0,-6.527068739582319,-8.0,0.0,0.0,0.0,0.0,0.0,0.0,0
00-0033040,2017,15,1,0,0.0,0,1.0,-5.1403229686548,9.0,0.0,0.0,0.0,0.0,0.0,0.0,0
00-0033045,2021,17,1,1,4.0,0,0.0,-0.7931139783468097,-4.0,8.0,0.0,0.0,0.0,0.0,0.0,0
00-0033077,2016,16,459,311,3667.0,23,4.0,122.77729578888221,3743.0,1546.0,182.0,16.800244331840975,2.940748444040638,25.0,143.0,0
00-0033077,2017,16,490,308,3324.0,22,13.0,-29.27230156560684,3942.0,1358.0,162.0,14.389321973951246,1.6515358880437256,32.0,185.0,0
00-0033077,2018,16,526,356,3885.0,22,8.0,24.431834138462087,3973.0,1892.0,184.0,16.212042268799262,1.4798813017555623,56.0,347.0,1
00-0033077,2019,16,596,388,4902.0,30,11.0,124.53103917602378,5613.0,1880.0,229.0,15.23896719646261,2.255387153962143,23.0,151.0,1
00-0033077,2020,5,222,151,1856.0,9,4.0,32.01779560961002,1762.0,810.0,93.0,5.360067099456971,0.5513381848004677,10.0,66.0,1
00-0033077,2021,16,596,410,4449.0,37,10.0,109.06846017476651,4629.0,2028.0,227.0,16.713953806713555,2.18605660138112,30.0,144.0,2
00-0033077,2022,12,394,261,2860.0,23,15.0,42.084686123317965,3223.0,1212.0,142.0,11.58285681959823,1.7312199989786836,20.0,126.0,0
00-0033077,2023,17,590,410,4516.0,36,9.0,118.68906478811256,4579.0,1963.0,222.0,17.697907050538195,2.7964468830594624,39.0,255.0,2
00-0033098,2016,1,11,6,96.0,0,1.0,-8.04058968659956,105.0,25.0,2.0,0.9142857142857143,-0.017806732396771746,1.0,2.0,0
00-0033104,2016,9,195,128,1380.0,6,2.0,21.142657948956455,1433.0,661.0,67.0,10.783082055390532,1.1034919598072386,21.0,140.0,1
00-0033104,2017,3,23,11,126.0,0,1.0,-15.288966363579206,228.0,69.0,6.0,0.8051960594939155,0.019261530240370237,6.0,48.0,0
00-0033104,2018,5,131,85,709.0,2,2.0,-39.81243987040202,880.0,345.0,35.0,4.424102859770856,0.23505629290261576,22.0,149.0,0
00-0033106,2016,7,205,112,1089.0,5,7.0,-86.70948298333872,1409.0,572.0,47.0,5.86495503745023,-0.21514674927405125,26.0,222.0,0
00-0033106,2017,15,477,296,3804.0,28,7.0,95.74236690560048,3770.0,2000.0,176.0,16.248364856211065,1.8579954374463603,25.0,172.0,0
00-0033106,2018,16,561,364,4688.0,32,12.0,115.75023145140023,4865.0,2126.0,233.0,16.079778955387322,2.3990253050882098,33.0,223.0,3
00-0033106,2019,16,626,394,4638.0,22,16.0,62.79175054062679,4841.0,2244.0,220.0,15.596045637152512,1.62816455667151,22.0,170.0,0
00-0033106,2020,15,552,370,3952.0,20,13.0,24.835128745911945,3579.0,2152.0,194.0,18.26346923283815,1.6021434948722495,23.0,161.0,1
00-0033106,2021,14,494,332,3245.0,19,8.0,-28.79608354435334,3148.0,1754.0,162.0,15.357920296620042,1.0177111300499913,35.0,280.0,4
00-0033106,2022,17,587,382,4438.0,29,7.0,100.96467571744924,4129.0,2285.0,227.0,19.04501344012196,1.968802215589775,23.0,156.0,1
00-0033106,2023,17,605,407,4575.0,30,12.0,81.67725091908035,4064.0,2147.0,227.0,19.83310447265523,2.113965949856951,30.0,197.0,2
00-0033108,2016,3,83,49,497.0,2,1.0,-4.953363272215148,908.0,159.0,25.0,1.6255186665667614,0.19080425592719474,9.0,42.0,0
00-0033108,2017,2,45,30,295.0,2,3.0,-19.683743614610663,379.0,119.0,15.0,1.332493894993895,0.11580051658071787,9.0,51.0,0
00-0033111,2016,8,1,0,0.0,0,1.0,-7.610064131906256,16.0,0.0,0.0,0.0,0.0,0.0,0.0,0
00-0033119,2016,3,55,34,400.0,0,0.0,-8.901810974124931,411.0,319.0,18.0,7.672005897227743,0.040364098270855,6.0,46.0,0
00-0033119,2017,16,469,276,3098.0,13,7.0,-44.025195397621,3513.0,1574.0,143.0,14.47695158422445,0.48862654757912,52.0,305.0,0
00-0033119,2018,4,4,2,2.0,0,0.0,-0.6780378912808374,82.0,1.0,1.0,0.9166666666666666,0.0,0.0,0.0,0
00-0033119,2019,15,447,272,2942.0,18,6.0,10.94469868309653,3545.0,1519.0,143.0,14.74332605127266,1.1323919138211902,27.0,159.0,1
00-0033119,2020,11,8,2,17.0,0,0.0,-8.438660981715657,65.0,18.0,1.0,2.4285714285714284,0.0,2.0,15.0,0
00-0033119,2021,10,225,141,1283.0,5,4.0,-23.911021311611588,1703.0,508.0,69.0,5.793437009765408,0.19695593551879614,19.0,132.0,1
00-0033119,2022,14,369,236,2608.0,12,6.0,19.692632323502796,3221.0,1063.0,129.0,10.195971547811574,1.4237166540072654,24.0,160.0,0
00-0033119,2023,2,23,18,224.0,3,0.0,16.375734796136385,178.0,70.0,10.0,2.5978609625668447,0.7894894361696857,0.0,0.0,0
00-0033132,2018,1,1,1,66.0,1,0.0,7.646471031475812,17.0,49.0,1.0,3.8823529411764706,0.0,0.0,0.0,0
00-0033251,2019,14,1,0,0.0,0,0.0,-0.7042251150123775,21.0,0.0,0.0,0.0,0.0,0.0,0.0,0
00-0033251,2020,16,1,0,0.0,0,0.0,-0.5561131672002375,13.0,0.0,0.0,0.0,0.0,0.0,0.0,0
00-0033275,2020,4,56,32,368.0,1,5.0,-22.44649882260243,583.0,141.0,17.0,1.778187942182052,0.03145373442321633,4.0,31.0,0
00-0033275,2021,5,66,36,362.0,1,3.0,-15.502125904082483,594.0,137.0,19.0,2.6728200267618196,-0.09926796105524266,7.0,47.0,1
00-0033275,2022,6,106,63,731.0,3,3.0,-19.931912035956493,837.0,408.0,30.0,3.8417470207577447,0.15829735070873266,7.0,46.0,0
00-0033275,2023,5,111,54,674.0,1,5.0,-34.964733364887934,902.0,398.0,27.0,2.9879558048794626,-0.14555860076835306,11.0,90.0,0
00-0033280,2018,16,1,1,50.0,1,0.0,6.549201502930373,13.0,37.0,1.0,3.8461538461538463,0.0,0.0,0.0,0
00-0033280,2019,16,2,0,0.0,0,0.0,-1.9152148961438797,16.0,0.0,0.0,0.0,0.0,0.0,0.0,0
00-0033280,2022,17,1,1,34.0,1,0.0,3.771136244176887,31.0,3.0,1.0,1.096774193548387,0.0,0.0,0.0,0
00-0033307,2021,17,1,1,25.0,1,0.0,2.3478310459759086,22.0,3.0,1.0,1.1363636363636365,0.0,0.0,0.0,0
00-0033319,2018,8,274,176,2277.0,13,10.0,31.117421214049138,1900.0,1220.0,106.0,10.406150886732753,1.0079723245001557,17.0,127.0,1
00-0033319,2020,10,326,211,2437.0,12,12.0,3.0183690128984786,2053.0,1239.0,120.0,12.389560236680904,0.9263474579336299,19.0,139.0,1
00-0033319,2021,1,30,20,147.0,1,0.0,2.1646621113421176,213.0,71.0,9.0,0.6901408450704225,0.1089205848023377,0.0,0.0,0
00-0033319,2022,4,25,21,224.0,1,1.0,12.437495140812455,170.0,117.0,11.0,4.576254826254827,0.37085885486510217,0.0,0.0,0
00-0033319,2023,5,148,100,1306.0,7,8.0,12.29686876892386,1380.0,477.0,57.0,4.836277016398081,0.5475398387109133,12.0,105.0,0
00-0033357,2018,13,7,3,64.0,0,1.0,-0.43784061894984916,126.0,18.0,3.0,2.1698717948717947,0.0,1.0,3.0,0
00-0033357,2019,16,6,3,55.0,0,0.0,-3.6029478815034963,94.0,12.0,3.0,3.1523809523809523,0.0,1.0,9.0,0
00-0033357,2020,16,121,88,928.0,4,2.0,3.3019261373991178,843.0,372.0,45.0,8.783423651261986,0.39212656930267886,14.0,87.0,0
00-0033357,2021,12,134,78,978.0,4,5.0,-11.434644389408971,991.0,521.0,43.0,8.790342836769046,0.45478293800392144,9.0,64.0,0
00-0033357,2022,16,19,13,240.0,2,0.0,12.586181564557638,254.0,102.0,11.0,11.859016636957813,0.0,2.0,14.0,0
00-0033357,2023,16,11,6,83.0,1,0.0,1.4584068846306764,126.0,18.0,4.0,6.122959183673469,0.0,2.0,4.0,0
00-0033400,2017,1,1,0,0.0,0,1.0,-1.3209619605913758,21.0,0.0,0.0,0.0,0.0,0.0,0.0,0
00-0033400,2019,3,2,1,1.0,1,0.0,-0.5847423634841107,31.0,0.0,1.0,1.0,0.0,0.0,0.0,0
00-0033466,2020,15,1,1,12.0,1,0.0,2.2947238330962136,-5.0,17.0,1.0,0.0,0.0,0.0,0.0,0
00-0033537,2017,7,204,126,1699.0,19,8.0,25.645882118492885,2242.0,677.0,84.0,5.298058304516222,1.0403545605947513,19.0,116.0,1
00-0033537,2018,16,505,345,4165.0,26,9.0,61.10264543369625,4320.0,1753.0,202.0,16.436398077545327,2.2296783059014187,62.0,384.0,0
00-0033537,2019,15,495,333,3852.0,26,12.0,75.08170788753887,4420.0,1672.0,191.0,13.634478853841204,2.1382484230679886,44.0,257.0,1
00-0033537,2020,16,544,382,4823.0,33,7.0,133.4439556447115,4842.0,1971.0,221.0,16.024158777393094,2.6109761451612283,49.0,293.0,1
00-0033537,2022,6,170,99,1102.0,7,5.0,-23.890652044285634,1214.0,530.0,53.0,6.11014187999408,0.1568015097935062,20.0,106.0,0
00-0033537,2023,6,171,105,1115.0,7,4.0,-18.950161800698037,1593.0,499.0,52.0,3.897314904238916,0.3016312596927817,17.0,85.0,0
00-0033550,2022,1,40,23,168.0,1,0.0,-1.5163255358413763,204.0,76.0,11.0,0.8235294117647058,0.048625111955904785,0.0,0.0,0
00-0033555,2022,17,1,1,4.0,0,0.0,0.05114959494676441,-6.0,10.0,0.0,0.0,0.0,0.0,0.0,0
00-0033556,2017,16,2,1,21.0,1,0.0,3.069265960715711,49.0,0.0,1.0,1.0,0.0,0.0,0.0,0
00-0033556,2018,16,1,1,1.0,1,0.0,3.157696620968636,1.0,0.0,1.0,1.0,0.0,0.0,0.0,0
00-0033557,2023,3,1,1,31.0,0,0.0,4.1430035991361365,22.0,9.0,1.0,1.4090909090909092,0.0,0.0,0.0,0
00-0033572,2020,13,1,0,0.0,0,0.0,-0.4681624989025295,15.0,0.0,0.0,0.0,0.0,0.0,0.0,0
00-0033662,2017,2,3,1,2.0,0,0.0,-4.33477132365806,1.0,6.0,0.0,2.0,0.0,0.0,0.0,0
00-0033662,2021,4,47,30,422.0,3,1.0,8.025694479129601,424.0,207.0,18.0,14.364013266998342,0.03636572623385869,3.0,19.0,0
00-0033662,2022,8,162,94,1051.0,5,3.0,-9.40141764110182,1247.0,455.0,52.0,5.073308998810486,0.4156372615366917,7.0,49.0,0
00-0033662,2023,7,24,18,144.0,0,1.0,-5.2399477475692215,215.0,80.0,7.0,11.486082995951417,0.13267692710045703,1.0,8.0,0
00-0033681,2021,14,1,0,0.0,0,0.0,-0.7408587794052437,8.0,0.0,0.0,0.0,0.0,0.0,0.0,0
00-0033733,2020,16,1,1,15.0,0,0.0,0.8680690744658932,15.0,0.0,1.0,1.0,0.0,0.0,0.0,0
00-0033733,2021,7,2,1,2.0,0,0.0,-3.3538292412413284,2.0,3.0,0.0,0.0,0.0,0.0,0.0,0
00-0033787,2019,1,1,0,0.0,0,1.0,-2.403068722342141,6.0,0.0,0.0,0.0,0.0,0.0,0.0,0
00-0033839,2018,16,1,0,0.0,0,0.0,-0.463822640478611,12.0,0.0,0.0,0.0,0.0,0.0,0.0,0
00-0033856,2021,14,1,0,0.0,0,0.0,-0.6633014641702175,0.0,0.0,0.0,0.0,0.0,0.0,0.0,0
00-0033856,2022,16,1,0,0.0,0,1.0,-4.726016435190104,16.0,0.0,0.0,0.0,0.0,0.0,0.0,0
00-0033858,2023,15,1,0,0.0,0,0.0,-0.8618303572875448,7.0,0.0,0.0,0.0,0.0,0.0,0.0,0
00-0033869,2017,12,330,196,2193.0,7,7.0,-43.57509668966953,2571.0,987.0,100.0,11.243705552539296,0.31919118992541434,31.0,196.0,0
00-0033869,2018,14,434,289,3223.0,24,12.0,49.83780859030131,3859.0,1404.0,151.0,12.012114804244241,2.0154869953677674,24.0,143.0,4
00-0033869,2019,15,516,326,3138.0,17,10.0,-36.07620487806042,4108.0,1403.0,156.0,13.022758402855137,0.6751361407964025,38.0,234.0,1
00-0033869,2020,10,297,199,2055.0,16,8.0,27.61277748692674,2325.0,1003.0,124.0,8.786635485505721,0.8966607824929134,18.0,125.0,1
00-0033869,2021,5,8,6,43.0,0,1.0,-1.6611338711809367,41.0,17.0,2.0,6.980769230769231,-0.025617871494943267,0.0,0.0,0
00-0033869,2022,7,180,117,1252.0,4,5.0,7.730268376912257,1754.0,378.0,65.0,5.5151715258969,0.8298139355750473,11.0,68.0,1
00-0033869,2023,5,107,67,632.0,4,5.0,-19.649531939842504,983.0,274.0,36.0,3.2166248271766116,0.10879010804049569,7.0,42.0,1
00-0033873,2017,1,35,22,284.0,0,1.0,7.888877478114731,261.0,174.0,14.0,1.0881226053639848,0.13209572661780325,2.0,15.0,0
00-0033873,2018,16,580,383,5097.0,50,12.0,222.70840385950282,5255.0,2613.0,237.0,16.27300851658316,3.3350499672744505,26.0,171.0,0
00-0033873,2019,14,484,319,4031.0,26,5.0,137.69404057134255,4281.0,1947.0,176.0,16.149280770958363,2.3891393920525066,17.0,127.0,1
00-0033873,2020,15,588,390,4740.0,38,6.0,182.87040399905007,4917.0,2241.0,238.0,15.267915447112713,2.657670153083185,22.0,147.0,3
00-0033873,2021,17,658,436,4839.0,37,13.0,139.73444912621196,4829.0,2699.0,260.0,17.98432325121572,2.6801821786057025,28.0,146.0,1
00-0033873,2022,17,648,435,5250.0,41,12.0,191.97220477679906,4715.0,2830.0,272.0,19.204404193233483,2.973218235264926,26.0,188.0,2
00-0033873,2023,16,597,401,4183.0,27,14.0,50.961515690338,3873.0,2555.0,206.0,18.826962129917064,1.9057311672888373,27.0,186.0,0
00-0033891,2018,16,1,0,0.0,0,0.0,-1.4740563493601413,13.0,0.0,0.0,0.0,0.0,0.0,0.0,0
00-0033891,2020,11,1,1,29.0,0,0.0,2.2214208621298894,26.0,3.0,1.0,1.1153846153846154,0.0,0.0,0.0,0
00-0033899,2017,15,476,255,2894.0,11,22.0,-112.86885245741786,4272.0,1440.0,130.0,10.830678149546772,0.4450878022141549,38.0,226.0,0
00-0033899,2018,3,42,20,187.0,0,2.0,-26.913568605436012,428.0,63.0,8.0,1.2097902097902098,-0.040964115311356214,4.0,38.0,0
00-0033906,2019,14,1,1,13.0,0,0.0,0.9648147297557443,11.0,2.0,1.0,1.1818181818181819,0.0,0.0,0.0,0
00-0033908,2017,15,1,0,0.0,0,0.0,-0.39829582814127207,-10.0,0.0,0.0,0.0,0.0,0.0,0.0,0
00-0033908,2019,16,1,0,0.0,0,0.0,-1.315011633846808,19.0,0.0,0.0,0.0,0.0,0.0,0.0,0
00-0033908,2021,17,1,0,0.0,0,0.0,-0.4020649445010349,25.0,0.0,0.0,0.0,0.0,0.0,0.0,0
00-0033908,2022,9,1,0,0.0,0,0.0,-0.46752027643378824,25.0,0.0,0.0,0.0,0.0,0.0,0.0,0
00-0033921,2023,17,1,0,0.0,0,0.0,-0.7111730779288337,18.0,0.0,0.0,0.0,0.0,0.0,0.0,0
00-0033936,2017,6,224,123,1430.0,4,6.0,-41.109857998889055,1625.0,654.0,66.0,5.703549664036714,0.3296230767090361,19.0,141.0,0
00-0033936,2018,5,169,102,1252.0,8,7.0,-24.281466675058148,1115.0,728.0,60.0,5.6835821343833395,0.22109531308855865,18.0,156.0,0
00-0033936,2020,6,104,66,787.0,6,0.0,10.165198434277361,851.0,344.0,42.0,5.111201427194872,0.6486443185994646,9.0,71.0,0
00-0033936,2021,2,2,2,33.0,0,0.0,1.829054368659854,27.0,6.0,1.0,1.2222222222222223,0.0,0.0,0.0,0
00-0033936,2022,4,11,7,35.0,0,1.0,-11.6011407254408,57.0,20.0,2.0,1.2170212765957447,0.020308693873695063,1.0,5.0,0
00-0033936,2023,6,53,40,349.0,1,0.0,5.580714992024477,339.0,150.0,19.0,4.762842106539585,0.5058760130365443,6.0,27.0,0
00-0033949,2018,5,12,6,43.0,0,1.0,-10.654129022965208,59.0,19.0,2.0,1.5019762845849802,-0.07872937292281769,0.0,0.0,0
00-0033949,2020,1,5,4,2.0,0,0.0,-2.6230880185612477,0.0,13.0,0.0,0.0,0.1275835086451667,0.0,0.0,0
00-0033949,2022,2,68,40,411.0,2,2.0,-8.974636538833105,538.0,213.0,25.0,1.6181879123055594,0.09966735207661534,6.0,26.0,0
00-0033949,2023,13,417,262,2464.0,13,10.0,-80.74965717074797,3320.0,1003.0,126.0,10.019750557365622,0.8529584814598875,30.0,217.0,1
00-0033958,2017,4,48,23,231.0,2,5.0,-27.06788966181921,416.0,69.0,13.0,2.4118044545873767,0.14421757173025407,1.0,5.0,0
00-0033958,2018,4,81,44,296.0,1,7.0,-45.085482230194465,493.0,183.0,13.0,6.168070632107518,-0.21059684625967456,7.0,34.0,0
00-0033958,2020,1,5,3,25.0,0,0.0,-3.5255509120761417,9.0,21.0,1.0,2.7777777777777777,-0.08648318352401158,2.0,16.0,0
00-0033958,2022,3,25,14,139.0,1,1.0,-5.093470546009485,265.0,44.0,9.0,0.9838632750397457,0.14480918711894367,1.0,6.0,0
00-0034052,2021,9,1,0,0.0,0,0.0,-1.3167127471533604,13.0,0.0,0.0,0.0,0.0,0.0,0.0,0
00-0034064,2018,1,1,1,12.0,0,0.0,3.3937394814565778,-1.0,13.0,1.0,0.0,0.0,0.0,0.0,0
00-0034162,2018,1,1,0,0.0,0,0.0,-0.6521800860646181,-2.0,0.0,0.0,0.0,0.0,0.0,0.0,0
00-0034177,2019,3,4,3,15.0,0,0.0,-0.45442071673460305,10.0,14.0,1.0,1.5,0.0,0.0,0.0,0
00-0034177,2021,4,94,61,526.0,3,6.0,-4.898510669356259,593.0,265.0,28.0,2.561133516014566,0.18424207227658554,0.0,0.0,1
00-0034177,2022,1,8,2,33.0,0,2.0,-4.509478976833634,101.0,32.0,2.0,0.32673267326732675,-0.16155104254342956,0.0,0.0,0
00-0034177,2023,3,77,48,360.0,1,4.0,-30.987578107018386,477.0,190.0,16.0,2.1070126356823606,-0.05296382447891782,9.0,64.0,0
00-0034253,2018,6,1,0,0.0,0,1.0,-6.418368357233703,12.0,0.0,0.0,0.0,0.0,0.0,0.0,0
00-0034331,2019,13,5,4,35.0,0,1.0,-3.511458921362646,-11.0,50.0,2.0,0.0,0.0,0.0,0.0,0
00-0034343,2018,14,393,217,2278.0,11,14.0,-151.68571166350515,3262.0,977.0,112.0,10.472514143714456,-0.04839288365514683,45.0,320.0,1
00-0034343,2019,5,109,58,567.0,1,5.0,-49.46513307753881,899.0,319.0,26.0,3.658176721374877,-0.11145393848281021,16.0,93.0,0
00-0034343,2021,3,11,2,19.0,0,2.0,-18.704876960255206,121.0,11.0,1.0,0.41470588235294115,-0.1535765663978298,0.0,0.0,0
00-0034348,2019,16,1,1,38.0,0,0.0,2.553815155522898,37.0,1.0,1.0,1.027027027027027,0.0,0.0,0.0,0
00-0034348,2021,17,1,1,16.0,0,0.0,1.001634000451304,15.0,1.0,1.0,1.0666666666666667,0.0,0.0,0.0,0
00-0034353,2018,14,1,1,8.0,0,0.0,1.5813229362247512,-6.0,14.0,1.0,0.0,0.0,0.0,0.0,0
00-0034369,2018,1,5,0,0.0,0,1.0,-6.705424459069036,76.0,0.0,0.0,0.0,-0.1981975472134057,0.0,0.0,0
00-0034401,2021,4,132,88,953.0,5,8.0,2.940178521830399,781.0,566.0,49.0,5.1654869161481125,0.4150567100805549,4.0,18.0,0
00-0034401,2022,4,175,103,1192.0,3,4.0,-7.627866973863519,1303.0,568.0,56.0,4.250796003810265,0.2561724384163461,9.0,76.0,0
00-0034401,2023,6,6,5,74.0,1,1.0,-7.240901717566885,23.0,51.0,1.0,1.9142857142857144,0.0,0.0,0.0,0
00-0034411,2020,16,2,1,39.0,1,0.0,2.136300238315016,75.0,2.0,1.0,1.054054054054054,0.0,0.0,0.0,0
00-0034412,2019,3,73,47,416.0,0,3.0,-54.94926753730778,404.0,264.0,15.0,3.161525151402793,0.047771646900911964,16.0,96.0,0
00-0034418,2020,10,2,2,23.0,1,0.0,2.8229402869474143,2.0,21.0,1.0,1.1,0.0,0.0,0.0,0
00-0034418,2021,14,3,3,88.0,0,0.0,5.7490395497879945,67.0,21.0,3.0,4.260416666666667,0.0,0.0,0.0,0
00-0034419,2022,15,1,1,2.0,1,0.0,1.1844526951317675,2.0,0.0,1.0,1.0,0.0,0.0,0.0,0
00-0034437,2018,1,1,1,4.0,0,0.0,2.7448694991180673,-4.0,8.0,1.0,0.0,0.0,0.0,0.0,0
00-0034437,2019,3,2,2,16.0,0,0.0,2.3299117676215246,8.0,8.0,2.0,5.0,0.0,1.0,19.0,0
00-0034437,2023,1,1,1,13.0,0,0.0,2.5643760072416626,4.0,9.0,1.0,3.25,0.0,0.0,0.0,0
00-0034438,2020,5,3,1,7.0,0,0.0,1.5348045515129343,17.0,0.0,1.0,1.0,0.0,0.0,0.0,0
00-0034438,2023,1,4,3,27.0,0,1.0,-10.079575101757655,6.0,29.0,3.0,4.5,0.0,1.0,7.0,0
00-0034577,2018,2,31,20,266.0,2,0.0,13.093619223171949,243.0,92.0,11.0,2.2085561497326203,0.22735917253164412,0.0,0.0,0
00-0034577,2019,13,489,303,3322.0,17,16.0,-28.13840235345554,3989.0,1647.0,188.0,11.340507089863877,0.9330639444783054,46.0,397.0,0
00-0034577,2020,4,87,60,610.0,4,1.0,7.687599212707236,523.0,324.0,30.0,5.4442173191153795,0.6557007475869974,7.0,44.0,0
00-0034577,2021,2,19,12,120.0,1,0.0,1.3396021895459853,135.0,46.0,6.0,1.8066725585505965,0.1781934945894748,2.0,5.0,0
00-0034577,2022,2,78,46,416.0,2,4.0,-34.0045657036541,560.0,239.0,19.0,1.598095238095238,-0.033173407680997684,5.0,41.0,0
00-0034721,2018,2,1,0,0.0,0,0.0,-2.963832698354963,-8.0,0.0,0.0,0.0,0.0,0.0,0.0,0
00-0034771,2019,10,283,176,1765.0,13,9.0,-17.355913882120916,2286.0,934.0,80.0,9.431347635614989,0.7394021713493237,15.0,124.0,0
00-0034771,2020,4,43,25,324.0,2,1.0,10.192174881280465,432.0,102.0,13.0,0.9535885167464115,0.13521142168660405,1.0,8.0,0
00-0034771,2021,2,58,35,277.0,1,1.0,-8.753380168744872,360.0,122.0,16.0,1.9,0.022358818061322294,0.0,0.0,0
00-0034771,2023,4,74,55,719.0,3,0.0,14.325275292122539,518.0,426.0,26.0,4.981264251143769,0.6088115997256696,6.0,43.0,0
00-0034775,2021,17,1,1,33.0,0,0.0,3.0305774064618163,33.0,0.0,1.0,1.0,0.0,0.0,0.0,0
00-0034775,2022,17,1,0,0.0,0,0.0,-0.32680640323087573,1.0,0.0,0.0,0.0,0.0,0.0,0.0,0
00-0034775,2023,12,2,1,-1.0,0,0.0,-1.7565971661824733,25.0,0.0,0.0,0.0,0.0,0.0,0.0,0
00-0034796,2018,16,170,99,1201.0,6,3.0,-7.153491226755776,1475.0,510.0,60.0,10.050947144317947,0.534764372872354,16.0,71.0,0
00-0034796,2019,15,401,265,3127.0,36,6.0,144.94965229671612,3545.0,1360.0,161.0,14.178229768882321,3.223771411134516,23.0,106.0,0
00-0034796,2020,15,376,242,2757.0,26,9.0,56.29545503721202,3248.0,1159.0,138.0,13.826845219709835,2.1160954003580117,29.0,160.0,1
00-0034796,2021,12,382,246,2882.0,16,13.0,19.171700874048643,3534.0,1150.0,135.0,10.959960585425161,0.9876105699776966,38.0,190.0,2
00-0034796,2022,12,326,203,2242.0,17,7.0,9.427335525684677,2754.0,974.0,105.0,10.61703309576901,1.0261359898822842,26.0,114.0,1
00-0034796,2023,16,457,307,3678.0,24,7.0,58.018588350006326,3840.0,1749.0,167.0,17.11935683093401,2.1462981965408594,37.0,218.0,1
00-0034827,2020,15,1,0,0.0,0,0.0,-0.40847092552576214,6.0,0.0,0.0,0.0,0.0,0.0,0.0,0
00-0034829,2021,17,1,0,0.0,0,0.0,-0.5864534196443856,28.0,0.0,0.0,0.0,0.0,0.0,0.0,0
00-0034855,2018,14,486,310,3725.0,27,14.0,37.93704157179606,4515.0,1696.0,171.0,12.11410626987298,1.7734214341222405,25.0,173.0,1
00-0034855,2019,16,535,318,3883.0,23,21.0,-4.968611077899089,4539.0,1858.0,180.0,14.436343190563685,1.192361698548924,40.0,285.0,1
00-0034855,2020,16,486,305,3563.0,26,8.0,87.74814140734111,4135.0,1361.0,188.0,14.340236417684222,2.481407054584217,26.0,162.0,1
00-0034855,2021,14,418,253,3010.0,17,13.0,-6.556413046271427,3659.0,1383.0,143.0,12.04733376147512,1.0660672421428623,43.0,269.0,2
00-0034855,2022,12,335,201,2163.0,10,8.0,-50.34169718310751,2276.0,1127.0,94.0,12.806832132129939,0.3432665087824031,36.0,217.0,0
00-0034855,2023,17,566,364,4044.0,28,10.0,50.666178500909844,4844.0,1927.0,188.0,14.947742176426253,1.8159550003560754,40.0,232.0,2
00-0034857,2018,12,319,168,2044.0,10,12.0,-40.56535742536212,3509.0,913.0,88.0,7.912388818404372,0.5488641682280593,28.0,213.0,1
00-0034857,2019,16,461,271,3089.0,20,9.0,-14.157731519956315,4262.0,1340.0,146.0,12.032474863858623,1.2879287351255515,38.0,237.0,2
00-0034857,2020,16,572,396,4544.0,37,10.0,169.85448324955723,4857.0,1871.0,228.0,15.86662969639334,2.9455342467594643,26.0,159.0,0
00-0034857,2021,17,646,409,4407.0,36,15.0,80.83385779358214,5295.0,1734.0,234.0,14.682545592565798,2.229759597806658,26.0,164.0,1
00-0034857,2022,16,567,359,4283.0,35,14.0,100.66942584986512,5229.0,1588.0,212.0,13.43917033603296,2.159936884024283,33.0,162.0,1
00-0034857,2023,17,579,385,4306.0,29,18.0,90.53379821970739,5022.0,1973.0,199.0,15.454787458337861,2.502915588839499,24.0,152.0,3
00-0034860,2019,9,1,1,16.0,0,0.0,1.241805540630594,-4.0,20.0,1.0,0.0,0.0,0.0,0.0,0
00-0034860,2021,2,1,1,16.0,0,0.0,0.9808847262756899,13.0,3.0,1.0,1.2307692307692308,0.0,0.0,0.0,0
00-0034869,2018,13,414,239,2865.0,17,15.0,-13.170609732253542,3832.0,1278.0,130.0,10.496121224966233,0.9104552663202055,30.0,204.0,0
00-0034869,2019,13,441,273,3024.0,19,13.0,-17.474234289881963,3755.0,1466.0,147.0,11.134792339477466,1.227048158785196,33.0,212.0,3
00-0034869,2020,12,364,217,2208.0,9,11.0,-76.96315407624826,2794.0,1155.0,109.0,10.269100550502003,0.36071606285360236,35.0,234.0,1
00-0034869,2021,12,406,243,2527.0,9,13.0,-77.7665797189775,2932.0,1385.0,123.0,11.064192520369524,0.48213632066559636,35.0,204.0,1
00-0034869,2022,6,140,82,1143.0,7,3.0,21.072685399863992,1138.0,553.0,57.0,6.280887030286117,0.8070928467037988,10.0,78.0,0
00-0034869,2023,10,46,28,297.0,2,1.0,-0.2621567214636231,371.0,155.0,15.0,2.56,0.18702737609076628,6.0,40.0,0
00-0034899,2020,1,38,22,231.0,0,1.0,-3.346273313622434,358.0,93.0,12.0,0.6452513966480447,0.06715008678274328,2.0,8.0,0
00-0034899,2021,2,4,1,5.0,0,1.0,-6.360478993272409,19.0,7.0,0.0,0.0,0.0,1.0,8.0,0
00-0034899,2022,2,62,38,390.0,1,3.0,-19.748739064894636,504.0,198.0,19.0,1.5509065990327509,-0.01796314582741935,7.0,49.0,0
00-0034928,2019,13,1,0,0.0,0,0.0,-0.3598180672270246,5.0,0.0,0.0,0.0,0.0,0.0,0.0,0
00-0034955,2020,2,40,27,295.0,2,4.0,-1.6855928612204254,346.0,82.0,12.0,2.0058699578567127,0.30381485326861224,1.0,0.0,0
00-0034955,2021,1,2,0,0.0,0,0.0,-2.059117787517607,11.0,0.0,0.0,0.0,0.0,0.0,0.0,0
00-0034955,2022,4,88,53,483.0,2,4.0,-29.22884806378002,734.0,267.0,24.0,3.11561670521626,0.006564553084048658,8.0,47.0,0
00-0034955,2023,2,38,18,172.0,0,1.0,-19.725291507413438,315.0,84.0,8.0,1.2886360362955496,-0.15311460856324594,2.0,18.0,0
00-0034959,2019,9,1,1,6.0,0,0.0,2.3515461592469364,-3.0,9.0,1.0,0.0,0.0,0.0,0.0,0
00-0034960,2020,12,2,2,43.0,2,0.0,5.631342348933686,37.0,6.0,2.0,2.4615384615384617,0.0,0.0,0.0,0
00-0034960,2021,16,2,2,45.0,0,0.0,1.7869173039798625,11.0,34.0,1.0,4.090909090909091,0.0,0.0,0.0,0
00-0034960,2023,16,3,2,12.0,1,0.0,0.8678318390157074,12.0,0.0,1.0,1.0,0.0,0.0,0.0,0
00-0035040,2019,5,174,94,984.0,4,6.0,-43.665677386931065,1484.0,329.0,47.0,3.23466701473997,-0.1944317574112221,14.0,104.0,0
00-0035040,2020,1,10,6,49.0,0,1.0,-9.727418351569213,82.0,27.0,1.0,0.5975609756097561,0.04976558486569706,1.0,10.0,0
00-0035040,2022,2,58,38,402.0,2,2.0,-4.8270291654770485,481.0,225.0,18.0,2.3348744028355677,0.14248776873512572,5.0,24.0,0
00-0035100,2023,9,243,171,1936.0,12,7.0,22.299077136490972,1554.0,1109.0,93.0,11.328920130916005,1.0004042406985736,24.0,169.0,1
00-0035146,2020,2,10,3,90.0,1,0.0,2.1845523178344592,89.0,53.0,2.0,1.7823529411764705,0.02466110983638567,0.0,0.0,0
00-0035146,2022,5,83,45,412.0,0,5.0,-36.3881795077863,644.0,207.0,17.0,3.232999777687912,-0.016156656759683696,3.0,27.0,0
00-0035156,2021,3,3,2,38.0,0,0.0,5.1923593147075735,30.0,21.0,2.0,4.513888888888889,0.0,0.0,0.0,0
00-0035156,2022,1,1,1,6.0,0,0.0,2.9525986034423113,6.0,0.0,1.0,1.0,0.0,0.0,0.0,0
00-0035228,2019,16,539,346,3752.0,20,12.0,0.6136850843552937,4037.0,1894.0,171.0,17.164421472475254,1.3052396010736178,48.0,309.0,3
00-0035228,2020,16,558,375,3971.0,26,12.0,33.80379353103301,4355.0,1743.0,205.0,14.70619577686303,1.8385786017635317,27.0,176.0,0
00-0035228,2021,14,481,333,3787.0,24,10.0,66.33455304935744,3823.0,1789.0,172.0,15.041496263977372,1.9394395222424303,31.0,286.0,0
00-0035228,2022,11,390,259,2368.0,14,7.0,-18.246843285701484,2678.0,1254.0,119.0,13.490123761573697,0.688122826793705,25.0,192.0,3
00-0035228,2023,8,268,176,1799.0,10,5.0,-12.878469075476179,1935.0,977.0,88.0,8.151509869046265,0.5563702114464312,18.0,119.0,1
00-0035232,2019,9,203,119,1365.0,7,7.0,-51.389895769687755,1751.0,615.0,65.0,8.124388034380033,0.38595404655249654,29.0,204.0,1
00-0035232,2020,7,241,148,1439.0,5,7.0,-39.572150193206056,1622.0,867.0,73.0,6.633009610840653,-0.017674294755493015,20.0,141.0,0
00-0035250,2023,17,1,1,6.0,1,0.0,1.8422965880599804,6.0,0.0,1.0,1.0,0.0,0.0,0.0,0
00-0035251,2019,2,52,28,228.0,0,4.0,-28.179330758438805,491.0,179.0,12.0,0.6021577505729778,-0.1727488944612737,6.0,44.0,0
00-0035264,2019,3,4,2,14.0,0,1.0,-10.149865640560165,21.0,5.0,1.0,0.7777777777777778,0.0,1.0,7.0,0
00-0035264,2020,5,44,22,256.0,2,3.0,-19.06952885928331,268.0,174.0,12.0,7.299244006047952,-0.11656663769247486,4.0,21.0,0
00-0035264,2022,3,83,53,656.0,4,3.0,-5.130124091908549,763.0,261.0,32.0,2.410658245881574,0.21936529900438267,7.0,47.0,0
00-0035264,2023,2,66,40,496.0,2,1.0,5.053421196005665,565.0,334.0,19.0,1.7677250978686385,0.08028575624078571,7.0,46.0,0
00-0035282,2020,1,1,1,4.0,0,0.0,-0.2389740974176675,0.0,4.0,0.0,0.0,0.0,0.0,0.0,0
00-0035282,2023,5,174,111,1129.0,3,1.0,-34.01198611579233,1204.0,581.0,53.0,5.034459807814067,0.0802348585482139,14.0,122.0,0
00-0035289,2019,14,470,285,3271.0,21,6.0,-13.728492934741785,3472.0,1531.0,150.0,14.190329821959889,0.7670932321642678,33.0,184.0,3
00-0035289,2020,9,327,216,2259.0,16,5.0,18.56918203768233,2558.0,1016.0,117.0,8.79289959313773,1.0339537231346734,27.0,147.0,1
00-0035289,2021,3,60,41,439.0,4,1.0,16.828597512397238,346.0,263.0,24.0,2.6342215518686105,0.3858464965284287,5.0,31.0,0
00-0035289,2022,5,76,44,663.0,3,3.0,7.425531540988395,717.0,251.0,30.0,3.9517889623724862,0.1768420207634647,6.0,28.0,0
00-0035289,2023,16,490,305,3305.0,15,9.0,-5.751706553653355,3579.0,1566.0,147.0,15.888548023207205,1.1251496843979354,34.0,187.0,2
00-0035290,2020,1,1,1,13.0,0,0.0,3.115367458667606,10.0,3.0,1.0,1.3,0.0,0.0,0.0,0
00-0035297,2019,13,1,1,11.0,0,0.0,0.9028711734572425,6.0,5.0,1.0,1.8333333333333333,0.0,0.0,0.0,0
00-0035544,2021,6,1,1,75.0,1,0.0,5.069598037283868,24.0,51.0,1.0,3.125,0.0,0.0,0.0,0
00-0035577,2019,8,160,100,1063.0,5,8.0,-21.94279068143016,1175.0,574.0,51.0,9.188637943852553,0.8277981749962394,15.0,102.0,0
00-0035652,2019,3,87,41,474.0,2,2.0,-52.63675856124006,721.0,203.0,20.0,1.965208983331928,-0.16754856564021461,11.0,93.0,0
00-0035652,2020,4,32,17,164.0,1,2.0,-24.136624170034832,335.0,71.0,8.0,5.9474755211149155,0.0676814582356605,9.0,63.0,0
00-0035676,2021,13,2,0,0.0,0,0.0,-1.2514583478914574,42.0,0.0,0.0,0.0,0.0,0.0,0.0,0
00-0035685,2021,13,1,0,0.0,0,1.0,-3.1767500246642157,9.0,0.0,0.0,0.0,0.0,0.0,0.0,0
00-0035704,2019,5,156,100,1020.0,7,3.0,13.724927438346413,1065.0,550.0,54.0,4.874424993923822,0.5200850741642931,5.0,26.0,0
00-0035704,2020,13,443,254,2933.0,16,15.0,-33.71887464963784,3908.0,1394.0,145.0,10.294893663641915,0.5224078167090546,19.0,123.0,1
00-0035704,2021,6,111,67,787.0,2,2.0,-9.218843522528495,1107.0,350.0,32.0,4.537506522763648,0.2735525520968274,9.0,52.0,0
00-0035704,2023,4,76,48,543.0,3,3.0,-0.653722791097846,621.0,305.0,20.0,3.280493979390264,0.10063268661895441,6.0,26.0,0
00-0035710,2019,13,459,284,3027.0,24,12.0,-41.362857041037465,3689.0,1395.0,140.0,10.978576866804314,0.7932810394234457,38.0,295.0,2
00-0035710,2020,14,448,280,2943.0,11,10.0,-23.480688355243792,3402.0,1114.0,158.0,12.462900346382863,0.8112978602654629,45.0,286.0,1
00-0035710,2021,11,361,232,2428.0,10,7.0,-12.451881251377383,2640.0,1098.0,116.0,10.86117409747734,0.7854876644269524,22.0,160.0,1
00-0035710,2022,16,472,317,3205.0,15,5.0,19.949247770812455,3031.0,1596.0,156.0,18.074418121612993,1.8453845276289633,44.0,243.0,2
00-0035710,2023,6,160,108,909.0,2,6.0,-60.455004205716946,1096.0,440.0,43.0,4.9754841300906465,0.28032331149284845,30.0,167.0,0
00-0035719,2021,16,2,1,24.0,1,0.0,2.0177336357883178,39.0,0.0,1.0,1.0,0.0,0.0,0.0,0
00-0035719,2023,15,1,0,0.0,0,0.0,-0.4431877873139456,11.0,0.0,0.0,0.0,0.0,0.0,0.0,0
00-0035752,2020,2,16,11,105.0,1,1.0,-13.41810537604033,106.0,98.0,5.0,0.9905660377358491,0.020533652127296242,2.0,10.0,0
00-0035752,2021,2,9,6,36.0,0,0.0,-4.2565559186041355,38.0,22.0,1.0,0.9473684210526315,0.004680442008339794,2.0,17.0,0
00-0035752,2022,1,15,10,90.0,0,0.0,1.7202607482904568,131.0,17.0,5.0,0.6870229007633588,0.1420656956374947,0.0,0.0,0
00-0035859,2021,1,1,0,0.0,0,0.0,-2.3642861736007035,9.0,0.0,0.0,0.0,0.0,0.0,0.0,0
00-0035864,2020,1,9,1,13.0,0,2.0,-11.930539221095387,134.0,16.0,1.0,0.09701492537313433,-0.1289627261782884,1.0,1.0,0
00-0035864,2021,10,1,1,1.0,0,0.0,-3.1306644288706593,-5.0,6.0,0.0,0.0,0.0,0.0,0.0,0
00-0035889,2020,1,1,1,13.0,0,0.0,3.4530158574925736,6.0,7.0,1.0,2.1666666666666665,0.0,0.0,0.0,0
00-0035889,2021,1,1,1,16.0,0,0.0,4.0306980279274285,11.0,5.0,1.0,1.4545454545454546,0.0,0.0,0.0,0
00-0035889,2022,1,1,0,0.0,0,0.0,-3.5175859160954133,1.0,0.0,0.0,0.0,0.0,0.0,0.0,0
00-0035889,2023,1,1,1,11.0,0,0.0,2.439640676777344,11.0,0.0,1.0,1.0,0.0,0.0,0.0,0
00-0035939,2022,5,34,19,161.0,1,2.0,-18.650931321044094,196.0,65.0,10.0,1.7860911270983213,-0.10021420239947448,6.0,50.0,0
00-0035993,2020,2,5,3,15.0,0,0.0,-3.533176612108946,62.0,10.0,0.0,1.7228070175438597,0.0,0.0,0.0,0
00-0035993,2021,7,188,122,1081.0,3,4.0,-28.803212040843036,1407.0,446.0,55.0,4.508019500592231,0.22703524975028272,18.0,107.0,0
00-0035993,2022,5,112,75,658.0,2,3.0,-7.170331097120181,830.0,250.0,31.0,4.158607738910413,0.315839204699903,7.0,34.0,0
00-0035993,2023,5,37,21,203.0,3,0.0,3.800454755120649,249.0,78.0,13.0,2.976470588235294,0.2733606740908522,4.0,28.0,0
00-0036133,2022,7,1,0,0.0,0,1.0,-4.042891675024293,29.0,0.0,0.0,0.0,0.0,0.0,0.0,0
00-0036142,2020,11,1,0,0.0,0,0.0,-0.5597911037039012,-3.0,0.0,0.0,0.0,0.0,0.0,0.0,0
00-0036197,2021,3,60,27,210.0,1,3.0,-35.15658075193642,434.0,99.0,10.0,1.4061531007751937,-0.1921517105578483,6.0,33.0,0
00-0036212,2020,10,290,186,1814.0,11,5.0,-13.510189482975047,2175.0,766.0,100.0,9.03229393252153,0.6874301635283409,20.0,136.0,1
00-0036212,2021,13,388,263,2653.0,16,10.0,20.8559681269266,2735.0,1231.0,137.0,12.713014341211215,1.3005999407935875,20.0,152.0,1
00-0036212,2022,13,400,259,3548.0,25,8.0,97.36823342997455,3833.0,1274.0,162.0,12.18004671750188,1.7542933982553552,21.0,163.0,0
00-0036212,2023,17,560,388,4624.0,29,14.0,123.56834628780518,4283.0,2177.0,222.0,21.075282646421922,2.560841460310446,29.0,171.0,0
00-0036226,2021,1,5,2,25.0,0,1.0,-3.102543077489827,63.0,7.0,2.0,0.3968253968253968,-0.08929635259177449,0.0,0.0,0
00-0036226,2022,1,5,3,59.0,0,1.0,-2.261281799641438,20.0,50.0,2.0,2.95,-0.0024136386245121287,0.0,0.0,0
00-0036264,2021,6,62,36,411.0,2,3.0,-6.122919718026816,494.0,233.0,22.0,3.4807671657302652,0.07263728062862315,3.0,23.0,0
00-0036264,2022,4,21,14,195.0,1,0.0,3.5308599969274166,151.0,117.0,9.0,4.818462643678161,0.4675790642417236,0.0,0.0,0
00-0036264,2023,17,579,372,4159.0,32,11.0,85.91758448326394,4897.0,1918.0,209.0,15.23831384006193,2.2393223926752084,30.0,242.0,2
00-0036275,2021,13,1,0,0.0,0,0.0,-0.912519452162087,-12.0,0.0,0.0,0.0,0.0,0.0,0.0,0
00-0036312,2020,3,110,60,624.0,2,6.0,-35.18108574567134,876.0,275.0,31.0,2.177351030148226,0.003498057988658876,7.0,52.0,0
00-0036313,2022,2,2,1,17.0,0,0.0,0.8920440872316249,2.0,9.0,1.0,2.125,0.0,0.0,0.0,0
00-0036313,2023,1,1,1,28.0,0,0.0,4.209326545824297,11.0,17.0,1.0,2.5454545454545454,0.0,0.0,0.0,0
00-0036320,2020,2,1,1,28.0,0,0.0,1.4579221322201192,18.0,10.0,1.0,1.5555555555555556,0.0,1.0,5.0,0
00-0036322,2021,17,4,2,35.0,0,0.0,1.2533358797663823,36.0,28.0,2.0,1.0,0.0,0.0,0.0,0
00-0036322,2022,17,2,2,34.0,0,0.0,3.05308636976406,3.0,31.0,2.0,1.375,0.0,0.0,0.0,0
00-0036322,2023,10,1,0,0.0,0,0.0,-0.39332577056484297,20.0,0.0,0.0,0.0,0.0,0.0,0.0,0
00-0036326,2022,15,1,1,1.0,1,0.0,2.553211367689073,1.0,0.0,1.0,1.0,0.0,0.0,0.0,0
00-0036355,2020,15,595,396,4336.0,31,10.0,89.51523688016161,4368.0,2220.0,216.0,15.326628092003448,1.9310098106265752,32.0,218.0,2
00-0036355,2021,17,672,443,5014.0,38,15.0,118.18470376370668,5058.0,2403.0,256.0,18.029528127166124,2.1980162866419444,31.0,214.0,5
00-0036355,2022,17,699,477,4739.0,25,10.0,23.458502653806413,4504.0,2489.0,228.0,18.394878922935288,1.6982919803870669,38.0,206.0,1
00-0036355,2023,13,456,297,3134.0,20,7.0,26.86385552285643,3490.0,1568.0,150.0,12.114518288156395,1.0576313660183028,29.0,233.0,1
00-0036364,2020,9,2,1,32.0,0,0.0,1.8506733975373209,17.0,34.0,1.0,0.0,0.0,0.0,0.0,0
00-0036384,2020,2,43,23,219.0,0,0.0,-27.577607546210434,349.0,134.0,11.0,1.6584132055378062,-0.03114439582584714,7.0,73.0,0
00-0036389,2020,14,148,77,1061.0,6,4.0,-4.621174206143219,1353.0,468.0,45.0,7.654834974246946,-0.002501549750672599,13.0,59.0,0
00-0036389,2021,15,432,265,3144.0,16,9.0,15.78835973315087,3882.0,1463.0,143.0,12.939742758055335,1.6942579347986886,26.0,150.0,3
00-0036389,2022,15,460,306,3701.0,22,6.0,72.2170870482575,3725.0,1782.0,165.0,16.17474285539799,2.1203146719184325,38.0,231.0,0
00-0036389,2023,17,538,352,3858.0,23,15.0,63.33172199597199,4638.0,1697.0,185.0,14.378118028863168,2.1915037332027754,36.0,222.0,0
00-0036425,2022,11,1,0,0.0,0,1.0,-4.867112466075923,8.0,0.0,0.0,0.0,0.0,0.0,0.0,0
00-0036442,2020,10,404,264,2688.0,13,5.0,48.96672468471529,3429.0,1142.0,150.0,7.91044962850991,1.2004034493355558,32.0,231.0,0
00-0036442,2021,16,520,366,4611.0,34,14.0,99.5450136223365,4227.0,2251.0,202.0,17.631081616122344,2.54588159673454,51.0,370.0,1
00-0036442,2022,16,606,414,4475.0,35,12.0,87.94603731591246,4142.0,2135.0,219.0,17.90357670264949,2.127728124352267,41.0,259.0,3
00-0036442,2023,10,365,244,2309.0,15,6.0,6.095037059046859,2347.0,1239.0,115.0,10.068844015755406,0.8966607054357085,24.0,180.0,0
00-0036626,2023,13,1,1,4.0,0,0.0,-0.30589396954746917,1.0,3.0,0.0,4.0,0.0,0.0,0.0,0
00-0036825,2021,3,1,0,0.0,0,1.0,-3.8404934149584733,2.0,0.0,0.0,0.0,0.0,0.0,0.0,0
00-0036879,2022,4,101,64,573.0,3,3.0,-40.58373256801548,722.0,294.0,28.0,3.114859014317274,0.14926082558169718,14.0,87.0,0
00-0036893,2022,17,1,1,4.0,0,0.0,-0.06479255756130442,-4.0,8.0,0.0,0.0,0.0,0.0,0.0,0
00-0036898,2021,13,394,263,2664.0,16,10.0,-45.73431005825807,2869.0,1232.0,118.0,11.724158029487462,0.8994800811200332,31.0,206.0,1
00-0036898,2022,15,479,292,3118.0,17,15.0,-74.33538193844655,3734.0,1524.0,135.0,12.951780145008643,0.6581363686996168,31.0,244.0,1
00-0036898,2023,5,39,18,173.0,2,0.0,-5.029577498353319,313.0,74.0,12.0,3.66142210817746,-0.14320225316573276,2.0,13.0,1
00-0036900,2023,16,1,1,-7.0,0,0.0,-2.102857018588111,-7.0,0.0,0.0,0.0,0.0,0.0,0.0,0
00-0036913,2021,9,3,1,19.0,0,0.0,-0.828378256643191,53.0,6.0,1.0,1.4615384615384615,0.0,1.0,6.0,0
00-0036913,2023,13,1,0,0.0,0,0.0,-0.4460934295784682,16.0,0.0,0.0,0.0,0.0,0.0,0.0,0
00-0036919,2023,16,1,1,17.0,0,0.0,1.2345058486098424,17.0,0.0,1.0,1.0,0.0,0.0,0.0,0
00-0036928,2022,1,9,3,23.0,0,0.0,-5.332559636328369,99.0,20.0,1.0,0.23232323232323232,-0.07878999862541408,0.0,0.0,0
00-0036928,2023,2,1,0,0.0,0,0.0,-1.8803028730234743,3.0,0.0,0.0,0.0,0.0,0.0,0.0,0
00-0036929,2021,1,20,12,135.0,0,2.0,-29.729809938871767,76.0,81.0,5.0,1.7763157894736843,0.015391391629949527,8.0,54.0,0
00-0036945,2021,12,270,159,1870.0,7,10.0,-64.92877211484534,2645.0,683.0,83.0,9.226958490732894,0.4655677773289113,36.0,264.0,0
00-0036945,2022,15,318,192,2242.0,17,11.0,-65.7712491202688,2889.0,958.0,91.0,11.6766654850006,1.044525741513821,55.0,359.0,1
00-0036945,2023,13,370,227,2562.0,16,9.0,-36.29647671384594,2961.0,1224.0,121.0,13.680831323878596,1.0188534603179098,44.0,285.0,0
00-0036946,2021,1,3,2,5.0,0,0.0,-1.7575525424908847,0.0,9.0,0.0,0.0,0.0,0.0,0.0,0
00-0036971,2021,17,602,359,3641.0,12,17.0,-60.01285959799543,4738.0,1634.0,177.0,13.984290305161933,0.6277611417505866,32.0,238.0,2
00-0036971,2022,17,584,387,4113.0,25,8.0,83.5256579103014,4294.0,2017.0,206.0,18.15635670571772,1.9842876084487884,27.0,184.0,3
00-0036971,2023,16,564,370,4016.0,21,14.0,0.777313856267682,4613.0,1778.0,179.0,14.73686098997866,1.7021387573419275,35.0,224.0,1
00-0036972,2021,17,521,352,3801.0,22,13.0,50.77013657480971,4158.0,1760.0,177.0,18.102397340434464,1.989121565555278,28.0,241.0,2
00-0036972,2022,14,442,288,2997.0,14,11.0,-28.40619021346796,3459.0,1431.0,127.0,12.661845122396556,0.5680403189528621,34.0,231.0,1
00-0036972,2023,11,345,224,2120.0,10,12.0,-53.75460128159115,2410.0,1211.0,100.0,12.405606913872731,0.3868206905394136,22.0,127.0,0
00-0037012,2021,6,71,41,603.0,5,2.0,10.68492744550112,658.0,288.0,27.0,4.571103592678579,0.19786317835100353,4.0,15.0,0
00-0037012,2022,2,31,15,194.0,0,1.0,-9.725712290665726,210.0,80.0,6.0,5.803921568627451,-0.07637610505816293,2.0,9.0,0
00-0037013,2021,13,383,213,2334.0,9,11.0,-94.732186357066,2885.0,1099.0,112.0,11.654507753348161,0.1851684132056421,44.0,370.0,1
00-0037013,2022,9,242,132,1688.0,6,7.0,-36.21105495186014,2189.0,810.0,73.0,7.201039908955547,0.18102810761548557,23.0,175.0,0
00-0037013,2023,12,368,221,2271.0,8,7.0,-101.30015159158766,2672.0,1113.0,104.0,10.966106838936264,0.13635743671797484,46.0,340.0,1
00-0037077,2022,1,19,11,169.0,1,1.0,-7.461784537902072,160.0,75.0,6.0,1.05625,0.040489636839130594,3.0,11.0,0
00-0037077,2023,17,612,388,3946.0,21,21.0,-103.66117762751851,4588.0,2019.0,180.0,14.574135232313122,0.8406159141069229,65.0,449.0,1
00-0037175,2022,2,49,22,302.0,0,2.0,-16.465219842051994,401.0,142.0,13.0,1.1271765483799867,-0.08538142132020432,5.0,14.0,0
00-0037238,2023,16,1,1,22.0,0,0.0,1.8440146018983796,12.0,10.0,1.0,1.8333333333333333,0.0,0.0,0.0,0
00-0037304,2023,11,1,0,0.0,0,0.0,-0.25261004906496964,-4.0,0.0,0.0,0.0,0.0,0.0,0.0,0
00-0037327,2022,7,105,60,534.0,1,3.0,-32.73230369350694,783.0,208.0,26.0,7.402623608682859,-0.16925463276125874,6.0,40.0,0
00-0037500,2022,2,2,1,13.0,0,0.0,-0.40921337925828993,21.0,0.0,1.0,1.0,0.0,0.0,0.0,0
00-0037740,2022,17,1,0,0.0,0,0.0,-0.4925385075621307,9.0,0.0,0.0,0.0,0.0,0.0,0.0,0
00-0037740,2023,17,1,0,0.0,0,0.0,-0.43348260154016316,10.0,0.0,0.0,0.0,0.0,0.0,0.0,0
00-0037834,2022,9,170,114,1374.0,13,4.0,36.553111985589894,1117.0,706.0,66.0,8.848278381181988,0.7136827140298911,11.0,84.0,0
00-0037834,2023,16,444,308,4280.0,31,11.0,143.75355856953541,3636.0,2034.0,192.0,19.584353695184085,3.482111351257425,28.0,153.0,0
00-0038102,2022,13,389,245,2404.0,7,9.0,-11.065706766791422,2957.0,1042.0,123.0,10.085240433097974,1.056545291431186,27.0,182.0,2
00-0038102,2023,12,324,201,2070.0,6,4.0,-40.24149194660611,2288.0,1046.0,91.0,11.478721148380666,0.6764083013342229,23.0,173.0,0
00-0038108,2022,4,92,65,781.0,5,3.0,7.685017908631561,624.0,384.0,37.0,4.978248583244836,0.4876484127222769,6.0,40.0,0
00-0038108,2023,10,212,127,1272.0,6,9.0,-81.79545271547397,1686.0,637.0,53.0,9.369872497106094,-0.0017343172240964905,25.0,191.0,0
00-0038122,2022,4,115,73,708.0,2,0.0,4.537197660166861,940.0,328.0,37.0,3.2588711233617387,0.17267620487372798,9.0,33.0,0
00-0038122,2023,15,388,249,2836.0,12,12.0,-33.3997411758443,3184.0,1222.0,136.0,13.844087279382423,0.972303679258689,31.0,197.0,2
00-0038128,2022,7,61,31,276.0,0,3.0,-38.837689051219954,498.0,144.0,11.0,3.4643828339082443,-0.027943816132636447,10.0,49.0,0
00-0038128,2023,2,5,4,74.0,0,0.0,-0.068276936013552,39.0,55.0,1.0,1.8974358974358974,0.14343563797791795,4.0,30.0,0
00-0038391,2023,2,1,1,37.0,0,0.0,2.1436268281540833,34.0,3.0,1.0,1.088235294117647,0.0,0.0,0.0,0
00-0038393,2023,15,1,1,14.0,0,0.0,0.8892822902998887,9.0,5.0,1.0,1.5555555555555556,0.0,0.0,0.0,0
00-0038416,2023,5,143,94,859.0,3,6.0,-25.4177472920779,814.0,498.0,48.0,6.7171536822171545,0.2318913856518391,5.0,35.0,0
00-0038476,2023,9,178,114,1101.0,8,3.0,-49.32223220494569,1149.0,583.0,46.0,9.881571799517314,0.11444606678181168,37.0,196.0,0
00-0038579,2023,11,343,213,2218.0,12,7.0,-16.852607789448424,2561.0,1063.0,107.0,9.940861615407023,0.7888871767982915,24.0,173.0,0
00-0038582,2023,6,21,12,62.0,0,2.0,-34.74954317265656,53.0,43.0,3.0,2.183673469387755,-0.031238263083239848,7.0,41.0,0
00-0038583,2023,7,112,60,440.0,1,4.0,-38.58013009677772,662.0,204.0,26.0,2.150558394820101,-0.04753168585347047,6.0,60.0,0
00-0038598,2023,3,20,13,168.0,0,1.0,-12.676042797437358,156.0,99.0,7.0,4.925432669253237,0.26149238543134823,4.0,28.0,0
00-0039150,2023,16,527,315,2877.0,11,10.0,-160.3264418747372,4009.0,1300.0,133.0,12.786641553355812,0.672251326242199,62.0,477.0,1
00-0039152,2023,9,255,149,1808.0,8,4.0,-13.88649083961092,2688.0,746.0,81.0,6.151852351224143,0.4620938848386986,28.0,185.0,1
00-0039163,2023,15,499,319,4108.0,23,5.0,64.82617261070857,4481.0,1762.0,188.0,13.869473191698857,1.6032857486000573,38.0,331.0,0
00-0039164,2023,4,84,50,577.0,3,1.0,4.587791287072113,676.0,297.0,31.0,5.912336329390823,0.22419444687600026,7.0,29.0,2
