gsis_id,player_display_name,season,week,team,opponent_team,att,cmp,yds,td,int,epa,passing_air_yards,passing_yards_after_catch,passing_first_downs,pacr,dakota,sacks,sack_yards
00-0019596,Tom Brady,2018,1,NE,HOU,39,26,277.0,3,1.0,8.182894,320.0,93.0,16.0,0.865625,0.1503198,2.0,10.0
00-0019596,Tom Brady,2018,2,NE,JAX,35,24,234.0,2,0.0,4.9456067,213.0,136.0,12.0,1.0985916,0.12877214,2.0,14.0
00-0019596,Tom Brady,2018,3,NE,DET,26,14,133.0,1,1.0,-10.869923,333.0,48.0,4.0,0.3993994,-0.008199486,2.0,13.0
00-0019596,Tom Brady,2018,4,NE,MIA,35,23,274.0,3,2.0,11.914713,279.0,181.0,13.0,0.98207885,0.21575052,0.0,-0.0
00-0019596,Tom Brady,2018,5,NE,IND,44,34,341.0,3,2.0,9.879805,285.0,167.0,18.0,1.1964912,0.16676106,0.0,-0.0
00-0019596,Tom Brady,2018,6,NE,KC,35,24,340.0,1,0.0,2.1071923,323.0,172.0,14.0,1.0526316,0.14269885,2.0,13.0
00-0019596,Tom Brady,2018,7,NE,CHI,36,25,277.0,3,1.0,14.7056055,235.0,132.0,15.0,1.1787235,0.19137011,1.0,4.0
00-0019596,Tom Brady,2018,8,NE,BUF,45,29,324.0,0,0.0,8.506986,343.0,132.0,15.0,0.9446064,0.1228071,2.0,13.0
00-0019596,Tom Brady,2018,9,NE,GB,35,22,294.0,1,0.0,0.21164952,266.0,159.0,12.0,1.1052631,0.061458815,2.0,21.0
00-0019596,Tom Brady,2018,10,NE,TEN,41,21,254.0,0,0.0,-3.9169464,354.0,118.0,12.0,0.7175141,-0.042353544,3.0,23.0
00-0019596,Tom Brady,2018,12,NE,NYJ,31,20,283.0,2,0.0,15.2407875,297.0,109.0,12.0,0.95286196,0.20684952,0.0,-0.0
00-0019596,Tom Brady,2018,13,NE,MIN,32,24,311.0,1,1.0,9.387926,123.0,228.0,14.0,2.5284553,0.1810938,0.0,-0.0
00-0019596,Tom Brady,2018,14,NE,MIA,43,27,358.0,3,0.0,19.845913,360.0,137.0,21.0,0.99444443,0.24511786,2.0,14.0
00-0019596,Tom Brady,2018,15,NE,PIT,36,25,279.0,1,1.0,1.6708169,334.0,129.0,9.0,0.83532935,0.10504807,1.0,7.0
00-0019596,Tom Brady,2018,16,NE,BUF,24,13,126.0,1,2.0,-12.241975,105.0,93.0,4.0,1.2,-0.055990156,1.0,9.0
00-0019596,Tom Brady,2018,17,NE,NYJ,33,24,250.0,4,0.0,12.980894,317.0,87.0,14.0,0.78864354,0.24838802,1.0,6.0
00-0019596,Tom Brady,2018,19,NE,LAC,44,34,343.0,1,0.0,13.96616,181.0,217.0,18.0,1.8950276,0.19954593,0.0,-0.0
00-0019596,Tom Brady,2018,20,NE,KC,46,30,348.0,1,2.0,12.540145,388.0,151.0,20.0,0.8969072,0.16078144,0.0,-0.0
00-0019596,Tom Brady,2018,21,NE,LA,35,21,262.0,0,1.0,-2.648325,268.0,126.0,12.0,0.97761196,-0.009087378,1.0,9.0
00-0020531,Drew Brees,2018,1,NO,TB,45,37,439.0,3,0.0,22.273556,348.0,167.0,19.0,1.2614943,0.2854841,1.0,7.0
00-0020531,Drew Brees,2018,2,NO,CLE,35,28,243.0,2,0.0,3.4693239,255.0,130.0,11.0,0.9529412,0.1500811,3.0,30.0
00-0020531,Drew Brees,2018,3,NO,ATL,49,39,396.0,3,0.0,19.166513,273.0,223.0,19.0,1.4505495,0.22327223,1.0,5.0
00-0020531,Drew Brees,2018,4,NO,NYG,32,18,217.0,0,0.0,5.212304,239.0,119.0,11.0,0.9079498,0.08031949,1.0,8.0
00-0020531,Drew Brees,2018,5,NO,WAS,29,26,363.0,3,0.0,24.540741,160.0,205.0,15.0,2.26875,0.39954457,2.0,14.0
00-0020531,Drew Brees,2018,7,NO,BAL,30,22,212.0,2,0.0,7.1350055,201.0,66.0,12.0,1.0547264,0.2661354,1.0,7.0
00-0020531,Drew Brees,2018,8,NO,MIN,23,18,120.0,1,1.0,1.0721145,53.0,78.0,8.0,2.2641509,0.08368104,0.0,-0.0
00-0020531,Drew Brees,2018,9,NO,LA,36,25,346.0,4,0.0,22.802752,340.0,152.0,19.0,1.017647,0.27576867,0.0,-0.0
00-0020531,Drew Brees,2018,10,NO,CIN,25,22,265.0,3,0.0,23.497215,141.0,142.0,13.0,1.8794327,0.46701905,0.0,-0.0
00-0020531,Drew Brees,2018,11,NO,PHI,30,22,363.0,4,0.0,28.463793,372.0,115.0,20.0,0.9758065,0.41215912,0.0,-0.0
00-0020531,Drew Brees,2018,12,NO,ATL,22,15,171.0,4,1.0,4.9056334,276.0,32.0,9.0,0.6195652,0.1819738,1.0,6.0
00-0020531,Drew Brees,2018,13,NO,DAL,28,18,127.0,1,1.0,-9.376036,113.0,74.0,6.0,1.1238939,-0.027677506,2.0,16.0
00-0020531,Drew Brees,2018,14,NO,TB,31,24,201.0,1,1.0,1.304712,193.0,66.0,13.0,1.0414507,0.15867884,1.0,3.0
00-0020531,Drew Brees,2018,15,NO,CAR,35,23,203.0,0,1.0,-4.6803055,214.0,97.0,8.0,0.94859815,0.01622953,2.0,12.0
00-0020531,Drew Brees,2018,16,NO,PIT,39,27,326.0,1,0.0,9.411634,324.0,161.0,16.0,1.0061729,0.18782867,2.0,13.0
00-0020531,Drew Brees,2018,19,NO,PHI,38,28,301.0,2,1.0,10.099556,372.0,133.0,14.0,0.8091398,0.16008511,2.0,18.0
00-0020531,Drew Brees,2018,20,NO,LA,40,26,249.0,2,1.0,1.3964533,241.0,136.0,12.0,1.033195,0.055194825,2.0,7.0
00-0021206,Josh McCown,2018,10,NYJ,BUF,34,17,135.0,0,2.0,-21.17874,185.0,106.0,7.0,0.7297297,-0.07052256,3.0,19.0
00-0021206,Josh McCown,2018,12,NYJ,NE,45,26,276.0,1,1.0,-3.5285647,365.0,130.0,12.0,0.7561644,0.04411656,2.0,12.0
00-0021206,Josh McCown,2018,13,NYJ,TEN,30,17,128.0,0,1.0,-6.8778477,250.0,72.0,8.0,0.512,-0.011786461,2.0,4.0
00-0021206,Josh McCown,2018,14,NYJ,BUF,1,0,0.0,0,0.0,-0.8017319,5.0,0.0,0.0,0.0,,0.0,-0.0
00-0022787,Matt Schaub,2018,5,ATL,PIT,7,5,20.0,0,0.0,-2.4365082,32.0,8.0,1.0,0.625,0.033951085,0.0,-0.0
00-0022803,Eli Manning,2018,1,NYG,JAX,37,23,224.0,0,1.0,-11.798196,249.0,86.0,8.0,0.8995984,-0.0006408732,2.0,14.0
00-0022803,Eli Manning,2018,2,NYG,DAL,44,33,279.0,1,0.0,-6.9303923,287.0,167.0,11.0,0.9721254,0.05924457,6.0,59.0
00-0022803,Eli Manning,2018,3,NYG,HOU,29,25,297.0,2,0.0,15.534742,171.0,171.0,16.0,1.7368422,0.29189897,4.0,32.0
00-0022803,Eli Manning,2018,4,NYG,NO,41,31,255.0,1,0.0,4.5942497,250.0,138.0,18.0,1.02,0.116113864,3.0,21.0
00-0022803,Eli Manning,2018,5,NYG,CAR,36,22,326.0,2,2.0,2.2565842,376.0,100.0,14.0,0.86702126,0.080884285,1.0,1.0
00-0022803,Eli Manning,2018,6,NYG,PHI,43,24,281.0,0,1.0,-15.449424,275.0,201.0,11.0,1.0218182,-0.017962394,4.0,27.0
00-0022803,Eli Manning,2018,7,NYG,ATL,38,27,399.0,1,0.0,11.863106,277.0,211.0,15.0,1.4404333,0.17961997,4.0,27.0
00-0022803,Eli Manning,2018,8,NYG,WAS,47,30,316.0,1,2.0,-8.635634,338.0,156.0,15.0,0.93491125,0.011221893,7.0,50.0
00-0022803,Eli Manning,2018,10,NYG,SF,31,19,188.0,3,0.0,5.5227623,273.0,81.0,10.0,0.6886447,0.14876902,1.0,8.0
00-0022803,Eli Manning,2018,11,NYG,TB,18,17,231.0,2,0.0,9.771985,138.0,115.0,10.0,1.673913,0.35192662,4.0,35.0
00-0022803,Eli Manning,2018,12,NYG,PHI,37,26,297.0,1,1.0,9.125022,337.0,133.0,14.0,0.88130563,0.16854073,2.0,21.0
00-0022803,Eli Manning,2018,13,NYG,CHI,35,19,170.0,1,1.0,-5.924723,233.0,74.0,12.0,0.7296137,-0.049824994,3.0,22.0
00-0022803,Eli Manning,2018,14,NYG,WAS,22,14,197.0,3,0.0,7.9348,118.0,129.0,11.0,1.6694915,0.1908863,2.0,22.0
00-0022803,Eli Manning,2018,15,NYG,TEN,44,21,229.0,0,1.0,-11.655018,347.0,68.0,12.0,0.6599424,-0.0636677,3.0,16.0
00-0022803,Eli Manning,2018,16,NYG,IND,33,25,309.0,1,1.0,18.503647,224.0,161.0,17.0,1.3794643,0.2856302,0.0,-0.0
00-0022803,Eli Manning,2018,17,NYG,DAL,41,24,301.0,2,1.0,3.1198323,336.0,171.0,12.0,0.8958333,0.067927115,1.0,3.0
00-0022921,Larry Fitzgerald,2018,16,ARI,LA,1,1,32.0,1,0.0,3.0880427,28.0,4.0,1.0,1.1428572,,0.0,-0.0
00-0022924,Ben Roethlisberger,2018,1,PIT,CLE,41,23,335.0,1,3.0,-6.6874714,382.0,213.0,17.0,0.8769634,-0.021597028,4.0,22.0
00-0022924,Ben Roethlisberger,2018,2,PIT,KC,60,39,452.0,3,0.0,14.082606,537.0,266.0,25.0,0.84171325,0.16240487,1.0,10.0
00-0022924,Ben Roethlisberger,2018,3,PIT,TB,38,30,353.0,3,1.0,12.520667,267.0,213.0,16.0,1.3220974,0.23630758,3.0,18.0
00-0022924,Ben Roethlisberger,2018,4,PIT,BAL,47,27,274.0,1,1.0,-6.904338,332.0,141.0,12.0,0.82530123,-0.02938852,1.0,9.0
00-0022924,Ben Roethlisberger,2018,5,PIT,ATL,29,19,250.0,3,1.0,10.397446,234.0,127.0,11.0,1.0683761,0.24735858,0.0,-0.0
00-0022924,Ben Roethlisberger,2018,6,PIT,CIN,46,32,369.0,1,0.0,19.04877,401.0,204.0,16.0,0.9201995,0.20168638,0.0,-0.0
00-0022924,Ben Roethlisberger,2018,8,PIT,CLE,36,24,257.0,2,1.0,7.9516973,291.0,120.0,14.0,0.8831615,0.17059484,1.0,4.0
00-0022924,Ben Roethlisberger,2018,9,PIT,BAL,47,28,270.0,2,0.0,16.71854,298.0,149.0,17.0,0.90604025,0.12570724,1.0,10.0
00-0022924,Ben Roethlisberger,2018,10,PIT,CAR,25,22,328.0,5,0.0,27.658562,129.0,225.0,14.0,2.5426357,0.48272985,1.0,6.0
00-0022924,Ben Roethlisberger,2018,11,PIT,JAX,47,27,314.0,2,3.0,-7.5653358,387.0,139.0,10.0,0.81136954,-0.0024801325,2.0,17.0
00-0022924,Ben Roethlisberger,2018,12,PIT,DEN,56,41,462.0,1,2.0,11.286953,395.0,240.0,18.0,1.1696203,0.14707243,2.0,12.0
00-0022924,Ben Roethlisberger,2018,13,PIT,LAC,45,29,281.0,2,1.0,5.876179,376.0,108.0,15.0,0.74734044,0.101746105,1.0,10.0
00-0022924,Ben Roethlisberger,2018,14,PIT,LV,29,25,282.0,2,0.0,21.627844,137.0,191.0,16.0,2.0583942,0.37860274,1.0,6.0
00-0022924,Ben Roethlisberger,2018,15,PIT,NE,34,22,235.0,2,2.0,3.9538565,369.0,84.0,13.0,0.6368564,0.14988716,2.0,17.0
00-0022924,Ben Roethlisberger,2018,16,PIT,NO,50,33,380.0,3,0.0,16.101086,461.0,170.0,21.0,0.824295,0.1892824,3.0,16.0
00-0022924,Ben Roethlisberger,2018,17,PIT,CIN,45,31,287.0,1,1.0,-3.2208767,258.0,212.0,13.0,1.1124032,0.041531876,1.0,9.0
00-0022942,Philip Rivers,2018,1,LAC,KC,51,34,424.0,3,1.0,16.011957,483.0,249.0,23.0,0.8778468,0.17469384,1.0,6.0
00-0022942,Philip Rivers,2018,2,LAC,BUF,27,23,256.0,3,0.0,17.62978,101.0,157.0,16.0,2.5346534,0.30108207,2.0,16.0
00-0022942,Philip Rivers,2018,3,LAC,LA,30,18,226.0,2,0.0,9.175172,276.0,89.0,9.0,0.81884056,0.14633591,1.0,4.0
00-0022942,Philip Rivers,2018,4,LAC,SF,39,25,250.0,3,1.0,-2.1030402,261.0,111.0,14.0,0.9578544,0.071819134,1.0,8.0
00-0022942,Philip Rivers,2018,5,LAC,LV,27,22,339.0,2,0.0,19.144842,185.0,194.0,13.0,1.8324324,0.32834205,1.0,6.0
00-0022942,Philip Rivers,2018,6,LAC,CLE,20,11,207.0,2,1.0,4.576884,238.0,57.0,7.0,0.8697479,0.10965328,1.0,12.0
00-0022942,Philip Rivers,2018,7,LAC,TEN,26,19,306.0,2,0.0,15.844671,219.0,140.0,12.0,1.3972603,0.30990493,2.0,9.0
00-0022942,Philip Rivers,2018,9,LAC,SEA,26,13,228.0,2,0.0,7.5010915,288.0,93.0,11.0,0.7916667,0.07214653,2.0,13.0
00-0022942,Philip Rivers,2018,10,LAC,LV,26,18,223.0,2,1.0,7.1310244,233.0,120.0,8.0,0.95708156,0.19041091,1.0,1.0
00-0022942,Philip Rivers,2018,11,LAC,DEN,43,28,401.0,2,2.0,14.037894,333.0,222.0,18.0,1.2042042,0.15671119,3.0,17.0
00-0022942,Philip Rivers,2018,12,LAC,ARI,29,28,259.0,3,0.0,13.509012,119.0,142.0,17.0,2.1764705,0.32902926,4.0,23.0
00-0022942,Philip Rivers,2018,13,LAC,PIT,36,26,299.0,2,0.0,16.176048,241.0,131.0,17.0,1.2406639,0.21188241,2.0,13.0
00-0022942,Philip Rivers,2018,14,LAC,CIN,29,19,220.0,1,0.0,3.607113,238.0,104.0,10.0,0.92436975,0.098255984,2.0,17.0
00-0022942,Philip Rivers,2018,15,LAC,KC,38,26,313.0,2,2.0,5.574528,321.0,116.0,18.0,0.97507787,0.18225941,5.0,25.0
00-0022942,Philip Rivers,2018,16,LAC,BAL,37,23,181.0,0,2.0,-10.293822,222.0,116.0,10.0,0.8153153,-0.013974676,4.0,34.0
00-0022942,Philip Rivers,2018,17,LAC,DEN,24,14,176.0,1,2.0,0.20349851,190.0,78.0,10.0,0.9263158,0.0023762225,0.0,-0.0
00-0022942,Philip Rivers,2018,18,LAC,BAL,32,22,160.0,0,0.0,-2.4591353,195.0,90.0,8.0,0.82051283,0.09618822,1.0,6.0
00-0022942,Philip Rivers,2018,19,LAC,NE,51,25,331.0,3,1.0,8.694374,577.0,127.0,16.0,0.57365686,0.09091361,2.0,15.0
00-0023436,Alex Smith,2018,1,WAS,ARI,30,21,255.0,2,0.0,13.331767,101.0,180.0,13.0,2.5247524,0.1821727,3.0,8.0
00-0023436,Alex Smith,2018,2,WAS,IND,46,33,292.0,0,0.0,-0.40867138,326.0,122.0,16.0,0.8957055,0.08821106,3.0,23.0
00-0023436,Alex Smith,2018,3,WAS,GB,20,12,220.0,2,1.0,6.010858,202.0,101.0,7.0,1.089109,0.16648,0.0,-0.0
00-0023436,Alex Smith,2018,5,WAS,NO,39,23,275.0,0,1.0,-9.35879,355.0,119.0,12.0,0.7746479,0.015208797,3.0,31.0
00-0023436,Alex Smith,2018,6,WAS,CAR,36,21,163.0,2,0.0,-7.925809,260.0,44.0,10.0,0.6269231,0.0073307655,3.0,7.0
00-0023436,Alex Smith,2018,7,WAS,DAL,25,14,178.0,1,0.0,6.7342577,280.0,81.0,8.0,0.6357143,0.059300706,1.0,3.0
00-0023436,Alex Smith,2018,8,WAS,NYG,32,20,178.0,1,0.0,4.6921253,235.0,93.0,10.0,0.7574468,0.09021525,0.0,-0.0
00-0023436,Alex Smith,2018,9,WAS,ATL,46,30,306.0,1,1.0,-1.8825018,386.0,127.0,15.0,0.7927461,0.021159159,3.0,19.0
00-0023436,Alex Smith,2018,10,WAS,TB,27,19,178.0,1,0.0,2.2854452,226.0,54.0,7.0,0.7876106,0.13036895,3.0,8.0
00-0023436,Alex Smith,2018,11,WAS,HOU,27,12,135.0,0,2.0,-20.095694,279.0,54.0,8.0,0.48387095,-0.06262937,3.0,22.0
00-0023459,Aaron Rodgers,2018,1,GB,CHI,30,20,286.0,3,0.0,9.927506,285.0,159.0,11.0,1.0035088,0.17096186,2.0,19.0
00-0023459,Aaron Rodgers,2018,2,GB,MIN,42,30,281.0,1,0.0,1.5708182,300.0,123.0,11.0,0.93666667,0.102744244,4.0,28.0
00-0023459,Aaron Rodgers,2018,3,GB,WAS,44,27,265.0,2,0.0,-5.2512136,328.0,166.0,11.0,0.80792683,0.009515321,4.0,25.0
00-0023459,Aaron Rodgers,2018,4,GB,BUF,40,22,298.0,1,1.0,-1.598061,423.0,144.0,12.0,0.70449173,0.0053715594,2.0,16.0
00-0023459,Aaron Rodgers,2018,5,GB,DET,52,32,442.0,3,0.0,10.075271,456.0,189.0,23.0,0.96929824,0.12939069,4.0,19.0
00-0023459,Aaron Rodgers,2018,6,GB,SF,46,25,425.0,2,0.0,5.712886,379.0,218.0,17.0,1.121372,0.07346647,3.0,20.0
00-0023459,Aaron Rodgers,2018,8,GB,LA,30,18,286.0,1,0.0,6.35249,257.0,116.0,11.0,1.1128404,0.08471103,3.0,33.0
00-0023459,Aaron Rodgers,2018,9,GB,NE,43,24,259.0,2,0.0,5.339623,397.0,102.0,14.0,0.6523929,0.0799278,1.0,9.0
00-0023459,Aaron Rodgers,2018,10,GB,MIA,28,19,199.0,2,0.0,1.4339098,193.0,110.0,11.0,1.0310881,0.11199757,2.0,17.0
00-0023459,Aaron Rodgers,2018,11,GB,SEA,30,21,332.0,2,0.0,9.012908,347.0,134.0,11.0,0.9567723,0.18935262,5.0,21.0
00-0023459,Aaron Rodgers,2018,12,GB,MIN,28,17,198.0,1,0.0,-4.144518,289.0,66.0,8.0,0.6851211,0.012839484,4.0,26.0
00-0023459,Aaron Rodgers,2018,13,GB,ARI,50,31,233.0,1,0.0,2.5203273,424.0,124.0,15.0,0.5495283,0.05923913,1.0,6.0
00-0023459,Aaron Rodgers,2018,14,GB,ATL,32,21,196.0,2,0.0,2.7931488,273.0,78.0,11.0,0.71794873,0.110208005,4.0,34.0
00-0023459,Aaron Rodgers,2018,15,GB,CHI,42,25,274.0,0,1.0,-2.2778263,465.0,142.0,15.0,0.5892473,0.043828014,5.0,39.0
00-0023459,Aaron Rodgers,2018,16,GB,NYJ,55,37,442.0,2,0.0,15.912008,383.0,246.0,19.0,1.154047,0.20479564,4.0,29.0
00-0023459,Aaron Rodgers,2018,17,GB,DET,5,3,26.0,0,0.0,-4.5611796,42.0,17.0,0.0,0.61904764,0.06411948,1.0,12.0
00-0023645,Derek Anderson,2018,7,BUF,IND,31,20,175.0,0,3.0,-22.780098,208.0,51.0,9.0,0.84134614,0.008217049,2.0,7.0
00-0023645,Derek Anderson,2018,8,BUF,NE,39,22,290.0,0,1.0,-15.817689,410.0,123.0,13.0,0.70731705,0.010224826,3.0,26.0
00-0023662,Matt Cassel,2018,1,DET,NYJ,6,2,14.0,0,1.0,-8.034381,49.0,4.0,0.0,0.2857143,-0.14438929,0.0,-0.0
00-0023662,Matt Cassel,2018,16,DET,MIN,11,5,45.0,0,0.0,-7.9325986,75.0,25.0,2.0,0.6,-0.09063796,1.0,13.0
00-0023682,Ryan Fitzpatrick,2018,1,TB,NO,28,21,417.0,4,0.0,29.170437,341.0,130.0,17.0,1.2228739,0.38468844,0.0,-0.0
00-0023682,Ryan Fitzpatrick,2018,2,TB,PHI,33,27,402.0,4,1.0,19.270699,318.0,159.0,17.0,1.264151,0.33965588,2.0,9.0
00-0023682,Ryan Fitzpatrick,2018,3,TB,PIT,50,30,411.0,3,3.0,5.485201,556.0,121.0,22.0,0.73920864,0.12059422,3.0,19.0
00-0023682,Ryan Fitzpatrick,2018,4,TB,CHI,18,9,126.0,0,1.0,-6.2309117,195.0,45.0,3.0,0.64615387,-0.05218256,2.0,9.0
00-0023682,Ryan Fitzpatrick,2018,8,TB,CIN,15,11,194.0,2,0.0,12.91099,190.0,65.0,7.0,1.0210526,0.32490414,1.0,-0.0
00-0023682,Ryan Fitzpatrick,2018,9,TB,CAR,40,24,243.0,4,2.0,6.551598,353.0,108.0,17.0,0.68838525,0.10816415,3.0,24.0
00-0023682,Ryan Fitzpatrick,2018,10,TB,WAS,41,29,406.0,0,2.0,0.5852679,431.0,168.0,22.0,0.9419954,0.13382347,2.0,8.0
00-0023682,Ryan Fitzpatrick,2018,11,TB,NYG,21,13,167.0,0,3.0,-8.175059,162.0,78.0,8.0,1.0308642,0.012049808,1.0,7.0
00-0023853,Matt Prater,2018,17,DET,GB,1,1,8.0,1,0.0,4.0709276,8.0,0.0,1.0,1.0,,0.0,-0.0
00-0024417,Sam Koch,2018,13,BAL,ATL,1,1,21.0,0,0.0,4.4907236,19.0,2.0,1.0,1.1052631,,0.0,-0.0
00-0026035,Danny Amendola,2018,8,MIA,HOU,1,1,28.0,1,0.0,2.5017896,25.0,3.0,1.0,1.12,,0.0,-0.0
00-0026143,Matt Ryan,2018,1,ATL,PHI,43,21,251.0,0,1.0,-11.715434,380.0,92.0,9.0,0.66052634,-0.011458652,4.0,26.0
00-0026143,Matt Ryan,2018,2,ATL,CAR,28,23,272.0,2,1.0,13.1881895,293.0,133.0,12.0,0.9283276,0.32445946,0.0,-0.0
00-0026143,Matt Ryan,2018,3,ATL,NO,35,26,374.0,5,0.0,19.785025,308.0,152.0,19.0,1.2142857,0.27849552,3.0,15.0
00-0026143,Matt Ryan,2018,4,ATL,CIN,39,29,419.0,3,0.0,17.905077,430.0,163.0,20.0,0.9744186,0.26144475,3.0,16.0
00-0026143,Matt Ryan,2018,5,ATL,PIT,38,26,285.0,1,0.0,-1.7651162,327.0,156.0,13.0,0.8715596,0.09279455,6.0,43.0
00-0026143,Matt Ryan,2018,6,ATL,TB,41,31,355.0,3,0.0,16.450903,395.0,132.0,19.0,0.89873415,0.25466368,1.0,8.0
00-0026143,Matt Ryan,2018,7,ATL,NYG,39,31,379.0,1,0.0,17.436865,305.0,148.0,15.0,1.242623,0.29637563,3.0,23.0
00-0026143,Matt Ryan,2018,9,ATL,WAS,38,26,350.0,4,1.0,18.92377,235.0,238.0,17.0,1.4893616,0.21535866,2.0,13.0
00-0026143,Matt Ryan,2018,10,ATL,CLE,52,38,330.0,2,0.0,9.410036,248.0,145.0,19.0,1.3306452,0.1289374,2.0,19.0
00-0026143,Matt Ryan,2018,11,ATL,DAL,34,24,291.0,1,1.0,0.626415,332.0,123.0,13.0,0.87650603,0.10079908,3.0,17.0
00-0026143,Matt Ryan,2018,12,ATL,NO,47,35,377.0,2,1.0,4.573647,401.0,143.0,18.0,0.9401496,0.18048057,6.0,37.0
00-0026143,Matt Ryan,2018,13,ATL,BAL,26,16,131.0,1,0.0,-12.8366995,275.0,47.0,6.0,0.47636363,0.011240081,3.0,34.0
00-0026143,Matt Ryan,2018,14,ATL,GB,42,28,262.0,3,1.0,6.577108,353.0,106.0,16.0,0.7422096,0.09542179,2.0,25.0
00-0026143,Matt Ryan,2018,15,ATL,ARI,36,22,231.0,2,0.0,3.5566347,247.0,93.0,14.0,0.9352227,0.040395003,2.0,11.0
00-0026143,Matt Ryan,2018,16,ATL,CAR,26,15,239.0,3,0.0,6.0817447,293.0,111.0,8.0,0.81569964,0.12536256,1.0,6.0
00-0026143,Matt Ryan,2018,17,ATL,TB,44,31,378.0,2,1.0,14.26247,379.0,151.0,18.0,0.9973615,0.21602586,1.0,3.0
00-0026158,Joe Flacco,2018,1,BAL,BUF,34,25,236.0,3,0.0,9.93133,205.0,93.0,12.0,1.1512195,0.1517672,1.0,-0.0
00-0026158,Joe Flacco,2018,2,BAL,CIN,55,32,376.0,2,2.0,-8.071407,509.0,147.0,20.0,0.7387033,0.02227722,4.0,17.0
00-0026158,Joe Flacco,2018,3,BAL,DEN,40,25,277.0,1,0.0,6.8751802,365.0,97.0,13.0,0.7589041,0.11136911,2.0,12.0
00-0026158,Joe Flacco,2018,4,BAL,PIT,42,28,363.0,2,0.0,11.536174,387.0,155.0,17.0,0.93798447,0.16346768,2.0,8.0
00-0026158,Joe Flacco,2018,5,BAL,CLE,56,29,298.0,0,1.0,-10.237718,448.0,176.0,14.0,0.6651786,-0.03609817,2.0,4.0
00-0026158,Joe Flacco,2018,6,BAL,TEN,37,25,238.0,1,1.0,10.215831,343.0,73.0,13.0,0.6938776,0.16198361,0.0,-0.0
00-0026158,Joe Flacco,2018,7,BAL,NO,39,23,279.0,2,0.0,7.772041,333.0,110.0,15.0,0.8378378,0.13562268,1.0,10.0
00-0026158,Joe Flacco,2018,8,BAL,CAR,39,22,192.0,1,2.0,-6.4793696,366.0,91.0,9.0,0.52459013,-0.0071234577,2.0,14.0
00-0026158,Joe Flacco,2018,9,BAL,PIT,37,23,206.0,0,0.0,-2.3622777,281.0,73.0,9.0,0.73309606,0.052697558,2.0,14.0
00-0026197,Chad Henne,2018,17,KC,LV,3,2,29.0,0,0.0,0.37695605,18.0,15.0,2.0,1.6111112,,0.0,-0.0
00-0026300,Josh Johnson,2018,14,WAS,NYG,16,11,195.0,1,1.0,6.4922576,100.0,139.0,5.0,1.95,0.17769045,0.0,-0.0
00-0026300,Josh Johnson,2018,15,WAS,JAX,25,16,151.0,1,0.0,2.6624575,211.0,69.0,10.0,0.7156398,0.12192093,3.0,15.0
00-0026300,Josh Johnson,2018,16,WAS,TEN,23,13,153.0,1,2.0,-2.7843633,271.0,62.0,9.0,0.5645757,0.047893785,2.0,22.0
00-0026300,Josh Johnson,2018,17,WAS,PHI,27,12,91.0,0,1.0,-18.604551,257.0,32.0,5.0,0.3540856,-0.06593889,4.0,30.0
00-0026498,Matthew Stafford,2018,1,DET,NYJ,46,27,286.0,1,4.0,-15.735497,354.0,140.0,15.0,0.8079096,-0.039701212,0.0,-0.0
00-0026498,Matthew Stafford,2018,2,DET,SF,53,34,347.0,3,0.0,7.738284,460.0,187.0,17.0,0.7543478,0.108058155,2.0,18.0
00-0026498,Matthew Stafford,2018,3,DET,NE,36,27,262.0,2,1.0,5.894612,194.0,145.0,16.0,1.3505155,0.108821236,1.0,7.0
00-0026498,Matthew Stafford,2018,4,DET,DAL,30,24,307.0,2,0.0,16.562645,227.0,157.0,14.0,1.352423,0.28222525,3.0,21.0
00-0026498,Matthew Stafford,2018,5,DET,GB,26,14,183.0,2,0.0,7.110421,234.0,104.0,9.0,0.78205127,0.02331232,3.0,13.0
00-0026498,Matthew Stafford,2018,7,DET,MIA,22,18,217.0,2,0.0,14.11191,140.0,114.0,10.0,1.55,0.34981027,1.0,8.0
00-0026498,Matthew Stafford,2018,8,DET,SEA,40,27,310.0,2,1.0,1.8703976,289.0,164.0,17.0,1.0726644,0.106145404,3.0,13.0
00-0026498,Matthew Stafford,2018,9,DET,MIN,36,25,199.0,0,0.0,-8.947344,170.0,116.0,13.0,1.1705883,0.04087442,10.0,56.0
00-0026498,Matthew Stafford,2018,10,DET,CHI,42,25,274.0,2,2.0,-2.9376025,348.0,155.0,14.0,0.7873563,0.03396857,6.0,45.0
00-0026498,Matthew Stafford,2018,11,DET,CAR,37,23,220.0,1,0.0,3.008934,223.0,128.0,11.0,0.9865471,0.02003566,1.0,5.0
00-0026498,Matthew Stafford,2018,12,DET,CHI,38,28,236.0,0,2.0,-11.252781,146.0,154.0,12.0,1.6164384,0.02407812,2.0,14.0
00-0026498,Matthew Stafford,2018,13,DET,LA,33,20,245.0,1,1.0,-8.854255,269.0,108.0,14.0,0.91078067,-0.003995719,4.0,37.0
00-0026498,Matthew Stafford,2018,14,DET,ARI,23,15,101.0,0,0.0,-5.5866103,149.0,74.0,6.0,0.67785233,-0.0059910617,1.0,5.0
00-0026498,Matthew Stafford,2018,15,DET,BUF,29,22,208.0,1,0.0,3.1443608,197.0,64.0,7.0,1.0558375,0.15092707,0.0,-0.0
00-0026498,Matthew Stafford,2018,16,DET,MIN,32,18,116.0,0,0.0,-13.389878,231.0,68.0,8.0,0.5021645,-0.048132144,2.0,11.0
00-0026498,Matthew Stafford,2018,17,DET,GB,32,20,266.0,2,0.0,17.518835,205.0,152.0,15.0,1.2975609,0.20422345,1.0,2.0
00-0026544,Chase Daniel,2018,12,CHI,DET,37,27,230.0,2,0.0,2.239596,286.0,78.0,12.0,0.8041958,0.09271716,4.0,12.0
00-0026544,Chase Daniel,2018,13,CHI,NYG,39,26,285.0,1,2.0,-7.066628,362.0,90.0,12.0,0.78729284,0.04389908,5.0,28.0
00-0026625,Brian Hoyer,2018,10,NE,TEN,1,1,7.0,0,0.0,-0.1665414,-3.0,10.0,0.0,0.0,,0.0,-0.0
00-0026625,Brian Hoyer,2018,16,NE,BUF,1,0,0.0,0,0.0,-2.8353965,7.0,0.0,0.0,0.0,,0.0,-0.0
00-0026898,Mark Sanchez,2018,13,WAS,PHI,21,13,100.0,0,1.0,-8.601169,140.0,67.0,3.0,0.71428573,0.012032401,2.0,13.0
00-0026898,Mark Sanchez,2018,14,WAS,NYG,14,6,38.0,0,2.0,-23.08641,80.0,20.0,0.0,0.475,-0.09712142,5.0,29.0
00-0027150,Julian Edelman,2018,9,NE,GB,1,1,37.0,0,0.0,3.3957908,-2.0,39.0,1.0,0.0,,0.0,-0.0
00-0027150,Julian Edelman,2018,10,NE,TEN,1,1,6.0,0,0.0,-0.22058557,0.0,6.0,0.0,0.0,,0.0,-0.0
00-0027685,Emmanuel Sanders,2018,7,DEN,ARI,1,1,28.0,1,0.0,2.5614738,28.0,0.0,1.0,1.0,,0.0,-0.0
00-0027688,Colt McCoy,2018,11,WAS,HOU,12,6,54.0,1,0.0,-0.9731297,135.0,18.0,4.0,0.4,0.12064986,2.0,13.0
00-0027688,Colt McCoy,2018,12,WAS,DAL,38,24,268.0,2,3.0,-5.2889876,324.0,103.0,12.0,0.8271605,0.018346462,3.0,17.0
00-0027688,Colt McCoy,2018,13,WAS,PHI,4,4,50.0,0,0.0,0.30039123,20.0,30.0,1.0,2.5,,1.0,6.0
00-0027793,Antonio Brown,2018,12,PIT,DEN,1,0,0.0,0,0.0,-0.45709214,12.0,0.0,0.0,0.0,,0.0,-0.0
00-0027854,Sam Bradford,2018,1,ARI,WAS,34,20,153.0,0,1.0,-13.88566,208.0,66.0,6.0,0.7355769,-0.03856741,2.0,8.0
00-0027854,Sam Bradford,2018,2,ARI,LA,27,17,90.0,0,1.0,-13.068715,133.0,49.0,4.0,0.6766917,0.0019408354,1.0,7.0
00-0027854,Sam Bradford,2018,3,ARI,CHI,19,13,157.0,2,2.0,-4.122016,171.0,77.0,6.0,0.91812867,0.034847222,3.0,18.0
00-0027939,Cam Newton,2018,1,CAR,DAL,26,17,161.0,0,0.0,-0.6709657,155.0,89.0,9.0,1.0387096,0.038512226,3.0,15.0
00-0027939,Cam Newton,2018,2,CAR,ATL,45,32,335.0,3,1.0,2.6363373,324.0,183.0,20.0,1.0339506,0.12192222,2.0,17.0
00-0027939,Cam Newton,2018,3,CAR,CIN,24,15,150.0,2,0.0,4.083778,218.0,63.0,10.0,0.6880734,0.08922287,1.0,3.0
00-0027939,Cam Newton,2018,5,CAR,NYG,35,21,237.0,2,2.0,-2.1175563,313.0,136.0,12.0,0.7571885,0.077828765,1.0,5.0
00-0027939,Cam Newton,2018,6,CAR,WAS,40,27,275.0,2,1.0,7.4485483,306.0,121.0,15.0,0.8986928,0.14583836,1.0,6.0
00-0027939,Cam Newton,2018,7,CAR,PHI,39,25,269.0,2,0.0,6.606428,282.0,138.0,13.0,0.9539007,0.13424014,2.0,19.0
00-0027939,Cam Newton,2018,8,CAR,BAL,29,21,219.0,2,0.0,10.860529,190.0,71.0,13.0,1.1526315,0.22345363,0.0,-0.0
00-0027939,Cam Newton,2018,9,CAR,TB,25,19,247.0,2,0.0,8.597569,183.0,127.0,11.0,1.3497268,0.18251921,2.0,19.0
00-0027939,Cam Newton,2018,10,CAR,PIT,29,23,193.0,2,1.0,-4.6398616,152.0,106.0,12.0,1.2697369,0.10723732,5.0,46.0
00-0027939,Cam Newton,2018,11,CAR,DET,37,25,357.0,3,1.0,13.977297,339.0,183.0,16.0,1.0530974,0.17225048,3.0,26.0
00-0027939,Cam Newton,2018,12,CAR,SEA,30,25,256.0,2,1.0,8.475517,141.0,166.0,13.0,1.8156028,0.24254529,0.0,-0.0
00-0027939,Cam Newton,2018,13,CAR,TB,41,28,300.0,2,4.0,-9.98324,370.0,145.0,17.0,0.8108108,0.050536226,4.0,24.0
00-0027939,Cam Newton,2018,14,CAR,CLE,42,26,265.0,0,1.0,-1.6208183,252.0,149.0,13.0,1.0515873,0.030706307,1.0,1.0
00-0027939,Cam Newton,2018,15,CAR,NO,29,16,131.0,0,1.0,-11.520204,155.0,66.0,6.0,0.8451613,-0.048586775,4.0,32.0
00-0027948,Blaine Gabbert,2018,1,TEN,MIA,22,11,117.0,0,1.0,-6.9512734,140.0,60.0,8.0,0.8357143,-0.087449655,0.0,-0.0
00-0027948,Blaine Gabbert,2018,2,TEN,HOU,20,13,117.0,1,0.0,-0.5225281,108.0,69.0,6.0,1.0833334,0.033910364,1.0,8.0
00-0027948,Blaine Gabbert,2018,3,TEN,JAX,3,1,8.0,0,0.0,-3.6440115,23.0,0.0,1.0,0.3478261,,2.0,17.0
00-0027948,Blaine Gabbert,2018,11,TEN,IND,16,11,118.0,1,1.0,0.41784355,106.0,36.0,6.0,1.1132076,0.070905805,1.0,8.0
00-0027948,Blaine Gabbert,2018,16,TEN,WAS,11,7,101.0,1,0.0,2.7666645,108.0,33.0,5.0,0.9351852,0.20137009,1.0,4.0
00-0027948,Blaine Gabbert,2018,17,TEN,IND,29,18,165.0,1,2.0,-15.34206,225.0,103.0,6.0,0.73333335,-0.0026184195,0.0,-0.0
00-0027973,Andy Dalton,2018,1,CIN,IND,28,21,243.0,2,1.0,2.677497,139.0,139.0,11.0,1.7482015,0.18635465,2.0,14.0
00-0027973,Andy Dalton,2018,2,CIN,BAL,42,24,265.0,4,0.0,9.404592,257.0,137.0,14.0,1.0311284,0.10959375,0.0,-0.0
00-0027973,Andy Dalton,2018,3,CIN,CAR,46,29,352.0,2,4.0,3.4022253,444.0,103.0,18.0,0.7927928,0.09179212,2.0,22.0
00-0027973,Andy Dalton,2018,4,CIN,ATL,41,29,337.0,3,1.0,16.202278,285.0,186.0,20.0,1.1824561,0.1812718,3.0,29.0
00-0027973,Andy Dalton,2018,5,CIN,MIA,30,20,248.0,1,1.0,1.4994522,248.0,107.0,12.0,1.0,0.077692196,2.0,19.0
00-0027973,Andy Dalton,2018,6,CIN,PIT,42,26,229.0,2,0.0,4.6255074,406.0,39.0,13.0,0.5640394,0.07727821,3.0,16.0
00-0027973,Andy Dalton,2018,7,CIN,KC,29,15,148.0,1,1.0,-11.209622,248.0,59.0,7.0,0.5967742,-0.03530992,2.0,13.0
00-0027973,Andy Dalton,2018,8,CIN,TB,34,21,280.0,2,0.0,9.821559,309.0,102.0,13.0,0.90614885,0.12643372,2.0,16.0
00-0027973,Andy Dalton,2018,10,CIN,NO,20,12,153.0,1,2.0,-14.5920725,147.0,116.0,8.0,1.0408163,0.014461894,4.0,24.0
00-0027973,Andy Dalton,2018,11,CIN,BAL,36,19,211.0,2,0.0,3.6911542,316.0,108.0,10.0,0.6677215,0.040749907,1.0,4.0
00-0027973,Andy Dalton,2018,12,CIN,CLE,17,10,100.0,1,1.0,1.854455,148.0,46.0,6.0,0.6756757,0.054901417,0.0,-0.0
00-0028118,Tyrod Taylor,2018,1,CLE,PIT,40,15,197.0,1,1.0,-18.477764,413.0,74.0,6.0,0.47699758,-0.08641461,7.0,47.0
00-0028118,Tyrod Taylor,2018,2,CLE,NO,30,22,246.0,1,1.0,-0.6375168,238.0,97.0,10.0,1.0336134,0.1257192,3.0,12.0
00-0028118,Tyrod Taylor,2018,3,CLE,NYJ,14,4,19.0,0,0.0,-11.897219,198.0,13.0,1.0,0.0959596,-0.09084303,3.0,22.0
00-0028118,Tyrod Taylor,2018,9,CLE,KC,1,1,11.0,0,0.0,2.6865234,-3.0,14.0,0.0,0.0,,0.0,-0.0
00-0028872,Johnny Hekker,2018,4,LA,MIN,1,0,0.0,0,0.0,-2.717895,36.0,0.0,0.0,0.0,,0.0,-0.0
00-0028872,Johnny Hekker,2018,8,LA,GB,1,1,12.0,0,0.0,3.147208,6.0,6.0,1.0,2.0,,0.0,-0.0
00-0028872,Johnny Hekker,2018,14,LA,CHI,1,1,7.0,0,0.0,2.5491984,2.0,5.0,1.0,3.5,,0.0,-0.0
00-0028872,Johnny Hekker,2018,15,LA,PHI,1,0,0.0,0,0.0,-2.925404,7.0,0.0,0.0,0.0,,0.0,-0.0
00-0028872,Johnny Hekker,2018,20,LA,NO,1,1,12.0,0,0.0,3.3471262,3.0,9.0,1.0,4.0,,0.0,-0.0
00-0028986,Case Keenum,2018,1,DEN,SEA,39,25,329.0,3,3.0,-3.8372416,366.0,174.0,15.0,0.8989071,0.04648415,1.0,5.0
00-0028986,Case Keenum,2018,2,DEN,LV,35,19,222.0,0,1.0,-0.7741718,339.0,83.0,9.0,0.65486723,0.022345576,1.0,5.0
00-0028986,Case Keenum,2018,3,DEN,BAL,34,22,192.0,0,1.0,-7.077342,183.0,72.0,8.0,1.0491803,0.009783134,3.0,19.0
00-0028986,Case Keenum,2018,4,DEN,KC,33,21,245.0,0,1.0,-5.36859,282.0,96.0,10.0,0.8687943,0.029654229,4.0,19.0
00-0028986,Case Keenum,2018,5,DEN,NYJ,51,35,377.0,2,1.0,-0.55378693,330.0,196.0,19.0,1.1424242,0.0407645,4.0,33.0
00-0028986,Case Keenum,2018,6,DEN,LA,41,25,322.0,2,1.0,-0.17942701,355.0,127.0,14.0,0.90704226,0.047178935,2.0,25.0
00-0028986,Case Keenum,2018,7,DEN,ARI,21,14,161.0,1,1.0,-0.7603312,167.0,81.0,7.0,0.96407187,0.120806485,2.0,11.0
00-0028986,Case Keenum,2018,8,DEN,KC,34,23,262.0,2,1.0,0.584033,289.0,109.0,11.0,0.90657437,0.11311591,5.0,40.0
00-0028986,Case Keenum,2018,9,DEN,HOU,42,26,290.0,1,0.0,6.5769873,249.0,197.0,13.0,1.1646587,0.091500774,2.0,17.0
00-0028986,Case Keenum,2018,11,DEN,LAC,32,19,205.0,0,0.0,-0.46472034,159.0,138.0,6.0,1.2893082,-0.004958109,0.0,-0.0
00-0028986,Case Keenum,2018,12,DEN,PIT,28,15,197.0,2,0.0,2.9398189,294.0,58.0,12.0,0.670068,0.0063511333,2.0,13.0
00-0028986,Case Keenum,2018,13,DEN,CIN,21,12,151.0,1,0.0,2.7695165,135.0,56.0,6.0,1.1185185,0.08667747,2.0,8.0
00-0028986,Case Keenum,2018,14,DEN,SF,42,24,186.0,1,0.0,-6.69117,219.0,72.0,9.0,0.84931505,0.016571423,2.0,15.0
00-0028986,Case Keenum,2018,15,DEN,CLE,48,31,257.0,0,2.0,-0.05155678,285.0,158.0,17.0,0.9017544,0.06273393,2.0,19.0
00-0028986,Case Keenum,2018,16,DEN,LV,37,23,202.0,2,2.0,-2.74369,343.0,79.0,12.0,0.5889213,0.043046944,1.0,2.0
00-0028986,Case Keenum,2018,17,DEN,LAC,48,31,292.0,1,1.0,-1.1190863,374.0,99.0,11.0,0.78074867,0.016443891,1.0,4.0
00-0029000,Cole Beasley,2018,9,DAL,TEN,1,0,0.0,0,0.0,-0.48140335,11.0,0.0,0.0,0.0,,0.0,-0.0
00-0029263,Russell Wilson,2018,1,SEA,DEN,33,19,298.0,3,2.0,4.096391,337.0,157.0,10.0,0.884273,0.05362626,6.0,56.0
00-0029263,Russell Wilson,2018,2,SEA,CHI,36,22,226.0,2,1.0,-11.323742,289.0,68.0,10.0,0.7820069,0.02800574,6.0,24.0
00-0029263,Russell Wilson,2018,3,SEA,DAL,26,16,192.0,2,0.0,8.012912,241.0,84.0,10.0,0.7966805,0.16553871,2.0,10.0
00-0029263,Russell Wilson,2018,4,SEA,ARI,26,19,172.0,0,0.0,-1.2567158,136.0,91.0,6.0,1.2647059,0.06991051,2.0,12.0
00-0029263,Russell Wilson,2018,5,SEA,LA,21,13,198.0,3,0.0,8.241571,240.0,59.0,9.0,0.825,0.21477601,2.0,15.0
00-0029263,Russell Wilson,2018,6,SEA,LV,23,17,222.0,3,1.0,12.019702,224.0,88.0,11.0,0.9910714,0.31294048,1.0,8.0
00-0029263,Russell Wilson,2018,8,SEA,DET,17,14,248.0,3,0.0,15.824088,187.0,64.0,11.0,1.3262032,0.44499296,2.0,11.0
00-0029263,Russell Wilson,2018,9,SEA,LAC,39,26,235.0,2,1.0,-10.640487,234.0,130.0,10.0,1.0042735,0.052804634,4.0,33.0
00-0029263,Russell Wilson,2018,10,SEA,LA,26,17,176.0,3,0.0,3.833333,217.0,62.0,9.0,0.8110599,0.22338784,4.0,35.0
00-0029263,Russell Wilson,2018,11,SEA,GB,31,21,225.0,2,0.0,4.952107,313.0,68.0,12.0,0.71884984,0.19602494,3.0,20.0
00-0029263,Russell Wilson,2018,12,SEA,CAR,31,22,339.0,2,0.0,21.50564,317.0,127.0,13.0,1.0694007,0.36329252,2.0,17.0
00-0029263,Russell Wilson,2018,13,SEA,SF,17,11,185.0,4,0.0,10.74672,147.0,97.0,7.0,1.2585034,0.2875331,3.0,22.0
00-0029263,Russell Wilson,2018,14,SEA,MIN,20,10,72.0,0,1.0,-14.0938015,200.0,41.0,4.0,0.36,0.03871826,2.0,12.0
00-0029263,Russell Wilson,2018,15,SEA,SF,31,23,237.0,2,0.0,8.628185,211.0,133.0,12.0,1.1232227,0.20706302,3.0,20.0
00-0029263,Russell Wilson,2018,16,SEA,KC,29,18,271.0,3,0.0,13.018153,349.0,49.0,15.0,0.7765043,0.29333436,3.0,17.0
00-0029263,Russell Wilson,2018,17,SEA,ARI,21,12,152.0,1,1.0,-10.088028,191.0,67.0,7.0,0.79581153,0.003099472,6.0,43.0
00-0029263,Russell Wilson,2018,18,SEA,DAL,27,18,233.0,1,0.0,3.1194208,224.0,98.0,6.0,1.0401785,0.09559271,1.0,7.0
00-0029567,Nick Foles,2018,1,PHI,ATL,34,19,117.0,0,1.0,-11.164289,277.0,51.0,5.0,0.42238268,-0.03967685,2.0,13.0
00-0029567,Nick Foles,2018,2,PHI,TB,48,35,334.0,1,0.0,-4.8908563,323.0,176.0,14.0,1.0340557,0.096220285,3.0,13.0
00-0029567,Nick Foles,2018,15,PHI,LA,31,24,270.0,0,1.0,7.7496333,234.0,121.0,9.0,1.1538461,0.2011036,0.0,-0.0
00-0029567,Nick Foles,2018,16,PHI,HOU,49,35,471.0,4,1.0,19.461933,382.0,216.0,18.0,1.2329843,0.23898605,1.0,9.0
00-0029567,Nick Foles,2018,17,PHI,WAS,33,28,221.0,2,1.0,6.014133,104.0,153.0,14.0,2.125,0.21157187,3.0,12.0
00-0029567,Nick Foles,2018,18,PHI,CHI,40,25,266.0,2,2.0,5.6694508,322.0,105.0,17.0,0.82608694,0.119180836,1.0,8.0
00-0029567,Nick Foles,2018,19,PHI,NO,31,18,201.0,1,2.0,-2.1221464,313.0,87.0,11.0,0.6421725,0.011702742,0.0,-0.0
00-0029604,Kirk Cousins,2018,1,MIN,SF,36,20,244.0,2,0.0,0.20115024,255.0,153.0,15.0,0.95686275,-0.024871215,3.0,17.0
00-0029604,Kirk Cousins,2018,2,MIN,GB,48,35,425.0,4,1.0,14.962537,361.0,175.0,20.0,1.1772853,0.17298467,2.0,13.0
00-0029604,Kirk Cousins,2018,3,MIN,BUF,55,40,296.0,1,1.0,-20.466282,335.0,169.0,17.0,0.8835821,0.024987735,4.0,18.0
00-0029604,Kirk Cousins,2018,4,MIN,LA,50,36,422.0,3,0.0,14.341269,310.0,190.0,22.0,1.3612903,0.17746235,4.0,30.0
00-0029604,Kirk Cousins,2018,5,MIN,PHI,37,30,301.0,1,0.0,10.419473,217.0,161.0,13.0,1.3870968,0.1925197,1.0,3.0
00-0029604,Kirk Cousins,2018,6,MIN,ARI,34,24,233.0,1,1.0,-11.932202,160.0,92.0,12.0,1.45625,0.03201134,4.0,17.0
00-0029604,Kirk Cousins,2018,7,MIN,NYJ,40,25,241.0,2,0.0,2.2275522,414.0,72.0,10.0,0.5821256,0.06842074,1.0,13.0
00-0029604,Kirk Cousins,2018,8,MIN,NO,41,31,359.0,2,1.0,2.9084194,281.0,129.0,19.0,1.27758,0.16984838,4.0,21.0
00-0029604,Kirk Cousins,2018,9,MIN,DET,22,18,164.0,1,1.0,1.9268559,131.0,99.0,10.0,1.2519084,0.09366848,1.0,9.0
00-0029604,Kirk Cousins,2018,11,MIN,CHI,46,30,262.0,2,2.0,-0.7126677,371.0,96.0,15.0,0.70619947,0.09641629,2.0,16.0
00-0029604,Kirk Cousins,2018,12,MIN,GB,38,29,342.0,3,0.0,12.252863,275.0,157.0,18.0,1.2436364,0.16588666,2.0,17.0
00-0029604,Kirk Cousins,2018,13,MIN,NE,44,32,201.0,1,2.0,-11.606063,298.0,107.0,11.0,0.67449665,0.04217316,2.0,18.0
00-0029604,Kirk Cousins,2018,14,MIN,SEA,33,20,208.0,1,0.0,-11.927495,246.0,104.0,9.0,0.8455285,0.01577704,2.0,9.0
00-0029604,Kirk Cousins,2018,15,MIN,MIA,21,14,215.0,2,1.0,-1.6194354,144.0,92.0,10.0,1.4930556,0.08488834,2.0,17.0
00-0029604,Kirk Cousins,2018,16,MIN,DET,28,21,253.0,3,0.0,9.85474,308.0,89.0,11.0,0.8214286,0.19368806,2.0,13.0
00-0029604,Kirk Cousins,2018,17,MIN,CHI,33,20,132.0,1,0.0,-22.892393,290.0,62.0,6.0,0.45517242,0.010690735,4.0,31.0
00-0029632,Mohamed Sanu,2018,13,ATL,BAL,1,0,0.0,0,0.0,-1.7794958,36.0,0.0,0.0,0.0,,0.0,-0.0
00-0029632,Mohamed Sanu,2018,17,ATL,TB,1,1,5.0,1,0.0,2.7171993,1.0,4.0,1.0,5.0,,0.0,-0.0
00-0029665,Robert Griffin,2018,13,BAL,ATL,4,2,21.0,0,0.0,0.5508823,40.0,26.0,1.0,0.525,,0.0,-0.0
00-0029665,Robert Griffin,2018,14,BAL,KC,2,0,0.0,0,0.0,-0.4909142,32.0,0.0,0.0,0.0,,0.0,-0.0
00-0029668,Andrew Luck,2018,1,IND,CIN,53,39,319.0,2,1.0,7.0785728,297.0,163.0,17.0,1.074074,0.12311733,2.0,14.0
00-0029668,Andrew Luck,2018,2,IND,WAS,31,21,179.0,2,2.0,0.7386547,132.0,123.0,10.0,1.3560606,0.07445732,1.0,2.0
00-0029668,Andrew Luck,2018,3,IND,PHI,40,25,164.0,1,0.0,-12.427061,219.0,78.0,9.0,0.74885845,0.0034727002,2.0,23.0
00-0029668,Andrew Luck,2018,4,IND,HOU,62,40,464.0,4,0.0,11.485127,523.0,168.0,23.0,0.88718927,0.099022515,4.0,27.0
00-0029668,Andrew Luck,2018,5,IND,NE,59,38,365.0,3,2.0,5.489265,470.0,126.0,20.0,0.7765958,0.07842866,1.0,10.0
00-0029668,Andrew Luck,2018,6,IND,NYJ,43,23,301.0,4,3.0,-4.467948,396.0,105.0,15.0,0.760101,-0.0046666595,0.0,-0.0
00-0029668,Andrew Luck,2018,7,IND,BUF,23,17,156.0,4,0.0,9.286952,113.0,87.0,10.0,1.380531,0.10697698,0.0,-0.0
00-0029668,Andrew Luck,2018,8,IND,LV,31,22,239.0,3,0.0,16.617838,230.0,70.0,13.0,1.0391304,0.25063777,0.0,-0.0
00-0029668,Andrew Luck,2018,10,IND,JAX,29,21,285.0,3,1.0,13.604582,237.0,115.0,11.0,1.2025317,0.21825813,0.0,-0.0
00-0029668,Andrew Luck,2018,11,IND,TEN,29,23,297.0,3,0.0,21.505083,227.0,124.0,15.0,1.30837,0.3461222,0.0,-0.0
00-0029668,Andrew Luck,2018,12,IND,MIA,37,30,343.0,3,2.0,11.643114,296.0,206.0,16.0,1.1587838,0.2405211,1.0,10.0
00-0029668,Andrew Luck,2018,13,IND,JAX,52,33,248.0,0,1.0,-11.000652,355.0,128.0,15.0,0.69859153,0.030596575,3.0,24.0
00-0029668,Andrew Luck,2018,14,IND,HOU,41,27,399.0,2,1.0,11.07407,354.0,137.0,17.0,1.1271186,0.13280793,2.0,13.0
00-0029668,Andrew Luck,2018,15,IND,DAL,27,16,192.0,0,0.0,6.650263,222.0,89.0,11.0,0.8648649,0.098535754,0.0,-0.0
00-0029668,Andrew Luck,2018,16,IND,NYG,47,31,357.0,2,1.0,12.976798,414.0,122.0,19.0,0.8623188,0.1852335,1.0,4.0
00-0029668,Andrew Luck,2018,17,IND,TEN,35,24,285.0,3,1.0,10.92521,285.0,127.0,15.0,1.0,0.18533197,1.0,7.0
00-0029668,Andrew Luck,2018,18,IND,HOU,32,19,222.0,2,1.0,4.068262,328.0,48.0,14.0,0.6768293,0.111664526,0.0,-0.0
00-0029668,Andrew Luck,2018,19,IND,KC,36,19,203.0,1,0.0,-15.196594,308.0,48.0,10.0,0.65909094,-0.025457222,3.0,24.0
00-0029682,Brock Osweiler,2018,4,MIA,NE,5,4,35.0,1,0.0,6.820417,43.0,29.0,4.0,0.81395346,0.45337117,0.0,-0.0
00-0029682,Brock Osweiler,2018,6,MIA,CHI,44,28,380.0,3,2.0,8.651353,293.0,268.0,15.0,1.2969283,0.13320452,0.0,-0.0
00-0029682,Brock Osweiler,2018,7,MIA,DET,31,22,239.0,2,0.0,6.2622104,309.0,80.0,12.0,0.7734628,0.18461315,4.0,24.0
00-0029682,Brock Osweiler,2018,8,MIA,HOU,37,21,241.0,0,1.0,-8.614925,379.0,96.0,10.0,0.6358839,0.0074058655,2.0,15.0
00-0029682,Brock Osweiler,2018,9,MIA,NYJ,24,15,139.0,0,0.0,-7.663986,168.0,79.0,6.0,0.82738096,0.036739677,4.0,35.0
00-0029682,Brock Osweiler,2018,10,MIA,GB,37,23,213.0,0,1.0,-14.723644,232.0,117.0,11.0,0.91810346,0.00091512786,6.0,50.0
00-0029692,Bryan Anger,2018,9,TB,CAR,1,0,0.0,0,0.0,-2.9034433,10.0,0.0,0.0,0.0,,0.0,-0.0
00-0029701,Ryan Tannehill,2018,1,MIA,TEN,28,20,230.0,2,2.0,2.2100847,291.0,89.0,9.0,0.79037803,0.08535066,1.0,8.0
00-0029701,Ryan Tannehill,2018,2,MIA,NYJ,23,17,168.0,2,0.0,-5.6374125,137.0,116.0,9.0,1.2262774,0.09674856,4.0,46.0
00-0029701,Ryan Tannehill,2018,3,MIA,LV,23,17,289.0,3,0.0,11.693694,229.0,141.0,10.0,1.2620088,0.21014993,1.0,9.0
00-0029701,Ryan Tannehill,2018,4,MIA,NE,20,11,100.0,0,1.0,-12.372161,216.0,55.0,4.0,0.46296296,-0.0165267,2.0,19.0
00-0029701,Ryan Tannehill,2018,5,MIA,CIN,35,20,185.0,1,2.0,-14.696041,202.0,115.0,10.0,0.9158416,-0.0029820888,3.0,16.0
00-0029701,Ryan Tannehill,2018,12,MIA,IND,25,17,204.0,2,0.0,5.832385,138.0,139.0,8.0,1.4782609,0.13829567,1.0,3.0
00-0029701,Ryan Tannehill,2018,13,MIA,BUF,24,16,137.0,3,1.0,-0.6576109,241.0,38.0,10.0,0.56846476,0.06276172,3.0,22.0
00-0029701,Ryan Tannehill,2018,14,MIA,NE,19,14,265.0,3,0.0,9.065082,197.0,113.0,10.0,1.3451777,0.219537,4.0,36.0
00-0029701,Ryan Tannehill,2018,15,MIA,MIN,24,11,108.0,0,0.0,-24.138565,231.0,70.0,6.0,0.46753246,-0.052794036,9.0,71.0
00-0029701,Ryan Tannehill,2018,16,MIA,JAX,22,15,146.0,1,1.0,-8.278499,102.0,89.0,8.0,1.4313725,0.024158088,3.0,25.0
00-0029701,Ryan Tannehill,2018,17,MIA,BUF,31,18,147.0,0,2.0,-16.844769,245.0,106.0,8.0,0.6,0.008977183,4.0,24.0
00-0030085,Kenny Stills,2018,17,MIA,BUF,1,1,3.0,1,0.0,1.2839273,2.0,1.0,1.0,1.5,,0.0,-0.0
00-0030140,Tress Way,2018,17,WAS,PHI,1,1,7.0,0,0.0,2.7343886,7.0,0.0,1.0,1.0,,0.0,-0.0
00-0030520,Mike Glennon,2018,15,ARI,ATL,14,10,111.0,1,0.0,5.011378,123.0,65.0,5.0,0.902439,0.21791892,1.0,8.0
00-0030520,Mike Glennon,2018,16,ARI,LA,7,5,63.0,0,0.0,3.7301397,54.0,19.0,3.0,1.1666666,0.23895954,0.0,-0.0
00-0030533,Matt Barkley,2018,10,BUF,NYJ,25,15,232.0,3,0.0,14.352385,310.0,77.0,12.0,0.7483871,0.24676263,1.0,8.0
00-0030564,DeAndre Hopkins,2018,6,HOU,BUF,1,0,0.0,0,0.0,-0.44559604,17.0,0.0,0.0,0.0,,0.0,-0.0
00-0030565,Geno Smith,2018,6,LAC,CLE,1,1,8.0,0,0.0,0.24944939,-3.0,11.0,0.0,0.0,,0.0,-0.0
00-0030565,Geno Smith,2018,12,LAC,ARI,3,0,0.0,0,0.0,-2.6905339,14.0,0.0,0.0,0.0,,0.0,-0.0
00-0030669,Albert Wilson,2018,3,MIA,LV,1,1,52.0,1,0.0,4.3519764,19.0,33.0,1.0,2.7368422,,0.0,-0.0
00-0031136,Chris Boswell,2018,12,PIT,DEN,1,1,2.0,1,0.0,3.991391,2.0,0.0,1.0,1.0,,0.0,-0.0
00-0031235,Odell Beckham,2018,5,NYG,CAR,1,1,57.0,1,0.0,5.6279073,24.0,33.0,1.0,2.375,,0.0,-0.0
00-0031235,Odell Beckham,2018,13,NYG,CHI,1,1,49.0,1,0.0,3.8536024,44.0,5.0,1.0,1.1136364,,0.0,-0.0
00-0031237,Teddy Bridgewater,2018,10,NO,CIN,1,0,0.0,0,0.0,-1.1667292,5.0,0.0,0.0,0.0,,0.0,-0.0
00-0031237,Teddy Bridgewater,2018,17,NO,CAR,22,14,118.0,1,1.0,-7.1145,136.0,53.0,8.0,0.86764705,0.007160929,2.0,8.0
00-0031260,Logan Thomas,2018,10,BUF,NYJ,1,1,15.0,0,0.0,3.8066323,8.0,7.0,1.0,1.875,,0.0,-0.0
00-0031280,Derek Carr,2018,1,LV,LA,40,29,303.0,0,3.0,-12.6492195,209.0,189.0,11.0,1.4497608,0.046861157,1.0,3.0
00-0031280,Derek Carr,2018,2,LV,DEN,32,29,288.0,1,0.0,10.027365,185.0,122.0,16.0,1.5567567,0.27005538,1.0,7.0
00-0031280,Derek Carr,2018,3,LV,MIA,39,27,345.0,1,2.0,9.376027,233.0,232.0,17.0,1.4806867,0.1626409,3.0,20.0
00-0031280,Derek Carr,2018,4,LV,CLE,58,35,437.0,4,2.0,2.677771,474.0,194.0,20.0,0.9219409,0.06829256,3.0,11.0
00-0031280,Derek Carr,2018,5,LV,LAC,33,24,268.0,1,1.0,0.21212961,228.0,119.0,10.0,1.1754386,0.15577143,3.0,20.0
00-0031280,Derek Carr,2018,6,LV,SEA,31,23,142.0,0,0.0,-13.936837,91.0,140.0,8.0,1.5604396,0.03494112,6.0,36.0
00-0031280,Derek Carr,2018,8,LV,IND,28,21,244.0,3,0.0,12.651436,198.0,113.0,12.0,1.2323233,0.23889004,0.0,-0.0
00-0031280,Derek Carr,2018,9,LV,SF,21,16,171.0,0,0.0,-2.8184423,106.0,116.0,9.0,1.6132076,0.078568004,7.0,32.0
00-0031280,Derek Carr,2018,10,LV,LAC,37,24,243.0,0,0.0,-11.654177,208.0,126.0,12.0,1.1682693,0.010866376,4.0,40.0
00-0031280,Derek Carr,2018,11,LV,ARI,31,19,192.0,2,0.0,0.2558044,235.0,99.0,9.0,0.81702125,0.06320608,4.0,19.0
00-0031280,Derek Carr,2018,12,LV,BAL,34,16,194.0,1,0.0,-3.9071445,305.0,103.0,9.0,0.6360656,-0.06967754,3.0,12.0
00-0031280,Derek Carr,2018,13,LV,KC,38,29,285.0,3,0.0,12.476374,317.0,112.0,16.0,0.89905363,0.2427084,3.0,14.0
00-0031280,Derek Carr,2018,14,LV,PIT,34,25,322.0,2,0.0,12.681608,301.0,92.0,17.0,1.0697675,0.2069711,4.0,23.0
00-0031280,Derek Carr,2018,15,LV,CIN,38,21,263.0,1,0.0,-4.495333,310.0,113.0,12.0,0.8483871,0.02606524,5.0,34.0
00-0031280,Derek Carr,2018,16,LV,DEN,26,19,167.0,0,0.0,4.144078,170.0,65.0,8.0,0.9823529,0.118243806,1.0,8.0
00-0031280,Derek Carr,2018,17,LV,KC,33,24,185.0,0,2.0,-16.247288,208.0,59.0,11.0,0.8894231,0.044729136,3.0,20.0
00-0031288,AJ McCarron,2018,9,LV,SF,3,1,8.0,0,0.0,-2.6052306,7.0,1.0,0.0,1.1428572,,1.0,7.0
00-0031326,Bruce Ellington,2018,13,DET,LA,1,0,0.0,0,0.0,-0.44012234,10.0,0.0,0.0,0.0,,0.0,-0.0
00-0031345,Jimmy Garoppolo,2018,1,SF,MIN,33,15,261.0,1,3.0,-13.54858,368.0,144.0,10.0,0.7092391,-0.072141826,3.0,24.0
00-0031345,Jimmy Garoppolo,2018,2,SF,DET,26,18,206.0,2,0.0,4.388481,152.0,94.0,13.0,1.3552631,0.11711267,6.0,50.0
00-0031345,Jimmy Garoppolo,2018,3,SF,KC,30,20,251.0,2,0.0,7.622985,272.0,130.0,12.0,0.9227941,0.15058014,4.0,23.0
00-0031382,Jarvis Landry,2018,14,CLE,CAR,1,0,0.0,0,0.0,-0.4268368,31.0,0.0,0.0,0.0,,0.0,-0.0
00-0031382,Jarvis Landry,2018,16,CLE,CIN,1,1,63.0,0,0.0,3.9968343,46.0,17.0,1.0,1.3695652,,0.0,-0.0
00-0031387,Eric Ebron,2018,11,IND,TEN,1,0,0.0,0,0.0,-1.6242492,4.0,0.0,0.0,0.0,,0.0,-0.0
00-0031395,Garrett Gilbert,2018,17,CAR,NO,3,2,40.0,0,0.0,-0.35654914,17.0,30.0,1.0,2.3529413,,1.0,5.0
00-0031407,Blake Bortles,2018,1,JAX,NYG,33,18,176.0,1,1.0,-4.2751584,230.0,88.0,13.0,0.76521736,-0.036705926,1.0,8.0
00-0031407,Blake Bortles,2018,2,JAX,NE,45,29,376.0,4,1.0,19.470377,351.0,205.0,22.0,1.071225,0.20421754,0.0,-0.0
00-0031407,Blake Bortles,2018,3,JAX,TEN,34,21,155.0,0,0.0,-6.0018177,135.0,97.0,6.0,1.1481482,-0.046254247,3.0,10.0
00-0031407,Blake Bortles,2018,4,JAX,NYJ,38,29,388.0,2,1.0,16.925495,192.0,245.0,16.0,2.0208333,0.20790343,2.0,11.0
00-0031407,Blake Bortles,2018,5,JAX,KC,61,33,430.0,1,4.0,-21.013685,647.0,148.0,20.0,0.66460586,-0.0075473557,5.0,29.0
00-0031407,Blake Bortles,2018,6,JAX,DAL,26,15,149.0,1,1.0,-13.932604,221.0,63.0,7.0,0.67420816,-0.0074985293,3.0,10.0
00-0031407,Blake Bortles,2018,7,JAX,HOU,12,6,61.0,0,0.0,-1.9663315,75.0,34.0,2.0,0.81333333,-0.043915838,0.0,-0.0
00-0031407,Blake Bortles,2018,8,JAX,PHI,41,24,286.0,1,0.0,-0.8209608,257.0,143.0,10.0,1.1128404,0.014720281,4.0,21.0
00-0031407,Blake Bortles,2018,10,JAX,IND,38,26,320.0,2,0.0,18.271603,150.0,260.0,15.0,2.1333334,0.16278903,0.0,-0.0
00-0031407,Blake Bortles,2018,11,JAX,PIT,18,10,104.0,0,0.0,-6.901056,151.0,52.0,5.0,0.68874174,-0.039461724,6.0,40.0
00-0031407,Blake Bortles,2018,12,JAX,BUF,23,12,127.0,1,2.0,-8.649212,176.0,70.0,6.0,0.72159094,-0.034901056,3.0,20.0
00-0031407,Blake Bortles,2018,16,JAX,MIA,6,5,39.0,0,0.0,0.7346683,33.0,14.0,2.0,1.1818181,0.25107136,1.0,6.0
00-0031407,Blake Bortles,2018,17,JAX,HOU,28,15,107.0,0,1.0,-14.253839,271.0,61.0,4.0,0.39483395,-0.053246725,3.0,18.0
00-0031503,Jameis Winston,2018,4,TB,CHI,20,16,145.0,1,2.0,1.9085333,170.0,29.0,9.0,0.85294116,0.19849005,2.0,11.0
00-0031503,Jameis Winston,2018,6,TB,ATL,41,30,395.0,4,2.0,14.320432,457.0,131.0,23.0,0.8643326,0.23701659,2.0,6.0
00-0031503,Jameis Winston,2018,7,TB,CLE,52,32,365.0,0,2.0,-5.7256336,546.0,89.0,20.0,0.66849816,0.058774486,4.0,23.0
00-0031503,Jameis Winston,2018,8,TB,CIN,35,18,276.0,1,4.0,-11.900253,451.0,79.0,13.0,0.6119734,0.003187829,5.0,20.0
00-0031503,Jameis Winston,2018,11,TB,NYG,16,12,199.0,2,1.0,16.44053,217.0,56.0,10.0,0.9170507,0.4025065,0.0,-0.0
00-0031503,Jameis Winston,2018,12,TB,SF,38,29,312.0,2,0.0,16.341467,372.0,102.0,15.0,0.83870965,0.2482059,1.0,8.0
00-0031503,Jameis Winston,2018,13,TB,CAR,30,20,249.0,2,0.0,9.276889,234.0,98.0,11.0,1.0641025,0.19152093,4.0,29.0
00-0031503,Jameis Winston,2018,14,TB,NO,38,18,213.0,2,1.0,-3.5897672,473.0,47.0,12.0,0.4503171,-0.00035142238,4.0,39.0
00-0031503,Jameis Winston,2018,15,TB,BAL,25,13,157.0,0,1.0,-9.094646,260.0,47.0,4.0,0.60384613,-0.035035852,1.0,1.0
00-0031503,Jameis Winston,2018,16,TB,DAL,48,34,336.0,1,0.0,8.108425,490.0,128.0,19.0,0.6857143,0.11561165,3.0,16.0
00-0031503,Jameis Winston,2018,17,TB,ATL,35,22,345.0,4,1.0,10.450414,416.0,89.0,16.0,0.8293269,0.20869552,1.0,4.0
00-0031549,Nelson Agholor,2018,1,PHI,ATL,1,1,15.0,0,0.0,1.9314804,8.0,7.0,1.0,1.875,,0.0,-0.0
00-0031800,Taylor Heinicke,2018,8,CAR,BAL,1,1,13.0,0,0.0,1.4484938,9.0,4.0,1.0,1.4444444,,0.0,-0.0
00-0031800,Taylor Heinicke,2018,11,CAR,DET,1,0,0.0,0,0.0,-1.4114771,10.0,0.0,0.0,0.0,,0.0,-0.0
00-0031800,Taylor Heinicke,2018,13,CAR,TB,1,0,0.0,0,0.0,-0.2525351,51.0,0.0,0.0,0.0,,0.0,-0.0
00-0031800,Taylor Heinicke,2018,14,CAR,CLE,1,1,33.0,0,0.0,-0.31566298,31.0,2.0,1.0,1.0645162,,0.0,-0.0
00-0031800,Taylor Heinicke,2018,16,CAR,ATL,53,33,274.0,1,3.0,-16.65997,407.0,145.0,17.0,0.67321867,0.025341861,2.0,17.0
00-0031972,Darius Jennings,2018,10,TEN,NE,1,1,21.0,0,0.0,1.2712852,10.0,11.0,1.0,2.1,,0.0,-0.0
00-0032245,Sean Mannion,2018,17,LA,SF,3,2,23.0,0,0.0,1.2564425,-10.0,27.0,1.0,0.0,,0.0,-0.0
00-0032268,Marcus Mariota,2018,1,TEN,MIA,16,9,103.0,0,2.0,-12.363003,119.0,55.0,5.0,0.8655462,-0.0026584594,0.0,-0.0
00-0032268,Marcus Mariota,2018,3,TEN,JAX,18,12,100.0,0,0.0,0.61520284,66.0,67.0,5.0,1.5151515,0.05105049,1.0,8.0
00-0032268,Marcus Mariota,2018,4,TEN,PHI,43,30,344.0,2,1.0,10.11841,412.0,178.0,16.0,0.83495146,0.18229376,3.0,17.0
00-0032268,Marcus Mariota,2018,5,TEN,BUF,26,14,129.0,0,1.0,-3.619842,180.0,66.0,8.0,0.71666664,-0.025670143,2.0,8.0
00-0032268,Marcus Mariota,2018,6,TEN,BAL,15,10,117.0,0,0.0,-11.731629,175.0,44.0,5.0,0.6685714,0.070039764,11.0,66.0
00-0032268,Marcus Mariota,2018,7,TEN,LAC,32,24,237.0,1,1.0,10.365345,149.0,137.0,16.0,1.5906041,0.16839513,2.0,11.0
00-0032268,Marcus Mariota,2018,9,TEN,DAL,29,21,240.0,2,0.0,8.765202,216.0,123.0,11.0,1.1111112,0.20670263,4.0,25.0
00-0032268,Marcus Mariota,2018,10,TEN,NE,24,16,228.0,2,0.0,9.324799,270.0,75.0,10.0,0.84444445,0.2377941,2.0,14.0
00-0032268,Marcus Mariota,2018,11,TEN,IND,13,10,85.0,0,1.0,-4.425768,101.0,37.0,4.0,0.84158415,0.052064072,4.0,19.0
00-0032268,Marcus Mariota,2018,12,TEN,HOU,23,22,303.0,2,0.0,8.556619,114.0,190.0,10.0,2.6578948,0.24325493,6.0,43.0
00-0032268,Marcus Mariota,2018,13,TEN,NYJ,35,20,282.0,2,1.0,-8.272389,364.0,113.0,11.0,0.77472526,0.020285636,3.0,9.0
00-0032268,Marcus Mariota,2018,14,TEN,JAX,24,18,162.0,0,1.0,2.1726482,158.0,100.0,9.0,1.0253165,0.17251831,1.0,-0.0
00-0032268,Marcus Mariota,2018,15,TEN,NYG,20,12,88.0,0,0.0,-3.6765225,134.0,27.0,5.0,0.6567164,-0.0001625284,1.0,8.0
00-0032268,Marcus Mariota,2018,16,TEN,WAS,13,10,110.0,0,0.0,3.3327582,58.0,54.0,6.0,1.8965517,0.19281448,2.0,15.0
00-0032436,Jeff Driskel,2018,7,CIN,KC,4,4,39.0,0,0.0,2.555405,31.0,8.0,2.0,1.2580645,,0.0,-0.0
00-0032436,Jeff Driskel,2018,10,CIN,NO,3,2,45.0,0,0.0,2.6286862,49.0,8.0,1.0,0.9183673,,0.0,-0.0
00-0032436,Jeff Driskel,2018,12,CIN,CLE,29,17,155.0,1,0.0,1.1330599,233.0,72.0,8.0,0.66523606,0.07192033,1.0,12.0
00-0032436,Jeff Driskel,2018,13,CIN,DEN,37,25,236.0,1,1.0,-8.821557,201.0,156.0,12.0,1.1741294,0.014451889,4.0,34.0
00-0032436,Jeff Driskel,2018,14,CIN,LAC,27,18,170.0,1,0.0,5.2206726,163.0,81.0,9.0,1.0429448,0.15938197,3.0,19.0
00-0032436,Jeff Driskel,2018,15,CIN,LV,33,14,130.0,1,1.0,-5.719379,339.0,89.0,7.0,0.38348082,-0.032293316,1.0,7.0
00-0032436,Jeff Driskel,2018,16,CIN,CLE,19,13,133.0,2,0.0,1.0238029,134.0,58.0,7.0,0.9925373,0.072729565,3.0,26.0
00-0032436,Jeff Driskel,2018,17,CIN,PIT,24,12,95.0,0,0.0,-12.280904,228.0,34.0,4.0,0.41666666,-0.037229706,4.0,24.0
00-0032764,Derrick Henry,2018,2,TEN,HOU,1,1,8.0,0,0.0,0.44136214,-3.0,11.0,0.0,0.0,,0.0,-0.0
00-0032764,Derrick Henry,2018,15,TEN,NYG,1,1,6.0,0,0.0,0.43930182,-4.0,10.0,1.0,0.0,,0.0,-0.0
00-0032764,Derrick Henry,2018,16,TEN,WAS,1,0,0.0,0,0.0,-0.41870755,19.0,0.0,0.0,0.0,,0.0,-0.0
00-0032792,Nate Sudfeld,2018,16,PHI,HOU,1,0,0.0,0,0.0,-0.2787508,10.0,0.0,0.0,0.0,,0.0,-0.0
00-0032792,Nate Sudfeld,2018,17,PHI,WAS,1,1,22.0,1,0.0,3.0400245,-1.0,23.0,1.0,0.0,,0.0,-0.0
00-0032950,Carson Wentz,2018,3,PHI,IND,37,25,255.0,1,1.0,-6.5725775,288.0,92.0,12.0,0.8854167,0.062339682,5.0,28.0
00-0032950,Carson Wentz,2018,4,PHI,TEN,50,33,348.0,2,0.0,3.81177,375.0,145.0,18.0,0.928,0.07239689,4.0,33.0
00-0032950,Carson Wentz,2018,5,PHI,MIN,35,24,311.0,2,0.0,-0.80172956,307.0,123.0,15.0,1.0130293,0.16557357,3.0,28.0
00-0032950,Carson Wentz,2018,6,PHI,NYG,36,26,278.0,3,0.0,18.981247,234.0,144.0,15.0,1.1880342,0.2485978,1.0,7.0
00-0032950,Carson Wentz,2018,7,PHI,CAR,37,30,310.0,2,0.0,6.500293,300.0,128.0,14.0,1.0333333,0.24874829,4.0,26.0
00-0032950,Carson Wentz,2018,8,PHI,JAX,30,21,286.0,3,1.0,7.7383757,242.0,166.0,15.0,1.1818181,0.20188896,4.0,24.0
00-0032950,Carson Wentz,2018,10,PHI,DAL,44,32,360.0,2,1.0,-0.39518747,379.0,130.0,20.0,0.9498681,0.121973,2.0,10.0
00-0032950,Carson Wentz,2018,11,PHI,NO,33,19,156.0,0,3.0,-19.630945,315.0,72.0,9.0,0.4952381,-0.01889035,3.0,18.0
00-0032950,Carson Wentz,2018,12,PHI,NYG,28,20,236.0,1,0.0,8.937419,159.0,125.0,11.0,1.4842768,0.13491105,3.0,22.0
00-0032950,Carson Wentz,2018,13,PHI,WAS,39,27,306.0,2,1.0,12.506661,245.0,184.0,18.0,1.2489796,0.21607785,0.0,-0.0
00-0032950,Carson Wentz,2018,14,PHI,DAL,32,22,228.0,3,0.0,5.13677,276.0,88.0,12.0,0.82608694,0.061777286,2.0,6.0
00-0033009,Tyler Boyd,2018,11,CIN,BAL,1,0,0.0,0,0.0,-0.51259434,34.0,0.0,0.0,0.0,,0.0,-0.0
00-0033077,Dak Prescott,2018,1,DAL,CAR,29,19,170.0,0,0.0,-8.96002,216.0,68.0,10.0,0.787037,0.009918592,6.0,32.0
00-0033077,Dak Prescott,2018,2,DAL,NYG,25,16,160.0,1,0.0,-2.1361277,230.0,56.0,6.0,0.6956522,0.09419644,0.0,-0.0
00-0033077,Dak Prescott,2018,3,DAL,SEA,34,19,168.0,1,2.0,-13.209464,186.0,87.0,8.0,0.9032258,-0.038441252,5.0,31.0
00-0033077,Dak Prescott,2018,4,DAL,DET,27,17,255.0,2,0.0,8.539613,261.0,112.0,12.0,0.9770115,0.12872584,3.0,24.0
00-0033077,Dak Prescott,2018,5,DAL,HOU,29,18,208.0,1,2.0,-4.35614,221.0,132.0,8.0,0.9411765,0.0022563073,2.0,14.0
00-0033077,Dak Prescott,2018,6,DAL,JAX,27,17,183.0,2,0.0,1.9505358,244.0,63.0,10.0,0.75,0.112241074,3.0,11.0
00-0033077,Dak Prescott,2018,7,DAL,WAS,35,22,273.0,1,0.0,-0.4780443,361.0,79.0,10.0,0.7562327,0.02640713,4.0,23.0
00-0033077,Dak Prescott,2018,9,DAL,TEN,31,21,243.0,2,1.0,-5.4588265,214.0,136.0,12.0,1.135514,0.03215305,5.0,18.0
00-0033077,Dak Prescott,2018,10,DAL,PHI,36,26,270.0,1,0.0,7.205087,205.0,154.0,14.0,1.3170732,0.14437874,4.0,31.0
00-0033077,Dak Prescott,2018,11,DAL,ATL,32,22,208.0,0,0.0,2.9638486,218.0,129.0,10.0,0.95412844,0.08952663,2.0,17.0
00-0033077,Dak Prescott,2018,12,DAL,WAS,31,22,289.0,2,0.0,7.864144,182.0,196.0,11.0,1.5879121,0.16110486,4.0,31.0
00-0033077,Dak Prescott,2018,13,DAL,NO,28,24,249.0,1,0.0,2.728596,188.0,136.0,11.0,1.3244681,0.22640575,7.0,40.0
00-0033077,Dak Prescott,2018,14,DAL,PHI,54,42,455.0,3,2.0,12.347931,429.0,225.0,23.0,1.060606,0.16479486,3.0,21.0
00-0033077,Dak Prescott,2018,15,DAL,IND,39,24,206.0,0,1.0,-11.748634,265.0,114.0,12.0,0.7773585,-0.01164497,3.0,26.0
00-0033077,Dak Prescott,2018,16,DAL,TB,25,20,161.0,1,0.0,2.4865527,119.0,68.0,9.0,1.3529412,0.124795854,1.0,9.0
00-0033077,Dak Prescott,2018,17,DAL,NYG,44,27,387.0,4,0.0,24.692783,434.0,137.0,18.0,0.8917051,0.21306239,4.0,19.0
00-0033077,Dak Prescott,2018,18,DAL,SEA,33,22,226.0,1,1.0,-1.6780976,245.0,103.0,11.0,0.922449,0.12481338,1.0,10.0
00-0033077,Dak Prescott,2018,19,DAL,LA,32,20,266.0,1,0.0,5.9226193,234.0,115.0,11.0,1.1367521,0.12778753,1.0,8.0
00-0033104,Cody Kessler,2018,7,JAX,HOU,30,21,156.0,1,1.0,-4.68701,170.0,61.0,9.0,0.91764706,0.060629062,4.0,28.0
00-0033104,Cody Kessler,2018,13,JAX,IND,24,18,150.0,0,0.0,-1.3263962,118.0,115.0,7.0,1.2711865,0.108336054,3.0,18.0
00-0033104,Cody Kessler,2018,14,JAX,TEN,43,25,240.0,1,0.0,-9.661639,396.0,70.0,11.0,0.6060606,0.014139865,4.0,45.0
00-0033104,Cody Kessler,2018,15,JAX,WAS,17,9,57.0,0,1.0,-21.317297,88.0,45.0,2.0,0.64772725,-0.018576017,6.0,37.0
00-0033104,Cody Kessler,2018,16,JAX,MIA,17,12,106.0,0,0.0,-2.8200965,108.0,54.0,6.0,0.9814815,0.07052732,5.0,21.0
00-0033106,Jared Goff,2018,1,LA,LV,33,18,233.0,2,0.0,5.476922,330.0,101.0,13.0,0.7060606,0.10964342,1.0,8.0
00-0033106,Jared Goff,2018,2,LA,ARI,32,24,354.0,1,1.0,14.948311,302.0,149.0,14.0,1.1721854,0.23765597,2.0,12.0
00-0033106,Jared Goff,2018,3,LA,LAC,36,29,354.0,3,1.0,21.077114,212.0,189.0,18.0,1.6698114,0.2913841,1.0,4.0
00-0033106,Jared Goff,2018,4,LA,MIN,33,26,465.0,5,0.0,27.641033,272.0,231.0,19.0,1.7095588,0.3838325,1.0,9.0
00-0033106,Jared Goff,2018,5,LA,SEA,32,23,321.0,1,2.0,10.223614,271.0,182.0,17.0,1.1845019,0.23116124,1.0,8.0
00-0033106,Jared Goff,2018,6,LA,DEN,28,14,201.0,0,1.0,-4.837553,230.0,113.0,9.0,0.87391305,-0.0641373,5.0,27.0
00-0033106,Jared Goff,2018,7,LA,SF,24,18,202.0,2,0.0,8.894015,224.0,66.0,10.0,0.90178573,0.18327251,1.0,9.0
00-0033106,Jared Goff,2018,8,LA,GB,35,19,295.0,3,0.0,7.1373563,400.0,116.0,17.0,0.7375,0.07071727,5.0,26.0
00-0033106,Jared Goff,2018,9,LA,NO,40,28,391.0,3,1.0,14.76915,351.0,171.0,17.0,1.1139601,0.17847368,0.0,-0.0
00-0033106,Jared Goff,2018,10,LA,SEA,39,28,318.0,2,0.0,12.223197,271.0,147.0,17.0,1.1734318,0.20547943,2.0,11.0
00-0033106,Jared Goff,2018,11,LA,KC,49,31,413.0,4,0.0,9.302107,486.0,188.0,21.0,0.8497942,0.17521973,5.0,34.0
00-0033106,Jared Goff,2018,13,LA,DET,33,17,207.0,1,1.0,-5.0316324,348.0,58.0,12.0,0.5948276,-0.033072483,2.0,12.0
00-0033106,Jared Goff,2018,14,LA,CHI,44,20,180.0,0,4.0,-22.330967,378.0,66.0,8.0,0.47619048,-0.07451531,3.0,25.0
00-0033106,Jared Goff,2018,15,LA,PHI,53,35,339.0,0,1.0,-2.2156773,349.0,188.0,18.0,0.9713467,0.045234557,2.0,14.0
00-0033106,Jared Goff,2018,16,LA,ARI,24,19,216.0,1,0.0,4.290715,185.0,81.0,11.0,1.1675676,0.22349592,2.0,24.0
00-0033106,Jared Goff,2018,17,LA,SF,26,15,199.0,4,0.0,14.182527,256.0,80.0,12.0,0.77734375,0.2351801,0.0,-0.0
00-0033106,Jared Goff,2018,19,LA,DAL,28,15,186.0,0,0.0,2.7170773,237.0,71.0,11.0,0.7848101,0.034895133,0.0,-0.0
00-0033106,Jared Goff,2018,20,LA,NO,40,25,297.0,1,1.0,1.0665063,273.0,122.0,13.0,1.0879121,0.031170852,1.0,8.0
00-0033106,Jared Goff,2018,21,LA,NE,38,19,229.0,0,1.0,-11.301456,393.0,75.0,11.0,0.5826972,-0.029224139,4.0,31.0
00-0033119,Jacoby Brissett,2018,3,IND,PHI,1,0,0.0,0,0.0,-0.15777127,54.0,0.0,0.0,0.0,,0.0,-0.0
00-0033119,Jacoby Brissett,2018,11,IND,TEN,2,1,-2.0,0,0.0,-2.6133995,24.0,1.0,0.0,-0.083333336,,0.0,-0.0
00-0033119,Jacoby Brissett,2018,12,IND,MIA,1,1,4.0,0,0.0,2.093133,4.0,0.0,1.0,1.0,,0.0,-0.0
00-0033132,Kevin Byard,2018,2,TEN,HOU,1,1,66.0,1,0.0,7.646471,17.0,49.0,1.0,3.8823528,,0.0,-0.0
00-0033280,Christian McCaffrey,2018,15,CAR,NO,1,1,50.0,1,0.0,6.5492015,13.0,37.0,1.0,3.8461537,,0.0,-0.0
00-0033319,Nick Mullens,2018,9,SF,LV,22,16,262.0,3,0.0,18.61388,146.0,181.0,10.0,1.7945205,0.32891738,0.0,-0.0
00-0033319,Nick Mullens,2018,10,SF,NYG,39,27,250.0,1,2.0,-0.26362336,276.0,94.0,14.0,0.9057971,0.09050309,0.0,-0.0
00-0033319,Nick Mullens,2018,12,SF,TB,32,18,221.0,1,2.0,-8.337385,269.0,112.0,12.0,0.82156134,-0.021829484,4.0,27.0
00-0033319,Nick Mullens,2018,13,SF,SEA,48,30,414.0,2,1.0,5.728879,202.0,243.0,18.0,2.049505,0.16960762,3.0,28.0
00-0033319,Nick Mullens,2018,14,SF,DEN,33,20,332.0,2,1.0,7.460696,219.0,201.0,15.0,1.5159818,0.105846256,3.0,27.0
00-0033319,Nick Mullens,2018,15,SF,SEA,29,20,275.0,1,0.0,9.219762,233.0,163.0,13.0,1.1802576,0.19287789,3.0,18.0
00-0033319,Nick Mullens,2018,16,SF,CHI,38,22,241.0,0,1.0,-2.1397536,364.0,76.0,11.0,0.6620879,0.011708809,1.0,9.0
00-0033319,Nick Mullens,2018,17,SF,LA,33,23,282.0,3,3.0,0.83496606,191.0,150.0,13.0,1.4764398,0.13034075,3.0,18.0
00-0033357,Taysom Hill,2018,4,NO,NYG,2,1,10.0,0,0.0,2.5452893,16.0,2.0,1.0,0.625,,0.0,-0.0
00-0033357,Taysom Hill,2018,8,NO,MIN,1,1,44.0,0,0.0,3.202314,39.0,5.0,1.0,1.1282052,,0.0,-0.0
00-0033357,Taysom Hill,2018,10,NO,CIN,1,0,0.0,0,0.0,-0.31077155,1.0,0.0,0.0,0.0,,0.0,-0.0
00-0033357,Taysom Hill,2018,11,NO,PHI,2,1,10.0,0,0.0,0.5003072,24.0,11.0,1.0,0.41666666,,0.0,-0.0
00-0033357,Taysom Hill,2018,16,NO,PIT,1,0,0.0,0,1.0,-5.287774,46.0,0.0,0.0,0.0,,0.0,-0.0
00-0033357,Taysom Hill,2018,20,NO,LA,1,0,0.0,0,0.0,-0.7643935,-1.0,0.0,0.0,0.0,,0.0,-0.0
00-0033537,Deshaun Watson,2018,1,HOU,NE,34,17,176.0,1,1.0,-9.509829,377.0,59.0,8.0,0.46684352,-0.027662793,3.0,18.0
00-0033537,Deshaun Watson,2018,2,HOU,TEN,32,22,310.0,2,1.0,6.3754168,399.0,71.0,13.0,0.7769424,0.17923792,4.0,21.0
00-0033537,Deshaun Watson,2018,3,HOU,NYG,40,24,385.0,2,1.0,14.140749,439.0,165.0,18.0,0.8769932,0.1773225,3.0,17.0
00-0033537,Deshaun Watson,2018,4,HOU,IND,42,29,375.0,2,1.0,10.790722,342.0,156.0,23.0,1.0964912,0.1859603,7.0,28.0
00-0033537,Deshaun Watson,2018,5,HOU,DAL,44,33,375.0,1,1.0,4.1175137,290.0,183.0,18.0,1.2931035,0.14744365,1.0,1.0
00-0033537,Deshaun Watson,2018,6,HOU,BUF,25,15,177.0,1,2.0,-17.725382,196.0,94.0,9.0,0.9030612,-0.010585289,7.0,35.0
00-0033537,Deshaun Watson,2018,7,HOU,JAX,24,12,139.0,1,0.0,2.6823282,221.0,43.0,7.0,0.6289593,-0.00062109745,1.0,8.0
00-0033537,Deshaun Watson,2018,8,HOU,MIA,20,16,239.0,5,0.0,15.493073,185.0,101.0,8.0,1.2918919,0.36486787,0.0,-0.0
00-0033537,Deshaun Watson,2018,9,HOU,DEN,24,17,213.0,2,0.0,7.2309775,159.0,114.0,11.0,1.3396226,0.17825408,4.0,21.0
00-0033537,Deshaun Watson,2018,11,HOU,WAS,24,16,208.0,1,2.0,-1.8562891,122.0,140.0,8.0,1.704918,0.047814175,3.0,27.0
00-0033537,Deshaun Watson,2018,12,HOU,TEN,24,19,210.0,2,0.0,8.114594,189.0,88.0,11.0,1.1111112,0.21947534,4.0,29.0
00-0033537,Deshaun Watson,2018,13,HOU,CLE,31,22,224.0,1,0.0,5.3922176,232.0,108.0,12.0,0.9655172,0.1437628,4.0,27.0
00-0033537,Deshaun Watson,2018,14,HOU,IND,38,27,267.0,1,0.0,3.6174498,257.0,152.0,14.0,1.0389105,0.09273932,5.0,41.0
00-0033537,Deshaun Watson,2018,15,HOU,NYJ,28,22,294.0,2,0.0,6.7149725,264.0,111.0,12.0,1.1136364,0.25944993,6.0,55.0
00-0033537,Deshaun Watson,2018,16,HOU,PHI,40,29,339.0,2,0.0,7.9209857,418.0,68.0,17.0,0.81100476,0.2042974,4.0,30.0
00-0033537,Deshaun Watson,2018,17,HOU,JAX,35,25,234.0,0,0.0,-2.396857,230.0,100.0,13.0,1.0173913,0.06792219,6.0,26.0
00-0033537,Deshaun Watson,2018,18,HOU,IND,49,29,235.0,1,1.0,-12.567946,352.0,139.0,13.0,0.6676136,-0.031806413,3.0,18.0
00-0033556,Tarik Cohen,2018,13,CHI,NYG,1,1,1.0,1,0.0,3.1576967,1.0,0.0,1.0,1.0,,0.0,-0.0
00-0033839,Dede Westbrook,2018,16,JAX,MIA,1,0,0.0,0,0.0,-0.46382263,12.0,0.0,0.0,0.0,,0.0,-0.0
00-0033869,Mitchell Trubisky,2018,1,CHI,GB,35,23,171.0,0,0.0,-5.010433,222.0,86.0,8.0,0.7702703,0.043302543,4.0,16.0
00-0033869,Mitchell Trubisky,2018,2,CHI,SEA,34,25,200.0,2,2.0,-2.053941,207.0,101.0,11.0,0.9661836,0.050851658,2.0,15.0
00-0033869,Mitchell Trubisky,2018,3,CHI,ARI,35,24,220.0,0,1.0,-3.2481341,338.0,109.0,11.0,0.65088755,0.033948038,3.0,26.0
00-0033869,Mitchell Trubisky,2018,4,CHI,TB,26,19,354.0,6,0.0,23.282019,270.0,132.0,15.0,1.3111111,0.41447788,1.0,10.0
00-0033869,Mitchell Trubisky,2018,6,CHI,MIA,31,22,316.0,3,1.0,12.964266,339.0,140.0,11.0,0.9321534,0.23627397,2.0,13.0
00-0033869,Mitchell Trubisky,2018,7,CHI,NE,50,26,333.0,2,2.0,-5.780167,567.0,118.0,18.0,0.5873016,0.05626558,2.0,14.0
00-0033869,Mitchell Trubisky,2018,8,CHI,NYJ,29,16,220.0,2,0.0,7.4620757,266.0,126.0,11.0,0.8270677,0.118086696,2.0,4.0
00-0033869,Mitchell Trubisky,2018,9,CHI,BUF,20,12,135.0,1,1.0,-2.312383,211.0,33.0,5.0,0.63981044,0.14359854,1.0,9.0
00-0033869,Mitchell Trubisky,2018,10,CHI,DET,30,23,355.0,3,0.0,15.837588,339.0,174.0,13.0,1.0471977,0.31731912,1.0,7.0
00-0033869,Mitchell Trubisky,2018,11,CHI,MIN,31,20,165.0,1,2.0,-1.0655183,244.0,64.0,12.0,0.67622954,0.078366585,1.0,5.0
00-0033869,Mitchell Trubisky,2018,14,CHI,LA,30,16,110.0,1,3.0,-14.511609,223.0,51.0,6.0,0.49327356,-0.032939084,1.0,10.0
00-0033869,Mitchell Trubisky,2018,15,CHI,GB,28,20,235.0,2,0.0,12.722823,208.0,112.0,11.0,1.1298077,0.2116078,1.0,3.0
00-0033869,Mitchell Trubisky,2018,16,CHI,SF,29,25,246.0,1,0.0,10.043304,192.0,106.0,12.0,1.28125,0.20437343,3.0,11.0
00-0033869,Mitchell Trubisky,2018,17,CHI,MIN,26,18,163.0,0,0.0,1.5079176,233.0,52.0,7.0,0.69957083,0.13995418,0.0,-0.0
00-0033869,Mitchell Trubisky,2018,18,CHI,PHI,43,26,303.0,1,0.0,6.120022,446.0,75.0,12.0,0.6793722,0.06453666,2.0,12.0
00-0033873,Patrick Mahomes,2018,1,KC,LAC,27,15,256.0,4,0.0,12.7521105,351.0,113.0,10.0,0.7293447,0.2069968,1.0,-0.0
00-0033873,Patrick Mahomes,2018,2,KC,PIT,28,23,326.0,6,0.0,28.596642,302.0,122.0,17.0,1.0794702,0.4229922,1.0,4.0
00-0033873,Patrick Mahomes,2018,3,KC,SF,38,24,314.0,3,0.0,18.61273,384.0,180.0,15.0,0.8177083,0.23587959,2.0,7.0
00-0033873,Patrick Mahomes,2018,4,KC,DEN,45,28,304.0,1,0.0,8.393884,357.0,158.0,13.0,0.8515406,0.09470084,1.0,-0.0
00-0033873,Patrick Mahomes,2018,5,KC,JAX,38,22,313.0,0,2.0,10.143255,356.0,171.0,17.0,0.8792135,0.11446238,1.0,15.0
00-0033873,Patrick Mahomes,2018,6,KC,NE,36,23,352.0,4,2.0,8.296052,319.0,189.0,14.0,1.1034483,0.16425186,0.0,-0.0
00-0033873,Patrick Mahomes,2018,7,KC,CIN,39,28,358.0,4,1.0,20.793432,336.0,206.0,19.0,1.0654762,0.29118067,2.0,5.0
00-0033873,Patrick Mahomes,2018,8,KC,DEN,34,24,303.0,4,1.0,12.312625,245.0,159.0,15.0,1.2367347,0.22771847,2.0,12.0
00-0033873,Patrick Mahomes,2018,9,KC,CLE,32,23,375.0,3,1.0,23.587523,216.0,214.0,15.0,1.7361112,0.29479888,2.0,15.0
00-0033873,Patrick Mahomes,2018,10,KC,ARI,28,21,249.0,2,0.0,6.7907777,204.0,128.0,12.0,1.2205882,0.15497592,5.0,37.0
00-0033873,Patrick Mahomes,2018,11,KC,LA,46,33,478.0,6,3.0,9.352104,467.0,219.0,21.0,1.0235546,0.2060675,3.0,30.0
00-0033873,Patrick Mahomes,2018,13,KC,LV,38,23,295.0,4,0.0,17.36451,450.0,106.0,14.0,0.65555555,0.23843022,0.0,-0.0
00-0033873,Patrick Mahomes,2018,14,KC,BAL,53,35,377.0,2,1.0,11.84311,408.0,225.0,18.0,0.92401963,0.15363881,3.0,29.0
00-0033873,Patrick Mahomes,2018,15,KC,LAC,34,24,243.0,2,0.0,10.182105,210.0,136.0,12.0,1.1571429,0.18789186,2.0,9.0
00-0033873,Patrick Mahomes,2018,16,KC,SEA,40,23,273.0,3,0.0,7.724639,395.0,136.0,16.0,0.6911392,0.120723456,1.0,8.0
00-0033873,Patrick Mahomes,2018,17,KC,LV,24,14,281.0,2,1.0,15.962906,255.0,151.0,9.0,1.1019608,0.22034054,0.0,-0.0
00-0033873,Patrick Mahomes,2018,19,KC,IND,41,27,278.0,0,0.0,-0.7167118,368.0,143.0,14.0,0.7554348,0.032794956,4.0,25.0
00-0033873,Patrick Mahomes,2018,20,KC,NE,31,16,295.0,3,0.0,7.3476267,420.0,132.0,11.0,0.70238096,0.15577967,4.0,46.0
00-0033891,Zay Jones,2018,14,BUF,NYJ,1,0,0.0,0,0.0,-1.4740564,13.0,0.0,0.0,0.0,,0.0,-0.0
00-0033899,DeShone Kizer,2018,1,GB,CHI,7,4,55.0,0,1.0,-7.904371,65.0,34.0,3.0,0.84615386,0.015800511,2.0,21.0
00-0033899,DeShone Kizer,2018,17,GB,DET,35,16,132.0,0,1.0,-19.009197,363.0,29.0,5.0,0.36363637,-0.05676463,2.0,17.0
00-0033936,C.J. Beathard,2018,4,SF,LAC,37,23,298.0,2,2.0,-1.8345344,205.0,170.0,13.0,1.4536586,0.063785166,1.0,10.0
00-0033936,C.J. Beathard,2018,5,SF,ARI,54,34,349.0,2,2.0,-4.256314,260.0,245.0,22.0,1.3423077,0.025998902,4.0,49.0
00-0033936,C.J. Beathard,2018,6,SF,GB,23,16,245.0,2,1.0,9.623563,181.0,111.0,8.0,1.3535912,0.19942077,2.0,18.0
00-0033936,C.J. Beathard,2018,7,SF,LA,27,15,170.0,1,2.0,-23.402594,229.0,100.0,8.0,0.7423581,0.0006350244,7.0,49.0
00-0033936,C.J. Beathard,2018,8,SF,ARI,28,14,190.0,1,0.0,-4.411587,240.0,102.0,9.0,0.7916667,-0.06874454,4.0,30.0
00-0033949,Joshua Dobbs,2018,9,PIT,BAL,1,1,22.0,0,0.0,2.428654,23.0,-1.0,1.0,0.95652175,,0.0,-0.0
00-0033949,Joshua Dobbs,2018,10,PIT,CAR,2,1,-3.0,0,0.0,-2.2084236,-8.0,0.0,0.0,0.0,,0.0,-0.0
00-0033949,Joshua Dobbs,2018,14,PIT,LV,9,4,24.0,0,1.0,-10.874359,44.0,20.0,1.0,0.54545456,-0.078729376,0.0,-0.0
00-0033958,Nathan Peterman,2018,1,BUF,BAL,18,5,24.0,0,2.0,-23.950865,148.0,25.0,0.0,0.16216215,-0.13323717,3.0,12.0
00-0033958,Nathan Peterman,2018,6,BUF,HOU,12,6,61.0,1,2.0,-5.3272696,96.0,16.0,4.0,0.6354167,-0.073050834,0.0,-0.0
00-0033958,Nathan Peterman,2018,8,BUF,NE,2,2,23.0,0,0.0,-0.5690811,5.0,18.0,0.0,4.6,,0.0,-0.0
00-0033958,Nathan Peterman,2018,9,BUF,CHI,49,31,188.0,0,3.0,-15.238268,244.0,124.0,9.0,0.7704918,-0.0043088486,4.0,22.0
00-0034064,Colby Wadman,2018,11,DEN,LAC,1,1,12.0,0,0.0,3.3937395,-1.0,13.0,1.0,0.0,,0.0,-0.0
00-0034162,J.K. Scott,2018,3,GB,WAS,1,0,0.0,0,0.0,-0.6521801,-2.0,0.0,0.0,0.0,,0.0,-0.0
00-0034253,Dontrell Hilliard,2018,10,CLE,ATL,1,0,0.0,0,1.0,-6.4183683,12.0,0.0,0.0,0.0,,0.0,-0.0
00-0034343,Josh Rosen,2018,3,ARI,CHI,7,4,36.0,0,1.0,-0.66452926,77.0,-1.0,2.0,0.46753246,0.056131124,1.0,7.0
00-0034343,Josh Rosen,2018,4,ARI,SEA,27,15,180.0,1,0.0,4.4645195,245.0,77.0,9.0,0.7346939,0.0982482,1.0,9.0
00-0034343,Josh Rosen,2018,5,ARI,SF,25,10,170.0,1,0.0,-4.4613214,277.0,74.0,5.0,0.6137184,-0.07356341,1.0,6.0
00-0034343,Josh Rosen,2018,6,ARI,MIN,31,21,240.0,0,1.0,-11.858433,209.0,100.0,9.0,1.1483253,0.0002794929,4.0,32.0
00-0034343,Josh Rosen,2018,7,ARI,DEN,39,21,194.0,1,3.0,-38.89661,290.0,72.0,8.0,0.6689655,-0.010572472,6.0,40.0
00-0034343,Josh Rosen,2018,8,ARI,SF,40,23,252.0,2,1.0,-1.0224547,288.0,119.0,15.0,0.875,0.057739828,3.0,19.0
00-0034343,Josh Rosen,2018,10,ARI,KC,39,22,208.0,1,2.0,-10.979176,289.0,96.0,13.0,0.71972317,-0.006421531,5.0,42.0
00-0034343,Josh Rosen,2018,11,ARI,LV,20,9,136.0,3,2.0,-7.7150393,137.0,101.0,7.0,0.99270076,-0.08950765,1.0,8.0
00-0034343,Josh Rosen,2018,12,ARI,LAC,19,12,105.0,1,1.0,-9.88851,137.0,76.0,4.0,0.76642334,0.047096357,2.0,18.0
00-0034343,Josh Rosen,2018,13,ARI,GB,26,11,149.0,0,0.0,-2.0660582,250.0,31.0,8.0,0.596,-0.046556357,2.0,16.0
00-0034343,Josh Rosen,2018,14,ARI,DET,41,26,240.0,0,1.0,-12.990056,380.0,62.0,17.0,0.6315789,0.009357373,3.0,22.0
00-0034343,Josh Rosen,2018,15,ARI,ATL,22,13,132.0,0,2.0,-22.383196,91.0,80.0,5.0,1.4505495,-0.040907316,6.0,42.0
00-0034343,Josh Rosen,2018,16,ARI,LA,23,12,87.0,0,0.0,-12.004741,207.0,45.0,2.0,0.42028984,-0.06325442,4.0,23.0
00-0034343,Josh Rosen,2018,17,ARI,SEA,34,18,149.0,1,0.0,-21.220106,385.0,45.0,8.0,0.387013,0.01353791,6.0,36.0
00-0034353,Anthony Miller,2018,12,CHI,DET,1,1,8.0,0,0.0,1.5813229,-6.0,14.0,1.0,0.0,,0.0,-0.0
00-0034369,Kyle Lauletta,2018,14,NYG,WAS,5,0,0.0,0,1.0,-6.7054243,76.0,0.0,0.0,0.0,-0.19819754,0.0,-0.0
00-0034437,Logan Cooke,2018,10,JAX,IND,1,1,4.0,0,0.0,2.7448695,-4.0,8.0,1.0,0.0,,0.0,-0.0
00-0034577,Kyle Allen,2018,16,CAR,ATL,4,4,38.0,0,0.0,2.171929,34.0,4.0,2.0,1.117647,,0.0,-0.0
00-0034577,Kyle Allen,2018,17,CAR,NO,27,16,228.0,2,0.0,10.92169,209.0,88.0,9.0,1.0909091,0.22735918,0.0,-0.0
00-0034721,Corey Bojorquez,2018,5,BUF,TEN,1,0,0.0,0,0.0,-2.9638326,-8.0,0.0,0.0,0.0,,0.0,-0.0
00-0034796,Lamar Jackson,2018,1,BAL,BUF,4,1,24.0,0,0.0,-1.8455138,51.0,11.0,1.0,0.47058824,,1.0,8.0
00-0034796,Lamar Jackson,2018,5,BAL,CLE,1,0,0.0,0,0.0,-0.4908289,11.0,0.0,0.0,0.0,,0.0,-0.0
00-0034796,Lamar Jackson,2018,7,BAL,NO,1,1,5.0,0,0.0,-0.41335803,4.0,1.0,0.0,1.25,,0.0,-0.0
00-0034796,Lamar Jackson,2018,8,BAL,CAR,5,4,46.0,1,0.0,2.8064768,53.0,8.0,2.0,0.8679245,0.35061076,0.0,-0.0
00-0034796,Lamar Jackson,2018,9,BAL,PIT,1,1,12.0,0,0.0,1.223633,8.0,4.0,1.0,1.5,,0.0,-0.0
00-0034796,Lamar Jackson,2018,11,BAL,CIN,19,13,150.0,0,1.0,-4.561684,159.0,54.0,7.0,0.9433962,0.053480428,3.0,14.0
00-0034796,Lamar Jackson,2018,12,BAL,LV,25,14,178.0,1,2.0,-0.26388672,200.0,97.0,9.0,0.89,0.01582977,1.0,4.0
00-0034796,Lamar Jackson,2018,13,BAL,ATL,21,12,125.0,0,0.0,-13.105216,191.0,39.0,7.0,0.65445024,-0.030035049,2.0,8.0
00-0034796,Lamar Jackson,2018,14,BAL,KC,24,13,147.0,2,0.0,6.658533,275.0,43.0,12.0,0.5345455,0.042463157,2.0,20.0
00-0034796,Lamar Jackson,2018,15,BAL,TB,23,14,131.0,1,0.0,-0.016417038,137.0,49.0,7.0,0.95620435,0.054318916,2.0,3.0
00-0034796,Lamar Jackson,2018,16,BAL,LAC,22,12,204.0,1,0.0,2.735986,194.0,113.0,8.0,1.0515463,0.02996386,3.0,2.0
00-0034796,Lamar Jackson,2018,17,BAL,CLE,24,14,179.0,0,0.0,0.11878495,192.0,91.0,6.0,0.9322917,0.018132536,2.0,12.0
00-0034796,Lamar Jackson,2018,18,BAL,LAC,29,14,194.0,2,1.0,-5.4188814,250.0,95.0,7.0,0.776,-0.03607919,7.0,55.0
00-0034855,Baker Mayfield,2018,3,CLE,NYJ,23,17,201.0,0,0.0,9.266857,221.0,56.0,9.0,0.90950227,0.26174974,1.0,8.0
00-0034855,Baker Mayfield,2018,4,CLE,LV,41,21,295.0,2,2.0,-5.8600893,390.0,145.0,13.0,0.75641024,-0.034164663,2.0,16.0
00-0034855,Baker Mayfield,2018,5,CLE,BAL,43,25,342.0,1,1.0,-3.5391574,409.0,168.0,13.0,0.8361858,0.009429816,5.0,38.0
00-0034855,Baker Mayfield,2018,6,CLE,LAC,46,22,238.0,1,2.0,-23.239529,450.0,114.0,13.0,0.5288889,-0.025801728,5.0,24.0
00-0034855,Baker Mayfield,2018,7,CLE,TB,34,23,215.0,2,0.0,-2.2180552,289.0,87.0,8.0,0.74394464,0.047667008,5.0,29.0
00-0034855,Baker Mayfield,2018,8,CLE,PIT,36,22,180.0,2,1.0,-4.827727,283.0,111.0,9.0,0.6360424,0.042951193,2.0,17.0
00-0034855,Baker Mayfield,2018,9,CLE,KC,42,29,297.0,2,1.0,2.472069,374.0,172.0,17.0,0.7941176,0.08873298,2.0,22.0
00-0034855,Baker Mayfield,2018,10,CLE,ATL,20,17,216.0,3,0.0,18.983995,152.0,104.0,13.0,1.4210526,0.39341775,0.0,-0.0
00-0034855,Baker Mayfield,2018,12,CLE,CIN,26,19,258.0,4,0.0,22.392036,256.0,114.0,14.0,1.0078125,0.35652786,0.0,-0.0
00-0034855,Baker Mayfield,2018,13,CLE,HOU,43,29,397.0,1,3.0,-3.364814,400.0,189.0,15.0,0.9925,0.11312052,0.0,-0.0
00-0034855,Baker Mayfield,2018,14,CLE,CAR,22,18,238.0,1,0.0,7.7953916,242.0,73.0,5.0,0.9834711,0.182499,1.0,6.0
00-0034855,Baker Mayfield,2018,15,CLE,DEN,31,18,188.0,2,1.0,-2.2820318,314.0,67.0,13.0,0.5987261,0.02981862,2.0,13.0
00-0034855,Baker Mayfield,2018,16,CLE,CIN,37,27,284.0,3,0.0,14.685389,252.0,171.0,13.0,1.1269841,0.20382948,0.0,-0.0
00-0034855,Baker Mayfield,2018,17,CLE,BAL,42,23,376.0,3,3.0,7.672707,483.0,125.0,16.0,0.7784679,0.10364384,0.0,-0.0
00-0034857,Josh Allen,2018,1,BUF,BAL,15,6,74.0,0,0.0,-3.9133048,220.0,8.0,5.0,0.33636364,-0.02489127,3.0,16.0
00-0034857,Josh Allen,2018,2,BUF,LAC,32,17,215.0,1,2.0,-2.3244357,346.0,82.0,9.0,0.6213873,-0.017380422,5.0,36.0
00-0034857,Josh Allen,2018,3,BUF,MIN,22,15,196.0,1,0.0,3.070135,190.0,138.0,6.0,1.0315789,0.15137395,3.0,32.0
00-0034857,Josh Allen,2018,4,BUF,GB,33,16,151.0,0,2.0,-17.663813,307.0,69.0,6.0,0.49185666,-0.05310844,7.0,64.0
00-0034857,Josh Allen,2018,5,BUF,TEN,19,10,82.0,0,1.0,-8.209538,161.0,52.0,6.0,0.50931674,-0.04405047,1.0,3.0
00-0034857,Josh Allen,2018,6,BUF,HOU,17,10,84.0,0,0.0,-5.848765,128.0,42.0,4.0,0.65625,-0.020343844,2.0,16.0
00-0034857,Josh Allen,2018,12,BUF,JAX,19,8,160.0,1,0.0,4.5648117,336.0,78.0,5.0,0.47619048,0.08160546,0.0,-0.0
00-0034857,Josh Allen,2018,13,BUF,MIA,33,18,231.0,2,2.0,-2.8705204,518.0,79.0,10.0,0.44594595,0.1706009,2.0,14.0
00-0034857,Josh Allen,2018,14,BUF,NYJ,36,18,206.0,0,2.0,-5.3015213,297.0,81.0,9.0,0.6936027,0.011340335,3.0,14.0
00-0034857,Josh Allen,2018,15,BUF,DET,26,13,204.0,1,0.0,2.6441803,413.0,56.0,9.0,0.49394673,0.09980654,1.0,9.0
00-0034857,Josh Allen,2018,16,BUF,NE,41,20,217.0,1,2.0,-10.957091,460.0,90.0,10.0,0.47173914,-0.030738877,0.0,-0.0
00-0034857,Josh Allen,2018,17,BUF,MIA,26,17,224.0,3,1.0,6.2445054,133.0,138.0,9.0,1.6842105,0.22465031,1.0,9.0
00-0034869,Sam Darnold,2018,1,NYJ,DET,21,16,198.0,2,1.0,7.2839,166.0,83.0,10.0,1.1927711,0.27127683,2.0,18.0
00-0034869,Sam Darnold,2018,2,NYJ,MIA,41,25,334.0,1,2.0,-5.936916,397.0,173.0,17.0,0.84130985,0.014865613,3.0,14.0
00-0034869,Sam Darnold,2018,3,NYJ,CLE,31,15,169.0,0,2.0,-2.018507,202.0,108.0,9.0,0.8366337,-0.061573815,2.0,8.0
00-0034869,Sam Darnold,2018,4,NYJ,JAX,34,17,167.0,1,0.0,-7.504593,344.0,89.0,6.0,0.4854651,-0.034519687,3.0,23.0
00-0034869,Sam Darnold,2018,5,NYJ,DEN,22,10,198.0,3,1.0,3.920912,197.0,80.0,7.0,1.0050762,0.013619094,1.0,9.0
00-0034869,Sam Darnold,2018,6,NYJ,IND,30,24,280.0,2,1.0,13.508938,210.0,134.0,12.0,1.3333334,0.23831096,2.0,13.0
00-0034869,Sam Darnold,2018,7,NYJ,MIN,42,17,206.0,1,3.0,-27.9814,490.0,121.0,7.0,0.42040816,-0.083703265,3.0,14.0
00-0034869,Sam Darnold,2018,8,NYJ,CHI,29,14,153.0,1,0.0,1.3257823,236.0,52.0,8.0,0.64830506,-0.012588828,1.0,3.0
00-0034869,Sam Darnold,2018,9,NYJ,MIA,39,21,229.0,0,4.0,-17.504837,329.0,129.0,8.0,0.6960486,-0.03579851,4.0,27.0
00-0034869,Sam Darnold,2018,14,NYJ,BUF,24,16,170.0,1,1.0,6.138163,181.0,59.0,9.0,0.9392265,0.16749956,0.0,-0.0
00-0034869,Sam Darnold,2018,15,NYJ,HOU,38,24,253.0,2,0.0,5.573864,408.0,74.0,11.0,0.62009805,0.17366676,3.0,25.0
00-0034869,Sam Darnold,2018,16,NYJ,GB,35,24,341.0,3,0.0,20.112297,366.0,135.0,18.0,0.931694,0.2581196,2.0,18.0
00-0034869,Sam Darnold,2018,17,NYJ,NE,28,16,167.0,0,0.0,-10.088214,306.0,41.0,8.0,0.54575163,0.0012809462,4.0,32.0
00-0019596,Tom Brady,2019,1,NE,PIT,36,24,341.0,3,0.0,17.000393,286.0,136.0,14.0,1.1923077,0.20024872,1.0,7.0
00-0019596,Tom Brady,2019,2,NE,MIA,28,20,264.0,2,0.0,15.971406,264.0,91.0,13.0,1.0,0.25152072,2.0,9.0
00-0019596,Tom Brady,2019,3,NE,NYJ,42,28,306.0,2,0.0,10.751857,287.0,141.0,16.0,1.066202,0.17948923,0.0,-0.0
00-0019596,Tom Brady,2019,4,NE,BUF,39,18,150.0,0,1.0,-15.861764,289.0,90.0,5.0,0.51903117,-0.040857814,0.0,-0.0
00-0019596,Tom Brady,2019,5,NE,WAS,42,28,348.0,3,1.0,13.1639805,316.0,151.0,16.0,1.1012658,0.17800564,4.0,36.0
00-0019596,Tom Brady,2019,6,NE,NYG,41,31,334.0,0,1.0,-2.4698274,280.0,160.0,17.0,1.1928571,0.14471062,3.0,21.0
00-0019596,Tom Brady,2019,7,NE,NYJ,45,31,249.0,1,1.0,4.3038864,223.0,123.0,12.0,1.1165919,0.1238302,0.0,-0.0
00-0019596,Tom Brady,2019,8,NE,CLE,36,20,259.0,2,0.0,5.2036977,253.0,110.0,11.0,1.0237154,0.08122331,3.0,20.0
00-0019596,Tom Brady,2019,9,NE,BAL,46,30,285.0,1,1.0,2.100136,318.0,155.0,17.0,0.8962264,0.08585209,2.0,17.0
00-0019596,Tom Brady,2019,11,NE,PHI,47,26,216.0,0,0.0,-5.902884,333.0,134.0,13.0,0.6486486,-0.014931554,1.0,7.0
00-0019596,Tom Brady,2019,12,NE,DAL,37,17,190.0,1,0.0,-6.427479,385.0,47.0,10.0,0.4935065,-0.046304334,2.0,9.0
00-0019596,Tom Brady,2019,13,NE,HOU,47,24,326.0,3,1.0,3.3059812,498.0,128.0,16.0,0.6546185,0.038682494,3.0,23.0
00-0019596,Tom Brady,2019,14,NE,KC,36,19,169.0,1,1.0,-19.551674,249.0,81.0,7.0,0.6787149,-0.029534612,3.0,20.0
00-0019596,Tom Brady,2019,15,NE,CIN,29,15,128.0,2,0.0,-2.4328363,157.0,94.0,7.0,0.81528664,-0.033688452,2.0,12.0
00-0019596,Tom Brady,2019,16,NE,BUF,33,26,271.0,1,0.0,12.185162,167.0,138.0,11.0,1.6227545,0.20840831,0.0,-0.0
00-0019596,Tom Brady,2019,17,NE,MIA,29,16,221.0,2,1.0,0.15550199,308.0,84.0,8.0,0.71753246,0.04745286,1.0,4.0
00-0019596,Tom Brady,2019,18,NE,TEN,37,20,209.0,0,1.0,-3.1148782,329.0,134.0,11.0,0.6352584,-0.012953833,0.0,-0.0
00-0020531,Drew Brees,2019,1,NO,HOU,43,32,370.0,2,1.0,13.203922,295.0,134.0,19.0,1.2542373,0.21914333,1.0,8.0
00-0020531,Drew Brees,2019,2,NO,LA,5,3,38.0,0,1.0,-2.4753861,55.0,7.0,2.0,0.6909091,0.008420453,0.0,-0.0
00-0020531,Drew Brees,2019,8,NO,ARI,43,34,373.0,3,1.0,13.713396,228.0,242.0,20.0,1.6359649,0.17355034,0.0,-0.0
00-0020531,Drew Brees,2019,10,NO,ATL,45,32,287.0,0,0.0,-17.636839,260.0,150.0,12.0,1.1038462,0.039514504,6.0,46.0
00-0020531,Drew Brees,2019,11,NO,TB,35,28,228.0,3,0.0,11.733587,157.0,131.0,14.0,1.4522293,0.24919984,0.0,-0.0
00-0020531,Drew Brees,2019,12,NO,CAR,39,30,311.0,3,1.0,9.076233,374.0,124.0,17.0,0.8315508,0.16124645,2.0,11.0
00-0020531,Drew Brees,2019,13,NO,ATL,30,18,184.0,1,0.0,-0.6099197,163.0,113.0,10.0,1.1288344,-0.005923606,0.0,-0.0
00-0020531,Drew Brees,2019,14,NO,SF,40,29,349.0,5,0.0,18.056623,215.0,195.0,17.0,1.6232558,0.20269428,0.0,-0.0
00-0020531,Drew Brees,2019,15,NO,IND,30,29,307.0,4,0.0,21.453377,202.0,103.0,18.0,1.519802,0.400625,0.0,-0.0
00-0020531,Drew Brees,2019,16,NO,TEN,38,27,279.0,3,0.0,8.603932,262.0,142.0,15.0,1.0648855,0.14371596,3.0,24.0
00-0020531,Drew Brees,2019,17,NO,CAR,30,19,253.0,3,0.0,18.676653,214.0,154.0,15.0,1.182243,0.28771472,0.0,-0.0
00-0020531,Drew Brees,2019,18,NO,MIN,33,26,208.0,1,1.0,-14.271743,200.0,87.0,11.0,1.04,0.07391395,3.0,31.0
00-0021206,Josh McCown,2019,2,PHI,ATL,5,3,24.0,0,0.0,1.1289297,22.0,15.0,2.0,1.0909091,0.042960323,0.0,-0.0
00-0021206,Josh McCown,2019,18,PHI,SEA,24,18,174.0,0,0.0,-4.1329827,146.0,78.0,9.0,1.1917808,0.1080815,6.0,14.0
00-0022787,Matt Schaub,2019,7,ATL,LA,6,6,65.0,1,0.0,5.308697,57.0,8.0,4.0,1.1403508,0.5094958,0.0,-0.0
00-0022787,Matt Schaub,2019,8,ATL,SEA,52,39,460.0,1,1.0,16.035385,352.0,236.0,24.0,1.3068181,0.21049319,2.0,19.0
00-0022787,Matt Schaub,2019,12,ATL,TB,9,5,55.0,1,0.0,4.432924,79.0,22.0,2.0,0.6962025,0.15903875,0.0,-0.0
00-0022803,Eli Manning,2019,1,NYG,DAL,44,30,306.0,1,0.0,1.7074194,285.0,144.0,15.0,1.0736842,0.05501277,1.0,4.0
00-0022803,Eli Manning,2019,2,NYG,BUF,45,26,250.0,1,2.0,-8.681276,359.0,89.0,14.0,0.6963788,-0.013673589,1.0,9.0
00-0022803,Eli Manning,2019,14,NYG,PHI,30,15,203.0,2,0.0,-1.8309808,264.0,83.0,6.0,0.7689394,-0.031758748,2.0,21.0
00-0022803,Eli Manning,2019,15,NYG,MIA,28,20,283.0,2,3.0,1.8245274,291.0,101.0,12.0,0.9725086,0.1486807,1.0,10.0
00-0022824,Andy Lee,2019,10,ARI,TB,1,1,26.0,0,0.0,4.2406874,26.0,0.0,1.0,1.0,,0.0,-0.0
00-0022924,Ben Roethlisberger,2019,1,PIT,NE,47,27,276.0,0,1.0,-8.184871,465.0,140.0,11.0,0.59354836,-0.025010012,1.0,-0.0
00-0022924,Ben Roethlisberger,2019,2,PIT,SEA,15,8,75.0,0,0.0,-4.9803877,111.0,53.0,3.0,0.6756757,-0.06829682,1.0,7.0
00-0022942,Philip Rivers,2019,1,LAC,IND,34,25,333.0,3,1.0,7.9757457,234.0,177.0,14.0,1.4230769,0.1613872,4.0,23.0
00-0022942,Philip Rivers,2019,2,LAC,DET,36,21,293.0,0,1.0,0.91986877,378.0,94.0,13.0,0.7751323,0.056930527,1.0,6.0
00-0022942,Philip Rivers,2019,3,LAC,HOU,46,31,318.0,2,0.0,4.111933,471.0,161.0,17.0,0.6751592,0.10237182,5.0,25.0
00-0022942,Philip Rivers,2019,4,LAC,MIA,30,24,310.0,2,0.0,20.413422,237.0,139.0,15.0,1.3080169,0.32163367,1.0,6.0
00-0022942,Philip Rivers,2019,5,LAC,DEN,48,32,211.0,0,2.0,-16.390259,212.0,130.0,14.0,0.995283,0.01831833,0.0,-0.0
00-0022942,Philip Rivers,2019,6,LAC,PIT,44,26,320.0,2,2.0,5.734996,486.0,98.0,18.0,0.65843624,0.06901424,1.0,4.0
00-0022942,Philip Rivers,2019,7,LAC,TEN,38,24,329.0,2,0.0,14.097997,426.0,116.0,19.0,0.7723005,0.22770707,1.0,3.0
00-0022942,Philip Rivers,2019,8,LAC,CHI,29,19,201.0,1,1.0,-0.5908211,259.0,54.0,8.0,0.7760618,0.05036704,1.0,6.0
00-0022942,Philip Rivers,2019,9,LAC,GB,28,21,294.0,0,0.0,9.79315,238.0,143.0,13.0,1.2352941,0.20751825,2.0,11.0
00-0022942,Philip Rivers,2019,10,LAC,LV,31,17,207.0,2,3.0,-12.220283,397.0,65.0,11.0,0.5214106,0.049029224,5.0,38.0
00-0022942,Philip Rivers,2019,11,LAC,KC,52,28,353.0,1,4.0,-3.3180008,412.0,190.0,14.0,0.85679615,-0.0049650474,2.0,8.0
00-0022942,Philip Rivers,2019,13,LAC,DEN,29,20,265.0,2,1.0,3.9527931,200.0,109.0,11.0,1.325,0.12018863,3.0,21.0
00-0022942,Philip Rivers,2019,14,LAC,JAX,22,16,314.0,3,0.0,25.134481,231.0,210.0,9.0,1.3593074,0.4437298,1.0,10.0
00-0022942,Philip Rivers,2019,15,LAC,MIN,39,28,307.0,1,3.0,-5.5441656,344.0,122.0,14.0,0.89244187,0.09662411,3.0,24.0
00-0022942,Philip Rivers,2019,16,LAC,LV,39,27,279.0,0,0.0,4.629812,208.0,176.0,13.0,1.3413461,0.12381483,1.0,14.0
00-0022942,Philip Rivers,2019,17,LAC,KC,46,31,281.0,2,2.0,8.980427,314.0,170.0,14.0,0.89490443,0.13360552,3.0,23.0
00-0023459,Aaron Rodgers,2019,1,GB,CHI,30,18,203.0,1,0.0,-3.7905378,300.0,87.0,10.0,0.6766667,0.027037866,5.0,37.0
00-0023459,Aaron Rodgers,2019,2,GB,MIN,34,22,209.0,2,0.0,5.121589,259.0,106.0,12.0,0.8069498,0.09616262,2.0,18.0
00-0023459,Aaron Rodgers,2019,3,GB,DEN,29,17,235.0,1,0.0,6.420951,258.0,77.0,8.0,0.91085273,0.10179679,0.0,-0.0
00-0023459,Aaron Rodgers,2019,4,GB,PHI,53,34,422.0,2,1.0,13.148054,371.0,214.0,19.0,1.1374663,0.18889152,1.0,8.0
00-0023459,Aaron Rodgers,2019,5,GB,DAL,34,22,238.0,0,0.0,2.1716254,247.0,157.0,9.0,0.9635627,0.1041591,2.0,23.0
00-0023459,Aaron Rodgers,2019,6,GB,DET,39,24,283.0,2,1.0,-2.4029162,372.0,93.0,13.0,0.7607527,0.093586355,1.0,6.0
00-0023459,Aaron Rodgers,2019,7,GB,LV,31,25,429.0,5,0.0,31.815393,268.0,223.0,15.0,1.6007463,0.4605861,1.0,8.0
00-0023459,Aaron Rodgers,2019,8,GB,KC,33,23,305.0,3,0.0,13.7886,236.0,186.0,15.0,1.2923728,0.254893,5.0,49.0
00-0023459,Aaron Rodgers,2019,9,GB,LAC,35,23,161.0,1,0.0,-3.2626724,299.0,89.0,11.0,0.53846157,0.02870699,3.0,22.0
00-0023459,Aaron Rodgers,2019,10,GB,CAR,29,17,233.0,0,0.0,4.1606073,338.0,113.0,9.0,0.6893491,0.1075848,2.0,8.0
00-0023459,Aaron Rodgers,2019,12,GB,SF,33,20,104.0,1,0.0,-18.084644,230.0,109.0,7.0,0.45217392,-0.010770635,5.0,38.0
00-0023459,Aaron Rodgers,2019,13,GB,NYG,33,21,243.0,4,0.0,18.354591,268.0,89.0,13.0,0.9067164,0.24600679,0.0,-0.0
00-0023459,Aaron Rodgers,2019,14,GB,WAS,28,18,195.0,1,0.0,-4.4394484,219.0,86.0,9.0,0.89041096,0.04215418,4.0,28.0
00-0023459,Aaron Rodgers,2019,15,GB,CHI,33,16,203.0,1,0.0,-4.578085,305.0,111.0,7.0,0.6655738,-0.028343424,1.0,11.0
00-0023459,Aaron Rodgers,2019,16,GB,MIN,40,26,216.0,0,1.0,-8.293832,266.0,145.0,14.0,0.8120301,0.0042303256,3.0,17.0
00-0023459,Aaron Rodgers,2019,17,GB,DET,55,27,323.0,2,1.0,7.578176,770.0,135.0,18.0,0.41948053,0.034231428,1.0,11.0
00-0023459,Aaron Rodgers,2019,19,GB,SEA,27,16,243.0,2,0.0,12.953257,223.0,94.0,12.0,1.0896862,0.22299582,2.0,8.0
00-0023459,Aaron Rodgers,2019,20,GB,SF,39,31,326.0,2,2.0,10.770996,332.0,180.0,16.0,0.9819277,0.19524615,3.0,30.0
00-0023534,Dustin Colquitt,2019,10,KC,TEN,1,0,0.0,0,0.0,-2.3052912,4.0,0.0,0.0,0.0,,0.0,-0.0
00-0023682,Ryan Fitzpatrick,2019,1,MIA,BAL,29,14,185.0,1,1.0,0.44086844,402.0,50.0,10.0,0.460199,0.00743766,2.0,5.0
00-0023682,Ryan Fitzpatrick,2019,2,MIA,NE,21,11,89.0,0,3.0,-31.65814,176.0,29.0,3.0,0.5056818,-0.042219695,4.0,23.0
00-0023682,Ryan Fitzpatrick,2019,3,MIA,DAL,2,2,29.0,0,0.0,2.3178906,26.0,3.0,1.0,1.1153846,,0.0,-0.0
00-0023682,Ryan Fitzpatrick,2019,6,MIA,WAS,18,12,132.0,1,0.0,5.168531,179.0,42.0,7.0,0.73743016,0.19618839,0.0,-0.0
00-0023682,Ryan Fitzpatrick,2019,7,MIA,BUF,35,23,282.0,1,1.0,9.128645,335.0,96.0,13.0,0.84179103,0.15732282,0.0,-0.0
00-0023682,Ryan Fitzpatrick,2019,8,MIA,PIT,34,21,190.0,2,2.0,-3.2320516,299.0,61.0,11.0,0.6354515,0.0123358695,4.0,20.0
00-0023682,Ryan Fitzpatrick,2019,9,MIA,NYJ,36,24,288.0,3,0.0,12.872626,343.0,106.0,16.0,0.83965015,0.17769144,4.0,22.0
00-0023682,Ryan Fitzpatrick,2019,10,MIA,IND,33,21,169.0,0,1.0,-4.715777,173.0,92.0,11.0,0.9768786,-0.010161526,3.0,10.0
00-0023682,Ryan Fitzpatrick,2019,11,MIA,BUF,45,32,323.0,0,0.0,-5.26207,317.0,136.0,13.0,1.0189275,0.049773943,7.0,43.0
00-0023682,Ryan Fitzpatrick,2019,12,MIA,CLE,39,21,214.0,2,2.0,-4.220677,336.0,80.0,14.0,0.6369048,0.0038202475,4.0,22.0
00-0023682,Ryan Fitzpatrick,2019,13,MIA,PHI,39,27,365.0,3,1.0,13.542302,351.0,115.0,18.0,1.039886,0.23855437,3.0,15.0
00-0023682,Ryan Fitzpatrick,2019,14,MIA,NYJ,37,21,245.0,0,1.0,-0.1467672,338.0,62.0,13.0,0.7248521,0.10210771,2.0,5.0
00-0023682,Ryan Fitzpatrick,2019,15,MIA,NYG,41,23,279.0,2,0.0,0.8965209,352.0,124.0,13.0,0.7926136,0.022124412,3.0,17.0
00-0023682,Ryan Fitzpatrick,2019,16,MIA,CIN,52,31,419.0,4,1.0,18.073566,510.0,126.0,21.0,0.8215686,0.18971355,2.0,13.0
00-0023682,Ryan Fitzpatrick,2019,17,MIA,NE,41,28,320.0,1,0.0,12.111086,376.0,117.0,18.0,0.85106385,0.17614692,2.0,14.0
00-0024417,Sam Koch,2019,11,BAL,HOU,1,1,-2.0,0,0.0,-2.6248016,-5.0,3.0,0.0,0.0,,0.0,-0.0
00-0025708,Matt Moore,2019,1,KC,JAX,1,0,0.0,0,0.0,-0.30290502,-4.0,0.0,0.0,0.0,,0.0,-0.0
00-0025708,Matt Moore,2019,7,KC,DEN,19,10,117.0,1,0.0,-2.9121602,147.0,66.0,4.0,0.79591835,-0.04679327,1.0,2.0
00-0025708,Matt Moore,2019,8,KC,GB,36,24,267.0,2,0.0,7.4008927,200.0,167.0,16.0,1.335,0.12971537,2.0,18.0
00-0025708,Matt Moore,2019,9,KC,MIN,35,25,275.0,1,0.0,2.8131897,287.0,54.0,15.0,0.9581882,0.111510806,5.0,45.0
00-0025825,Brett Kern,2019,7,TEN,LAC,1,1,11.0,0,0.0,3.6674285,3.0,8.0,1.0,3.6666667,,0.0,-0.0
00-0025825,Brett Kern,2019,15,TEN,HOU,1,0,0.0,0,0.0,-2.171806,30.0,0.0,0.0,0.0,,0.0,-0.0
00-0025825,Brett Kern,2019,20,TEN,KC,1,1,28.0,0,0.0,3.94281,9.0,19.0,1.0,3.1111112,,0.0,-0.0
00-0026035,Danny Amendola,2019,17,DET,GB,1,1,19.0,1,0.0,1.9585356,14.0,5.0,1.0,1.3571428,,0.0,-0.0
00-0026143,Matt Ryan,2019,1,ATL,MIN,46,33,304.0,2,2.0,-5.986095,360.0,118.0,16.0,0.84444445,0.08026031,4.0,32.0
00-0026143,Matt Ryan,2019,2,ATL,PHI,43,27,320.0,3,3.0,1.7372073,399.0,164.0,15.0,0.802005,0.033214,1.0,10.0
00-0026143,Matt Ryan,2019,3,ATL,IND,34,29,304.0,3,1.0,21.298214,292.0,92.0,17.0,1.0410959,0.3229602,0.0,-0.0
00-0026143,Matt Ryan,2019,4,ATL,TEN,53,35,397.0,0,0.0,-4.734635,468.0,174.0,17.0,0.8482906,0.03612754,5.0,33.0
00-0026143,Matt Ryan,2019,5,ATL,HOU,46,32,330.0,3,1.0,5.3973517,366.0,135.0,14.0,0.90163934,0.14078031,2.0,14.0
00-0026143,Matt Ryan,2019,6,ATL,ARI,36,30,356.0,4,0.0,19.520304,319.0,95.0,20.0,1.1159874,0.31799296,2.0,15.0
00-0026143,Matt Ryan,2019,7,ATL,LA,27,16,159.0,0,1.0,-16.7606,215.0,37.0,8.0,0.73953485,-0.002885795,5.0,38.0
00-0026143,Matt Ryan,2019,10,ATL,NO,35,20,182.0,2,1.0,-0.6525645,260.0,89.0,9.0,0.7,0.06868749,1.0,8.0
00-0026143,Matt Ryan,2019,11,ATL,CAR,31,21,311.0,1,0.0,13.858921,296.0,70.0,15.0,1.0506756,0.23804076,3.0,19.0
00-0026143,Matt Ryan,2019,12,ATL,TB,46,23,271.0,0,1.0,-14.449115,452.0,78.0,12.0,0.5995575,-0.05701045,6.0,46.0
00-0026143,Matt Ryan,2019,13,ATL,NO,50,35,312.0,2,2.0,-15.22077,345.0,89.0,18.0,0.90434784,0.04412106,9.0,53.0
00-0026143,Matt Ryan,2019,14,ATL,CAR,34,20,313.0,2,0.0,6.0215507,322.0,137.0,13.0,0.9720497,0.120596305,1.0,11.0
00-0026143,Matt Ryan,2019,15,ATL,SF,39,25,210.0,2,0.0,6.3931146,252.0,106.0,14.0,0.8333333,0.1314466,2.0,9.0
00-0026143,Matt Ryan,2019,16,ATL,JAX,45,32,384.0,1,2.0,10.304423,394.0,122.0,20.0,0.97461927,0.17209716,1.0,1.0
00-0026143,Matt Ryan,2019,17,ATL,TB,51,30,313.0,1,0.0,-6.256774,311.0,120.0,20.0,1.0064309,0.040781055,6.0,27.0
00-0026158,Joe Flacco,2019,1,DEN,LV,31,21,268.0,1,0.0,7.573604,243.0,104.0,11.0,1.1028807,0.14591801,3.0,19.0
00-0026158,Joe Flacco,2019,2,DEN,CHI,50,35,292.0,1,1.0,7.0028214,251.0,132.0,19.0,1.1633466,0.09819338,2.0,10.0
00-0026158,Joe Flacco,2019,3,DEN,GB,29,20,213.0,0,1.0,-6.3396454,132.0,129.0,12.0,1.6136364,0.028790267,6.0,52.0
00-0026158,Joe Flacco,2019,4,DEN,JAX,38,22,303.0,3,1.0,4.6812253,321.0,168.0,15.0,0.94392526,0.093968965,0.0,-0.0
00-0026158,Joe Flacco,2019,5,DEN,LAC,20,14,182.0,1,1.0,-5.349962,133.0,96.0,6.0,1.3684211,0.06372448,3.0,23.0
00-0026158,Joe Flacco,2019,6,DEN,TEN,28,18,177.0,0,1.0,-3.3285842,216.0,79.0,7.0,0.8194444,0.025376461,1.0,10.0
00-0026158,Joe Flacco,2019,7,DEN,KC,34,21,213.0,0,0.0,-20.40842,314.0,96.0,8.0,0.67834395,0.016855963,8.0,72.0
00-0026158,Joe Flacco,2019,8,DEN,IND,32,20,174.0,0,0.0,-7.112249,167.0,103.0,8.0,1.0419161,0.014201875,3.0,8.0
00-0026498,Matthew Stafford,2019,1,DET,ARI,45,27,385.0,3,0.0,11.415977,518.0,157.0,17.0,0.7432432,0.16932574,3.0,24.0
00-0026498,Matthew Stafford,2019,2,DET,LAC,30,22,245.0,2,2.0,4.7380376,310.0,80.0,12.0,0.7903226,0.11957989,0.0,-0.0
00-0026498,Matthew Stafford,2019,3,DET,PHI,32,18,201.0,1,0.0,5.2533307,306.0,50.0,11.0,0.65686274,0.086979486,0.0,-0.0
00-0026498,Matthew Stafford,2019,4,DET,KC,34,21,291.0,3,0.0,4.8781123,407.0,118.0,17.0,0.7149877,0.11489964,4.0,30.0
00-0026498,Matthew Stafford,2019,6,DET,GB,32,18,265.0,0,0.0,0.9877928,328.0,112.0,10.0,0.80792683,0.02905889,3.0,22.0
00-0026498,Matthew Stafford,2019,7,DET,MIN,45,30,364.0,4,1.0,12.755803,386.0,140.0,21.0,0.9430052,0.13630226,2.0,12.0
00-0026498,Matthew Stafford,2019,8,DET,NYG,32,25,342.0,3,1.0,16.98674,390.0,96.0,13.0,0.8769231,0.28645265,4.0,26.0
00-0026498,Matthew Stafford,2019,9,DET,LV,41,26,406.0,3,1.0,12.592699,464.0,137.0,16.0,0.875,0.1501729,2.0,23.0
00-0026544,Chase Daniel,2019,4,CHI,MIN,30,22,195.0,1,0.0,6.667335,200.0,39.0,10.0,0.975,0.12643172,1.0,7.0
00-0026544,Chase Daniel,2019,5,CHI,LV,30,22,231.0,2,2.0,2.8956835,215.0,96.0,12.0,1.0744187,0.12958364,4.0,37.0
00-0026544,Chase Daniel,2019,11,CHI,LA,4,1,9.0,0,0.0,-4.849138,15.0,0.0,0.0,0.6,,2.0,4.0
00-0026625,Brian Hoyer,2019,9,IND,PIT,26,17,168.0,3,1.0,-8.589085,158.0,62.0,10.0,1.0632912,0.037419394,4.0,34.0
00-0026625,Brian Hoyer,2019,10,IND,MIA,39,18,204.0,1,3.0,-17.505054,401.0,95.0,12.0,0.5087282,-0.042409047,1.0,13.0
00-0027150,Julian Edelman,2019,1,NE,PIT,1,1,32.0,0,0.0,1.9238021,-6.0,38.0,1.0,0.0,,0.0,-0.0
00-0027150,Julian Edelman,2019,11,NE,PHI,1,1,15.0,1,0.0,3.6122644,15.0,0.0,1.0,1.0,,0.0,-0.0
00-0027685,Emmanuel Sanders,2019,14,SF,NO,1,1,35.0,1,0.0,3.320115,22.0,13.0,1.0,1.5909091,,0.0,-0.0
00-0027688,Colt McCoy,2019,5,WAS,NE,27,18,122.0,0,1.0,-22.01641,177.0,34.0,5.0,0.68926555,0.012814964,6.0,44.0
00-0027939,Cam Newton,2019,1,CAR,LA,38,25,239.0,0,1.0,-2.602792,238.0,114.0,13.0,1.0042017,0.014814124,3.0,23.0
00-0027939,Cam Newton,2019,2,CAR,TB,51,25,333.0,0,0.0,-4.1057224,555.0,90.0,16.0,0.6,-0.034413382,3.0,20.0
00-0027973,Andy Dalton,2019,1,CIN,SEA,51,35,418.0,2,0.0,8.677436,381.0,186.0,18.0,1.0971129,0.13520698,5.0,23.0
00-0027973,Andy Dalton,2019,2,CIN,SF,42,26,311.0,2,1.0,5.9140973,315.0,190.0,11.0,0.9873016,0.031198524,4.0,20.0
00-0027973,Andy Dalton,2019,3,CIN,BUF,36,20,250.0,1,2.0,-1.9716959,285.0,113.0,12.0,0.877193,-0.008090692,2.0,10.0
00-0027973,Andy Dalton,2019,4,CIN,PIT,37,21,171.0,0,1.0,-26.178446,205.0,80.0,9.0,0.8341463,-0.020541154,8.0,69.0
00-0027973,Andy Dalton,2019,5,CIN,ARI,38,27,262.0,2,0.0,9.418702,251.0,114.0,12.0,1.0438247,0.12683107,1.0,-0.0
00-0027973,Andy Dalton,2019,6,CIN,BAL,39,21,235.0,0,1.0,-1.2792957,298.0,93.0,14.0,0.7885906,0.0093027735,2.0,18.0
00-0027973,Andy Dalton,2019,7,CIN,JAX,43,22,276.0,1,3.0,-12.011282,436.0,120.0,12.0,0.6330275,-0.011603709,2.0,18.0
00-0027973,Andy Dalton,2019,8,CIN,LA,52,32,329.0,1,0.0,-1.1939641,429.0,120.0,15.0,0.76689976,0.07248353,5.0,32.0
00-0027973,Andy Dalton,2019,13,CIN,NYJ,37,22,243.0,1,0.0,1.9380815,318.0,115.0,12.0,0.7641509,0.06780454,1.0,10.0
00-0027973,Andy Dalton,2019,14,CIN,CLE,38,22,262.0,0,1.0,-5.503165,282.0,148.0,13.0,0.92907804,0.038375042,2.0,16.0
00-0027973,Andy Dalton,2019,15,CIN,NE,31,17,151.0,1,4.0,-12.472572,251.0,77.0,9.0,0.6015936,-0.014820416,0.0,-0.0
00-0027973,Andy Dalton,2019,16,CIN,MIA,56,33,396.0,4,0.0,12.566937,586.0,109.0,21.0,0.6757679,0.1398627,4.0,25.0
00-0027973,Andy Dalton,2019,17,CIN,CLE,28,16,190.0,1,1.0,6.0864253,241.0,82.0,12.0,0.78838176,0.09853203,1.0,8.0
00-0028002,Randall Cobb,2019,10,DAL,MIN,1,0,0.0,0,0.0,-0.39894006,0.0,0.0,0.0,,,0.0,-0.0
00-0028064,Bilal Powell,2019,11,NYJ,WAS,1,0,0.0,0,0.0,-0.5224095,13.0,0.0,0.0,0.0,,0.0,-0.0
00-0028118,Tyrod Taylor,2019,4,LAC,MIA,1,1,7.0,0,0.0,1.1148186,7.0,0.0,1.0,1.0,,0.0,-0.0
00-0028118,Tyrod Taylor,2019,14,LAC,JAX,5,3,26.0,1,0.0,2.5375552,25.0,19.0,2.0,1.04,0.16688763,0.0,-0.0
00-0028872,Johnny Hekker,2019,7,LA,ATL,1,1,23.0,0,0.0,3.9007328,3.0,20.0,1.0,7.6666665,,0.0,-0.0
00-0028872,Johnny Hekker,2019,10,LA,PIT,1,0,0.0,0,1.0,-3.512393,4.0,0.0,0.0,0.0,,0.0,-0.0
00-0028872,Johnny Hekker,2019,15,LA,DAL,1,1,5.0,0,0.0,2.8566203,5.0,0.0,1.0,1.0,,0.0,-0.0
00-0028986,Case Keenum,2019,1,WAS,PHI,44,30,380.0,3,0.0,21.749092,324.0,186.0,15.0,1.1728395,0.22253948,1.0,10.0
00-0028986,Case Keenum,2019,2,WAS,DAL,37,26,221.0,2,0.0,6.9790273,224.0,102.0,12.0,0.98660713,0.10282608,1.0,13.0
00-0028986,Case Keenum,2019,3,WAS,CHI,43,30,332.0,2,3.0,-9.52481,251.0,183.0,20.0,1.3227092,0.030515617,4.0,45.0
00-0028986,Case Keenum,2019,4,WAS,NYG,11,6,37.0,0,1.0,-7.9265656,124.0,16.0,1.0,0.2983871,0.008794233,1.0,2.0
00-0028986,Case Keenum,2019,6,WAS,MIA,25,13,166.0,2,0.0,1.0228566,222.0,52.0,7.0,0.7477477,0.007844195,0.0,-0.0
00-0028986,Case Keenum,2019,7,WAS,SF,12,9,77.0,0,0.0,-0.67804873,49.0,41.0,4.0,1.5714285,0.05404235,3.0,27.0
00-0028986,Case Keenum,2019,8,WAS,MIN,16,12,130.0,0,0.0,0.87016594,117.0,42.0,9.0,1.1111112,0.17636347,2.0,14.0
00-0028986,Case Keenum,2019,16,WAS,NYG,22,16,158.0,1,0.0,3.0815387,148.0,73.0,7.0,1.0675676,0.24252942,1.0,11.0
00-0028986,Case Keenum,2019,17,WAS,DAL,37,18,206.0,1,1.0,-18.784487,241.0,105.0,8.0,0.8547718,-0.051300343,2.0,23.0
00-0029263,Russell Wilson,2019,1,SEA,CIN,20,14,195.0,2,0.0,4.026023,197.0,96.0,6.0,0.9898477,0.17876945,4.0,35.0
00-0029263,Russell Wilson,2019,2,SEA,PIT,35,29,300.0,3,0.0,13.496242,256.0,146.0,15.0,1.171875,0.21199477,4.0,26.0
00-0029263,Russell Wilson,2019,3,SEA,NO,50,32,406.0,2,0.0,9.742998,562.0,102.0,18.0,0.7224199,0.20252684,0.0,-0.0
00-0029263,Russell Wilson,2019,4,SEA,ARI,28,22,240.0,1,0.0,4.5220795,213.0,93.0,10.0,1.1267606,0.20124748,4.0,15.0
00-0029263,Russell Wilson,2019,5,SEA,LA,23,17,268.0,4,0.0,18.141285,253.0,78.0,12.0,1.0592885,0.34379467,1.0,6.0
00-0029263,Russell Wilson,2019,6,SEA,CLE,33,23,295.0,2,0.0,17.381086,286.0,137.0,17.0,1.0314685,0.24855457,3.0,11.0
00-0029263,Russell Wilson,2019,7,SEA,BAL,41,20,241.0,1,1.0,-7.155096,459.0,64.0,10.0,0.52505445,0.03579902,1.0,-0.0
00-0029263,Russell Wilson,2019,8,SEA,ATL,20,14,182.0,2,0.0,8.225666,202.0,71.0,9.0,0.9009901,0.1716275,2.0,11.0
00-0029263,Russell Wilson,2019,9,SEA,TB,43,29,378.0,5,0.0,15.41929,346.0,174.0,23.0,1.0924855,0.21566889,3.0,31.0
00-0029263,Russell Wilson,2019,10,SEA,SF,34,24,232.0,1,1.0,-12.846737,185.0,147.0,11.0,1.2540541,0.04966878,5.0,43.0
00-0029263,Russell Wilson,2019,12,SEA,PHI,25,13,200.0,1,1.0,-3.712495,370.0,80.0,8.0,0.5405405,0.024220787,6.0,26.0
00-0029263,Russell Wilson,2019,13,SEA,MIN,31,21,240.0,2,1.0,3.2172966,247.0,149.0,7.0,0.9716599,0.120239645,2.0,14.0
00-0029263,Russell Wilson,2019,14,SEA,LA,36,22,245.0,0,1.0,-6.852135,390.0,87.0,9.0,0.6282051,0.031819727,5.0,43.0
00-0029263,Russell Wilson,2019,15,SEA,CAR,26,20,286.0,2,0.0,18.2019,280.0,104.0,10.0,1.0214286,0.3794186,2.0,12.0
00-0029263,Russell Wilson,2019,16,SEA,ARI,31,16,169.0,1,0.0,-4.7925324,317.0,110.0,8.0,0.533123,-0.03632356,5.0,36.0
00-0029263,Russell Wilson,2019,17,SEA,SF,40,25,233.0,2,0.0,10.777537,267.0,85.0,17.0,0.87265915,0.16766724,1.0,10.0
00-0029263,Russell Wilson,2019,18,SEA,PHI,30,18,325.0,1,0.0,14.673623,349.0,133.0,10.0,0.9312321,0.21983777,1.0,7.0
00-0029263,Russell Wilson,2019,19,SEA,GB,31,21,277.0,1,0.0,11.462921,358.0,90.0,15.0,0.77374303,0.25526297,5.0,12.0
00-0029567,Nick Foles,2019,1,JAX,KC,8,5,75.0,1,0.0,6.107098,79.0,25.0,3.0,0.9493671,0.2715621,0.0,-0.0
00-0029567,Nick Foles,2019,11,JAX,IND,47,33,296.0,2,1.0,-2.7286668,423.0,144.0,13.0,0.6997636,0.035466,2.0,17.0
00-0029567,Nick Foles,2019,12,JAX,TEN,48,32,272.0,0,0.0,-0.4352121,380.0,133.0,12.0,0.7157895,0.09237409,3.0,20.0
00-0029567,Nick Foles,2019,13,JAX,TB,14,7,93.0,0,1.0,-16.524363,108.0,52.0,3.0,0.8611111,-0.03127669,3.0,23.0
00-0029604,Kirk Cousins,2019,1,MIN,ATL,10,8,98.0,1,0.0,8.418865,51.0,42.0,4.0,1.9215686,0.33490586,1.0,1.0
00-0029604,Kirk Cousins,2019,2,MIN,GB,32,14,230.0,1,2.0,-13.416737,335.0,115.0,6.0,0.6865672,-0.029430058,1.0,7.0
00-0029604,Kirk Cousins,2019,3,MIN,LV,21,15,174.0,1,0.0,8.0768,100.0,103.0,8.0,1.74,0.2074471,0.0,-0.0
00-0029604,Kirk Cousins,2019,4,MIN,CHI,36,27,233.0,0,0.0,-9.14922,203.0,110.0,9.0,1.1477833,0.041209053,6.0,51.0
00-0029604,Kirk Cousins,2019,5,MIN,NYG,27,22,306.0,2,0.0,20.158924,217.0,195.0,14.0,1.4101382,0.36458954,3.0,27.0
00-0029604,Kirk Cousins,2019,6,MIN,PHI,29,22,333.0,4,1.0,16.515345,374.0,124.0,14.0,0.8903743,0.34508157,1.0,8.0
00-0029604,Kirk Cousins,2019,7,MIN,DET,34,24,338.0,4,0.0,25.224983,379.0,114.0,19.0,0.8918206,0.33616403,0.0,-0.0
00-0029604,Kirk Cousins,2019,8,MIN,WAS,26,23,285.0,0,0.0,12.152223,95.0,188.0,9.0,3.0,0.24571918,3.0,12.0
00-0029604,Kirk Cousins,2019,9,MIN,KC,38,19,220.0,3,0.0,10.4256,258.0,123.0,12.0,0.85271317,0.05575124,1.0,8.0
00-0029604,Kirk Cousins,2019,10,MIN,DAL,32,23,220.0,2,0.0,10.708838,188.0,147.0,15.0,1.1702127,0.21861915,1.0,9.0
00-0029604,Kirk Cousins,2019,11,MIN,DEN,35,29,319.0,3,0.0,7.796909,281.0,123.0,13.0,1.1352314,0.19610007,5.0,35.0
00-0029604,Kirk Cousins,2019,13,MIN,SEA,38,22,276.0,2,1.0,1.1532936,266.0,173.0,12.0,1.037594,0.052871905,0.0,-0.0
00-0029604,Kirk Cousins,2019,14,MIN,DET,30,24,242.0,1,0.0,5.661338,210.0,116.0,14.0,1.152381,0.18647105,1.0,8.0
00-0029604,Kirk Cousins,2019,15,MIN,LAC,25,19,207.0,1,1.0,6.1978297,195.0,67.0,10.0,1.0615385,0.22996607,0.0,-0.0
00-0029604,Kirk Cousins,2019,16,MIN,GB,31,16,122.0,1,1.0,-22.88603,239.0,49.0,6.0,0.51046026,-0.040142708,5.0,40.0
00-0029604,Kirk Cousins,2019,18,MIN,NO,31,19,242.0,1,0.0,12.499285,260.0,91.0,11.0,0.9307692,0.14719875,2.0,10.0
00-0029604,Kirk Cousins,2019,19,MIN,SF,29,21,172.0,1,1.0,-15.275711,178.0,85.0,6.0,0.96629214,0.06045562,6.0,46.0
00-0029623,Alex Tanney,2019,15,NYG,MIA,1,1,1.0,0,0.0,-0.04524401,1.0,0.0,0.0,1.0,,0.0,-0.0
00-0029664,Josh Gordon,2019,15,SEA,CAR,1,0,0.0,0,1.0,-2.8734639,33.0,0.0,0.0,0.0,,0.0,-0.0
00-0029665,Robert Griffin,2019,1,BAL,MIA,6,6,55.0,1,0.0,8.93726,38.0,17.0,5.0,1.4473684,0.5080191,0.0,-0.0
00-0029665,Robert Griffin,2019,10,BAL,CIN,5,3,20.0,0,1.0,-3.4283385,48.0,5.0,1.0,0.41666666,0.024813697,1.0,-0.0
00-0029665,Robert Griffin,2019,11,BAL,HOU,2,2,15.0,0,0.0,0.8829059,3.0,12.0,0.0,5.0,,0.0,-0.0
00-0029665,Robert Griffin,2019,12,BAL,LA,3,1,39.0,0,0.0,0.977144,55.0,0.0,1.0,0.7090909,,1.0,4.0
00-0029665,Robert Griffin,2019,15,BAL,NYJ,1,0,0.0,0,0.0,-0.40547076,3.0,0.0,0.0,0.0,,0.0,-0.0
00-0029665,Robert Griffin,2019,17,BAL,PIT,21,11,96.0,0,1.0,-7.2721286,135.0,50.0,3.0,0.7111111,-0.029270252,3.0,15.0
00-0029701,Ryan Tannehill,2019,6,TEN,DEN,16,13,144.0,0,1.0,-4.9649177,150.0,34.0,6.0,0.96,0.118197374,4.0,35.0
00-0029701,Ryan Tannehill,2019,7,TEN,LAC,29,23,312.0,2,1.0,11.351029,209.0,139.0,16.0,1.492823,0.22756672,2.0,17.0
00-0029701,Ryan Tannehill,2019,8,TEN,TB,33,21,193.0,3,0.0,3.2257981,337.0,76.0,11.0,0.5727003,0.107711986,3.0,19.0
00-0029701,Ryan Tannehill,2019,9,TEN,CAR,39,27,331.0,1,2.0,4.5436544,328.0,152.0,17.0,1.0091463,0.15925348,4.0,21.0
00-0029701,Ryan Tannehill,2019,10,TEN,KC,19,13,181.0,2,0.0,-2.6765232,251.0,51.0,7.0,0.7211155,0.12278336,4.0,35.0
00-0029701,Ryan Tannehill,2019,12,TEN,JAX,18,14,259.0,2,0.0,12.15767,137.0,185.0,11.0,1.8905109,0.39087123,1.0,7.0
00-0029701,Ryan Tannehill,2019,13,TEN,IND,22,17,182.0,2,0.0,-5.286027,167.0,74.0,7.0,1.0898204,0.07351201,6.0,44.0
00-0029701,Ryan Tannehill,2019,14,TEN,LV,27,21,391.0,3,1.0,20.897636,294.0,196.0,15.0,1.329932,0.38634926,0.0,-0.0
00-0029701,Ryan Tannehill,2019,15,TEN,HOU,36,22,279.0,2,1.0,3.3203082,353.0,116.0,15.0,0.79036826,0.16973852,2.0,10.0
00-0029701,Ryan Tannehill,2019,16,TEN,NO,27,17,272.0,3,0.0,7.584375,241.0,132.0,11.0,1.1286308,0.14334919,5.0,24.0
00-0029701,Ryan Tannehill,2019,17,TEN,HOU,20,13,198.0,2,0.0,13.830026,272.0,69.0,10.0,0.72794116,0.29261655,0.0,-0.0
00-0029701,Ryan Tannehill,2019,18,TEN,NE,15,8,72.0,1,1.0,-1.4406562,131.0,45.0,5.0,0.5496183,0.033227365,1.0,5.0
00-0029701,Ryan Tannehill,2019,19,TEN,BAL,14,7,88.0,2,0.0,-0.0041974694,177.0,32.0,4.0,0.49717513,0.094086364,1.0,8.0
00-0029701,Ryan Tannehill,2019,20,TEN,KC,31,21,209.0,2,0.0,3.4903421,260.0,92.0,12.0,0.8038462,0.11064763,3.0,27.0
00-0029857,Ryan Griffin,2019,14,TB,IND,4,2,18.0,0,0.0,-0.6239215,12.0,13.0,1.0,1.5,,0.0,-0.0
00-0030465,Kenjon Barner,2019,11,ATL,CAR,1,1,3.0,0,0.0,-0.14810775,-4.0,7.0,0.0,0.0,,0.0,-0.0
00-0030520,Mike Glennon,2019,7,LV,GB,3,2,36.0,1,0.0,4.706848,48.0,8.0,2.0,0.75,,0.0,-0.0
00-0030520,Mike Glennon,2019,12,LV,NYJ,7,4,20.0,0,0.0,-3.6604125,64.0,10.0,1.0,0.3125,0.03828615,0.0,-0.0
00-0030533,Matt Barkley,2019,4,BUF,NE,16,9,127.0,0,1.0,-2.2074165,131.0,54.0,5.0,0.9694657,-0.0303344,1.0,9.0
00-0030533,Matt Barkley,2019,17,BUF,NYJ,35,18,232.0,0,2.0,-8.162721,272.0,102.0,10.0,0.85294116,-0.055819396,1.0,1.0
00-0030564,DeAndre Hopkins,2019,4,HOU,CAR,1,0,0.0,0,1.0,-6.881847,9.0,0.0,0.0,0.0,,0.0,-0.0
00-0030564,DeAndre Hopkins,2019,13,HOU,NE,1,1,6.0,1,0.0,1.3033645,0.0,6.0,1.0,0.0,,0.0,-0.0
00-0030669,Albert Wilson,2019,17,MIA,NE,2,1,20.0,0,0.0,0.94252115,20.0,23.0,1.0,1.0,,0.0,-0.0
00-0031051,John Brown,2019,13,BUF,DAL,1,1,28.0,1,0.0,3.1874309,21.0,7.0,1.0,1.3333334,,0.0,-0.0
00-0031051,John Brown,2019,18,BUF,HOU,1,1,16.0,1,0.0,2.3552184,12.0,4.0,1.0,1.3333334,,0.0,-0.0
00-0031062,James White,2019,14,NE,KC,1,1,35.0,0,0.0,2.000194,8.0,27.0,1.0,4.375,,0.0,-0.0
00-0031235,Odell Beckham,2019,4,CLE,BAL,1,0,0.0,0,0.0,-0.4514115,50.0,0.0,0.0,0.0,,0.0,-0.0
00-0031235,Odell Beckham,2019,5,CLE,SF,1,1,20.0,0,0.0,1.3543364,15.0,5.0,1.0,1.3333334,,0.0,-0.0
00-0031237,Teddy Bridgewater,2019,2,NO,LA,30,17,165.0,0,0.0,-1.4359947,196.0,99.0,9.0,0.84183675,-0.022241054,2.0,16.0
00-0031237,Teddy Bridgewater,2019,3,NO,SEA,27,19,177.0,2,0.0,9.2420635,95.0,135.0,9.0,1.8631579,0.1006157,0.0,-0.0
00-0031237,Teddy Bridgewater,2019,4,NO,DAL,30,23,193.0,0,1.0,-7.7481894,195.0,82.0,6.0,0.9897436,0.042784646,5.0,44.0
00-0031237,Teddy Bridgewater,2019,5,NO,TB,34,26,314.0,4,1.0,9.740943,234.0,134.0,16.0,1.3418803,0.19799702,0.0,-0.0
00-0031237,Teddy Bridgewater,2019,6,NO,JAX,36,24,240.0,1,0.0,2.5408196,213.0,153.0,12.0,1.1267606,0.07406857,3.0,18.0
00-0031237,Teddy Bridgewater,2019,7,NO,CHI,38,23,281.0,2,0.0,10.772286,286.0,124.0,14.0,0.9825175,0.14518218,1.0,8.0
00-0031237,Teddy Bridgewater,2019,17,NO,CAR,1,1,14.0,0,0.0,0.84391475,-7.0,21.0,1.0,0.0,,1.0,3.0
00-0031280,Derek Carr,2019,1,LV,DEN,26,22,259.0,1,0.0,17.30341,214.0,108.0,11.0,1.2102804,0.33727676,0.0,-0.0
00-0031280,Derek Carr,2019,2,LV,KC,38,23,198.0,1,2.0,-12.779048,252.0,119.0,12.0,0.78571427,-0.013665905,3.0,20.0
00-0031280,Derek Carr,2019,3,LV,MIN,34,27,242.0,2,1.0,0.12349112,211.0,105.0,14.0,1.1469195,0.08285135,4.0,28.0
00-0031280,Derek Carr,2019,4,LV,IND,31,21,189.0,2,0.0,7.4549866,176.0,102.0,11.0,1.0738636,0.0989618,1.0,-0.0
00-0031280,Derek Carr,2019,5,LV,CHI,32,25,229.0,0,0.0,7.1757555,99.0,151.0,10.0,2.3131313,0.14268282,0.0,-0.0
00-0031280,Derek Carr,2019,7,LV,GB,28,22,293.0,2,1.0,18.080336,270.0,117.0,14.0,1.0851852,0.25521758,0.0,-0.0
00-0031280,Derek Carr,2019,8,LV,HOU,30,18,285.0,3,0.0,14.740487,278.0,183.0,10.0,1.0251799,0.15722188,0.0,-0.0
00-0031280,Derek Carr,2019,9,LV,DET,31,20,289.0,2,0.0,12.186127,263.0,109.0,14.0,1.0988593,0.23826872,1.0,10.0
00-0031280,Derek Carr,2019,10,LV,LAC,31,21,218.0,1,0.0,4.64424,183.0,117.0,12.0,1.1912569,0.0877312,3.0,18.0
00-0031280,Derek Carr,2019,11,LV,CIN,29,25,292.0,1,1.0,6.931832,186.0,128.0,12.0,1.5698925,0.26513392,3.0,19.0
00-0031280,Derek Carr,2019,12,LV,NYJ,27,15,127.0,0,1.0,-7.3347836,140.0,90.0,7.0,0.9071429,-0.04566088,1.0,7.0
00-0031280,Derek Carr,2019,13,LV,KC,30,20,222.0,1,2.0,-4.7189274,162.0,137.0,11.0,1.3703704,0.04923657,2.0,12.0
00-0031280,Derek Carr,2019,14,LV,TEN,34,25,262.0,2,0.0,5.8951406,247.0,118.0,13.0,1.0607288,0.1739713,2.0,4.0
00-0031280,Derek Carr,2019,15,LV,JAX,36,22,267.0,1,0.0,4.540851,237.0,172.0,15.0,1.1265823,0.09987623,4.0,31.0
00-0031280,Derek Carr,2019,16,LV,LAC,30,26,291.0,1,0.0,14.517619,132.0,172.0,12.0,2.2045455,0.3085394,3.0,24.0
00-0031280,Derek Carr,2019,17,LV,DEN,46,29,391.0,1,0.0,10.361384,305.0,207.0,13.0,1.2819672,0.14481594,2.0,11.0
00-0031288,AJ McCarron,2019,11,HOU,BAL,1,0,0.0,0,0.0,-4.6114135,5.0,0.0,0.0,0.0,,1.0,10.0
00-0031288,AJ McCarron,2019,17,HOU,TEN,36,21,225.0,0,1.0,-3.6366682,308.0,130.0,11.0,0.7305195,0.0053639533,4.0,33.0
00-0031345,Jimmy Garoppolo,2019,1,SF,TB,27,18,166.0,1,1.0,-0.92279756,156.0,107.0,7.0,1.0641025,0.08598635,1.0,8.0
00-0031345,Jimmy Garoppolo,2019,2,SF,CIN,25,17,296.0,3,1.0,16.610586,191.0,200.0,13.0,1.5497382,0.28011376,0.0,-0.0
00-0031345,Jimmy Garoppolo,2019,3,SF,PIT,32,23,277.0,1,2.0,3.5850174,257.0,91.0,14.0,1.077821,0.10117516,1.0,9.0
00-0031345,Jimmy Garoppolo,2019,5,SF,CLE,29,20,181.0,2,0.0,6.7557325,181.0,71.0,11.0,1.0,0.122072496,2.0,10.0
00-0031345,Jimmy Garoppolo,2019,6,SF,LA,33,24,243.0,0,1.0,-0.1373105,145.0,177.0,14.0,1.6758621,0.1501918,2.0,11.0
00-0031345,Jimmy Garoppolo,2019,7,SF,WAS,21,12,151.0,0,1.0,0.93361527,187.0,67.0,8.0,0.80748665,0.048829503,2.0,5.0
00-0031345,Jimmy Garoppolo,2019,8,SF,CAR,22,18,175.0,2,1.0,5.106221,117.0,95.0,12.0,1.4957265,0.20315832,3.0,19.0
00-0031345,Jimmy Garoppolo,2019,9,SF,ARI,37,28,317.0,4,0.0,21.886934,261.0,138.0,15.0,1.2145594,0.28217086,1.0,7.0
00-0031345,Jimmy Garoppolo,2019,10,SF,SEA,46,24,248.0,1,1.0,-21.350147,374.0,159.0,15.0,0.6631016,-0.048719518,5.0,33.0
00-0031345,Jimmy Garoppolo,2019,11,SF,ARI,45,34,424.0,4,2.0,13.3060665,244.0,264.0,20.0,1.7377049,0.20768043,2.0,16.0
00-0031345,Jimmy Garoppolo,2019,12,SF,GB,20,14,253.0,2,0.0,8.15379,121.0,140.0,9.0,2.090909,0.16235836,3.0,26.0
00-0031345,Jimmy Garoppolo,2019,13,SF,BAL,21,15,165.0,1,0.0,2.0950205,158.0,58.0,7.0,1.0443038,0.116801605,2.0,8.0
00-0031345,Jimmy Garoppolo,2019,14,SF,NO,35,26,349.0,4,1.0,16.077425,216.0,177.0,14.0,1.6157408,0.23921569,3.0,30.0
00-0031345,Jimmy Garoppolo,2019,15,SF,ATL,34,22,200.0,1,0.0,1.9090749,146.0,148.0,10.0,1.369863,0.07336776,1.0,7.0
00-0031345,Jimmy Garoppolo,2019,16,SF,LA,27,16,248.0,1,2.0,-7.011213,207.0,118.0,12.0,1.1980677,-0.008180551,6.0,33.0
00-0031345,Jimmy Garoppolo,2019,17,SF,SEA,22,18,285.0,0,0.0,15.22362,147.0,149.0,12.0,1.9387755,0.28969944,2.0,15.0
00-0031345,Jimmy Garoppolo,2019,19,SF,MIN,19,11,131.0,1,1.0,-0.7077128,169.0,36.0,9.0,0.7751479,0.018794945,2.0,9.0
00-0031345,Jimmy Garoppolo,2019,20,SF,GB,8,6,77.0,0,0.0,-0.3445277,27.0,62.0,3.0,2.851852,0.106370896,1.0,8.0
00-0031345,Jimmy Garoppolo,2019,21,SF,KC,31,20,219.0,1,2.0,1.3936081,248.0,115.0,13.0,0.8830645,0.038856532,1.0,9.0
00-0031363,Michael Palardy,2019,16,CAR,IND,1,1,12.0,0,0.0,3.8044436,10.0,2.0,1.0,1.2,,0.0,-0.0
00-0031395,Garrett Gilbert,2019,5,CLE,SF,1,0,0.0,0,0.0,-1.0041984,4.0,0.0,0.0,0.0,,0.0,-0.0
00-0031395,Garrett Gilbert,2019,13,CLE,PIT,2,0,0.0,0,0.0,-0.055680856,43.0,0.0,0.0,0.0,,0.0,-0.0
00-0031407,Blake Bortles,2019,13,LA,ARI,2,1,3.0,0,0.0,-1.4286358,-3.0,6.0,0.0,0.0,,0.0,-0.0
00-0031503,Jameis Winston,2019,1,TB,SF,36,20,194.0,1,3.0,-23.019777,315.0,90.0,10.0,0.61587304,-0.0041775852,3.0,20.0
00-0031503,Jameis Winston,2019,2,TB,CAR,25,16,208.0,1,0.0,4.6964946,305.0,72.0,9.0,0.6819672,0.14495966,3.0,19.0
00-0031503,Jameis Winston,2019,3,TB,NYG,37,23,380.0,3,1.0,9.441222,472.0,95.0,16.0,0.80508476,0.16598894,4.0,25.0
00-0031503,Jameis Winston,2019,4,TB,LA,41,28,385.0,4,1.0,23.594103,393.0,169.0,22.0,0.97964376,0.2722912,2.0,9.0
00-0031503,Jameis Winston,2019,5,TB,NO,27,15,204.0,2,0.0,1.5246366,233.0,96.0,12.0,0.8755365,0.012510699,6.0,46.0
00-0031503,Jameis Winston,2019,6,TB,CAR,54,30,400.0,1,5.0,-14.816564,596.0,149.0,19.0,0.67114097,-0.007703732,7.0,35.0
00-0031503,Jameis Winston,2019,8,TB,TEN,43,21,301.0,2,2.0,2.6155605,467.0,71.0,17.0,0.6445396,0.049434375,3.0,18.0
00-0031503,Jameis Winston,2019,9,TB,SEA,44,29,335.0,2,0.0,10.777609,448.0,97.0,19.0,0.74776787,0.19669755,2.0,16.0
00-0031503,Jameis Winston,2019,10,TB,ARI,48,30,358.0,1,2.0,0.62302524,440.0,192.0,15.0,0.81363636,0.12233106,4.0,19.0
00-0031503,Jameis Winston,2019,11,TB,NO,51,30,313.0,2,4.0,-10.201144,454.0,104.0,14.0,0.6894273,0.0128159495,2.0,15.0
00-0031503,Jameis Winston,2019,12,TB,ATL,28,18,313.0,3,2.0,13.716532,284.0,116.0,13.0,1.1021127,0.20653315,0.0,-0.0
00-0031503,Jameis Winston,2019,13,TB,JAX,33,21,268.0,0,0.0,-0.63216764,337.0,110.0,12.0,0.7952522,0.111090325,4.0,27.0
00-0031503,Jameis Winston,2019,14,TB,IND,45,33,456.0,4,3.0,11.369367,393.0,184.0,23.0,1.1603054,0.248885,1.0,7.0
00-0031503,Jameis Winston,2019,15,TB,DET,42,28,458.0,4,1.0,25.197536,468.0,192.0,19.0,0.97863245,0.26204595,2.0,12.0
00-0031503,Jameis Winston,2019,16,TB,HOU,48,25,335.0,1,4.0,-5.3499556,623.0,83.0,15.0,0.5377207,0.008690261,3.0,6.0
00-0031503,Jameis Winston,2019,17,TB,ATL,24,13,201.0,2,2.0,-6.6493278,253.0,65.0,8.0,0.7944664,-0.0026989589,1.0,8.0
00-0031588,Stefon Diggs,2019,16,MIN,GB,1,0,0.0,0,0.0,-1.8194127,12.0,0.0,0.0,0.0,,0.0,-0.0
00-0031589,Brett Hundley,2019,8,ARI,NO,1,0,0.0,0,0.0,-1.849897,44.0,0.0,0.0,0.0,,1.0,4.0
00-0031589,Brett Hundley,2019,16,ARI,SEA,9,4,49.0,0,0.0,-1.0116241,77.0,27.0,2.0,0.6363636,0.030803474,1.0,7.0
00-0031589,Brett Hundley,2019,17,ARI,LA,1,1,0.0,0,0.0,-0.5045322,-7.0,7.0,0.0,0.0,,0.0,-0.0
00-0032156,Trevor Siemian,2019,2,NYJ,CLE,6,3,3.0,0,0.0,-5.561113,41.0,11.0,0.0,0.07317073,-0.0044430657,2.0,17.0
00-0032245,Sean Mannion,2019,17,MIN,CHI,21,12,126.0,0,2.0,-4.060896,132.0,66.0,6.0,0.95454544,-0.045158744,0.0,-0.0
00-0032268,Marcus Mariota,2019,1,TEN,CLE,24,14,248.0,3,0.0,6.292001,145.0,173.0,9.0,1.7103448,0.1257567,4.0,32.0
00-0032268,Marcus Mariota,2019,2,TEN,IND,28,19,154.0,1,0.0,-3.922668,149.0,71.0,7.0,1.033557,0.03490212,4.0,35.0
00-0032268,Marcus Mariota,2019,3,TEN,JAX,40,23,304.0,0,0.0,-6.7157273,431.0,61.0,15.0,0.70533645,0.02134113,9.0,55.0
00-0032268,Marcus Mariota,2019,4,TEN,ATL,27,18,227.0,3,0.0,7.970273,131.0,125.0,10.0,1.7328244,0.20528667,0.0,-0.0
00-0032268,Marcus Mariota,2019,5,TEN,BUF,22,13,183.0,0,0.0,-1.1384845,96.0,131.0,5.0,1.90625,-0.021874217,5.0,33.0
00-0032268,Marcus Mariota,2019,6,TEN,DEN,18,7,63.0,0,2.0,-11.536861,163.0,31.0,3.0,0.38650307,-0.09530349,3.0,7.0
00-0032268,Marcus Mariota,2019,17,TEN,HOU,1,1,24.0,0,0.0,1.7300607,12.0,12.0,1.0,2.0,,0.0,-0.0
00-0032268,Marcus Mariota,2019,18,TEN,NE,1,1,4.0,0,0.0,-0.2080524,3.0,1.0,0.0,1.3333334,,0.0,-0.0
00-0032434,Brandon Allen,2019,9,DEN,CLE,20,12,193.0,2,0.0,2.0701878,181.0,106.0,6.0,1.0662984,0.13814642,3.0,18.0
00-0032434,Brandon Allen,2019,11,DEN,MIN,39,17,240.0,1,1.0,-6.153271,318.0,76.0,10.0,0.754717,-0.031852953,2.0,8.0
00-0032434,Brandon Allen,2019,12,DEN,BUF,25,10,82.0,0,1.0,-17.465256,147.0,52.0,4.0,0.5578231,-0.10590105,4.0,33.0
00-0032436,Jeff Driskel,2019,10,DET,CHI,46,27,269.0,1,1.0,-10.97981,307.0,125.0,11.0,0.8762215,-0.0042566103,2.0,10.0
00-0032436,Jeff Driskel,2019,11,DET,DAL,26,15,209.0,2,0.0,5.4799037,257.0,68.0,9.0,0.81322956,0.09230194,3.0,18.0
00-0032436,Jeff Driskel,2019,12,DET,WAS,33,20,207.0,1,3.0,-3.0609891,287.0,97.0,11.0,0.72125435,0.04455385,6.0,18.0
00-0032543,Alex Erickson,2019,14,CIN,CLE,1,1,26.0,0,0.0,1.7389607,23.0,3.0,1.0,1.1304348,,0.0,-0.0
00-0032764,Derrick Henry,2019,19,TEN,BAL,1,1,3.0,1,0.0,2.3090034,3.0,0.0,1.0,1.0,,0.0,-0.0
00-0032950,Carson Wentz,2019,1,PHI,WAS,39,28,313.0,3,0.0,17.38984,343.0,94.0,13.0,0.91253644,0.24416429,1.0,-0.0
00-0032950,Carson Wentz,2019,2,PHI,ATL,43,25,231.0,1,2.0,-5.42511,410.0,65.0,9.0,0.56341463,0.009457604,3.0,18.0
00-0032950,Carson Wentz,2019,3,PHI,DET,36,19,259.0,2,0.0,3.0773153,399.0,83.0,11.0,0.64912283,0.04662705,3.0,13.0
00-0032950,Carson Wentz,2019,4,PHI,GB,27,16,160.0,3,0.0,8.391636,184.0,82.0,12.0,0.8695652,0.13612789,0.0,-0.0
00-0032950,Carson Wentz,2019,5,PHI,NYJ,29,17,189.0,1,0.0,-0.020781714,216.0,73.0,9.0,0.875,0.00999254,1.0,8.0
00-0032950,Carson Wentz,2019,6,PHI,MIN,40,26,306.0,2,1.0,5.5592327,369.0,147.0,15.0,0.8292683,0.08412265,2.0,14.0
00-0032950,Carson Wentz,2019,7,PHI,DAL,26,16,191.0,1,1.0,-7.6121173,323.0,67.0,9.0,0.59133124,0.018390765,3.0,23.0
00-0032950,Carson Wentz,2019,8,PHI,BUF,24,17,172.0,1,0.0,3.8239763,121.0,107.0,10.0,1.4214876,0.17499161,3.0,19.0
00-0032950,Carson Wentz,2019,9,PHI,CHI,39,26,239.0,1,0.0,6.5343904,303.0,123.0,16.0,0.7887789,0.12753247,4.0,12.0
00-0032950,Carson Wentz,2019,11,PHI,NE,40,20,214.0,1,0.0,-15.8229885,415.0,64.0,11.0,0.51566267,-0.024801461,5.0,40.0
00-0032950,Carson Wentz,2019,12,PHI,SEA,45,33,256.0,1,2.0,-9.672012,273.0,104.0,16.0,0.93772894,0.05067389,3.0,18.0
00-0032950,Carson Wentz,2019,13,PHI,MIA,46,28,310.0,3,1.0,9.645713,506.0,103.0,19.0,0.61264825,0.13463883,2.0,16.0
00-0032950,Carson Wentz,2019,14,PHI,NYG,50,33,325.0,2,0.0,4.1409435,314.0,171.0,16.0,1.0350318,0.048589528,3.0,25.0
00-0032950,Carson Wentz,2019,15,PHI,WAS,43,30,266.0,3,0.0,8.343518,209.0,190.0,15.0,1.2727273,0.1959643,2.0,8.0
00-0032950,Carson Wentz,2019,16,PHI,DAL,40,31,319.0,1,0.0,8.312863,203.0,197.0,18.0,1.5714285,0.14637278,1.0,6.0
00-0032950,Carson Wentz,2019,17,PHI,NYG,40,23,289.0,1,0.0,5.7562733,301.0,135.0,14.0,0.9601329,0.056030244,1.0,10.0
00-0032950,Carson Wentz,2019,18,PHI,SEA,4,1,3.0,0,0.0,-5.2586036,24.0,5.0,0.0,0.125,,1.0,1.0
00-0033077,Dak Prescott,2019,1,DAL,NYG,32,25,405.0,4,0.0,30.217525,301.0,173.0,18.0,1.3455149,0.360931,0.0,-0.0
00-0033077,Dak Prescott,2019,2,DAL,WAS,30,26,269.0,3,1.0,12.421494,257.0,95.0,12.0,1.0466926,0.3237551,1.0,8.0
00-0033077,Dak Prescott,2019,3,DAL,MIA,32,19,246.0,2,1.0,5.0362496,413.0,105.0,12.0,0.5956417,0.105409786,1.0,5.0
00-0033077,Dak Prescott,2019,4,DAL,NO,33,22,223.0,0,1.0,2.054046,316.0,51.0,8.0,0.7056962,0.12955043,1.0,11.0
00-0033077,Dak Prescott,2019,5,DAL,GB,44,27,463.0,2,3.0,1.720516,518.0,133.0,19.0,0.8938224,0.09531441,3.0,22.0
00-0033077,Dak Prescott,2019,6,DAL,NYJ,40,28,278.0,0,0.0,12.156139,341.0,103.0,15.0,0.81524926,0.18248545,1.0,8.0
00-0033077,Dak Prescott,2019,7,DAL,PHI,27,21,239.0,1,1.0,8.0832,225.0,84.0,12.0,1.0622222,0.22611625,3.0,26.0
00-0033077,Dak Prescott,2019,9,DAL,NYG,35,22,257.0,3,1.0,9.074842,360.0,133.0,10.0,0.7138889,0.1464222,0.0,-0.0
00-0033077,Dak Prescott,2019,10,DAL,MIN,46,28,397.0,3,1.0,20.737867,567.0,98.0,22.0,0.70017636,0.20906805,1.0,4.0
00-0033077,Dak Prescott,2019,11,DAL,DET,46,29,444.0,3,0.0,21.157755,454.0,214.0,21.0,0.9779736,0.19418518,1.0,10.0
00-0033077,Dak Prescott,2019,12,DAL,NE,33,19,212.0,0,1.0,-6.4862185,185.0,138.0,8.0,1.1459459,-0.02212751,0.0,-0.0
00-0033077,Dak Prescott,2019,13,DAL,BUF,49,32,355.0,2,1.0,-6.28901,357.0,122.0,22.0,0.99439776,0.03176703,4.0,32.0
00-0033077,Dak Prescott,2019,14,DAL,CHI,49,27,334.0,1,0.0,3.3209808,513.0,62.0,17.0,0.65107214,0.02807178,2.0,8.0
00-0033077,Dak Prescott,2019,15,DAL,LA,23,15,212.0,2,0.0,7.546713,137.0,149.0,8.0,1.5474453,0.12745206,0.0,-0.0
00-0033077,Dak Prescott,2019,16,DAL,PHI,44,25,265.0,0,0.0,-4.5950265,463.0,78.0,12.0,0.5723542,-0.015591931,2.0,8.0
00-0033077,Dak Prescott,2019,17,DAL,WAS,33,23,303.0,4,0.0,8.373965,206.0,142.0,13.0,1.4708738,0.13257785,3.0,9.0
00-0033106,Jared Goff,2019,1,LA,CAR,39,23,186.0,1,1.0,-1.9010606,273.0,96.0,12.0,0.6813187,0.0050701057,1.0,3.0
00-0033106,Jared Goff,2019,2,LA,NO,28,19,283.0,1,0.0,7.715029,200.0,146.0,11.0,1.415,0.105888,3.0,18.0
00-0033106,Jared Goff,2019,3,LA,CLE,38,24,268.0,2,2.0,2.0981286,390.0,70.0,16.0,0.6871795,0.10350346,2.0,14.0
00-0033106,Jared Goff,2019,4,LA,TB,68,45,517.0,2,3.0,-1.9340166,472.0,231.0,27.0,1.095339,0.059478626,2.0,27.0
00-0033106,Jared Goff,2019,5,LA,SEA,49,29,395.0,1,1.0,14.950029,411.0,197.0,18.0,0.96107054,0.107198246,0.0,-0.0
00-0033106,Jared Goff,2019,6,LA,SF,24,13,78.0,0,0.0,-18.18959,155.0,49.0,1.0,0.5032258,-0.044987995,4.0,30.0
00-0033106,Jared Goff,2019,7,LA,ATL,37,22,268.0,2,0.0,14.471648,373.0,138.0,12.0,0.71849865,0.16356677,0.0,-0.0
00-0033106,Jared Goff,2019,8,LA,CIN,31,17,372.0,2,0.0,23.486439,321.0,202.0,13.0,1.1588784,0.21621771,0.0,-0.0
00-0033106,Jared Goff,2019,10,LA,PIT,41,22,243.0,0,2.0,-18.064405,294.0,90.0,10.0,0.82653064,-0.05351133,4.0,25.0
00-0033106,Jared Goff,2019,11,LA,CHI,18,11,173.0,0,1.0,5.149334,158.0,102.0,6.0,1.0949367,0.10321059,0.0,-0.0
00-0033106,Jared Goff,2019,12,LA,BAL,37,26,212.0,0,2.0,-9.273339,318.0,94.0,8.0,0.6666667,0.06589499,2.0,13.0
00-0033106,Jared Goff,2019,13,LA,ARI,43,32,424.0,2,0.0,23.92763,229.0,262.0,20.0,1.8515284,0.2652663,1.0,10.0
00-0033106,Jared Goff,2019,14,LA,SEA,31,22,293.0,2,2.0,7.7989187,286.0,120.0,16.0,1.0244756,0.23822795,0.0,-0.0
00-0033106,Jared Goff,2019,15,LA,DAL,51,33,284.0,2,1.0,-6.093712,320.0,169.0,16.0,0.8875,-0.0039329743,2.0,22.0
00-0033106,Jared Goff,2019,16,LA,SF,46,27,323.0,2,1.0,3.813033,289.0,155.0,17.0,1.117647,0.11926382,0.0,-0.0
00-0033106,Jared Goff,2019,17,LA,ARI,45,29,319.0,3,0.0,14.837685,352.0,123.0,17.0,0.90625,0.17781028,1.0,8.0
00-0033119,Jacoby Brissett,2019,1,IND,LAC,27,21,190.0,2,0.0,6.569266,158.0,98.0,9.0,1.2025317,0.18184909,2.0,17.0
00-0033119,Jacoby Brissett,2019,2,IND,TEN,28,17,146.0,3,1.0,-4.7468643,140.0,104.0,8.0,1.0428572,0.060312316,3.0,25.0
00-0033119,Jacoby Brissett,2019,3,IND,ATL,37,28,310.0,2,0.0,17.465334,206.0,167.0,15.0,1.5048543,0.25917247,1.0,10.0
00-0033119,Jacoby Brissett,2019,4,IND,LV,46,24,265.0,3,1.0,1.617119,484.0,121.0,14.0,0.54752064,0.011718391,0.0,-0.0
00-0033119,Jacoby Brissett,2019,5,IND,KC,29,18,151.0,0,1.0,-6.284829,148.0,106.0,7.0,1.0202702,0.05326355,0.0,-0.0
00-0033119,Jacoby Brissett,2019,7,IND,HOU,39,26,326.0,4,0.0,18.440418,281.0,181.0,18.0,1.1601423,0.22294627,1.0,5.0
00-0033119,Jacoby Brissett,2019,8,IND,DEN,25,15,202.0,0,0.0,-5.6912465,205.0,90.0,9.0,0.98536587,-0.0073489808,4.0,11.0
00-0033119,Jacoby Brissett,2019,9,IND,PIT,5,4,59.0,0,0.0,3.2879,24.0,29.0,2.0,2.4583333,0.19057854,1.0,4.0
00-0033119,Jacoby Brissett,2019,11,IND,JAX,24,15,148.0,1,1.0,-0.3232262,219.0,86.0,9.0,0.6757991,0.09568231,3.0,23.0
00-0033119,Jacoby Brissett,2019,12,IND,HOU,25,16,129.0,0,0.0,-0.9236934,178.0,88.0,9.0,0.7247191,0.00890882,1.0,8.0
00-0033119,Jacoby Brissett,2019,13,IND,TEN,40,25,319.0,1,2.0,2.0311344,322.0,151.0,15.0,0.99068326,0.06317778,3.0,10.0
00-0033119,Jacoby Brissett,2019,14,IND,TB,36,19,251.0,2,0.0,2.6229005,351.0,98.0,7.0,0.7150997,0.08212145,1.0,8.0
00-0033119,Jacoby Brissett,2019,15,IND,NO,34,18,165.0,0,0.0,-9.298494,343.0,66.0,8.0,0.48104957,-0.032474447,1.0,6.0
00-0033119,Jacoby Brissett,2019,16,IND,CAR,27,14,119.0,0,0.0,-7.4680247,289.0,35.0,6.0,0.4117647,0.0026813454,3.0,13.0
00-0033119,Jacoby Brissett,2019,17,IND,JAX,25,12,162.0,0,0.0,-6.3529935,197.0,99.0,7.0,0.822335,-0.06019698,3.0,19.0
00-0033251,Zach Pascal,2019,7,IND,HOU,1,0,0.0,0,0.0,-0.7042251,21.0,0.0,0.0,0.0,,0.0,-0.0
00-0033280,Christian McCaffrey,2019,5,CAR,JAX,1,0,0.0,0,0.0,-1.4129623,0.0,0.0,0.0,,,0.0,-0.0
00-0033280,Christian McCaffrey,2019,15,CAR,SEA,1,0,0.0,0,0.0,-0.5022526,16.0,0.0,0.0,0.0,,0.0,-0.0
00-0033357,Taysom Hill,2019,5,NO,TB,1,1,18.0,0,0.0,1.1868173,15.0,3.0,1.0,1.2,,0.0,-0.0
00-0033357,Taysom Hill,2019,10,NO,ATL,1,1,17.0,0,0.0,1.0697987,17.0,0.0,1.0,1.0,,0.0,-0.0
00-0033357,Taysom Hill,2019,13,NO,ATL,1,0,0.0,0,0.0,-0.6327456,6.0,0.0,0.0,0.0,,0.0,-0.0
00-0033357,Taysom Hill,2019,14,NO,SF,1,0,0.0,0,0.0,-2.269322,35.0,0.0,0.0,0.0,,0.0,-0.0
00-0033357,Taysom Hill,2019,16,NO,TEN,2,1,20.0,0,0.0,-0.7296276,21.0,9.0,1.0,0.95238096,,0.0,-0.0
00-0033357,Taysom Hill,2019,18,NO,MIN,1,1,50.0,0,0.0,3.2679589,50.0,0.0,1.0,1.0,,0.0,-0.0
00-0033400,Matt Haack,2019,13,MIA,PHI,1,1,1.0,1,0.0,2.2703583,1.0,0.0,1.0,1.0,,0.0,-0.0
00-0033400,Matt Haack,2019,17,MIA,NE,1,0,0.0,0,0.0,-2.8551006,30.0,0.0,0.0,0.0,,0.0,-0.0
00-0033537,Deshaun Watson,2019,1,HOU,NO,30,20,268.0,3,1.0,7.570613,325.0,90.0,12.0,0.82461536,0.19157292,6.0,34.0
00-0033537,Deshaun Watson,2019,2,HOU,JAX,29,16,159.0,0,0.0,-5.8075886,371.0,35.0,9.0,0.42857143,-0.008975614,4.0,22.0
00-0033537,Deshaun Watson,2019,3,HOU,LAC,34,25,351.0,3,0.0,20.53522,283.0,165.0,15.0,1.2402827,0.24503438,2.0,14.0
00-0033537,Deshaun Watson,2019,4,HOU,CAR,33,21,160.0,0,0.0,-16.440725,305.0,95.0,7.0,0.52459013,0.011357661,6.0,32.0
00-0033537,Deshaun Watson,2019,5,HOU,ATL,33,28,426.0,5,0.0,32.19703,286.0,204.0,18.0,1.4895105,0.4478634,0.0,-0.0
00-0033537,Deshaun Watson,2019,6,HOU,KC,42,30,280.0,1,2.0,14.212213,369.0,176.0,20.0,0.7588076,0.20604311,0.0,-0.0
00-0033537,Deshaun Watson,2019,7,HOU,IND,34,23,308.0,1,2.0,1.9117577,268.0,125.0,15.0,1.1492537,0.06964809,3.0,17.0
00-0033537,Deshaun Watson,2019,8,HOU,LV,39,27,279.0,3,0.0,10.615891,266.0,106.0,17.0,1.0488722,0.15913211,3.0,21.0
00-0033537,Deshaun Watson,2019,9,HOU,JAX,28,22,201.0,2,0.0,14.430472,181.0,91.0,11.0,1.1104972,0.2656642,1.0,7.0
00-0033537,Deshaun Watson,2019,11,HOU,BAL,29,18,169.0,0,1.0,-17.663477,236.0,83.0,10.0,0.7161017,-0.0031798978,6.0,49.0
00-0033537,Deshaun Watson,2019,12,HOU,IND,30,19,298.0,2,1.0,7.4967093,415.0,63.0,11.0,0.7180723,0.16541737,1.0,1.0
00-0033537,Deshaun Watson,2019,13,HOU,NE,25,18,234.0,3,0.0,11.262575,195.0,111.0,11.0,1.2,0.18756723,3.0,16.0
00-0033537,Deshaun Watson,2019,14,HOU,DEN,50,28,292.0,1,2.0,-2.6952186,434.0,160.0,16.0,0.67281103,0.01112841,3.0,12.0
00-0033537,Deshaun Watson,2019,15,HOU,TEN,27,19,243.0,2,2.0,4.843091,271.0,95.0,12.0,0.896679,0.19445434,1.0,9.0
00-0033537,Deshaun Watson,2019,16,HOU,TB,32,19,184.0,0,1.0,-7.3868546,215.0,73.0,7.0,0.855814,-0.004479297,5.0,23.0
00-0033537,Deshaun Watson,2019,18,HOU,BUF,25,20,247.0,1,0.0,4.9988627,216.0,97.0,13.0,1.1435186,0.13455924,7.0,28.0
00-0033537,Deshaun Watson,2019,19,HOU,KC,52,31,388.0,2,0.0,4.7183146,465.0,156.0,18.0,0.8344086,0.06841421,4.0,26.0
00-0033787,Jake Elliott,2019,6,PHI,MIN,1,0,0.0,0,1.0,-2.4030688,6.0,0.0,0.0,0.0,,0.0,-0.0
00-0033869,Mitchell Trubisky,2019,1,CHI,GB,45,26,228.0,0,1.0,-14.581127,378.0,98.0,10.0,0.6031746,-0.01579269,5.0,20.0
00-0033869,Mitchell Trubisky,2019,2,CHI,DEN,27,16,120.0,0,0.0,-0.12264662,212.0,71.0,7.0,0.5660377,0.011442572,0.0,-0.0
00-0033869,Mitchell Trubisky,2019,3,CHI,WAS,31,25,231.0,3,1.0,8.873984,162.0,120.0,15.0,1.425926,0.21999611,3.0,23.0
00-0033869,Mitchell Trubisky,2019,4,CHI,MIN,3,2,9.0,0,0.0,0.24888186,5.0,6.0,1.0,1.8,,0.0,-0.0
00-0033869,Mitchell Trubisky,2019,7,CHI,NO,54,34,251.0,2,0.0,-2.8739347,338.0,131.0,16.0,0.74260354,0.026313536,2.0,16.0
00-0033869,Mitchell Trubisky,2019,8,CHI,LAC,35,23,253.0,0,1.0,-4.0154495,308.0,88.0,9.0,0.8214286,0.064871445,4.0,27.0
00-0033869,Mitchell Trubisky,2019,9,CHI,PHI,21,10,125.0,0,0.0,-6.465772,225.0,51.0,3.0,0.5555556,-0.06656907,3.0,23.0
00-0033869,Mitchell Trubisky,2019,10,CHI,DET,23,16,173.0,3,0.0,-1.2139274,221.0,62.0,7.0,0.78280544,0.053845055,5.0,28.0
00-0033869,Mitchell Trubisky,2019,11,CHI,LA,43,24,190.0,1,1.0,-7.8387,335.0,95.0,10.0,0.5671642,-0.018207336,1.0,2.0
00-0033869,Mitchell Trubisky,2019,12,CHI,NYG,41,25,278.0,1,2.0,-5.523384,365.0,123.0,14.0,0.7616438,0.021665247,2.0,8.0
00-0033869,Mitchell Trubisky,2019,13,CHI,DET,38,29,338.0,3,1.0,11.145416,335.0,100.0,16.0,1.0089552,0.16888364,1.0,7.0
00-0033869,Mitchell Trubisky,2019,14,CHI,DAL,31,23,244.0,3,1.0,6.3252773,199.0,150.0,12.0,1.2261306,0.20693098,2.0,13.0
00-0033869,Mitchell Trubisky,2019,15,CHI,GB,53,29,334.0,1,2.0,-4.223266,536.0,112.0,15.0,0.6231343,-0.004471131,3.0,15.0
00-0033869,Mitchell Trubisky,2019,16,CHI,KC,34,18,157.0,0,0.0,-14.020326,275.0,93.0,8.0,0.5709091,-0.032944262,3.0,24.0
00-0033869,Mitchell Trubisky,2019,17,CHI,MIN,37,26,207.0,0,0.0,-1.7912318,214.0,103.0,13.0,0.96728975,0.03917204,4.0,28.0
00-0033873,Patrick Mahomes,2019,1,KC,JAX,33,25,378.0,3,0.0,23.561546,184.0,262.0,13.0,2.0543478,0.30434394,0.0,-0.0
00-0033873,Patrick Mahomes,2019,2,KC,LV,44,30,443.0,4,0.0,25.752728,557.0,138.0,18.0,0.79533213,0.24861588,2.0,7.0
00-0033873,Patrick Mahomes,2019,3,KC,BAL,37,27,374.0,3,0.0,16.30334,326.0,190.0,14.0,1.1472392,0.27412346,1.0,11.0
00-0033873,Patrick Mahomes,2019,4,KC,DET,42,24,315.0,0,0.0,9.033451,502.0,161.0,16.0,0.62749004,0.17108285,0.0,-0.0
00-0033873,Patrick Mahomes,2019,5,KC,IND,39,22,321.0,1,0.0,3.2919645,463.0,109.0,12.0,0.69330454,0.047274616,4.0,33.0
00-0033873,Patrick Mahomes,2019,6,KC,HOU,35,19,273.0,3,1.0,1.5785098,350.0,165.0,11.0,0.78,0.028424593,1.0,17.0
00-0033873,Patrick Mahomes,2019,7,KC,DEN,11,10,76.0,1,0.0,4.9312706,25.0,64.0,3.0,3.04,0.33272636,0.0,-0.0
00-0033873,Patrick Mahomes,2019,10,KC,TEN,50,36,446.0,3,0.0,24.450632,418.0,248.0,20.0,1.0669856,0.2237392,2.0,13.0
00-0033873,Patrick Mahomes,2019,11,KC,LAC,32,19,182.0,1,1.0,-1.7647045,255.0,94.0,9.0,0.7137255,0.052112702,1.0,2.0
00-0033873,Patrick Mahomes,2019,13,KC,LV,29,15,175.0,1,0.0,4.8205037,259.0,100.0,10.0,0.6756757,0.13753827,1.0,12.0
00-0033873,Patrick Mahomes,2019,14,KC,NE,40,26,283.0,1,1.0,4.0939827,219.0,181.0,13.0,1.2922374,0.046987634,1.0,12.0
00-0033873,Patrick Mahomes,2019,15,KC,DEN,34,27,340.0,2,1.0,10.04984,337.0,65.0,17.0,1.0089021,0.2582059,3.0,13.0
00-0033873,Patrick Mahomes,2019,16,KC,CHI,33,23,251.0,2,0.0,13.7316,244.0,99.0,15.0,1.0286885,0.22878085,1.0,7.0
00-0033873,Patrick Mahomes,2019,17,KC,LAC,25,16,174.0,1,1.0,-2.140624,142.0,71.0,5.0,1.2253522,0.035183143,0.0,-0.0
00-0033873,Patrick Mahomes,2019,19,KC,HOU,35,23,321.0,5,0.0,19.084862,228.0,176.0,16.0,1.4078947,0.2796162,0.0,-0.0
00-0033873,Patrick Mahomes,2019,20,KC,TEN,35,23,294.0,3,0.0,15.700353,299.0,111.0,14.0,0.9832776,0.26876014,2.0,2.0
00-0033873,Patrick Mahomes,2019,21,KC,SF,42,26,286.0,2,2.0,1.7616079,348.0,99.0,13.0,0.8218391,0.10079037,4.0,18.0
00-0033906,Alvin Kamara,2019,5,NO,TB,1,1,13.0,0,0.0,0.9648147,11.0,2.0,1.0,1.1818181,,0.0,-0.0
00-0033908,Cooper Kupp,2019,14,LA,SEA,1,0,0.0,0,0.0,-1.3150116,19.0,0.0,0.0,0.0,,0.0,-0.0
00-0034177,Tim Boyle,2019,12,GB,SF,4,3,15.0,0,0.0,-0.45442072,10.0,14.0,1.0,1.5,,0.0,-0.0
00-0034331,Jaylen Samuels,2019,4,PIT,CIN,3,3,31.0,0,0.0,1.9826908,-11.0,42.0,2.0,0.0,,0.0,-0.0
00-0034331,Jaylen Samuels,2019,5,PIT,BAL,2,1,4.0,0,1.0,-5.4941497,0.0,8.0,0.0,0.0,,0.0,-0.0
00-0034343,Josh Rosen,2019,1,MIA,BAL,3,1,5.0,0,1.0,-6.265977,17.0,1.0,0.0,0.29411766,,1.0,6.0
00-0034343,Josh Rosen,2019,2,MIA,NE,18,7,97.0,0,1.0,-8.817218,302.0,32.0,4.0,0.32119206,-0.04233094,3.0,21.0
00-0034343,Josh Rosen,2019,3,MIA,DAL,39,18,200.0,0,0.0,-10.293725,363.0,87.0,11.0,0.5509642,-0.073508486,3.0,18.0
00-0034343,Josh Rosen,2019,4,MIA,LAC,24,17,180.0,1,1.0,-3.7953293,152.0,99.0,8.0,1.1842105,0.040259376,4.0,18.0
00-0034343,Josh Rosen,2019,6,MIA,WAS,25,15,85.0,0,2.0,-20.292883,65.0,100.0,3.0,1.3076923,-0.035873886,5.0,30.0
00-0034348,Courtland Sutton,2019,11,DEN,MIN,1,1,38.0,0,0.0,2.5538151,37.0,1.0,1.0,1.027027,,0.0,-0.0
00-0034412,Luke Falk,2019,2,NYJ,CLE,25,20,198.0,0,0.0,-4.962313,124.0,120.0,6.0,1.5967742,0.07208233,2.0,15.0
00-0034412,Luke Falk,2019,3,NYJ,NE,22,12,98.0,0,1.0,-16.799894,145.0,62.0,4.0,0.6758621,-0.033458352,5.0,29.0
00-0034412,Luke Falk,2019,5,NYJ,PHI,26,15,120.0,0,2.0,-33.18706,135.0,82.0,5.0,0.8888889,0.009147667,9.0,52.0
00-0034437,Logan Cooke,2019,14,JAX,LAC,1,1,9.0,0,0.0,3.1291678,6.0,3.0,1.0,1.5,,0.0,-0.0
00-0034437,Logan Cooke,2019,16,JAX,ATL,1,1,7.0,0,0.0,3.030777,2.0,5.0,1.0,3.5,,0.0,-0.0
00-0034577,Kyle Allen,2019,3,CAR,ARI,26,19,261.0,4,0.0,13.6543865,215.0,109.0,14.0,1.2139535,0.27434358,2.0,21.0
00-0034577,Kyle Allen,2019,4,CAR,HOU,34,24,232.0,0,0.0,-7.5151925,278.0,142.0,15.0,0.8345324,0.08141661,3.0,29.0
00-0034577,Kyle Allen,2019,5,CAR,JAX,30,17,181.0,1,0.0,1.5439031,180.0,112.0,10.0,1.0055555,0.031921495,3.0,21.0
00-0034577,Kyle Allen,2019,6,CAR,TB,32,20,227.0,2,0.0,5.531931,303.0,95.0,12.0,0.7491749,0.088559985,2.0,18.0
00-0034577,Kyle Allen,2019,8,CAR,SF,37,19,158.0,0,3.0,-31.149303,326.0,85.0,8.0,0.48466256,-0.043901857,7.0,58.0
00-0034577,Kyle Allen,2019,9,CAR,TEN,32,17,232.0,2,1.0,4.271299,399.0,60.0,13.0,0.5814536,0.056067813,3.0,18.0
00-0034577,Kyle Allen,2019,10,CAR,GB,43,28,307.0,1,1.0,2.9309692,358.0,124.0,19.0,0.8575419,0.103376344,3.0,26.0
00-0034577,Kyle Allen,2019,11,CAR,ATL,50,31,325.0,0,4.0,-17.93792,351.0,155.0,15.0,0.9259259,0.030021384,5.0,55.0
00-0034577,Kyle Allen,2019,12,CAR,NO,36,23,256.0,3,0.0,13.47407,244.0,144.0,15.0,1.0491803,0.19927064,4.0,26.0
00-0034577,Kyle Allen,2019,13,CAR,WAS,46,27,278.0,2,1.0,-4.9279194,446.0,75.0,18.0,0.6233184,0.031458683,7.0,65.0
00-0034577,Kyle Allen,2019,14,CAR,ATL,41,28,293.0,1,2.0,-7.0631375,372.0,194.0,18.0,0.78763443,0.037216306,5.0,48.0
00-0034577,Kyle Allen,2019,15,CAR,SEA,41,25,277.0,1,3.0,-3.6749,233.0,200.0,18.0,1.1888412,0.022499619,1.0,8.0
00-0034577,Kyle Allen,2019,17,CAR,NO,41,25,295.0,0,1.0,2.7234106,284.0,152.0,13.0,1.0387324,0.020813342,1.0,4.0
00-0034721,Corey Bojorquez,2019,18,BUF,HOU,1,0,0.0,0,0.0,-0.2105546,0.0,0.0,0.0,,,0.0,-0.0
00-0034771,Mason Rudolph,2019,2,PIT,SEA,19,12,112.0,2,1.0,-0.8088442,150.0,43.0,7.0,0.74666667,0.037908405,0.0,-0.0
00-0034771,Mason Rudolph,2019,3,PIT,SF,27,14,174.0,2,1.0,-6.578894,156.0,140.0,5.0,1.1153846,-0.038603358,2.0,14.0
00-0034771,Mason Rudolph,2019,4,PIT,CIN,28,24,229.0,2,0.0,15.115513,91.0,167.0,10.0,2.5164835,0.28846124,0.0,-0.0
00-0034771,Mason Rudolph,2019,5,PIT,BAL,20,13,131.0,1,0.0,2.5232277,221.0,57.0,5.0,0.5927602,0.10526572,1.0,11.0
00-0034771,Mason Rudolph,2019,8,PIT,MIA,36,20,251.0,2,1.0,3.6197603,479.0,100.0,12.0,0.52400833,0.08363265,2.0,15.0
00-0034771,Mason Rudolph,2019,9,PIT,IND,35,26,191.0,1,1.0,-0.84563017,192.0,112.0,11.0,0.9947917,0.09961515,1.0,8.0
00-0034771,Mason Rudolph,2019,10,PIT,LA,38,22,242.0,1,0.0,0.37005076,250.0,105.0,10.0,0.968,0.061555825,3.0,11.0
00-0034771,Mason Rudolph,2019,11,PIT,CLE,44,23,221.0,1,4.0,-29.076826,439.0,129.0,10.0,0.50341684,-0.027075749,4.0,43.0
00-0034771,Mason Rudolph,2019,12,PIT,CIN,16,8,85.0,0,1.0,-6.1712856,178.0,32.0,3.0,0.4775281,0.02688293,1.0,13.0
00-0034771,Mason Rudolph,2019,16,PIT,NYJ,20,14,129.0,1,0.0,4.4970136,130.0,49.0,7.0,0.99230766,0.10175934,1.0,9.0
00-0034796,Lamar Jackson,2019,1,BAL,MIA,20,17,324.0,5,0.0,29.052437,224.0,144.0,12.0,1.4464285,0.53879505,1.0,1.0
00-0034796,Lamar Jackson,2019,2,BAL,ARI,37,24,272.0,2,0.0,8.93265,396.0,83.0,16.0,0.68686867,0.15816678,2.0,14.0
00-0034796,Lamar Jackson,2019,3,BAL,KC,43,22,267.0,0,0.0,1.5595164,483.0,130.0,14.0,0.55279505,0.0378506,3.0,18.0
00-0034796,Lamar Jackson,2019,4,BAL,CLE,34,24,247.0,3,2.0,-1.755175,268.0,110.0,12.0,0.92164177,0.09440446,4.0,25.0
00-0034796,Lamar Jackson,2019,5,BAL,PIT,28,19,161.0,1,3.0,-7.096989,216.0,64.0,8.0,0.7453704,0.030658703,5.0,22.0
00-0034796,Lamar Jackson,2019,6,BAL,CIN,33,21,236.0,0,0.0,6.8658376,253.0,126.0,11.0,0.9328063,0.16091129,1.0,8.0
00-0034796,Lamar Jackson,2019,7,BAL,SEA,20,9,143.0,0,0.0,0.71341026,201.0,37.0,5.0,0.71144277,0.070816755,1.0,2.0
00-0034796,Lamar Jackson,2019,9,BAL,NE,23,17,163.0,1,0.0,12.718478,117.0,111.0,11.0,1.3931624,0.20817547,1.0,1.0
00-0034796,Lamar Jackson,2019,10,BAL,CIN,17,15,223.0,3,0.0,23.072168,183.0,62.0,12.0,1.2185793,0.62178,0.0,-0.0
00-0034796,Lamar Jackson,2019,11,BAL,HOU,24,17,222.0,4,0.0,20.093271,212.0,130.0,11.0,1.0471698,0.27855206,0.0,-0.0
00-0034796,Lamar Jackson,2019,12,BAL,LA,20,15,169.0,5,0.0,23.362486,136.0,66.0,12.0,1.242647,0.40471494,2.0,9.0
00-0034796,Lamar Jackson,2019,13,BAL,SF,23,14,105.0,1,0.0,-1.7514427,197.0,26.0,5.0,0.5329949,0.04237383,1.0,-0.0
00-0034796,Lamar Jackson,2019,14,BAL,BUF,25,16,145.0,3,1.0,0.8848434,148.0,104.0,8.0,0.9797297,0.09326077,1.0,6.0
00-0034796,Lamar Jackson,2019,15,BAL,NYJ,23,15,212.0,5,0.0,16.660204,264.0,59.0,11.0,0.8030303,0.32745698,1.0,-0.0
00-0034796,Lamar Jackson,2019,16,BAL,CLE,31,20,238.0,3,0.0,11.637956,247.0,108.0,13.0,0.9635627,0.15585372,0.0,-0.0
00-0034796,Lamar Jackson,2019,19,BAL,TEN,59,31,365.0,1,2.0,-11.565358,663.0,92.0,18.0,0.55052793,-0.0008327608,4.0,20.0
00-0034855,Baker Mayfield,2019,1,CLE,TEN,38,25,285.0,1,3.0,-17.784649,337.0,100.0,13.0,0.84569734,0.017231973,5.0,41.0
00-0034855,Baker Mayfield,2019,2,CLE,NYJ,35,19,325.0,1,1.0,2.112985,344.0,167.0,10.0,0.9447674,0.058104347,3.0,20.0
00-0034855,Baker Mayfield,2019,3,CLE,LA,36,18,195.0,1,1.0,-4.861868,253.0,83.0,11.0,0.770751,-0.037477467,3.0,20.0
00-0034855,Baker Mayfield,2019,4,CLE,BAL,30,20,342.0,1,1.0,15.834906,175.0,249.0,12.0,1.9542857,0.21848947,1.0,5.0
00-0034855,Baker Mayfield,2019,5,CLE,SF,22,8,100.0,0,2.0,-23.26943,228.0,44.0,5.0,0.4385965,-0.04929236,4.0,42.0
00-0034855,Baker Mayfield,2019,6,CLE,SEA,37,22,249.0,1,3.0,-2.1391158,353.0,92.0,12.0,0.7053824,0.03243805,0.0,-0.0
00-0034855,Baker Mayfield,2019,8,CLE,NE,31,20,194.0,1,1.0,-9.197322,252.0,81.0,9.0,0.76984125,0.01997368,5.0,43.0
00-0034855,Baker Mayfield,2019,9,CLE,DEN,42,27,273.0,1,0.0,7.056043,182.0,204.0,13.0,1.5,0.08293821,2.0,12.0
00-0034855,Baker Mayfield,2019,10,CLE,BUF,38,26,238.0,2,0.0,5.0210195,261.0,122.0,15.0,0.9118774,0.11830505,2.0,17.0
00-0034855,Baker Mayfield,2019,11,CLE,PIT,32,17,193.0,2,0.0,1.0832478,277.0,68.0,10.0,0.6967509,0.0465234,1.0,4.0
00-0034855,Baker Mayfield,2019,12,CLE,MIA,34,24,327.0,3,1.0,13.64249,299.0,130.0,15.0,1.0936455,0.24974425,1.0,7.0
00-0034855,Baker Mayfield,2019,13,CLE,PIT,32,18,196.0,1,1.0,-4.5713363,356.0,83.0,9.0,0.5505618,-0.0095242625,5.0,23.0
00-0034855,Baker Mayfield,2019,14,CLE,CIN,24,11,192.0,0,2.0,-2.052594,230.0,125.0,9.0,0.8347826,0.046821035,1.0,5.0
00-0034855,Baker Mayfield,2019,15,CLE,ARI,44,31,303.0,3,1.0,10.237235,272.0,166.0,16.0,1.1139706,0.18115836,1.0,6.0
00-0034855,Baker Mayfield,2019,16,CLE,BAL,33,20,192.0,2,1.0,1.7425106,298.0,81.0,10.0,0.6442953,0.13226385,0.0,-0.0
00-0034855,Baker Mayfield,2019,17,CLE,CIN,27,12,279.0,3,3.0,2.1772668,422.0,63.0,11.0,0.66113746,0.0846641,6.0,40.0
00-0034857,Josh Allen,2019,1,BUF,NYJ,37,24,254.0,1,2.0,-6.4907966,324.0,103.0,11.0,0.7839506,0.04181732,1.0,12.0
00-0034857,Josh Allen,2019,2,BUF,NYG,30,19,253.0,1,0.0,6.3233213,269.0,89.0,13.0,0.94052047,0.13608783,3.0,16.0
00-0034857,Josh Allen,2019,3,BUF,CIN,36,23,243.0,1,1.0,-0.48666662,302.0,122.0,12.0,0.80463576,0.07871063,1.0,2.0
00-0034857,Josh Allen,2019,4,BUF,NE,28,13,153.0,0,3.0,-17.507757,378.0,57.0,8.0,0.4047619,-0.008787633,4.0,31.0
00-0034857,Josh Allen,2019,5,BUF,TEN,32,23,219.0,2,1.0,-3.8706884,139.0,129.0,12.0,1.5755396,0.064704336,4.0,15.0
00-0034857,Josh Allen,2019,7,BUF,MIA,26,16,202.0,2,0.0,7.955242,272.0,93.0,10.0,0.74264705,0.11728755,2.0,14.0
00-0034857,Josh Allen,2019,8,BUF,PHI,34,16,169.0,2,0.0,-4.9700236,317.0,79.0,9.0,0.533123,-0.04887318,4.0,14.0
00-0034857,Josh Allen,2019,9,BUF,WAS,20,14,160.0,1,0.0,7.557041,201.0,89.0,7.0,0.7960199,0.25977862,2.0,14.0
00-0034857,Josh Allen,2019,10,BUF,CLE,41,22,266.0,0,0.0,-2.6626291,403.0,88.0,12.0,0.6600496,0.06609262,1.0,6.0
00-0034857,Josh Allen,2019,11,BUF,MIA,33,21,256.0,3,0.0,12.1091795,278.0,105.0,12.0,0.92086333,0.2195917,0.0,-0.0
00-0034857,Josh Allen,2019,12,BUF,DEN,25,15,185.0,2,1.0,3.1462207,187.0,73.0,8.0,0.98930484,0.10328085,1.0,5.0
00-0034857,Josh Allen,2019,13,BUF,DAL,24,19,231.0,1,0.0,10.554694,206.0,123.0,10.0,1.1213592,0.27205497,4.0,27.0
00-0034857,Josh Allen,2019,14,BUF,BAL,39,17,146.0,1,0.0,-22.218468,400.0,85.0,7.0,0.365,-0.061943337,6.0,41.0
00-0034857,Josh Allen,2019,15,BUF,PIT,25,13,139.0,1,1.0,-2.1774535,235.0,16.0,7.0,0.5914894,0.007974868,1.0,8.0
00-0034857,Josh Allen,2019,16,BUF,NE,26,13,208.0,2,0.0,2.7943754,317.0,72.0,8.0,0.6561514,0.032939337,4.0,32.0
00-0034857,Josh Allen,2019,17,BUF,NYJ,5,3,5.0,0,0.0,-4.2133226,34.0,17.0,0.0,0.14705883,0.0072122565,0.0,-0.0
00-0034857,Josh Allen,2019,18,BUF,HOU,46,24,264.0,0,0.0,-2.4076712,412.0,159.0,13.0,0.6407767,-0.008635347,3.0,27.0
00-0034860,Dante Pettis,2019,2,SF,CIN,1,1,16.0,0,0.0,1.2418056,-4.0,20.0,1.0,0.0,,0.0,-0.0
00-0034869,Sam Darnold,2019,1,NYJ,BUF,41,28,175.0,1,0.0,-4.6232853,223.0,104.0,12.0,0.7847534,0.013363108,4.0,20.0
00-0034869,Sam Darnold,2019,6,NYJ,DAL,32,23,338.0,2,1.0,9.157033,291.0,188.0,13.0,1.161512,0.21849237,2.0,12.0
00-0034869,Sam Darnold,2019,7,NYJ,NE,32,11,86.0,0,4.0,-31.661474,398.0,19.0,4.0,0.2160804,-0.071394965,1.0,13.0
00-0034869,Sam Darnold,2019,8,NYJ,JAX,30,21,218.0,2,3.0,-10.703034,233.0,101.0,11.0,0.93562233,0.05415183,8.0,51.0
00-0034869,Sam Darnold,2019,9,NYJ,MIA,39,27,260.0,1,1.0,2.980879,269.0,118.0,13.0,0.9665428,0.11231031,3.0,22.0
00-0034869,Sam Darnold,2019,10,NYJ,NYG,30,19,230.0,1,0.0,4.433458,255.0,125.0,10.0,0.9019608,0.1851487,2.0,12.0
00-0034869,Sam Darnold,2019,11,NYJ,WAS,30,19,293.0,4,1.0,11.110093,305.0,94.0,15.0,0.96065575,0.22897422,2.0,8.0
00-0034869,Sam Darnold,2019,12,NYJ,LV,29,20,315.0,2,0.0,15.295621,215.0,195.0,15.0,1.4651163,0.25358585,1.0,2.0
00-0034869,Sam Darnold,2019,13,NYJ,CIN,48,28,239.0,0,0.0,-9.570951,463.0,90.0,13.0,0.5161987,0.009098346,4.0,30.0
00-0034869,Sam Darnold,2019,14,NYJ,MIA,36,20,270.0,2,1.0,7.5198054,396.0,133.0,15.0,0.6818182,0.114131495,1.0,8.0
00-0034869,Sam Darnold,2019,15,NYJ,BAL,32,18,218.0,2,1.0,-7.993613,252.0,109.0,9.0,0.86507934,0.03395911,1.0,11.0
00-0034869,Sam Darnold,2019,16,NYJ,PIT,26,16,183.0,1,0.0,-5.2456365,217.0,104.0,7.0,0.843318,0.0068605067,2.0,9.0
00-0034869,Sam Darnold,2019,17,NYJ,BUF,36,23,199.0,1,1.0,1.8268701,238.0,86.0,10.0,0.83613443,0.068367265,2.0,14.0
00-0034928,Steven Sims,2019,12,WAS,DET,1,0,0.0,0,0.0,-0.35981807,5.0,0.0,0.0,0.0,,0.0,-0.0
00-0034959,Andrew Beck,2019,16,DEN,DET,1,1,6.0,0,0.0,2.351546,-3.0,9.0,1.0,0.0,,0.0,-0.0
00-0035040,David Blough,2019,13,DET,CHI,38,22,280.0,2,1.0,4.3543487,349.0,108.0,13.0,0.8022923,0.026170287,2.0,21.0
00-0035040,David Blough,2019,14,DET,MIN,40,24,205.0,1,2.0,-9.511849,267.0,56.0,12.0,0.76779026,-0.020810788,5.0,44.0
00-0035040,David Blough,2019,15,DET,TB,43,24,260.0,0,2.0,-17.774517,354.0,69.0,11.0,0.7344633,-0.063309826,2.0,10.0
00-0035040,David Blough,2019,16,DET,DEN,24,12,117.0,1,0.0,-5.202769,250.0,58.0,7.0,0.468,-0.023376804,4.0,22.0
00-0035040,David Blough,2019,17,DET,GB,29,12,122.0,0,1.0,-15.530891,264.0,38.0,4.0,0.46212122,-0.11310463,1.0,7.0
00-0035228,Kyler Murray,2019,1,ARI,DET,54,29,308.0,2,1.0,-8.468795,567.0,64.0,16.0,0.54320985,-0.030132584,5.0,33.0
00-0035228,Kyler Murray,2019,2,ARI,BAL,40,25,349.0,0,0.0,9.282343,312.0,162.0,12.0,1.1185898,0.124339186,3.0,20.0
00-0035228,Kyler Murray,2019,3,ARI,CAR,43,30,173.0,2,2.0,-15.17967,242.0,113.0,9.0,0.71487606,0.01118321,8.0,46.0
00-0035228,Kyler Murray,2019,4,ARI,SEA,32,22,241.0,0,1.0,-8.288578,164.0,164.0,12.0,1.4695122,0.021514883,4.0,35.0
00-0035228,Kyler Murray,2019,5,ARI,CIN,32,20,253.0,0,0.0,9.400058,309.0,71.0,13.0,0.81877023,0.19315863,1.0,5.0
00-0035228,Kyler Murray,2019,6,ARI,ATL,37,27,340.0,3,0.0,20.655579,246.0,160.0,16.0,1.3821138,0.22631617,0.0,-0.0
00-0035228,Kyler Murray,2019,7,ARI,NYG,21,14,104.0,0,0.0,4.3336096,112.0,58.0,8.0,0.9285714,0.09003522,2.0,15.0
00-0035228,Kyler Murray,2019,8,ARI,NO,33,19,220.0,0,0.0,-8.799852,245.0,87.0,8.0,0.8979592,-0.023145445,3.0,19.0
00-0035228,Kyler Murray,2019,9,ARI,SF,24,17,241.0,2,0.0,4.3619165,104.0,198.0,7.0,2.3173077,0.08056622,3.0,37.0
00-0035228,Kyler Murray,2019,10,ARI,TB,44,27,324.0,3,1.0,5.7762985,534.0,137.0,13.0,0.60674155,0.13827892,2.0,8.0
00-0035228,Kyler Murray,2019,11,ARI,SF,33,24,150.0,2,0.0,2.1612227,124.0,87.0,9.0,1.2096775,0.13130175,4.0,19.0
00-0035228,Kyler Murray,2019,13,ARI,LA,34,19,163.0,0,1.0,-24.736149,175.0,99.0,9.0,0.93142855,-0.0688867,6.0,39.0
00-0035228,Kyler Murray,2019,14,ARI,PIT,30,20,194.0,2,3.0,-6.1941266,209.0,103.0,11.0,0.9282297,0.033324137,5.0,29.0
00-0035228,Kyler Murray,2019,15,ARI,CLE,22,16,249.0,1,1.0,7.042198,149.0,181.0,9.0,1.6711409,0.24927345,0.0,-0.0
00-0035228,Kyler Murray,2019,16,ARI,SEA,18,11,118.0,1,0.0,1.145633,145.0,69.0,6.0,0.8137931,0.055645447,1.0,1.0
00-0035228,Kyler Murray,2019,17,ARI,LA,42,26,325.0,2,2.0,8.121997,400.0,141.0,13.0,0.8125,0.07246711,1.0,3.0
00-0035232,Dwayne Haskins,2019,4,WAS,NYG,17,9,107.0,0,3.0,-14.218382,132.0,72.0,5.0,0.81060606,-0.0062754243,2.0,21.0
00-0035232,Dwayne Haskins,2019,8,WAS,MIN,5,3,33.0,0,1.0,-9.431495,22.0,30.0,1.0,1.5,-0.02034334,2.0,18.0
00-0035232,Dwayne Haskins,2019,9,WAS,BUF,22,15,144.0,0,0.0,-5.2985435,144.0,78.0,7.0,1.0,0.016160563,4.0,28.0
00-0035232,Dwayne Haskins,2019,11,WAS,NYJ,35,19,214.0,2,1.0,-13.679014,257.0,83.0,8.0,0.8326848,-0.029053776,6.0,43.0
00-0035232,Dwayne Haskins,2019,12,WAS,DET,29,13,156.0,0,1.0,-13.10409,386.0,47.0,7.0,0.4041451,-0.03724206,3.0,12.0
00-0035232,Dwayne Haskins,2019,13,WAS,CAR,25,13,147.0,0,0.0,-6.507846,204.0,46.0,8.0,0.7205882,-0.014366147,5.0,33.0
00-0035232,Dwayne Haskins,2019,14,WAS,GB,27,16,170.0,1,1.0,-1.6189306,255.0,86.0,11.0,0.6666667,0.022053253,4.0,29.0
00-0035232,Dwayne Haskins,2019,15,WAS,PHI,28,19,261.0,2,0.0,2.3106484,196.0,144.0,10.0,1.3316326,0.118891634,1.0,10.0
00-0035232,Dwayne Haskins,2019,16,WAS,NYG,15,12,133.0,2,0.0,10.157755,155.0,29.0,8.0,0.85806453,0.33612934,2.0,10.0
00-0035251,Will Grier,2019,16,CAR,IND,44,27,224.0,0,3.0,-13.358382,402.0,171.0,12.0,0.5572139,0.017767146,5.0,37.0
00-0035251,Will Grier,2019,17,CAR,NO,8,1,4.0,0,1.0,-14.820949,89.0,8.0,0.0,0.04494382,-0.19051604,1.0,7.0
00-0035264,Jarrett Stidham,2019,3,NE,NYJ,3,2,14.0,0,1.0,-9.227786,18.0,5.0,1.0,0.7777778,,1.0,7.0
00-0035264,Jarrett Stidham,2019,5,NE,WAS,1,0,0.0,0,0.0,-0.9220796,3.0,0.0,0.0,0.0,,0.0,-0.0
00-0035289,Gardner Minshew,2019,1,JAX,KC,25,22,275.0,2,1.0,9.733609,140.0,120.0,10.0,1.9642857,0.27311277,1.0,3.0
00-0035289,Gardner Minshew,2019,2,JAX,HOU,33,23,213.0,1,0.0,-6.443293,212.0,111.0,10.0,1.004717,0.023705047,4.0,35.0
00-0035289,Gardner Minshew,2019,3,JAX,TEN,30,20,204.0,2,0.0,1.4990722,213.0,75.0,8.0,0.9577465,0.07098746,0.0,-0.0
00-0035289,Gardner Minshew,2019,4,JAX,DEN,33,19,213.0,2,0.0,3.075271,358.0,87.0,12.0,0.5949721,0.056466315,5.0,27.0
00-0035289,Gardner Minshew,2019,5,JAX,CAR,44,26,374.0,2,0.0,-0.37594482,432.0,173.0,18.0,0.8657407,0.06951206,2.0,16.0
00-0035289,Gardner Minshew,2019,6,JAX,NO,29,14,163.0,0,1.0,-8.223407,233.0,96.0,9.0,0.69957083,-0.052344076,2.0,12.0
00-0035289,Gardner Minshew,2019,7,JAX,CIN,32,15,255.0,1,0.0,3.1849303,254.0,125.0,10.0,1.003937,0.002162092,2.0,11.0
00-0035289,Gardner Minshew,2019,8,JAX,NYJ,34,22,279.0,3,0.0,12.33872,223.0,140.0,13.0,1.251121,0.20873357,2.0,1.0
00-0035289,Gardner Minshew,2019,9,JAX,HOU,47,27,309.0,0,2.0,-12.307641,386.0,143.0,15.0,0.80051816,-0.0103579275,3.0,8.0
00-0035289,Gardner Minshew,2019,13,JAX,TB,27,16,147.0,1,1.0,-11.5561,106.0,78.0,7.0,1.3867924,-0.004238541,2.0,24.0
00-0035289,Gardner Minshew,2019,14,JAX,LAC,37,24,162.0,1,0.0,-14.160624,203.0,67.0,5.0,0.79802954,-0.0022497752,2.0,7.0
00-0035289,Gardner Minshew,2019,15,JAX,LV,29,17,201.0,2,0.0,5.197745,241.0,97.0,10.0,0.8340249,0.092803076,2.0,16.0
00-0035289,Gardner Minshew,2019,16,JAX,ATL,31,13,181.0,1,0.0,-4.7633343,239.0,91.0,8.0,0.7573222,-0.10143968,3.0,15.0
00-0035289,Gardner Minshew,2019,17,JAX,IND,39,27,295.0,3,1.0,9.072502,232.0,128.0,15.0,1.2715517,0.1402408,3.0,9.0
00-0035297,Kelvin Harmon,2019,16,WAS,NYG,1,1,11.0,0,0.0,0.9028712,6.0,5.0,1.0,1.8333334,,0.0,-0.0
00-0035577,Devlin Hodges,2019,5,PIT,BAL,9,7,68.0,0,0.0,2.652877,47.0,17.0,4.0,1.4468085,0.20631258,0.0,-0.0
00-0035577,Devlin Hodges,2019,6,PIT,LAC,20,15,132.0,1,1.0,2.5957851,98.0,119.0,7.0,1.3469387,0.086094305,0.0,-0.0
00-0035577,Devlin Hodges,2019,12,PIT,CIN,11,5,118.0,1,0.0,0.5910031,57.0,75.0,3.0,2.0701754,0.050307885,2.0,11.0
00-0035577,Devlin Hodges,2019,13,PIT,CLE,21,14,212.0,1,1.0,4.455063,253.0,88.0,10.0,0.8379447,0.21213913,1.0,13.0
00-0035577,Devlin Hodges,2019,14,PIT,ARI,19,16,152.0,1,0.0,6.4242077,93.0,74.0,10.0,1.6344086,0.26577792,3.0,17.0
00-0035577,Devlin Hodges,2019,15,PIT,BUF,38,23,202.0,1,4.0,-15.777383,338.0,84.0,8.0,0.5976331,0.017932221,4.0,24.0
00-0035577,Devlin Hodges,2019,16,PIT,NYJ,17,11,84.0,0,2.0,-8.992434,157.0,42.0,4.0,0.53503186,0.055807333,3.0,19.0
00-0035577,Devlin Hodges,2019,17,PIT,BAL,25,9,95.0,0,0.0,-13.891911,132.0,75.0,5.0,0.719697,-0.06657321,2.0,18.0
00-0035652,Ryan Finley,2019,10,CIN,BAL,30,16,167.0,1,1.0,-23.893515,225.0,87.0,9.0,0.74222225,-0.020509308,2.0,17.0
00-0035652,Ryan Finley,2019,11,CIN,LV,31,13,115.0,0,1.0,-20.533691,201.0,51.0,6.0,0.5721393,-0.102666676,5.0,42.0
00-0035652,Ryan Finley,2019,12,CIN,PIT,26,12,192.0,1,0.0,-8.209554,295.0,65.0,5.0,0.65084743,-0.044372585,4.0,34.0
00-0035704,Drew Lock,2019,13,DEN,LAC,28,18,134.0,2,1.0,-2.501771,184.0,54.0,8.0,0.7282609,0.034869272,0.0,-0.0
00-0035704,Drew Lock,2019,14,DEN,HOU,27,22,309.0,3,1.0,18.062159,187.0,190.0,14.0,1.6524065,0.36447844,1.0,8.0
00-0035704,Drew Lock,2019,15,DEN,KC,40,18,208.0,0,1.0,-11.684358,243.0,151.0,10.0,0.8559671,-0.08206199,2.0,9.0
00-0035704,Drew Lock,2019,16,DEN,DET,33,25,192.0,1,0.0,4.9909215,222.0,86.0,12.0,0.8648649,0.14142492,0.0,-0.0
00-0035704,Drew Lock,2019,17,DEN,LV,28,17,177.0,1,0.0,4.8579755,229.0,69.0,10.0,0.77292573,0.061374433,2.0,9.0
00-0035710,Daniel Jones,2019,1,NYG,DAL,4,3,17.0,0,0.0,0.32137844,29.0,17.0,1.0,0.5862069,,0.0,-0.0
00-0035710,Daniel Jones,2019,3,NYG,TB,36,23,336.0,2,0.0,3.7397246,348.0,154.0,11.0,0.9655172,0.17303522,5.0,24.0
00-0035710,Daniel Jones,2019,4,NYG,WAS,31,23,225.0,1,2.0,6.413958,167.0,161.0,13.0,1.3473054,0.12506908,0.0,-0.0
00-0035710,Daniel Jones,2019,5,NYG,MIN,38,21,182.0,1,1.0,-10.837937,390.0,84.0,8.0,0.46666667,-0.004310314,4.0,35.0
00-0035710,Daniel Jones,2019,6,NYG,NE,31,15,161.0,1,3.0,-17.757883,290.0,79.0,6.0,0.55517244,-0.015453478,1.0,-0.0
00-0035710,Daniel Jones,2019,7,NYG,ARI,35,22,223.0,1,1.0,-14.817203,265.0,80.0,14.0,0.84150946,-0.0046069804,8.0,67.0
00-0035710,Daniel Jones,2019,8,NYG,DET,41,28,322.0,4,0.0,1.7625499,307.0,137.0,15.0,1.04886,0.12494521,3.0,32.0
00-0035710,Daniel Jones,2019,9,NYG,DAL,41,26,210.0,1,1.0,-12.924077,240.0,129.0,11.0,0.875,-0.0011544963,5.0,39.0
00-0035710,Daniel Jones,2019,10,NYG,NYJ,40,26,308.0,4,0.0,4.398047,240.0,179.0,11.0,1.2833333,0.12896104,6.0,50.0
00-0035710,Daniel Jones,2019,12,NYG,CHI,36,21,150.0,2,0.0,-14.12861,246.0,61.0,9.0,0.6097561,0.0065023955,1.0,16.0
00-0035710,Daniel Jones,2019,13,NYG,GB,37,20,240.0,1,3.0,-4.1733303,275.0,102.0,12.0,0.8727273,-0.01135812,0.0,-0.0
00-0035710,Daniel Jones,2019,16,NYG,WAS,42,28,352.0,5,0.0,25.374578,371.0,143.0,16.0,0.94878703,0.2642491,1.0,6.0
00-0035710,Daniel Jones,2019,17,NYG,PHI,47,28,301.0,1,1.0,-8.734055,521.0,69.0,13.0,0.5777351,0.007402409,4.0,26.0
00-0019596,Tom Brady,2020,1,TB,NO,36,23,239.0,2,2.0,-9.496858,292.0,90.0,10.0,0.8184931,0.068936914,3.0,15.0
00-0019596,Tom Brady,2020,2,TB,CAR,35,23,217.0,1,1.0,0.5243795,234.0,110.0,11.0,0.9273504,0.0763557,0.0,-0.0
00-0019596,Tom Brady,2020,3,TB,DEN,38,25,297.0,3,0.0,11.559703,311.0,111.0,12.0,0.95498395,0.15510345,2.0,12.0
00-0019596,Tom Brady,2020,4,TB,LAC,46,30,369.0,5,1.0,12.685636,434.0,109.0,20.0,0.8502304,0.21161987,0.0,-0.0
00-0019596,Tom Brady,2020,5,TB,CHI,41,25,253.0,1,0.0,0.3275678,383.0,100.0,11.0,0.66057444,0.037880626,3.0,20.0
00-0019596,Tom Brady,2020,6,TB,GB,27,17,166.0,2,0.0,6.482449,231.0,72.0,9.0,0.7186147,0.20448145,0.0,-0.0
00-0019596,Tom Brady,2020,7,TB,LV,45,33,369.0,4,0.0,26.7001,399.0,134.0,22.0,0.924812,0.3451253,0.0,-0.0
00-0019596,Tom Brady,2020,8,TB,NYG,40,28,279.0,2,0.0,10.680832,364.0,94.0,18.0,0.76648355,0.18719228,2.0,16.0
00-0019596,Tom Brady,2020,9,TB,NO,38,22,209.0,0,3.0,-23.323347,365.0,80.0,10.0,0.57260275,0.016302671,3.0,23.0
00-0019596,Tom Brady,2020,10,TB,CAR,39,28,341.0,3,0.0,28.041578,324.0,168.0,18.0,1.0524691,0.31525254,1.0,7.0
00-0019596,Tom Brady,2020,11,TB,LA,48,26,216.0,2,2.0,-9.628151,420.0,83.0,14.0,0.51428574,-0.021360757,1.0,7.0
00-0019596,Tom Brady,2020,12,TB,KC,41,27,345.0,3,2.0,7.231104,392.0,141.0,14.0,0.88010204,0.12515774,1.0,3.0
00-0019596,Tom Brady,2020,14,TB,MIN,23,15,196.0,2,0.0,8.709685,228.0,57.0,8.0,0.8596491,0.25269276,0.0,-0.0
00-0019596,Tom Brady,2020,15,TB,ATL,45,31,390.0,2,0.0,14.320213,349.0,195.0,19.0,1.1174785,0.17342012,3.0,25.0
00-0019596,Tom Brady,2020,16,TB,DET,27,22,348.0,4,0.0,26.576752,359.0,82.0,17.0,0.96935934,0.4340285,1.0,7.0
00-0019596,Tom Brady,2020,17,TB,ATL,41,26,399.0,4,1.0,21.91453,447.0,184.0,20.0,0.89261746,0.27245387,1.0,8.0
00-0019596,Tom Brady,2020,18,TB,WAS,40,22,381.0,2,0.0,19.551708,461.0,119.0,18.0,0.82646424,0.18783449,3.0,16.0
00-0019596,Tom Brady,2020,19,TB,NO,33,18,199.0,2,0.0,3.6129239,318.0,95.0,13.0,0.6257862,0.06463271,1.0,10.0
00-0019596,Tom Brady,2020,20,TB,GB,36,20,280.0,3,3.0,9.3315525,416.0,103.0,12.0,0.6730769,0.13640831,1.0,5.0
00-0019596,Tom Brady,2020,21,TB,KC,29,21,201.0,3,0.0,8.748573,176.0,129.0,12.0,1.1420455,0.18086,1.0,6.0
00-0020531,Drew Brees,2020,1,NO,TB,30,18,160.0,2,0.0,-2.9236414,145.0,99.0,9.0,1.1034483,0.012727877,1.0,9.0
00-0020531,Drew Brees,2020,2,NO,LV,38,26,312.0,1,1.0,3.8463376,196.0,213.0,17.0,1.5918367,0.053375635,0.0,-0.0
00-0020531,Drew Brees,2020,3,NO,GB,36,29,288.0,3,0.0,10.723102,152.0,163.0,14.0,1.8947369,0.17761439,2.0,13.0
00-0020531,Drew Brees,2020,4,NO,DET,25,19,246.0,2,1.0,10.554807,233.0,90.0,15.0,1.055794,0.25864837,2.0,18.0
00-0020531,Drew Brees,2020,5,NO,LAC,47,33,325.0,1,1.0,-0.21162884,318.0,100.0,17.0,1.0220126,0.06490696,2.0,12.0
00-0020531,Drew Brees,2020,7,NO,CAR,36,29,287.0,2,0.0,14.998207,178.0,137.0,16.0,1.6123595,0.26316994,1.0,10.0
00-0020531,Drew Brees,2020,8,NO,CHI,41,31,280.0,2,0.0,8.238903,190.0,169.0,11.0,1.4736842,0.1381527,1.0,8.0
00-0020531,Drew Brees,2020,9,NO,TB,32,26,222.0,4,0.0,11.752235,161.0,81.0,12.0,1.3788819,0.28894478,1.0,-0.0
00-0020531,Drew Brees,2020,10,NO,SF,13,8,76.0,1,0.0,0.039604537,52.0,67.0,4.0,1.4615384,0.0014003355,0.0,-0.0
00-0020531,Drew Brees,2020,15,NO,KC,34,15,234.0,3,1.0,-3.069958,272.0,139.0,10.0,0.8602941,-0.10429814,1.0,9.0
00-0020531,Drew Brees,2020,16,NO,MIN,26,19,311.0,0,2.0,10.579499,263.0,137.0,13.0,1.1825095,0.24506967,0.0,-0.0
00-0020531,Drew Brees,2020,17,NO,CAR,32,22,201.0,3,0.0,5.1929793,201.0,83.0,11.0,1.0,0.1458392,2.0,10.0
00-0020531,Drew Brees,2020,18,NO,CHI,39,28,265.0,2,0.0,14.463354,185.0,160.0,14.0,1.4324324,0.15340266,0.0,-0.0
00-0020531,Drew Brees,2020,19,NO,TB,34,19,134.0,1,3.0,-19.410814,177.0,62.0,6.0,0.75706214,-0.05950255,0.0,-0.0
00-0022824,Andy Lee,2020,15,ARI,PHI,1,1,26.0,0,0.0,4.0140114,14.0,12.0,1.0,1.8571428,,0.0,-0.0
00-0022924,Ben Roethlisberger,2020,1,PIT,NYG,32,21,229.0,3,0.0,15.101036,221.0,105.0,14.0,1.0361991,0.18760112,2.0,21.0
00-0022924,Ben Roethlisberger,2020,2,PIT,DEN,41,29,311.0,2,1.0,1.1079273,233.0,168.0,15.0,1.334764,0.04144145,1.0,10.0
00-0022924,Ben Roethlisberger,2020,3,PIT,HOU,36,23,237.0,2,0.0,8.591038,323.0,140.0,13.0,0.7337461,0.15392777,2.0,19.0
00-0022924,Ben Roethlisberger,2020,5,PIT,PHI,34,27,239.0,3,0.0,15.8451,196.0,138.0,13.0,1.2193878,0.25515977,1.0,8.0
00-0022924,Ben Roethlisberger,2020,6,PIT,CLE,22,14,162.0,1,0.0,1.1267927,173.0,64.0,5.0,0.9364162,0.0716961,2.0,20.0
00-0022924,Ben Roethlisberger,2020,7,PIT,TEN,49,32,268.0,2,3.0,6.070136,266.0,158.0,15.0,1.0075188,0.07993411,0.0,-0.0
00-0022924,Ben Roethlisberger,2020,8,PIT,BAL,32,21,182.0,2,0.0,5.3780603,232.0,93.0,11.0,0.7844828,0.13740845,2.0,9.0
00-0022924,Ben Roethlisberger,2020,9,PIT,DAL,42,29,306.0,3,0.0,11.8812685,313.0,185.0,15.0,0.9776358,0.15089272,0.0,-0.0
00-0022924,Ben Roethlisberger,2020,10,PIT,CIN,46,27,333.0,4,0.0,11.5576935,431.0,152.0,17.0,0.7726218,0.13028355,0.0,-0.0
00-0022924,Ben Roethlisberger,2020,11,PIT,JAX,46,32,267.0,2,1.0,6.6816907,372.0,111.0,12.0,0.7177419,0.1601125,0.0,-0.0
00-0022924,Ben Roethlisberger,2020,12,PIT,BAL,51,36,266.0,1,1.0,-4.719564,249.0,135.0,16.0,1.0682731,0.048363525,0.0,-0.0
00-0022924,Ben Roethlisberger,2020,13,PIT,WAS,53,33,305.0,2,1.0,-2.34915,325.0,149.0,13.0,0.93846154,0.004486056,0.0,-0.0
00-0022924,Ben Roethlisberger,2020,14,PIT,BUF,37,21,187.0,2,2.0,-13.884794,242.0,116.0,10.0,0.77272725,-0.027368344,1.0,10.0
00-0022924,Ben Roethlisberger,2020,15,PIT,CIN,38,20,170.0,1,1.0,-10.2424135,307.0,105.0,6.0,0.5537459,-0.019550374,1.0,12.0
00-0022924,Ben Roethlisberger,2020,16,PIT,IND,49,34,341.0,3,0.0,2.966041,342.0,137.0,18.0,0.99707603,0.104835875,1.0,9.0
00-0022924,Ben Roethlisberger,2020,18,PIT,CLE,68,47,501.0,4,4.0,7.928173,565.0,183.0,29.0,0.88672566,0.1169658,0.0,-0.0
00-0022942,Philip Rivers,2020,1,IND,JAX,46,36,363.0,1,2.0,9.91245,289.0,212.0,17.0,1.2560554,0.20801692,0.0,-0.0
00-0022942,Philip Rivers,2020,2,IND,MIN,25,19,214.0,1,1.0,2.8611424,219.0,108.0,10.0,0.977169,0.15507428,2.0,11.0
00-0022942,Philip Rivers,2020,3,IND,NYJ,21,17,217.0,1,0.0,9.9469795,136.0,101.0,13.0,1.5955882,0.24219915,0.0,-0.0
00-0022942,Philip Rivers,2020,4,IND,CHI,29,16,190.0,1,0.0,6.719013,230.0,73.0,9.0,0.82608694,0.10952999,1.0,4.0
00-0022942,Philip Rivers,2020,5,IND,CLE,33,21,243.0,0,2.0,-6.8628173,268.0,96.0,10.0,0.9067164,0.03895992,1.0,3.0
00-0022942,Philip Rivers,2020,6,IND,CIN,44,29,371.0,3,1.0,18.386179,340.0,174.0,18.0,1.0911765,0.17091177,1.0,-0.0
00-0022942,Philip Rivers,2020,8,IND,DET,33,23,262.0,3,0.0,17.678255,211.0,143.0,15.0,1.2417061,0.24688688,2.0,15.0
00-0022942,Philip Rivers,2020,9,IND,BAL,43,25,227.0,0,1.0,-13.752143,271.0,169.0,11.0,0.8376384,-0.028550671,0.0,-0.0
00-0022942,Philip Rivers,2020,10,IND,TEN,39,29,308.0,1,0.0,14.983297,192.0,205.0,14.0,1.6041666,0.23713946,1.0,11.0
00-0022942,Philip Rivers,2020,11,IND,GB,36,24,288.0,3,1.0,9.024966,263.0,164.0,12.0,1.095057,0.124627516,1.0,8.0
00-0022942,Philip Rivers,2020,12,IND,TEN,42,24,295.0,2,1.0,5.8946686,297.0,164.0,17.0,0.993266,0.06902801,1.0,6.0
00-0022942,Philip Rivers,2020,13,IND,HOU,35,27,285.0,2,0.0,9.9969015,189.0,161.0,15.0,1.5079365,0.16412382,3.0,23.0
00-0022942,Philip Rivers,2020,14,IND,LV,28,19,244.0,2,0.0,16.309605,255.0,105.0,10.0,0.95686275,0.25769886,0.0,-0.0
00-0022942,Philip Rivers,2020,15,IND,HOU,28,22,228.0,2,0.0,9.71886,182.0,103.0,10.0,1.2527473,0.1926922,1.0,5.0
00-0022942,Philip Rivers,2020,16,IND,PIT,34,21,270.0,1,1.0,-6.4029865,379.0,131.0,10.0,0.71240103,0.033547226,5.0,32.0
00-0022942,Philip Rivers,2020,17,IND,JAX,27,17,164.0,1,1.0,-0.07631032,167.0,117.0,9.0,0.98203593,0.030139863,0.0,-0.0
00-0022942,Philip Rivers,2020,18,IND,BUF,46,27,309.0,2,0.0,13.75333,352.0,115.0,17.0,0.87784094,0.12923081,0.0,-0.0
00-0023436,Alex Smith,2020,5,WAS,LA,17,9,37.0,0,0.0,-20.42017,97.0,39.0,2.0,0.3814433,-0.04751001,6.0,31.0
00-0023436,Alex Smith,2020,9,WAS,NYG,32,24,325.0,1,3.0,2.1166403,107.0,235.0,12.0,3.037383,0.0677331,2.0,22.0
00-0023436,Alex Smith,2020,10,WAS,DET,55,38,390.0,0,0.0,16.134172,324.0,197.0,22.0,1.2037038,0.16853851,2.0,15.0
00-0023436,Alex Smith,2020,11,WAS,CIN,25,17,166.0,1,1.0,-3.5345373,143.0,97.0,9.0,1.1608392,0.025737597,2.0,5.0
00-0023436,Alex Smith,2020,12,WAS,DAL,26,19,149.0,1,1.0,-7.065425,92.0,82.0,5.0,1.6195652,0.074824974,3.0,21.0
00-0023436,Alex Smith,2020,13,WAS,PIT,46,31,296.0,1,0.0,0.34774187,265.0,168.0,12.0,1.1169811,0.057794645,3.0,23.0
00-0023436,Alex Smith,2020,14,WAS,SF,19,8,57.0,0,1.0,-12.018566,157.0,34.0,4.0,0.36305732,-0.07092846,1.0,5.0
00-0023436,Alex Smith,2020,17,WAS,PHI,32,22,162.0,2,2.0,-8.2477255,101.0,97.0,8.0,1.6039604,0.049298648,3.0,17.0
00-0023459,Aaron Rodgers,2020,1,GB,MIN,44,32,364.0,4,0.0,17.967953,391.0,155.0,17.0,0.9309463,0.27071697,0.0,-0.0
00-0023459,Aaron Rodgers,2020,2,GB,DET,30,18,240.0,2,0.0,14.773187,277.0,100.0,13.0,0.866426,0.165573,1.0,11.0
00-0023459,Aaron Rodgers,2020,3,GB,NO,32,21,283.0,3,0.0,10.888456,288.0,151.0,14.0,0.9826389,0.23505194,1.0,12.0
00-0023459,Aaron Rodgers,2020,4,GB,ATL,33,27,327.0,4,0.0,25.907597,285.0,173.0,17.0,1.1473684,0.36090156,1.0,12.0
00-0023459,Aaron Rodgers,2020,6,GB,TB,35,16,160.0,0,2.0,-15.289743,298.0,81.0,9.0,0.53691274,-0.038529836,4.0,42.0
00-0023459,Aaron Rodgers,2020,7,GB,HOU,34,23,283.0,4,0.0,17.992355,233.0,167.0,15.0,1.2145922,0.21445243,0.0,-0.0
00-0023459,Aaron Rodgers,2020,8,GB,MIN,41,27,291.0,3,0.0,10.245555,334.0,125.0,17.0,0.8712575,0.13925621,1.0,-0.0
00-0023459,Aaron Rodgers,2020,9,GB,SF,31,25,305.0,4,0.0,19.74903,229.0,131.0,13.0,1.3318777,0.3598966,1.0,11.0
00-0023459,Aaron Rodgers,2020,10,GB,JAX,34,24,325.0,2,1.0,6.3583364,212.0,237.0,11.0,1.5330188,0.14883359,1.0,10.0
00-0023459,Aaron Rodgers,2020,11,GB,IND,38,27,311.0,3,1.0,5.678473,297.0,134.0,13.0,1.0471381,0.14163984,1.0,10.0
00-0023459,Aaron Rodgers,2020,12,GB,CHI,29,21,211.0,4,0.0,15.347127,244.0,122.0,13.0,0.8647541,0.2528301,0.0,-0.0
00-0023459,Aaron Rodgers,2020,13,GB,PHI,34,25,295.0,3,0.0,15.443787,364.0,133.0,14.0,0.8104396,0.2650262,2.0,7.0
00-0023459,Aaron Rodgers,2020,14,GB,DET,33,26,290.0,3,0.0,17.861166,210.0,171.0,15.0,1.3809524,0.30776033,0.0,-0.0
00-0023459,Aaron Rodgers,2020,15,GB,CAR,29,20,143.0,1,0.0,-7.05564,123.0,106.0,8.0,1.1626016,0.0601718,5.0,47.0
00-0023459,Aaron Rodgers,2020,16,GB,TEN,25,21,231.0,4,1.0,9.61167,178.0,108.0,14.0,1.2977529,0.29130027,1.0,17.0
00-0023459,Aaron Rodgers,2020,17,GB,CHI,24,19,240.0,4,0.0,20.772541,172.0,154.0,13.0,1.3953488,0.38041985,1.0,3.0
00-0023459,Aaron Rodgers,2020,19,GB,LA,36,23,296.0,2,0.0,17.425009,330.0,149.0,15.0,0.8969697,0.24175948,0.0,-0.0
00-0023459,Aaron Rodgers,2020,20,GB,TB,48,33,346.0,3,1.0,7.7672133,335.0,178.0,19.0,1.0328358,0.1253487,5.0,32.0
00-0023682,Ryan Fitzpatrick,2020,1,MIA,NE,30,20,191.0,0,3.0,-8.427611,251.0,59.0,11.0,0.76095617,0.059929464,1.0,9.0
00-0023682,Ryan Fitzpatrick,2020,2,MIA,BUF,47,31,328.0,2,0.0,6.3039713,313.0,121.0,20.0,1.0479233,0.093890294,3.0,17.0
00-0023682,Ryan Fitzpatrick,2020,3,MIA,JAX,20,18,160.0,2,0.0,8.724537,144.0,46.0,9.0,1.1111112,0.37052962,1.0,4.0
00-0023682,Ryan Fitzpatrick,2020,4,MIA,SEA,45,29,315.0,0,2.0,2.5873337,341.0,140.0,17.0,0.9237537,0.067712426,1.0,3.0
00-0023682,Ryan Fitzpatrick,2020,5,MIA,SF,28,22,350.0,3,0.0,23.528559,276.0,141.0,12.0,1.268116,0.44010285,2.0,8.0
00-0023682,Ryan Fitzpatrick,2020,6,MIA,NYJ,27,18,191.0,3,2.0,-5.229991,211.0,115.0,11.0,0.9052133,0.027661059,2.0,8.0
00-0023682,Ryan Fitzpatrick,2020,11,MIA,DEN,18,12,117.0,0,1.0,1.4017205,124.0,47.0,6.0,0.9435484,0.047749054,0.0,-0.0
00-0023682,Ryan Fitzpatrick,2020,12,MIA,NYJ,39,24,257.0,2,0.0,6.0769124,275.0,104.0,14.0,0.93454546,0.10164502,4.0,16.0
00-0023682,Ryan Fitzpatrick,2020,16,MIA,LV,13,9,182.0,1,0.0,11.621787,145.0,82.0,6.0,1.2551724,0.39174882,0.0,-0.0
00-0024417,Sam Koch,2020,4,BAL,WAS,1,1,15.0,0,0.0,3.3933275,9.0,6.0,1.0,1.6666666,,0.0,-0.0
00-0025825,Brett Kern,2020,7,TEN,PIT,1,0,0.0,0,0.0,-1.8763287,18.0,0.0,0.0,0.0,,0.0,-0.0
00-0026143,Matt Ryan,2020,1,ATL,SEA,54,37,450.0,2,1.0,7.0408363,524.0,106.0,23.0,0.85877866,0.11375506,2.0,16.0
00-0026143,Matt Ryan,2020,2,ATL,DAL,36,24,273.0,4,0.0,15.127194,339.0,105.0,15.0,0.8053097,0.21914642,1.0,6.0
00-0026143,Matt Ryan,2020,3,ATL,CHI,38,19,238.0,1,1.0,-7.0755267,423.0,77.0,13.0,0.56264776,-0.037065014,2.0,11.0
00-0026143,Matt Ryan,2020,4,ATL,GB,39,28,285.0,0,0.0,1.5015929,369.0,111.0,15.0,0.7723577,0.13948058,4.0,36.0
00-0026143,Matt Ryan,2020,5,ATL,CAR,37,21,226.0,0,1.0,-3.7434795,284.0,84.0,11.0,0.79577464,-0.020991597,2.0,19.0
00-0026143,Matt Ryan,2020,6,ATL,MIN,40,30,371.0,4,0.0,30.441586,270.0,171.0,17.0,1.3740741,0.31278884,2.0,8.0
00-0026143,Matt Ryan,2020,7,ATL,DET,42,31,338.0,1,0.0,9.681921,283.0,103.0,19.0,1.1943463,0.18702438,2.0,16.0
00-0026143,Matt Ryan,2020,8,ATL,CAR,30,21,281.0,0,1.0,9.874131,258.0,90.0,14.0,1.0891473,0.2336123,2.0,11.0
00-0026143,Matt Ryan,2020,9,ATL,DEN,35,25,284.0,3,1.0,10.975825,336.0,89.0,15.0,0.8452381,0.20992522,2.0,13.0
00-0026143,Matt Ryan,2020,11,ATL,NO,37,19,232.0,0,2.0,-15.592277,401.0,52.0,10.0,0.5785536,-0.02702858,8.0,36.0
00-0026143,Matt Ryan,2020,12,ATL,LV,39,22,185.0,2,1.0,-3.4253182,221.0,100.0,13.0,0.8371041,0.03540787,1.0,6.0
00-0026143,Matt Ryan,2020,13,ATL,NO,39,19,273.0,1,0.0,-10.739483,453.0,56.0,12.0,0.60264903,-0.039609835,3.0,11.0
00-0026143,Matt Ryan,2020,14,ATL,LAC,32,21,224.0,1,3.0,-3.432955,290.0,109.0,10.0,0.7724138,0.024797397,2.0,14.0
00-0026143,Matt Ryan,2020,15,ATL,TB,49,34,356.0,3,0.0,4.4672,431.0,119.0,21.0,0.8259861,0.10467017,3.0,24.0
00-0026143,Matt Ryan,2020,16,ATL,KC,35,27,300.0,2,0.0,10.798837,233.0,145.0,17.0,1.2875537,0.24154446,4.0,23.0
00-0026143,Matt Ryan,2020,17,ATL,TB,44,29,265.0,2,0.0,12.51081,227.0,125.0,17.0,1.1674008,0.14343964,1.0,7.0
00-0026158,Joe Flacco,2020,4,NYJ,DEN,2,2,16.0,0,0.0,-0.94741213,8.0,8.0,0.0,2.0,,0.0,-0.0
00-0026158,Joe Flacco,2020,5,NYJ,ARI,33,18,195.0,1,0.0,-2.68666,322.0,95.0,8.0,0.60559005,0.030948486,2.0,17.0
00-0026158,Joe Flacco,2020,6,NYJ,MIA,44,21,186.0,0,1.0,-18.157492,396.0,98.0,7.0,0.46969697,-0.01864923,3.0,38.0
00-0026158,Joe Flacco,2020,9,NYJ,NE,25,18,262.0,3,1.0,14.237413,315.0,97.0,12.0,0.83174604,0.34219363,1.0,5.0
00-0026158,Joe Flacco,2020,11,NYJ,LAC,30,15,205.0,2,1.0,-1.6109421,384.0,44.0,9.0,0.5338542,0.06798349,1.0,9.0
00-0026197,Chad Henne,2020,7,KC,DEN,2,2,13.0,0,0.0,2.1530876,2.0,11.0,1.0,6.5,,1.0,3.0
00-0026197,Chad Henne,2020,8,KC,NYJ,4,3,17.0,0,0.0,-1.1292893,9.0,8.0,1.0,1.8888888,,0.0,-0.0
00-0026197,Chad Henne,2020,17,KC,LAC,32,23,218.0,2,0.0,12.932486,147.0,181.0,13.0,1.4829932,0.17779097,1.0,1.0
00-0026197,Chad Henne,2020,19,KC,CLE,8,6,66.0,0,1.0,0.004440993,79.0,30.0,4.0,0.835443,0.088209786,1.0,6.0
00-0026498,Matthew Stafford,2020,1,DET,CHI,42,24,297.0,1,1.0,2.0176983,372.0,129.0,14.0,0.7983871,0.028151512,1.0,9.0
00-0026498,Matthew Stafford,2020,2,DET,GB,33,20,244.0,2,1.0,-6.0248375,257.0,138.0,10.0,0.94941634,0.0239477,4.0,26.0
00-0026498,Matthew Stafford,2020,3,DET,ARI,31,22,270.0,2,0.0,6.253216,220.0,151.0,16.0,1.2272727,0.14814419,4.0,38.0
00-0026498,Matthew Stafford,2020,4,DET,NO,31,17,206.0,3,1.0,1.130704,325.0,75.0,12.0,0.63384616,0.10235788,3.0,15.0
00-0026498,Matthew Stafford,2020,6,DET,JAX,31,19,223.0,1,1.0,4.148875,269.0,94.0,9.0,0.8289963,0.18180445,0.0,-0.0
00-0026498,Matthew Stafford,2020,7,DET,ATL,36,25,340.0,1,0.0,12.411026,337.0,80.0,15.0,1.0089021,0.2598032,2.0,18.0
00-0026498,Matthew Stafford,2020,8,DET,IND,42,24,336.0,3,1.0,-6.9654565,398.0,142.0,17.0,0.8442211,-0.012659532,5.0,39.0
00-0026498,Matthew Stafford,2020,9,DET,MIN,32,23,211.0,1,2.0,-1.4414203,176.0,122.0,13.0,1.1988636,0.055813726,2.0,13.0
00-0026498,Matthew Stafford,2020,10,DET,WAS,33,24,276.0,3,0.0,11.17118,218.0,149.0,12.0,1.266055,0.1565742,1.0,9.0
00-0026498,Matthew Stafford,2020,11,DET,CAR,33,18,178.0,0,0.0,-11.072867,192.0,93.0,9.0,0.9270833,-0.037395928,5.0,33.0
00-0026498,Matthew Stafford,2020,12,DET,HOU,42,28,295.0,1,1.0,-1.5665514,333.0,162.0,17.0,0.8858859,0.06257558,4.0,16.0
00-0026498,Matthew Stafford,2020,13,DET,CHI,42,27,402.0,3,1.0,17.361822,571.0,68.0,18.0,0.704028,0.22912274,2.0,2.0
00-0026498,Matthew Stafford,2020,14,DET,GB,34,24,244.0,1,0.0,5.320278,196.0,147.0,16.0,1.244898,0.13653398,4.0,31.0
00-0026498,Matthew Stafford,2020,15,DET,TEN,32,22,252.0,1,0.0,14.286986,296.0,95.0,14.0,0.8513514,0.2602806,0.0,-0.0
00-0026498,Matthew Stafford,2020,16,DET,TB,3,2,17.0,0,0.0,-1.2091842,6.0,13.0,1.0,2.8333333,,0.0,-0.0
00-0026498,Matthew Stafford,2020,17,DET,MIN,31,20,293.0,3,1.0,10.02543,443.0,83.0,12.0,0.66139954,0.14298053,1.0,5.0
00-0026544,Chase Daniel,2020,9,DET,MIN,13,8,94.0,1,1.0,-4.6418896,97.0,45.0,6.0,0.96907216,0.017737199,0.0,-0.0
00-0026544,Chase Daniel,2020,14,DET,GB,6,3,29.0,0,0.0,0.63261014,43.0,8.0,1.0,0.6744186,-0.07666993,0.0,-0.0
00-0026544,Chase Daniel,2020,15,DET,TEN,6,5,55.0,0,1.0,1.5689687,57.0,17.0,4.0,0.9649123,0.27661034,0.0,-0.0
00-0026544,Chase Daniel,2020,16,DET,TB,18,13,86.0,0,0.0,-12.516651,78.0,49.0,3.0,1.1025641,0.033739377,3.0,29.0
00-0026625,Brian Hoyer,2020,4,NE,KC,24,15,130.0,0,1.0,-9.247645,196.0,56.0,8.0,0.6632653,0.020098478,2.0,18.0
00-0027150,Julian Edelman,2020,6,NE,DEN,2,2,38.0,0,0.0,3.4443047,-2.0,40.0,2.0,0.0,,0.0,-0.0
00-0027688,Colt McCoy,2020,12,NYG,CIN,10,6,31.0,0,0.0,-2.9613032,84.0,1.0,2.0,0.3690476,0.032952853,0.0,-0.0
00-0027688,Colt McCoy,2020,13,NYG,SEA,22,13,105.0,1,1.0,-7.652139,184.0,28.0,6.0,0.5706522,-0.005400113,2.0,5.0
00-0027688,Colt McCoy,2020,14,NYG,ARI,3,2,18.0,0,0.0,-3.2574184,32.0,13.0,1.0,0.5625,,2.0,12.0
00-0027688,Colt McCoy,2020,15,NYG,CLE,31,19,221.0,0,0.0,4.206808,290.0,85.0,10.0,0.762069,0.08310332,1.0,7.0
00-0027891,Golden Tate,2020,8,NYG,TB,1,1,18.0,0,0.0,2.6487653,-5.0,23.0,1.0,0.0,,0.0,-0.0
00-0027891,Golden Tate,2020,12,NYG,CIN,1,0,0.0,0,0.0,-0.78336704,-4.0,0.0,0.0,0.0,,0.0,-0.0
00-0027939,Cam Newton,2020,1,NE,MIA,19,15,155.0,0,0.0,3.3848562,101.0,88.0,8.0,1.5346534,0.17759782,2.0,15.0
00-0027939,Cam Newton,2020,2,NE,SEA,44,30,397.0,1,1.0,20.789547,351.0,126.0,22.0,1.1310542,0.2006621,1.0,-0.0
00-0027939,Cam Newton,2020,3,NE,LV,28,17,162.0,1,1.0,-4.4618325,129.0,126.0,8.0,1.255814,-0.016469344,2.0,6.0
00-0027939,Cam Newton,2020,6,NE,DEN,25,17,157.0,0,2.0,-12.756163,149.0,96.0,7.0,1.0536913,0.021174153,4.0,24.0
00-0027939,Cam Newton,2020,7,NE,SF,15,9,98.0,0,3.0,-11.477949,169.0,21.0,6.0,0.57988167,0.030756008,1.0,8.0
00-0027939,Cam Newton,2020,8,NE,BUF,25,15,174.0,0,0.0,2.2383833,143.0,92.0,8.0,1.2167832,0.026153699,2.0,13.0
00-0027939,Cam Newton,2020,9,NE,NYJ,35,27,274.0,0,0.0,13.972489,281.0,106.0,13.0,0.97508895,0.2635103,0.0,-0.0
00-0027939,Cam Newton,2020,10,NE,BAL,17,13,118.0,1,0.0,3.2596087,82.0,66.0,9.0,1.4390244,0.16662724,1.0,7.0
00-0027939,Cam Newton,2020,11,NE,HOU,40,26,365.0,1,0.0,11.021342,239.0,193.0,16.0,1.5271966,0.11454624,2.0,16.0
00-0027939,Cam Newton,2020,12,NE,ARI,18,9,84.0,0,2.0,-11.485203,105.0,49.0,4.0,0.8,-0.06664999,3.0,15.0
00-0027939,Cam Newton,2020,13,NE,LAC,19,12,69.0,1,0.0,-5.153496,116.0,33.0,5.0,0.5948276,0.035187773,1.0,4.0
00-0027939,Cam Newton,2020,14,NE,LA,16,9,119.0,0,1.0,-17.413664,132.0,32.0,4.0,0.9015151,-0.033453338,4.0,21.0
00-0027939,Cam Newton,2020,15,NE,MIA,27,17,209.0,0,0.0,-0.5179201,227.0,87.0,8.0,0.92070484,0.06076705,3.0,23.0
00-0027939,Cam Newton,2020,16,NE,BUF,10,5,34.0,0,0.0,-6.5043755,90.0,15.0,1.0,0.37777779,-0.075015664,2.0,20.0
00-0027939,Cam Newton,2020,17,NE,NYJ,30,21,242.0,3,0.0,10.564338,182.0,128.0,14.0,1.3296703,0.15365237,3.0,23.0
00-0027948,Blaine Gabbert,2020,6,TB,GB,1,0,0.0,0,0.0,-0.47831494,0.0,0.0,0.0,,,0.0,-0.0
00-0027948,Blaine Gabbert,2020,16,TB,DET,15,9,143.0,2,0.0,-0.112210646,108.0,80.0,5.0,1.324074,0.10600794,1.0,7.0
00-0027973,Andy Dalton,2020,2,DAL,ATL,1,0,0.0,0,0.0,-0.21477489,1.0,0.0,0.0,0.0,,0.0,-0.0
00-0027973,Andy Dalton,2020,5,DAL,NYG,11,9,111.0,0,0.0,1.3586506,88.0,32.0,4.0,1.2613636,0.08164815,1.0,5.0
00-0027973,Andy Dalton,2020,6,DAL,ARI,54,34,266.0,1,2.0,-4.7410355,312.0,153.0,15.0,0.8525641,0.0077514667,3.0,19.0
00-0027973,Andy Dalton,2020,7,DAL,WAS,19,9,75.0,0,1.0,-9.705111,124.0,38.0,6.0,0.6048387,-0.08032994,3.0,30.0
00-0027973,Andy Dalton,2020,11,DAL,MIN,32,22,203.0,3,1.0,-0.16417545,206.0,80.0,13.0,0.9854369,0.087226115,1.0,7.0
00-0027973,Andy Dalton,2020,12,DAL,WAS,35,25,215.0,1,1.0,-21.698116,209.0,72.0,6.0,1.0287081,0.043024365,3.0,24.0
00-0027973,Andy Dalton,2020,13,DAL,BAL,48,31,285.0,2,1.0,8.065199,453.0,124.0,20.0,0.62913907,0.15532948,1.0,8.0
00-0027973,Andy Dalton,2020,14,DAL,CIN,23,16,185.0,2,0.0,12.631039,186.0,65.0,11.0,0.99462366,0.2740439,2.0,14.0
00-0027973,Andy Dalton,2020,15,DAL,SF,33,19,209.0,2,0.0,1.074243,214.0,128.0,12.0,0.9766355,-0.0074397097,2.0,17.0
00-0027973,Andy Dalton,2020,16,DAL,PHI,30,22,377.0,3,1.0,11.901943,238.0,225.0,13.0,1.5840336,0.24571948,2.0,15.0
00-0027973,Andy Dalton,2020,17,DAL,NYG,47,29,244.0,0,1.0,-9.708732,258.0,126.0,16.0,0.9457364,-0.0007389815,6.0,45.0
00-0028002,Randall Cobb,2020,6,HOU,TEN,1,0,0.0,0,0.0,-0.5173711,7.0,0.0,0.0,0.0,,0.0,-0.0
00-0028118,Tyrod Taylor,2020,1,LAC,CIN,30,16,208.0,0,0.0,-0.19123305,335.0,80.0,10.0,0.6208955,0.010346468,2.0,1.0
00-0028664,Chris Jones,2020,2,DAL,ATL,1,0,0.0,0,0.0,-3.3216047,9.0,0.0,0.0,0.0,,0.0,-0.0
00-0028986,Case Keenum,2020,6,CLE,PIT,10,5,46.0,0,0.0,-4.156521,27.0,28.0,2.0,1.7037038,-0.06970439,0.0,-0.0
00-0029000,Cole Beasley,2020,12,BUF,LAC,1,1,20.0,1,0.0,2.913771,20.0,0.0,1.0,1.0,,0.0,-0.0
00-0029263,Russell Wilson,2020,1,SEA,ATL,35,31,322.0,4,0.0,19.570175,205.0,160.0,15.0,1.5707318,0.3521276,3.0,23.0
00-0029263,Russell Wilson,2020,2,SEA,NE,28,21,288.0,5,1.0,10.462024,258.0,133.0,11.0,1.1162791,0.30551636,2.0,13.0
00-0029263,Russell Wilson,2020,3,SEA,DAL,40,27,315.0,5,0.0,12.75595,394.0,74.0,15.0,0.79949236,0.19812089,4.0,20.0
00-0029263,Russell Wilson,2020,4,SEA,MIA,34,24,360.0,2,1.0,10.854237,305.0,168.0,17.0,1.1803279,0.24368155,2.0,17.0
00-0029263,Russell Wilson,2020,5,SEA,MIN,32,20,217.0,3,1.0,1.7980492,391.0,74.0,12.0,0.5549872,0.13790335,4.0,27.0
00-0029263,Russell Wilson,2020,7,SEA,ARI,50,33,388.0,3,3.0,0.15835595,451.0,158.0,21.0,0.86031044,0.13955168,2.0,16.0
00-0029263,Russell Wilson,2020,8,SEA,SF,37,27,261.0,4,0.0,16.450996,260.0,128.0,16.0,1.0038462,0.24158418,2.0,12.0
00-0029263,Russell Wilson,2020,9,SEA,BUF,41,28,390.0,2,2.0,2.2758758,380.0,145.0,15.0,1.0263158,0.15289557,5.0,28.0
00-0029263,Russell Wilson,2020,10,SEA,LA,37,22,248.0,0,2.0,-7.2751393,367.0,143.0,13.0,0.6757493,0.010818752,6.0,28.0
00-0029263,Russell Wilson,2020,11,SEA,ARI,28,23,197.0,2,0.0,10.01994,188.0,101.0,12.0,1.0478723,0.22461832,3.0,15.0
00-0029263,Russell Wilson,2020,12,SEA,PHI,31,22,230.0,1,0.0,-1.1247042,247.0,89.0,11.0,0.9311741,0.09045693,2.0,5.0
00-0029263,Russell Wilson,2020,13,SEA,NYG,43,27,263.0,1,1.0,-10.733768,380.0,108.0,13.0,0.69210523,0.011381054,5.0,47.0
00-0029263,Russell Wilson,2020,14,SEA,NYJ,27,21,206.0,4,1.0,14.156845,202.0,91.0,15.0,1.019802,0.30435053,0.0,-0.0
00-0029263,Russell Wilson,2020,15,SEA,WAS,27,18,121.0,1,1.0,-5.74668,139.0,59.0,6.0,0.8705036,0.062838525,0.0,-0.0
00-0029263,Russell Wilson,2020,16,SEA,LA,32,20,225.0,1,0.0,3.3026996,318.0,82.0,10.0,0.7075472,0.09665156,5.0,28.0
00-0029263,Russell Wilson,2020,17,SEA,SF,36,20,181.0,2,0.0,1.3466946,324.0,114.0,11.0,0.55864197,0.0569956,2.0,22.0
00-0029263,Russell Wilson,2020,18,SEA,LA,27,11,174.0,2,1.0,-15.527875,392.0,40.0,5.0,0.44387755,-0.05477311,5.0,32.0
00-0029567,Nick Foles,2020,3,CHI,ATL,29,16,188.0,3,1.0,5.130042,266.0,95.0,7.0,0.7067669,0.11242423,0.0,-0.0
00-0029567,Nick Foles,2020,4,CHI,IND,42,26,249.0,1,1.0,-4.5633187,373.0,71.0,12.0,0.66756034,0.012683261,1.0,8.0
00-0029567,Nick Foles,2020,5,CHI,TB,42,30,243.0,1,1.0,-4.6268015,333.0,91.0,14.0,0.7297297,0.06336898,3.0,35.0
00-0029567,Nick Foles,2020,6,CHI,CAR,39,23,198.0,1,1.0,0.81956536,240.0,88.0,14.0,0.825,0.0771289,0.0,-0.0
00-0029567,Nick Foles,2020,7,CHI,LA,40,28,261.0,0,2.0,-17.926327,449.0,112.0,9.0,0.58129174,0.06987511,4.0,31.0
00-0029567,Nick Foles,2020,8,CHI,NO,41,28,272.0,2,1.0,-1.917187,326.0,64.0,12.0,0.83435583,0.049023446,5.0,39.0
00-0029567,Nick Foles,2020,9,CHI,TEN,52,36,335.0,2,0.0,4.878291,320.0,134.0,17.0,1.046875,0.135925,3.0,16.0
00-0029567,Nick Foles,2020,10,CHI,MIN,26,15,106.0,0,1.0,-14.663937,188.0,46.0,8.0,0.5638298,0.03778454,2.0,16.0
00-0029567,Nick Foles,2020,16,CHI,JAX,1,0,0.0,0,0.0,-0.78549075,7.0,0.0,0.0,0.0,,0.0,-0.0
00-0029604,Kirk Cousins,2020,1,MIN,GB,25,19,259.0,2,1.0,6.6637363,267.0,72.0,12.0,0.97003746,0.18929122,2.0,11.0
00-0029604,Kirk Cousins,2020,2,MIN,IND,26,11,113.0,0,3.0,-13.038895,312.0,19.0,5.0,0.3621795,-0.062375195,3.0,18.0
00-0029604,Kirk Cousins,2020,3,MIN,TEN,27,16,251.0,3,2.0,4.127868,237.0,121.0,11.0,1.0590718,0.12908283,2.0,13.0
00-0029604,Kirk Cousins,2020,4,MIN,HOU,22,16,260.0,1,0.0,9.871617,276.0,94.0,10.0,0.942029,0.26676786,3.0,12.0
00-0029604,Kirk Cousins,2020,5,MIN,SEA,39,27,249.0,2,1.0,11.704123,271.0,96.0,17.0,0.9188192,0.16586141,3.0,1.0
00-0029604,Kirk Cousins,2020,6,MIN,ATL,36,24,343.0,3,3.0,-0.77512485,330.0,137.0,14.0,1.0393939,0.07663316,1.0,10.0
00-0029604,Kirk Cousins,2020,8,MIN,GB,14,11,160.0,1,0.0,12.013542,25.0,131.0,6.0,6.4,0.31256282,1.0,9.0
00-0029604,Kirk Cousins,2020,9,MIN,DET,20,13,220.0,3,0.0,6.3355093,217.0,114.0,11.0,1.0138249,0.17757899,1.0,8.0
00-0029604,Kirk Cousins,2020,10,MIN,CHI,36,25,292.0,2,1.0,11.421239,296.0,147.0,14.0,0.9864865,0.21694894,1.0,6.0
00-0029604,Kirk Cousins,2020,11,MIN,DAL,30,22,314.0,3,0.0,7.6808796,262.0,136.0,14.0,1.1984733,0.23961525,2.0,9.0
00-0029604,Kirk Cousins,2020,12,MIN,CAR,45,34,307.0,3,0.0,5.4623723,366.0,78.0,18.0,0.8387978,0.18401405,2.0,16.0
00-0029604,Kirk Cousins,2020,13,MIN,JAX,43,28,305.0,3,1.0,-1.7274092,328.0,147.0,17.0,0.92987806,0.051953014,4.0,30.0
00-0029604,Kirk Cousins,2020,14,MIN,TB,37,24,225.0,1,0.0,3.172323,248.0,126.0,14.0,0.9072581,0.11377989,6.0,52.0
00-0029604,Kirk Cousins,2020,15,MIN,CHI,35,24,271.0,2,1.0,3.1786892,206.0,144.0,12.0,1.315534,0.15825044,3.0,22.0
00-0029604,Kirk Cousins,2020,16,MIN,NO,41,27,291.0,3,0.0,6.9238544,191.0,164.0,17.0,1.5235602,0.12894228,2.0,17.0
00-0029604,Kirk Cousins,2020,17,MIN,DET,40,28,405.0,3,0.0,18.675098,271.0,210.0,20.0,1.494465,0.20883393,3.0,22.0
00-0029665,Robert Griffin,2020,1,BAL,CLE,1,1,9.0,0,0.0,-0.90651757,5.0,4.0,1.0,1.8,,0.0,-0.0
00-0029665,Robert Griffin,2020,4,BAL,WAS,1,0,0.0,0,1.0,-1.7956387,37.0,0.0,0.0,0.0,,0.0,-0.0
00-0029665,Robert Griffin,2020,12,BAL,PIT,12,7,33.0,0,1.0,-17.627457,81.0,30.0,0.0,0.4074074,-0.015916014,3.0,20.0
00-0029701,Ryan Tannehill,2020,1,TEN,DEN,43,29,249.0,2,0.0,9.900782,266.0,96.0,17.0,0.93609023,0.18140188,1.0,2.0
00-0029701,Ryan Tannehill,2020,2,TEN,JAX,24,18,239.0,4,0.0,18.033543,191.0,89.0,12.0,1.2513089,0.33868572,1.0,8.0
00-0029701,Ryan Tannehill,2020,3,TEN,MIN,37,23,321.0,0,1.0,-0.5911966,363.0,88.0,13.0,0.88429755,0.051810987,1.0,11.0
00-0029701,Ryan Tannehill,2020,5,TEN,BUF,28,21,195.0,3,0.0,13.888819,181.0,69.0,14.0,1.0773481,0.3032769,0.0,-0.0
00-0029701,Ryan Tannehill,2020,6,TEN,HOU,41,30,366.0,4,1.0,16.345503,309.0,158.0,20.0,1.184466,0.23598725,2.0,22.0
00-0029701,Ryan Tannehill,2020,7,TEN,PIT,30,18,220.0,2,0.0,6.789037,247.0,108.0,8.0,0.89068824,0.11888111,2.0,10.0
00-0029701,Ryan Tannehill,2020,8,TEN,CIN,30,18,233.0,2,1.0,0.21367264,271.0,74.0,13.0,0.8597786,0.10407672,1.0,10.0
00-0029701,Ryan Tannehill,2020,9,TEN,CHI,21,10,158.0,2,0.0,-1.0480872,215.0,78.0,7.0,0.7348837,-0.05957113,3.0,22.0
00-0029701,Ryan Tannehill,2020,10,TEN,IND,27,15,147.0,1,0.0,-4.442845,197.0,76.0,9.0,0.7461929,-0.010091326,1.0,10.0
00-0029701,Ryan Tannehill,2020,11,TEN,BAL,31,22,259.0,2,1.0,8.46482,193.0,139.0,15.0,1.3419689,0.23328184,2.0,16.0
00-0029701,Ryan Tannehill,2020,12,TEN,IND,22,13,221.0,1,0.0,10.559171,153.0,118.0,9.0,1.4444444,0.18616034,1.0,1.0
00-0029701,Ryan Tannehill,2020,13,TEN,CLE,45,29,389.0,4,1.0,14.052291,487.0,132.0,18.0,0.798768,0.20962964,3.0,20.0
00-0029701,Ryan Tannehill,2020,14,TEN,JAX,24,19,212.0,2,0.0,9.5672655,197.0,73.0,11.0,1.0761421,0.28648072,1.0,7.0
00-0029701,Ryan Tannehill,2020,15,TEN,DET,27,21,273.0,3,0.0,23.80768,246.0,131.0,17.0,1.1097561,0.40629518,1.0,5.0
00-0029701,Ryan Tannehill,2020,16,TEN,GB,24,11,121.0,1,2.0,-8.300374,202.0,38.0,9.0,0.5990099,-0.056507368,2.0,17.0
00-0029701,Ryan Tannehill,2020,17,TEN,HOU,27,18,216.0,1,0.0,8.890346,306.0,62.0,10.0,0.7058824,0.22891152,2.0,12.0
00-0029701,Ryan Tannehill,2020,18,TEN,BAL,26,18,165.0,1,1.0,-0.45103514,188.0,70.0,9.0,0.87765956,0.10357631,1.0,7.0
00-0030151,Tyler Bray,2020,10,CHI,MIN,5,1,18.0,0,0.0,-1.1256111,43.0,13.0,1.0,0.41860464,-0.15124871,0.0,-0.0
00-0030279,Keenan Allen,2020,8,LAC,DEN,1,0,0.0,0,0.0,-0.517419,15.0,0.0,0.0,0.0,,0.0,-0.0
00-0030506,Travis Kelce,2020,11,KC,LV,1,1,4.0,0,0.0,0.8786753,-3.0,7.0,1.0,0.0,,0.0,-0.0
00-0030506,Travis Kelce,2020,12,KC,TB,1,0,0.0,0,0.0,-0.42558214,1.0,0.0,0.0,0.0,,0.0,-0.0
00-0030520,Mike Glennon,2020,12,JAX,CLE,35,20,235.0,2,0.0,5.461373,354.0,117.0,12.0,0.6638418,0.120626226,0.0,-0.0
00-0030520,Mike Glennon,2020,13,JAX,MIN,42,28,280.0,1,2.0,1.5917497,351.0,92.0,15.0,0.7977208,0.02143119,2.0,14.0
00-0030520,Mike Glennon,2020,14,JAX,TEN,23,13,85.0,0,1.0,-7.226773,185.0,42.0,5.0,0.45945945,-0.010840094,0.0,-0.0
00-0030520,Mike Glennon,2020,16,JAX,CHI,37,24,211.0,2,2.0,-5.025219,239.0,69.0,10.0,0.88284516,0.007510078,1.0,8.0
00-0030520,Mike Glennon,2020,17,JAX,IND,42,26,261.0,2,0.0,-12.600024,295.0,85.0,15.0,0.8847458,-0.0074486006,6.0,31.0
00-0030533,Matt Barkley,2020,5,BUF,TEN,5,3,22.0,0,0.0,-3.5239272,18.0,2.0,2.0,1.2222222,-0.028359203,0.0,-0.0
00-0030533,Matt Barkley,2020,16,BUF,NE,3,2,11.0,0,0.0,0.07306533,28.0,2.0,1.0,0.39285713,,0.0,-0.0
00-0030533,Matt Barkley,2020,17,BUF,MIA,13,6,164.0,1,1.0,5.2097473,205.0,51.0,6.0,0.8,0.11523235,0.0,-0.0
00-0030565,Geno Smith,2020,14,SEA,NYJ,5,4,33.0,0,0.0,0.6387939,25.0,14.0,3.0,1.32,0.07727209,1.0,3.0
00-0031235,Odell Beckham,2020,5,CLE,IND,1,1,18.0,0,0.0,0.5891707,17.0,1.0,1.0,1.0588236,,0.0,-0.0
00-0031237,Teddy Bridgewater,2020,1,CAR,LV,34,22,269.0,1,0.0,5.323942,279.0,137.0,13.0,0.9641577,0.12387264,1.0,10.0
00-0031237,Teddy Bridgewater,2020,2,CAR,TB,42,33,367.0,0,2.0,-4.2108483,309.0,149.0,18.0,1.1877023,0.112207085,5.0,27.0
00-0031237,Teddy Bridgewater,2020,3,CAR,LAC,28,22,235.0,1,0.0,2.724578,138.0,136.0,10.0,1.7028985,0.10309579,2.0,14.0
00-0031237,Teddy Bridgewater,2020,4,CAR,ARI,37,26,276.0,2,1.0,12.581297,228.0,173.0,17.0,1.2105263,0.24973248,0.0,-0.0
00-0031237,Teddy Bridgewater,2020,5,CAR,ATL,36,27,313.0,2,0.0,16.785227,218.0,178.0,18.0,1.4357798,0.23596632,0.0,-0.0
00-0031237,Teddy Bridgewater,2020,6,CAR,CHI,29,16,216.0,0,2.0,-9.113546,260.0,75.0,8.0,0.83076924,-0.010832624,4.0,25.0
00-0031237,Teddy Bridgewater,2020,7,CAR,NO,28,23,254.0,2,0.0,14.069193,186.0,158.0,11.0,1.3655914,0.26115808,1.0,8.0
00-0031237,Teddy Bridgewater,2020,8,CAR,ATL,23,15,176.0,1,1.0,-1.1404785,185.0,69.0,9.0,0.95135134,0.06227405,3.0,22.0
00-0031237,Teddy Bridgewater,2020,9,CAR,KC,49,36,310.0,2,0.0,13.578166,262.0,189.0,17.0,1.1832061,0.25342673,2.0,7.0
00-0031237,Teddy Bridgewater,2020,10,CAR,TB,24,18,136.0,2,1.0,-2.9781249,131.0,81.0,6.0,1.038168,0.07882475,1.0,5.0
00-0031237,Teddy Bridgewater,2020,12,CAR,MIN,36,19,267.0,1,1.0,3.6894746,303.0,135.0,10.0,0.8811881,0.021980958,0.0,-0.0
00-0031237,Teddy Bridgewater,2020,14,CAR,DEN,40,30,283.0,0,0.0,-1.9158939,236.0,161.0,13.0,1.1991526,0.098693244,4.0,38.0
00-0031237,Teddy Bridgewater,2020,15,CAR,GB,35,21,258.0,0,0.0,1.3468002,238.0,141.0,8.0,1.0840336,0.024382962,3.0,9.0
00-0031237,Teddy Bridgewater,2020,16,CAR,WAS,28,19,197.0,1,1.0,-7.651567,290.0,66.0,11.0,0.6793103,0.036489483,4.0,30.0
00-0031237,Teddy Bridgewater,2020,17,CAR,NO,23,13,176.0,0,2.0,-9.576291,244.0,36.0,5.0,0.72131145,0.0060886014,1.0,10.0
00-0031260,Logan Thomas,2020,12,WAS,DAL,1,1,28.0,0,0.0,1.8633734,28.0,0.0,1.0,1.0,,0.0,-0.0
00-0031280,Derek Carr,2020,1,LV,CAR,30,22,239.0,1,0.0,10.777473,166.0,158.0,11.0,1.439759,0.24568371,0.0,-0.0
00-0031280,Derek Carr,2020,2,LV,NO,38,28,284.0,3,0.0,14.408647,265.0,147.0,18.0,1.0716981,0.20831525,3.0,23.0
00-0031280,Derek Carr,2020,3,LV,NE,32,24,261.0,2,0.0,-2.2535477,247.0,115.0,13.0,1.0566802,0.1315136,2.0,12.0
00-0031280,Derek Carr,2020,4,LV,BUF,44,32,311.0,2,0.0,10.091996,267.0,138.0,16.0,1.164794,0.14986818,2.0,14.0
00-0031280,Derek Carr,2020,5,LV,KC,31,22,347.0,3,1.0,16.93093,271.0,181.0,12.0,1.2804428,0.29266626,1.0,1.0
00-0031280,Derek Carr,2020,7,LV,TB,36,24,284.0,2,1.0,-6.106178,315.0,137.0,12.0,0.9015873,0.028434161,3.0,13.0
00-0031280,Derek Carr,2020,8,LV,CLE,24,15,111.0,1,0.0,1.1481792,140.0,60.0,7.0,0.79285717,0.12321815,2.0,11.0
00-0031280,Derek Carr,2020,9,LV,LAC,23,13,165.0,2,0.0,1.2696462,281.0,56.0,6.0,0.5871886,0.047595214,1.0,5.0
00-0031280,Derek Carr,2020,10,LV,DEN,25,16,154.0,0,0.0,3.0190718,219.0,64.0,8.0,0.70319635,0.12867299,0.0,-0.0
00-0031280,Derek Carr,2020,11,LV,KC,31,23,275.0,3,1.0,16.25146,237.0,155.0,17.0,1.1603376,0.2946041,0.0,-0.0
00-0031280,Derek Carr,2020,12,LV,ATL,34,22,215.0,0,1.0,-26.274723,244.0,120.0,10.0,0.88114756,0.019501032,3.0,21.0
00-0031280,Derek Carr,2020,13,LV,NYJ,47,28,381.0,3,1.0,10.712417,499.0,170.0,17.0,0.76352704,0.17025657,2.0,13.0
00-0031280,Derek Carr,2020,14,LV,IND,45,31,316.0,2,2.0,3.6476736,299.0,156.0,16.0,1.0568562,0.13212098,0.0,-0.0
00-0031280,Derek Carr,2020,15,LV,LAC,5,3,53.0,0,0.0,-0.32588342,37.0,27.0,2.0,1.4324324,0.05341027,1.0,3.0
00-0031280,Derek Carr,2020,16,LV,MIA,34,21,336.0,1,0.0,-0.119411446,318.0,149.0,15.0,1.0566038,0.088353656,3.0,22.0
00-0031280,Derek Carr,2020,17,LV,DEN,38,24,371.0,2,2.0,6.9934435,379.0,123.0,13.0,0.97889185,0.12695579,3.0,12.0
00-0031288,AJ McCarron,2020,17,HOU,TEN,1,1,20.0,0,0.0,3.6769702,18.0,2.0,1.0,1.1111112,,0.0,-0.0
00-0031325,Sammy Watkins,2020,16,KC,ATL,1,0,0.0,0,1.0,-1.9586511,24.0,0.0,0.0,0.0,,0.0,-0.0
00-0031345,Jimmy Garoppolo,2020,1,SF,ARI,33,19,259.0,2,0.0,0.3769955,220.0,161.0,10.0,1.1772727,0.045106962,3.0,16.0
00-0031345,Jimmy Garoppolo,2020,2,SF,NYJ,16,14,131.0,2,0.0,14.405697,86.0,84.0,9.0,1.5232558,0.46975425,1.0,8.0
00-0031345,Jimmy Garoppolo,2020,5,SF,MIA,17,7,77.0,0,2.0,-12.654165,162.0,38.0,3.0,0.47530866,-0.084003106,3.0,23.0
00-0031345,Jimmy Garoppolo,2020,6,SF,LA,33,23,268.0,3,0.0,12.80658,145.0,223.0,16.0,1.8482759,0.18331009,0.0,-0.0
00-0031345,Jimmy Garoppolo,2020,7,SF,NE,25,20,277.0,0,2.0,15.679654,160.0,184.0,13.0,1.73125,0.29721427,1.0,7.0
00-0031345,Jimmy Garoppolo,2020,8,SF,SEA,16,11,84.0,0,1.0,-5.739187,106.0,24.0,4.0,0.7924528,0.026579577,3.0,23.0
00-0031382,Jarvis Landry,2020,4,CLE,DAL,1,1,37.0,1,0.0,3.4451046,37.0,0.0,1.0,1.0,,0.0,-0.0
00-0031382,Jarvis Landry,2020,7,CLE,CIN,1,1,19.0,0,0.0,1.2106203,19.0,0.0,1.0,1.0,,0.0,-0.0
00-0031382,Jarvis Landry,2020,13,CLE,TEN,1,1,6.0,0,0.0,1.7705883,5.0,1.0,1.0,1.2,,0.0,-0.0
00-0031382,Jarvis Landry,2020,14,CLE,BAL,1,1,12.0,0,0.0,0.7341105,-3.0,15.0,1.0,0.0,,0.0,-0.0
00-0031395,Garrett Gilbert,2020,9,DAL,PIT,38,21,243.0,1,1.0,-5.1597886,348.0,52.0,10.0,0.69827586,-0.009609035,2.0,23.0
00-0031503,Jameis Winston,2020,9,NO,TB,1,1,12.0,0,0.0,1.8854926,0.0,12.0,1.0,0.0,,0.0,-0.0
00-0031503,Jameis Winston,2020,10,NO,SF,10,6,63.0,0,0.0,-1.0854315,51.0,49.0,4.0,1.2352941,-0.03032785,2.0,11.0
00-0031503,Jameis Winston,2020,19,NO,TB,1,1,56.0,1,0.0,4.6441,28.0,28.0,1.0,2.0,,0.0,-0.0
00-0031800,Taylor Heinicke,2020,16,WAS,CAR,19,12,137.0,1,0.0,2.3747807,255.0,49.0,6.0,0.5372549,0.13541839,1.0,7.0
00-0031800,Taylor Heinicke,2020,18,WAS,TB,44,26,306.0,1,1.0,0.29965076,385.0,91.0,15.0,0.79480517,0.069240056,2.0,17.0
00-0031941,Jamison Crowder,2020,16,NYJ,CLE,1,1,43.0,1,0.0,3.8461673,27.0,16.0,1.0,1.5925926,,0.0,-0.0
00-0032268,Marcus Mariota,2020,15,LV,LAC,28,17,226.0,1,1.0,8.426394,273.0,76.0,11.0,0.82783884,0.2444683,0.0,-0.0
00-0032434,Brandon Allen,2020,12,CIN,NYG,29,17,136.0,1,1.0,-12.457635,202.0,78.0,5.0,0.6732673,0.0011722753,2.0,21.0
00-0032434,Brandon Allen,2020,13,CIN,MIA,19,11,153.0,1,1.0,-7.009877,146.0,114.0,5.0,1.0479453,-0.021316683,5.0,30.0
00-0032434,Brandon Allen,2020,14,CIN,DAL,36,27,217.0,1,0.0,11.52152,129.0,145.0,13.0,1.6821705,0.17934449,0.0,-0.0
00-0032434,Brandon Allen,2020,16,CIN,HOU,37,29,371.0,2,0.0,22.745382,308.0,187.0,18.0,1.2045455,0.26746637,0.0,-0.0
00-0032434,Brandon Allen,2020,17,CIN,BAL,21,6,48.0,0,2.0,-24.306059,155.0,33.0,1.0,0.30967742,-0.1373324,0.0,-0.0
00-0032436,Jeff Driskel,2020,2,DEN,PIT,34,18,256.0,2,1.0,-3.9519386,420.0,61.0,11.0,0.60952383,0.04394705,6.0,53.0
00-0032436,Jeff Driskel,2020,3,DEN,TB,30,17,176.0,1,1.0,-10.640847,218.0,70.0,7.0,0.80733943,-0.026726034,5.0,45.0
00-0032543,Alex Erickson,2020,16,CIN,HOU,1,0,0.0,0,0.0,-0.48907274,21.0,0.0,0.0,0.0,,0.0,-0.0
00-0032792,Nate Sudfeld,2020,17,PHI,WAS,12,5,32.0,0,1.0,-4.7248907,118.0,18.0,1.0,0.27118644,-0.014940582,2.0,16.0
00-0032943,Riley Dixon,2020,15,NYG,CLE,1,0,0.0,0,0.0,-2.573928,8.0,0.0,0.0,0.0,,0.0,-0.0
00-0032950,Carson Wentz,2020,1,PHI,WAS,42,24,270.0,2,2.0,-19.575956,520.0,113.0,13.0,0.5192308,-0.006159126,8.0,62.0
00-0032950,Carson Wentz,2020,2,PHI,LA,43,26,242.0,0,2.0,-9.305835,281.0,111.0,13.0,0.86121,-0.012268602,0.0,-0.0
00-0032950,Carson Wentz,2020,3,PHI,CIN,47,29,225.0,1,2.0,-8.40164,353.0,104.0,11.0,0.6373938,0.028574888,3.0,19.0
00-0032950,Carson Wentz,2020,4,PHI,SF,28,18,193.0,1,1.0,-3.202475,159.0,111.0,9.0,1.2138364,0.104789265,3.0,19.0
00-0032950,Carson Wentz,2020,5,PHI,PIT,35,20,258.0,2,2.0,4.2100816,461.0,58.0,13.0,0.5596529,0.07785529,5.0,34.0
00-0032950,Carson Wentz,2020,6,PHI,BAL,40,21,213.0,2,0.0,-7.480278,369.0,61.0,10.0,0.57723576,0.008942897,6.0,43.0
00-0032950,Carson Wentz,2020,7,PHI,NYG,43,25,359.0,2,1.0,6.350457,374.0,115.0,16.0,0.95989305,0.12794486,3.0,13.0
00-0032950,Carson Wentz,2020,8,PHI,DAL,27,15,123.0,2,2.0,-16.568142,298.0,29.0,8.0,0.41275167,0.015698258,4.0,29.0
00-0032950,Carson Wentz,2020,10,PHI,NYG,37,21,208.0,0,0.0,-4.0714846,338.0,79.0,11.0,0.61538464,-0.0075683165,3.0,18.0
00-0032950,Carson Wentz,2020,11,PHI,CLE,35,21,235.0,2,2.0,-9.5922985,282.0,83.0,11.0,0.8333333,0.03559416,5.0,26.0
00-0032950,Carson Wentz,2020,12,PHI,SEA,45,25,215.0,2,1.0,-13.208251,324.0,110.0,11.0,0.66358024,0.002717187,6.0,41.0
00-0032950,Carson Wentz,2020,13,PHI,GB,15,6,79.0,0,0.0,-6.152513,112.0,22.0,4.0,0.70535713,-0.07528702,4.0,22.0
00-0033009,Tyler Boyd,2020,7,CIN,CLE,1,1,16.0,0,0.0,1.2361307,-6.0,22.0,1.0,0.0,,0.0,-0.0
00-0033009,Tyler Boyd,2020,13,CIN,MIA,1,0,0.0,0,0.0,-0.500218,8.0,0.0,0.0,0.0,,0.0,-0.0
00-0033077,Dak Prescott,2020,1,DAL,LA,39,25,266.0,1,0.0,-5.0304756,283.0,114.0,14.0,0.9399293,0.0051438683,3.0,22.0
00-0033077,Dak Prescott,2020,2,DAL,ATL,47,34,450.0,1,0.0,18.298685,371.0,205.0,20.0,1.212938,0.21270669,1.0,5.0
00-0033077,Dak Prescott,2020,3,DAL,SEA,57,37,472.0,3,2.0,8.699297,458.0,186.0,20.0,1.0305676,0.12460816,2.0,11.0
00-0033077,Dak Prescott,2020,4,DAL,CLE,58,41,502.0,4,1.0,10.287811,511.0,235.0,29.0,0.9823875,0.12543552,3.0,21.0
00-0033077,Dak Prescott,2020,5,DAL,NYG,21,14,166.0,0,1.0,-0.23752292,139.0,70.0,10.0,1.1942446,0.08344397,1.0,7.0
00-0033106,Jared Goff,2020,1,LA,DAL,31,20,275.0,0,1.0,4.9429965,140.0,195.0,12.0,1.9642857,0.078533396,1.0,6.0
00-0033106,Jared Goff,2020,2,LA,PHI,27,20,267.0,3,0.0,21.196814,221.0,109.0,17.0,1.2081448,0.34337872,1.0,9.0
00-0033106,Jared Goff,2020,3,LA,BUF,32,23,321.0,2,1.0,11.677122,185.0,154.0,15.0,1.7351351,0.20207793,2.0,10.0
00-0033106,Jared Goff,2020,4,LA,NYG,32,25,200.0,1,0.0,0.034109097,196.0,118.0,8.0,1.0204082,0.07323269,2.0,18.0
00-0033106,Jared Goff,2020,5,LA,WAS,30,21,309.0,2,1.0,12.481606,188.0,192.0,11.0,1.643617,0.2330336,1.0,9.0
00-0033106,Jared Goff,2020,6,LA,SF,38,19,198.0,2,1.0,-3.346851,455.0,55.0,9.0,0.43516484,-0.0040709935,0.0,-0.0
00-0033106,Jared Goff,2020,7,LA,CHI,33,23,220.0,2,0.0,3.5032372,268.0,120.0,12.0,0.8208955,0.10524456,1.0,9.0
00-0033106,Jared Goff,2020,8,LA,MIA,61,35,355.0,1,2.0,-25.533203,365.0,200.0,19.0,0.9726027,-0.007964087,2.0,15.0
00-0033106,Jared Goff,2020,10,LA,SEA,37,27,302.0,0,0.0,5.2575135,277.0,162.0,15.0,1.0902528,0.13869914,3.0,19.0
00-0033106,Jared Goff,2020,11,LA,TB,51,39,376.0,3,2.0,10.4678135,265.0,200.0,19.0,1.418868,0.17420992,0.0,-0.0
00-0033106,Jared Goff,2020,12,LA,SF,31,19,198.0,0,2.0,-16.005299,256.0,125.0,8.0,0.7734375,0.011075175,2.0,16.0
00-0033106,Jared Goff,2020,13,LA,ARI,47,37,351.0,1,0.0,18.20021,167.0,256.0,19.0,2.1017964,0.23595195,1.0,7.0
00-0033106,Jared Goff,2020,14,LA,NE,25,16,137.0,1,1.0,-4.5144916,114.0,74.0,6.0,1.2017543,0.012242933,1.0,5.0
00-0033106,Jared Goff,2020,15,LA,NYJ,34,22,209.0,2,1.0,-11.140138,199.0,114.0,9.0,1.0502512,0.031341065,3.0,20.0
00-0033106,Jared Goff,2020,16,LA,SEA,43,24,234.0,0,1.0,-2.3863106,283.0,78.0,15.0,0.8268551,-0.024842486,3.0,18.0
00-0033106,Jared Goff,2020,18,LA,SEA,19,9,155.0,1,0.0,1.8439254,208.0,57.0,5.0,0.7451923,-0.021090614,2.0,15.0
00-0033106,Jared Goff,2020,19,LA,GB,27,21,174.0,1,0.0,-1.9712998,142.0,52.0,11.0,1.2253522,0.08411991,4.0,26.0
00-0033119,Jacoby Brissett,2020,3,IND,NYJ,4,2,17.0,0,0.0,-0.4162067,7.0,18.0,1.0,2.4285715,,0.0,-0.0
00-0033119,Jacoby Brissett,2020,9,IND,BAL,1,0,0.0,0,0.0,-0.31587583,-1.0,0.0,0.0,0.0,,0.0,-0.0
00-0033119,Jacoby Brissett,2020,12,IND,TEN,2,0,0.0,0,0.0,-5.224857,42.0,0.0,0.0,0.0,,1.0,9.0
00-0033119,Jacoby Brissett,2020,15,IND,HOU,1,0,0.0,0,0.0,-0.49754468,17.0,0.0,0.0,0.0,,0.0,-0.0
00-0033251,Zach Pascal,2020,8,IND,DET,1,0,0.0,0,0.0,-0.5561132,13.0,0.0,0.0,0.0,,0.0,-0.0
00-0033275,P.J. Walker,2020,8,CAR,ATL,4,1,3.0,0,0.0,-2.826851,36.0,6.0,0.0,0.083333336,,0.0,-0.0
00-0033275,P.J. Walker,2020,10,CAR,TB,4,2,12.0,0,0.0,-4.295633,60.0,2.0,1.0,0.2,,1.0,16.0
00-0033275,P.J. Walker,2020,11,CAR,DET,34,24,258.0,1,2.0,-0.54502076,229.0,123.0,12.0,1.1266376,0.04814553,1.0,-0.0
00-0033275,P.J. Walker,2020,17,CAR,NO,14,5,95.0,0,3.0,-14.778995,258.0,10.0,4.0,0.36821705,-0.016691795,2.0,15.0
00-0033319,Nick Mullens,2020,2,SF,NYJ,11,8,71.0,0,1.0,-6.8540554,48.0,41.0,3.0,1.4791666,0.06933842,2.0,17.0
00-0033319,Nick Mullens,2020,3,SF,NYG,36,25,343.0,1,0.0,24.949303,284.0,141.0,19.0,1.2077465,0.3018254,2.0,16.0
00-0033319,Nick Mullens,2020,4,SF,PHI,26,18,200.0,1,2.0,-12.486713,133.0,118.0,11.0,1.5037594,0.0392336,4.0,28.0
00-0033319,Nick Mullens,2020,8,SF,SEA,25,18,238.0,2,0.0,18.30487,185.0,90.0,12.0,1.2864865,0.33372194,0.0,-0.0
00-0033319,Nick Mullens,2020,9,SF,GB,35,22,291.0,1,1.0,-2.9535804,224.0,197.0,8.0,1.2991072,0.0021453407,1.0,9.0
00-0033319,Nick Mullens,2020,10,SF,NO,38,24,247.0,1,2.0,0.20993383,219.0,121.0,14.0,1.1278539,0.0323593,2.0,15.0
00-0033319,Nick Mullens,2020,12,SF,LA,35,24,252.0,0,1.0,-4.8781843,172.0,175.0,10.0,1.4651163,0.006577315,2.0,19.0
00-0033319,Nick Mullens,2020,13,SF,BUF,39,26,316.0,3,2.0,11.084357,266.0,133.0,18.0,1.1879699,0.17439722,0.0,-0.0
00-0033319,Nick Mullens,2020,14,SF,WAS,45,25,260.0,1,1.0,-24.40027,268.0,131.0,13.0,0.9701493,-0.059327077,4.0,24.0
00-0033319,Nick Mullens,2020,15,SF,DAL,36,21,219.0,2,2.0,0.04270771,254.0,92.0,12.0,0.86220473,0.026076002,2.0,11.0
00-0033357,Taysom Hill,2020,1,NO,TB,1,1,38.0,0,0.0,2.2845938,21.0,17.0,1.0,1.8095238,,0.0,-0.0
00-0033357,Taysom Hill,2020,5,NO,LAC,1,0,0.0,0,0.0,-0.4979011,9.0,0.0,0.0,0.0,,0.0,-0.0
00-0033357,Taysom Hill,2020,7,NO,CAR,1,1,0.0,0,0.0,-0.8086707,-1.0,1.0,0.0,0.0,,0.0,-0.0
00-0033357,Taysom Hill,2020,9,NO,TB,2,2,48.0,0,0.0,4.9730883,18.0,30.0,2.0,2.6666667,,0.0,-0.0
00-0033357,Taysom Hill,2020,11,NO,ATL,23,18,233.0,0,0.0,1.7652314,142.0,103.0,9.0,1.6408451,0.13002239,3.0,23.0
00-0033357,Taysom Hill,2020,12,NO,DEN,16,9,78.0,0,1.0,-8.220689,105.0,46.0,4.0,0.74285716,0.0057848585,3.0,15.0
00-0033357,Taysom Hill,2020,13,NO,ATL,37,27,232.0,2,0.0,2.4866948,300.0,50.0,13.0,0.7733333,0.11867322,2.0,15.0
00-0033357,Taysom Hill,2020,14,NO,PHI,38,28,291.0,2,1.0,3.0987997,253.0,113.0,15.0,1.1501976,0.1376461,5.0,29.0
00-0033357,Taysom Hill,2020,16,NO,MIN,2,2,8.0,0,0.0,0.21581501,-4.0,12.0,1.0,0.0,,0.0,-0.0
00-0033466,Isaiah McKenzie,2020,10,BUF,ARI,1,1,12.0,1,0.0,2.2947237,-5.0,17.0,1.0,0.0,,0.0,-0.0
00-0033537,Deshaun Watson,2020,1,HOU,KC,32,20,253.0,1,1.0,4.464923,283.0,132.0,13.0,0.89399296,0.109265395,4.0,11.0
00-0033537,Deshaun Watson,2020,2,HOU,BAL,36,25,275.0,1,1.0,0.7226559,283.0,112.0,15.0,0.9717314,0.080158725,4.0,22.0
00-0033537,Deshaun Watson,2020,3,HOU,PIT,27,19,264.0,2,1.0,7.013693,285.0,82.0,12.0,0.9263158,0.1831215,5.0,33.0
00-0033537,Deshaun Watson,2020,4,HOU,MIN,33,20,300.0,2,0.0,7.38794,300.0,102.0,12.0,1.0,0.05905795,3.0,10.0
00-0033537,Deshaun Watson,2020,5,HOU,JAX,35,25,359.0,3,2.0,11.24871,366.0,136.0,16.0,0.9808743,0.21870613,1.0,2.0
00-0033537,Deshaun Watson,2020,6,HOU,TEN,37,28,335.0,4,0.0,21.82711,327.0,112.0,17.0,1.0244648,0.31540057,2.0,15.0
00-0033537,Deshaun Watson,2020,7,HOU,GB,39,29,309.0,2,0.0,7.801318,248.0,133.0,15.0,1.2459677,0.1178535,3.0,23.0
00-0033537,Deshaun Watson,2020,9,HOU,JAX,32,19,281.0,2,0.0,7.122317,291.0,194.0,10.0,0.9656357,0.17320381,2.0,14.0
00-0033537,Deshaun Watson,2020,10,HOU,CLE,30,20,163.0,1,0.0,0.67928356,185.0,87.0,7.0,0.8810811,0.07868898,2.0,10.0
00-0033537,Deshaun Watson,2020,11,HOU,NE,37,28,344.0,2,0.0,20.124489,314.0,167.0,17.0,1.0955414,0.23792821,0.0,-0.0
00-0033537,Deshaun Watson,2020,12,HOU,DET,25,17,318.0,4,0.0,17.856695,319.0,115.0,15.0,0.9968652,0.2786686,2.0,11.0
00-0033537,Deshaun Watson,2020,13,HOU,IND,38,26,341.0,0,1.0,1.1388487,394.0,106.0,15.0,0.8654822,0.064457566,5.0,33.0
00-0033537,Deshaun Watson,2020,14,HOU,CHI,30,21,219.0,1,0.0,-0.60069597,197.0,122.0,10.0,1.1116751,0.10087431,6.0,52.0
00-0033537,Deshaun Watson,2020,15,HOU,IND,41,33,373.0,2,0.0,13.34211,313.0,140.0,17.0,1.1916933,0.2632559,5.0,31.0
00-0033537,Deshaun Watson,2020,16,HOU,CIN,33,24,324.0,3,0.0,3.471106,339.0,138.0,14.0,0.9557522,0.15844016,1.0,2.0
00-0033537,Deshaun Watson,2020,17,HOU,TEN,39,28,365.0,3,1.0,9.843453,398.0,93.0,16.0,0.9170854,0.17189482,4.0,24.0
00-0033572,Jamal Agnew,2020,12,DET,HOU,1,0,0.0,0,0.0,-0.4681625,15.0,0.0,0.0,0.0,,0.0,-0.0
00-0033733,Greg Ward,2020,17,PHI,WAS,1,1,15.0,0,0.0,0.86806905,15.0,0.0,1.0,1.0,,0.0,-0.0
00-0033869,Mitchell Trubisky,2020,1,CHI,DET,36,20,242.0,3,0.0,2.509656,349.0,81.0,15.0,0.69340974,0.034969896,1.0,28.0
00-0033869,Mitchell Trubisky,2020,2,CHI,NYG,28,18,190.0,2,2.0,1.773999,239.0,71.0,11.0,0.7949791,0.058335964,4.0,21.0
00-0033869,Mitchell Trubisky,2020,3,CHI,ATL,22,13,128.0,1,1.0,-4.9347477,266.0,57.0,7.0,0.48120302,0.004221493,2.0,9.0
00-0033869,Mitchell Trubisky,2020,12,CHI,GB,46,26,242.0,3,2.0,-3.3906622,400.0,94.0,19.0,0.605,0.007034374,3.0,13.0
00-0033869,Mitchell Trubisky,2020,13,CHI,DET,34,26,267.0,1,0.0,6.483573,212.0,150.0,15.0,1.259434,0.13923503,2.0,18.0
00-0033869,Mitchell Trubisky,2020,14,CHI,HOU,33,24,267.0,3,0.0,9.861002,144.0,190.0,17.0,1.8541666,0.150673,3.0,26.0
00-0033869,Mitchell Trubisky,2020,15,CHI,MIN,21,15,202.0,1,1.0,4.902057,167.0,99.0,10.0,1.2095808,0.16514377,1.0,4.0
00-0033869,Mitchell Trubisky,2020,16,CHI,JAX,35,24,265.0,2,1.0,13.883746,287.0,138.0,18.0,0.92334497,0.23020434,1.0,2.0
00-0033869,Mitchell Trubisky,2020,17,CHI,GB,42,33,252.0,0,1.0,-3.4758458,261.0,123.0,12.0,0.9655172,0.1068429,1.0,4.0
00-0033869,Mitchell Trubisky,2020,18,CHI,NO,29,19,199.0,1,0.0,-2.489986,278.0,58.0,8.0,0.71582735,0.040193744,1.0,8.0
00-0033873,Patrick Mahomes,2020,1,KC,HOU,32,24,211.0,3,0.0,13.987829,147.0,133.0,16.0,1.4353741,0.2530389,1.0,8.0
00-0033873,Patrick Mahomes,2020,2,KC,LAC,47,27,302.0,2,0.0,2.6463318,339.0,116.0,15.0,0.89085543,0.03723249,1.0,13.0
00-0033873,Patrick Mahomes,2020,3,KC,BAL,42,31,385.0,4,0.0,31.37785,346.0,178.0,22.0,1.1127168,0.34098506,0.0,-0.0
00-0033873,Patrick Mahomes,2020,4,KC,NE,29,19,236.0,2,0.0,6.6156945,235.0,152.0,12.0,1.0042553,0.16042422,1.0,7.0
00-0033873,Patrick Mahomes,2020,5,KC,LV,43,22,340.0,2,1.0,10.444368,440.0,161.0,15.0,0.77272725,0.03523791,3.0,7.0
00-0033873,Patrick Mahomes,2020,6,KC,BUF,26,21,225.0,2,0.0,16.147718,161.0,104.0,10.0,1.3975155,0.28235638,1.0,4.0
00-0033873,Patrick Mahomes,2020,7,KC,DEN,23,15,200.0,1,0.0,2.7868488,164.0,120.0,8.0,1.2195122,0.112622894,3.0,25.0
00-0033873,Patrick Mahomes,2020,8,KC,NYJ,42,31,416.0,5,0.0,27.690372,395.0,198.0,19.0,1.0531646,0.3087575,0.0,-0.0
00-0033873,Patrick Mahomes,2020,9,KC,CAR,45,30,372.0,4,0.0,15.364981,407.0,137.0,18.0,0.9140049,0.20411561,2.0,11.0
00-0033873,Patrick Mahomes,2020,11,KC,LV,45,34,348.0,2,1.0,20.949877,352.0,131.0,21.0,0.9886364,0.24091274,0.0,-0.0
00-0033873,Patrick Mahomes,2020,12,KC,TB,49,37,462.0,3,0.0,21.338562,485.0,156.0,19.0,0.9525773,0.29789513,2.0,6.0
00-0033873,Patrick Mahomes,2020,13,KC,DEN,40,25,318.0,1,0.0,6.0598187,378.0,152.0,18.0,0.84126985,0.09983843,1.0,5.0
00-0033873,Patrick Mahomes,2020,14,KC,MIA,34,24,393.0,2,3.0,7.4234786,318.0,205.0,15.0,1.235849,0.18607038,3.0,39.0
00-0033873,Patrick Mahomes,2020,15,KC,NO,47,26,254.0,3,0.0,-0.11193354,422.0,128.0,16.0,0.60189575,0.057679147,4.0,22.0
00-0033873,Patrick Mahomes,2020,16,KC,ATL,44,24,278.0,2,1.0,0.14860664,328.0,170.0,14.0,0.847561,0.0405033,0.0,-0.0
00-0033873,Patrick Mahomes,2020,19,KC,CLE,30,21,255.0,1,0.0,10.520312,182.0,140.0,12.0,1.4010988,0.16366687,0.0,-0.0
00-0033873,Patrick Mahomes,2020,20,KC,BUF,38,29,325.0,3,0.0,21.916084,208.0,185.0,19.0,1.5625,0.27511048,1.0,-0.0
00-0033873,Patrick Mahomes,2020,21,KC,TB,49,26,270.0,0,2.0,-14.088996,382.0,139.0,12.0,0.7068063,-0.023669906,3.0,27.0
00-0033891,Zay Jones,2020,14,LV,IND,1,1,29.0,0,0.0,2.2214208,26.0,3.0,1.0,1.1153846,,0.0,-0.0
00-0033936,C.J. Beathard,2020,4,SF,PHI,19,14,138.0,0,0.0,3.9124584,126.0,50.0,9.0,1.0952381,0.25198746,1.0,9.0
00-0033936,C.J. Beathard,2020,5,SF,MIA,18,9,94.0,1,0.0,-7.880295,167.0,55.0,5.0,0.56287426,-0.070102364,2.0,20.0
00-0033936,C.J. Beathard,2020,10,SF,NO,1,0,0.0,0,0.0,-1.0430053,45.0,0.0,0.0,0.0,,0.0,-0.0
00-0033936,C.J. Beathard,2020,15,SF,DAL,7,5,100.0,1,0.0,6.2362156,80.0,28.0,3.0,1.25,0.33702782,0.0,-0.0
00-0033936,C.J. Beathard,2020,16,SF,ARI,22,13,182.0,3,0.0,2.2820754,145.0,109.0,11.0,1.2551724,0.01798211,3.0,11.0
00-0033936,C.J. Beathard,2020,17,SF,SEA,37,25,273.0,1,0.0,6.657749,288.0,102.0,14.0,0.9479167,0.111749314,3.0,31.0
00-0033949,Joshua Dobbs,2020,17,PIT,CLE,5,4,2.0,0,0.0,-2.6230881,0.0,13.0,0.0,0.0,0.1275835,0.0,-0.0
00-0033958,Nathan Peterman,2020,12,LV,ATL,5,3,25.0,0,0.0,-3.5255508,9.0,21.0,1.0,2.7777777,-0.08648318,2.0,16.0
00-0034411,Russell Gage,2020,2,ATL,DAL,1,0,0.0,0,0.0,-2.012434,38.0,0.0,0.0,0.0,,0.0,-0.0
00-0034411,Russell Gage,2020,14,ATL,LAC,1,1,39.0,1,0.0,4.148734,37.0,2.0,1.0,1.054054,,0.0,-0.0
00-0034418,Cedrick Wilson,2020,5,DAL,NYG,1,1,11.0,1,0.0,2.6684375,10.0,1.0,1.0,1.1,,0.0,-0.0
00-0034418,Cedrick Wilson,2020,15,DAL,SF,1,1,12.0,0,0.0,0.15450288,-8.0,20.0,0.0,0.0,,0.0,-0.0
00-0034438,Logan Woodside,2020,11,TEN,BAL,1,1,7.0,0,0.0,3.0192826,7.0,0.0,1.0,1.0,,0.0,-0.0
00-0034438,Logan Woodside,2020,16,TEN,GB,2,0,0.0,0,0.0,-1.484478,10.0,0.0,0.0,0.0,,0.0,-0.0
00-0034577,Kyle Allen,2020,5,WAS,LA,13,9,74.0,0,0.0,-2.8740487,42.0,63.0,3.0,1.7619047,0.11113376,2.0,10.0
00-0034577,Kyle Allen,2020,6,WAS,NYG,42,31,280.0,2,1.0,0.16775538,244.0,149.0,16.0,1.1475409,0.15319027,3.0,29.0
00-0034577,Kyle Allen,2020,7,WAS,DAL,25,15,194.0,2,0.0,8.318661,197.0,70.0,8.0,0.98477155,0.19106339,2.0,5.0
00-0034577,Kyle Allen,2020,9,WAS,NYG,7,5,62.0,0,0.0,2.0752318,40.0,42.0,3.0,1.55,0.20031334,0.0,-0.0
00-0034771,Mason Rudolph,2020,6,PIT,CLE,1,1,6.0,0,0.0,-0.6331099,-1.0,7.0,0.0,0.0,,0.0,-0.0
00-0034771,Mason Rudolph,2020,9,PIT,DAL,3,2,3.0,0,0.0,-1.2069862,15.0,0.0,0.0,0.2,,0.0,-0.0
00-0034771,Mason Rudolph,2020,17,PIT,CLE,39,22,315.0,2,1.0,12.032271,418.0,95.0,13.0,0.7535885,0.13521142,1.0,8.0
00-0034796,Lamar Jackson,2020,1,BAL,CLE,25,20,275.0,3,0.0,14.667142,252.0,73.0,15.0,1.0912699,0.3283319,2.0,14.0
00-0034796,Lamar Jackson,2020,2,BAL,HOU,24,18,204.0,1,0.0,5.573581,190.0,103.0,11.0,1.0736842,0.15302359,4.0,27.0
00-0034796,Lamar Jackson,2020,3,BAL,KC,28,15,97.0,1,0.0,-14.926028,260.0,32.0,5.0,0.37307692,-0.033610962,4.0,27.0
00-0034796,Lamar Jackson,2020,4,BAL,WAS,21,14,193.0,2,1.0,10.358364,317.0,48.0,9.0,0.60883284,0.21591993,1.0,2.0
00-0034796,Lamar Jackson,2020,5,BAL,CIN,37,19,180.0,2,1.0,-5.072192,318.0,84.0,10.0,0.5660377,-0.038352422,1.0,9.0
00-0034796,Lamar Jackson,2020,6,BAL,PHI,27,16,186.0,1,0.0,1.9189398,186.0,88.0,10.0,1.0,0.102021135,3.0,13.0
00-0034796,Lamar Jackson,2020,8,BAL,PIT,28,13,208.0,2,2.0,-9.208061,232.0,77.0,11.0,0.8965517,-0.04772775,4.0,16.0
00-0034796,Lamar Jackson,2020,9,BAL,IND,23,19,170.0,0,0.0,7.42934,96.0,94.0,9.0,1.7708334,0.13830175,2.0,14.0
00-0034796,Lamar Jackson,2020,10,BAL,NE,34,24,249.0,2,1.0,4.2748594,259.0,145.0,11.0,0.96138996,0.10971956,2.0,7.0
00-0034796,Lamar Jackson,2020,11,BAL,TEN,29,17,186.0,1,1.0,5.527621,288.0,104.0,9.0,0.6458333,0.0711485,1.0,9.0
00-0034796,Lamar Jackson,2020,13,BAL,DAL,17,12,107.0,2,1.0,-4.609682,94.0,51.0,2.0,1.1382979,0.122040585,0.0,-0.0
00-0034796,Lamar Jackson,2020,14,BAL,CLE,17,11,163.0,1,0.0,6.8349404,192.0,62.0,8.0,0.8489583,0.3253674,4.0,22.0
00-0034796,Lamar Jackson,2020,15,BAL,JAX,22,17,243.0,3,1.0,15.386891,197.0,90.0,13.0,1.2335025,0.31455374,1.0,-0.0
00-0034796,Lamar Jackson,2020,16,BAL,NYG,26,17,183.0,2,0.0,11.211179,181.0,66.0,10.0,1.0110497,0.174183,0.0,-0.0
00-0034796,Lamar Jackson,2020,17,BAL,CIN,18,10,113.0,3,1.0,6.9285593,186.0,42.0,5.0,0.6075269,0.18117544,0.0,-0.0
00-0034796,Lamar Jackson,2020,18,BAL,TEN,24,17,179.0,0,1.0,1.7366358,225.0,73.0,8.0,0.79555553,0.14869061,5.0,14.0
00-0034796,Lamar Jackson,2020,19,BAL,BUF,24,14,162.0,0,1.0,-12.509404,161.0,57.0,4.0,1.0062112,0.021182738,3.0,24.0
00-0034827,D.J. Moore,2020,11,CAR,DET,1,0,0.0,0,0.0,-0.40847093,6.0,0.0,0.0,0.0,,0.0,-0.0
00-0034855,Baker Mayfield,2020,1,CLE,BAL,39,21,189.0,1,1.0,-10.646843,358.0,34.0,10.0,0.52793294,0.001052552,2.0,21.0
00-0034855,Baker Mayfield,2020,2,CLE,CIN,23,16,219.0,2,1.0,10.991589,210.0,73.0,9.0,1.0428572,0.2935263,0.0,-0.0
00-0034855,Baker Mayfield,2020,3,CLE,WAS,23,16,156.0,2,0.0,8.549083,189.0,66.0,12.0,0.82539684,0.19891018,2.0,14.0
00-0034855,Baker Mayfield,2020,4,CLE,DAL,30,19,165.0,2,0.0,6.769066,258.0,44.0,13.0,0.6395349,0.19743785,2.0,1.0
00-0034855,Baker Mayfield,2020,5,CLE,IND,37,21,247.0,2,2.0,3.4332082,323.0,80.0,14.0,0.7647059,0.05812263,1.0,4.0
00-0034855,Baker Mayfield,2020,6,CLE,PIT,18,10,119.0,1,2.0,-13.481387,117.0,58.0,6.0,1.017094,-0.01414792,4.0,20.0
00-0034855,Baker Mayfield,2020,7,CLE,CIN,28,22,297.0,5,1.0,21.512714,267.0,114.0,15.0,1.1123595,0.4279289,0.0,-0.0
00-0034855,Baker Mayfield,2020,8,CLE,LV,25,12,122.0,0,0.0,-1.6663778,193.0,74.0,5.0,0.63212436,-0.022319505,0.0,-0.0
00-0034855,Baker Mayfield,2020,10,CLE,HOU,20,12,132.0,0,0.0,-3.2690637,165.0,55.0,5.0,0.8,0.018554363,1.0,7.0
00-0034855,Baker Mayfield,2020,11,CLE,PHI,22,12,204.0,0,0.0,0.10105102,259.0,43.0,9.0,0.7876448,0.117560714,3.0,17.0
00-0034855,Baker Mayfield,2020,12,CLE,JAX,29,19,258.0,2,0.0,13.288508,235.0,117.0,15.0,1.0978724,0.22800389,2.0,6.0
00-0034855,Baker Mayfield,2020,13,CLE,TEN,33,25,334.0,4,0.0,24.863516,207.0,189.0,17.0,1.6135266,0.31557685,0.0,-0.0
00-0034855,Baker Mayfield,2020,14,CLE,BAL,47,28,343.0,2,1.0,10.666676,449.0,127.0,17.0,0.76391983,0.18478613,0.0,-0.0
00-0034855,Baker Mayfield,2020,15,CLE,NYG,32,27,297.0,2,0.0,20.438725,235.0,107.0,16.0,1.2638298,0.37880915,1.0,11.0
00-0034855,Baker Mayfield,2020,16,CLE,NYJ,53,28,285.0,0,0.0,-9.171369,412.0,120.0,12.0,0.69174755,-0.035745036,4.0,31.0
00-0034855,Baker Mayfield,2020,17,CLE,PIT,27,17,196.0,1,0.0,5.369046,258.0,60.0,13.0,0.7596899,0.13335,4.0,30.0
00-0034855,Baker Mayfield,2020,18,CLE,PIT,34,21,263.0,3,0.0,14.296388,231.0,170.0,12.0,1.1385281,0.13202435,0.0,-0.0
00-0034855,Baker Mayfield,2020,19,CLE,KC,37,23,204.0,1,1.0,1.5998499,188.0,91.0,11.0,1.0851064,0.08561397,1.0,8.0
00-0034857,Josh Allen,2020,1,BUF,NYJ,46,33,312.0,2,0.0,13.801008,279.0,137.0,17.0,1.1182796,0.183598,3.0,6.0
00-0034857,Josh Allen,2020,2,BUF,MIA,35,24,415.0,4,0.0,28.711475,362.0,154.0,15.0,1.1464088,0.31893325,1.0,4.0
00-0034857,Josh Allen,2020,3,BUF,LA,33,24,311.0,4,1.0,8.455065,307.0,140.0,14.0,1.0130293,0.19308925,4.0,37.0
00-0034857,Josh Allen,2020,4,BUF,LV,34,24,288.0,2,0.0,18.573673,229.0,77.0,14.0,1.2576419,0.24045014,1.0,14.0
00-0034857,Josh Allen,2020,5,BUF,TEN,41,26,263.0,2,2.0,3.3530211,388.0,67.0,14.0,0.67783505,0.12427166,1.0,10.0
00-0034857,Josh Allen,2020,6,BUF,KC,27,14,122.0,2,1.0,-3.1107721,272.0,46.0,7.0,0.44852942,0.07517275,0.0,-0.0
00-0034857,Josh Allen,2020,7,BUF,NYJ,43,30,307.0,0,0.0,6.262838,308.0,172.0,16.0,0.9967533,0.119169384,2.0,11.0
00-0034857,Josh Allen,2020,8,BUF,NE,18,11,154.0,0,1.0,-1.1308813,179.0,83.0,7.0,0.8603352,0.03642699,1.0,5.0
00-0034857,Josh Allen,2020,9,BUF,SEA,38,31,415.0,3,0.0,16.47073,341.0,194.0,19.0,1.2170088,0.257455,7.0,29.0
00-0034857,Josh Allen,2020,10,BUF,ARI,49,32,284.0,2,2.0,-0.5542597,348.0,149.0,14.0,0.81609195,0.056508914,0.0,-0.0
00-0034857,Josh Allen,2020,12,BUF,LAC,24,18,157.0,1,1.0,1.0614907,86.0,74.0,7.0,1.8255814,0.11131748,2.0,10.0
00-0034857,Josh Allen,2020,13,BUF,SF,40,32,375.0,4,0.0,22.496723,294.0,129.0,22.0,1.2755102,0.28511795,1.0,7.0
00-0034857,Josh Allen,2020,14,BUF,PIT,43,24,238.0,2,1.0,0.05341037,455.0,130.0,13.0,0.52307695,0.06263058,1.0,8.0
00-0034857,Josh Allen,2020,15,BUF,DEN,40,28,359.0,2,0.0,25.66377,404.0,118.0,19.0,0.8886139,0.29745105,1.0,7.0
00-0034857,Josh Allen,2020,16,BUF,NE,36,27,320.0,4,0.0,18.374525,359.0,137.0,17.0,0.89136493,0.33931023,0.0,-0.0
00-0034857,Josh Allen,2020,17,BUF,MIA,25,18,224.0,3,1.0,11.372667,246.0,64.0,13.0,0.91056913,0.2446317,1.0,11.0
00-0034857,Josh Allen,2020,18,BUF,IND,35,26,324.0,2,0.0,9.994117,368.0,65.0,16.0,0.8804348,0.21454565,2.0,23.0
00-0034857,Josh Allen,2020,19,BUF,BAL,37,23,206.0,1,0.0,-1.0680817,372.0,98.0,14.0,0.55376345,0.029187178,2.0,18.0
00-0034857,Josh Allen,2020,20,BUF,KC,48,28,287.0,2,1.0,-7.7577515,342.0,132.0,14.0,0.8391813,0.04645787,4.0,53.0
00-0034869,Sam Darnold,2020,1,NYJ,BUF,35,21,215.0,1,1.0,-4.3303,257.0,136.0,8.0,0.83657587,0.011625637,3.0,13.0
00-0034869,Sam Darnold,2020,2,NYJ,SF,32,21,179.0,1,0.0,-2.748362,144.0,99.0,10.0,1.2430556,0.033849955,1.0,6.0
00-0034869,Sam Darnold,2020,3,NYJ,IND,29,17,168.0,1,3.0,-22.881012,182.0,122.0,7.0,0.9230769,0.011089991,2.0,17.0
00-0034869,Sam Darnold,2020,4,NYJ,DEN,42,23,230.0,0,0.0,-12.841501,431.0,60.0,11.0,0.5336427,0.0079445215,6.0,54.0
00-0034869,Sam Darnold,2020,7,NYJ,BUF,23,12,120.0,0,2.0,-12.361686,149.0,39.0,5.0,0.80536914,-0.026987914,6.0,29.0
00-0034869,Sam Darnold,2020,8,NYJ,KC,30,18,133.0,0,0.0,-4.5254393,193.0,74.0,8.0,0.68911916,0.00442562,1.0,5.0
00-0034869,Sam Darnold,2020,12,NYJ,MIA,27,16,197.0,0,2.0,-11.907679,317.0,79.0,6.0,0.6214511,0.013658959,3.0,24.0
00-0034869,Sam Darnold,2020,13,NYJ,LV,23,14,186.0,2,1.0,-2.95902,201.0,116.0,11.0,0.92537314,0.06419057,3.0,16.0
00-0034869,Sam Darnold,2020,14,NYJ,SEA,26,14,132.0,0,0.0,-5.6694026,245.0,45.0,8.0,0.5387755,0.026178693,3.0,16.0
00-0034869,Sam Darnold,2020,15,NYJ,LA,31,22,207.0,1,0.0,3.6488407,143.0,119.0,11.0,1.4475524,0.13472706,2.0,11.0
00-0034869,Sam Darnold,2020,16,NYJ,CLE,32,16,175.0,2,0.0,0.010232459,291.0,109.0,10.0,0.60137457,0.023827508,2.0,16.0
00-0034869,Sam Darnold,2020,17,NYJ,NE,34,23,266.0,1,2.0,-0.39782628,241.0,157.0,14.0,1.1037345,0.05618546,3.0,27.0
00-0034899,John Wolford,2020,17,LA,ARI,38,22,231.0,0,1.0,-3.3462734,358.0,93.0,12.0,0.6452514,0.067150086,2.0,8.0
00-0034899,John Wolford,2020,18,LA,SEA,6,3,29.0,0,0.0,-1.4503123,60.0,5.0,2.0,0.48333332,-0.07025034,1.0,-0.0
00-0034955,Brett Rypien,2020,3,DEN,TB,9,8,53.0,0,1.0,-2.8896616,44.0,22.0,2.0,1.2045455,0.119572766,1.0,-0.0
00-0034955,Brett Rypien,2020,4,DEN,NYJ,31,19,242.0,2,3.0,1.2040687,302.0,60.0,10.0,0.8013245,0.18424208,0.0,-0.0
00-0034960,Jakobi Meyers,2020,10,NE,BAL,1,1,24.0,1,0.0,3.5188782,24.0,0.0,1.0,1.0,,0.0,-0.0
00-0034960,Jakobi Meyers,2020,17,NE,NYJ,1,1,19.0,1,0.0,2.112464,13.0,6.0,1.0,1.4615384,,0.0,-0.0
00-0035040,David Blough,2020,16,DET,TB,10,6,49.0,0,1.0,-9.727418,82.0,27.0,1.0,0.597561,0.049765583,1.0,10.0
00-0035146,Trace McSorley,2020,12,BAL,PIT,6,2,77.0,1,0.0,2.7247066,55.0,53.0,1.0,1.4,0.02466111,0.0,-0.0
00-0035146,Trace McSorley,2020,14,BAL,CLE,4,1,13.0,0,0.0,-0.5401543,34.0,0.0,1.0,0.38235295,,0.0,-0.0
00-0035228,Kyler Murray,2020,1,ARI,SF,40,26,230.0,1,1.0,-3.1641357,192.0,133.0,12.0,1.1979166,0.10443765,2.0,6.0
00-0035228,Kyler Murray,2020,2,ARI,WAS,38,26,286.0,1,1.0,3.7619317,352.0,118.0,13.0,0.8125,0.12989402,3.0,8.0
00-0035228,Kyler Murray,2020,3,ARI,DET,35,23,270.0,2,3.0,-4.149603,332.0,119.0,16.0,0.813253,0.06416576,1.0,2.0
00-0035228,Kyler Murray,2020,4,ARI,CAR,31,24,133.0,3,0.0,1.2152202,213.0,63.0,11.0,0.62441313,0.17077857,1.0,-0.0
00-0035228,Kyler Murray,2020,5,ARI,NYJ,37,27,380.0,1,1.0,13.498881,351.0,137.0,17.0,1.0826211,0.23457931,1.0,11.0
00-0035228,Kyler Murray,2020,6,ARI,DAL,24,9,188.0,2,0.0,1.4270072,240.0,117.0,7.0,0.78333336,0.016888924,1.0,11.0
00-0035228,Kyler Murray,2020,7,ARI,SEA,48,34,360.0,3,1.0,12.258024,387.0,175.0,17.0,0.9302326,0.15110153,0.0,-0.0
00-0035228,Kyler Murray,2020,9,ARI,MIA,26,21,283.0,3,0.0,9.647669,250.0,52.0,17.0,1.132,0.33555454,1.0,19.0
00-0035228,Kyler Murray,2020,10,ARI,BUF,32,22,245.0,1,1.0,2.928802,231.0,96.0,11.0,1.060606,0.061433755,3.0,9.0
00-0035228,Kyler Murray,2020,11,ARI,SEA,42,29,269.0,2,0.0,10.640148,284.0,136.0,17.0,0.9471831,0.16846907,3.0,12.0
00-0035228,Kyler Murray,2020,12,ARI,NE,34,23,170.0,0,1.0,-1.9803568,229.0,75.0,12.0,0.7423581,0.07918152,2.0,10.0
00-0035228,Kyler Murray,2020,13,ARI,LA,39,21,173.0,3,1.0,-11.511213,240.0,87.0,11.0,0.72083336,-0.04042219,2.0,33.0
00-0035228,Kyler Murray,2020,14,ARI,NYG,35,24,244.0,1,0.0,4.7989306,191.0,128.0,12.0,1.2774869,0.11882802,1.0,13.0
00-0035228,Kyler Murray,2020,15,ARI,PHI,36,27,406.0,3,1.0,7.283088,350.0,165.0,18.0,1.16,0.13755172,1.0,9.0
00-0035228,Kyler Murray,2020,16,ARI,SF,50,31,247.0,0,1.0,-15.659717,406.0,96.0,9.0,0.60837436,0.017548265,3.0,17.0
00-0035228,Kyler Murray,2020,17,ARI,LA,11,8,87.0,0,0.0,2.8091156,107.0,46.0,5.0,0.8130841,0.08858812,2.0,16.0
00-0035232,Dwayne Haskins,2020,1,WAS,PHI,31,17,178.0,1,0.0,-3.4585974,248.0,95.0,11.0,0.7177419,-0.007153552,3.0,19.0
00-0035232,Dwayne Haskins,2020,2,WAS,ARI,33,19,223.0,1,0.0,-7.5793486,283.0,134.0,10.0,0.78798586,-0.032668028,4.0,24.0
00-0035232,Dwayne Haskins,2020,3,WAS,CLE,37,21,224.0,2,3.0,-6.348066,245.0,145.0,12.0,0.9142857,0.005420512,3.0,18.0
00-0035232,Dwayne Haskins,2020,4,WAS,BAL,45,32,314.0,0,0.0,-0.9816704,200.0,206.0,17.0,1.57,0.0614266,3.0,40.0
00-0035232,Dwayne Haskins,2020,14,WAS,SF,12,7,51.0,0,0.0,-4.6808267,43.0,27.0,3.0,1.1860465,-0.057066806,1.0,8.0
00-0035232,Dwayne Haskins,2020,15,WAS,SEA,55,38,295.0,1,2.0,-0.19756187,368.0,139.0,16.0,0.80163044,0.070930764,4.0,26.0
00-0035232,Dwayne Haskins,2020,16,WAS,CAR,28,14,154.0,0,2.0,-16.32608,235.0,121.0,4.0,0.65531915,-0.058563784,2.0,6.0
00-0035264,Jarrett Stidham,2020,4,NE,KC,13,5,60.0,1,2.0,-9.688365,100.0,31.0,4.0,0.6,-0.07824157,0.0,-0.0
00-0035264,Jarrett Stidham,2020,7,NE,SF,10,6,64.0,0,1.0,-3.8138502,34.0,51.0,4.0,1.882353,0.007195776,1.0,7.0
00-0035264,Jarrett Stidham,2020,13,NE,LAC,3,2,61.0,1,0.0,5.6077886,38.0,43.0,2.0,1.6052631,,0.0,-0.0
00-0035264,Jarrett Stidham,2020,14,NE,LA,7,5,27.0,0,0.0,-7.3783746,10.0,18.0,0.0,2.7,0.031168282,2.0,12.0
00-0035264,Jarrett Stidham,2020,16,NE,BUF,11,4,44.0,0,0.0,-3.7967281,86.0,31.0,2.0,0.5116279,-0.076689124,1.0,2.0
00-0035282,Easton Stick,2020,7,LAC,JAX,1,1,4.0,0,0.0,-0.2389741,0.0,4.0,0.0,0.0,,0.0,-0.0
00-0035289,Gardner Minshew,2020,1,JAX,IND,20,19,173.0,3,0.0,8.492176,89.0,98.0,11.0,1.9438202,0.27537686,4.0,23.0
00-0035289,Gardner Minshew,2020,2,JAX,TEN,45,30,339.0,3,2.0,11.379202,393.0,96.0,20.0,0.86259544,0.19192398,2.0,24.0
00-0035289,Gardner Minshew,2020,3,JAX,MIA,42,30,275.0,0,1.0,-9.569949,313.0,161.0,14.0,0.8785942,0.046620972,4.0,29.0
00-0035289,Gardner Minshew,2020,4,JAX,CIN,40,27,351.0,2,1.0,11.234206,304.0,146.0,16.0,1.1546053,0.18999474,3.0,11.0
00-0035289,Gardner Minshew,2020,5,JAX,HOU,49,31,301.0,2,0.0,0.52651066,295.0,158.0,16.0,1.020339,0.07840342,3.0,8.0
00-0035289,Gardner Minshew,2020,6,JAX,DET,44,25,243.0,1,1.0,-5.6893253,417.0,112.0,11.0,0.5827338,0.012059314,1.0,12.0
00-0035289,Gardner Minshew,2020,7,JAX,LAC,27,14,173.0,2,0.0,-0.54878956,252.0,68.0,7.0,0.68650794,-0.02140839,5.0,19.0
00-0035289,Gardner Minshew,2020,14,JAX,TEN,31,18,178.0,1,0.0,-1.8138933,270.0,87.0,11.0,0.65925926,0.07553231,0.0,-0.0
00-0035289,Gardner Minshew,2020,15,JAX,BAL,29,22,226.0,2,0.0,4.5590453,225.0,90.0,11.0,1.0044445,0.18545054,5.0,21.0
00-0035290,Jaquan Johnson,2020,16,BUF,NE,1,1,13.0,0,0.0,3.1153674,10.0,3.0,1.0,1.3,,0.0,-0.0
00-0035652,Ryan Finley,2020,11,CIN,WAS,10,3,30.0,0,1.0,-14.816099,124.0,6.0,1.0,0.24193548,-0.10147983,4.0,31.0
00-0035652,Ryan Finley,2020,13,CIN,MIA,7,6,40.0,0,1.0,-3.699002,8.0,41.0,1.0,5.0,0.12069376,1.0,7.0
00-0035652,Ryan Finley,2020,14,CIN,DAL,2,1,5.0,0,0.0,-5.005061,24.0,0.0,0.0,0.20833333,,2.0,14.0
00-0035652,Ryan Finley,2020,15,CIN,PIT,13,7,89.0,1,0.0,-0.6164618,179.0,24.0,6.0,0.49720672,0.048467528,2.0,11.0
00-0035704,Drew Lock,2020,1,DEN,TEN,33,22,216.0,1,0.0,-2.1552594,303.0,133.0,12.0,0.7128713,0.046476103,0.0,-0.0
00-0035704,Drew Lock,2020,2,DEN,PIT,5,1,20.0,0,0.0,-8.1612625,95.0,0.0,1.0,0.21052632,-0.10958107,1.0,8.0
00-0035704,Drew Lock,2020,6,DEN,NE,24,10,189.0,0,2.0,-4.9886804,391.0,50.0,7.0,0.48337597,-0.035090156,2.0,25.0
00-0035704,Drew Lock,2020,7,DEN,KC,40,24,254.0,0,2.0,-16.44461,265.0,164.0,11.0,0.95849055,-0.0053393845,3.0,20.0
00-0035704,Drew Lock,2020,8,DEN,LAC,41,26,248.0,3,1.0,3.182812,308.0,115.0,11.0,0.8051948,0.088400595,2.0,5.0
00-0035704,Drew Lock,2020,9,DEN,ATL,48,25,313.0,2,1.0,1.3541958,440.0,127.0,17.0,0.7113636,0.05343729,1.0,11.0
00-0035704,Drew Lock,2020,10,DEN,LV,47,23,257.0,1,4.0,-12.004514,397.0,64.0,14.0,0.64735514,-0.06733255,2.0,10.0
00-0035704,Drew Lock,2020,11,DEN,MIA,30,18,270.0,0,1.0,1.5132941,341.0,140.0,9.0,0.7917889,0.128294,0.0,-0.0
00-0035704,Drew Lock,2020,13,DEN,KC,28,15,151.0,2,2.0,4.0804276,234.0,74.0,10.0,0.64529914,0.06790652,0.0,-0.0
00-0035704,Drew Lock,2020,14,DEN,CAR,27,21,280.0,4,0.0,9.9900465,170.0,156.0,13.0,1.6470588,0.28993234,1.0,11.0
00-0035704,Drew Lock,2020,15,DEN,BUF,32,20,132.0,1,0.0,-13.499055,125.0,64.0,10.0,1.056,-0.037276812,3.0,17.0
00-0035704,Drew Lock,2020,16,DEN,LAC,47,24,264.0,0,2.0,-0.4643698,541.0,96.0,15.0,0.48798522,0.0017895361,2.0,1.0
00-0035704,Drew Lock,2020,17,DEN,LV,41,25,339.0,2,0.0,3.8780994,298.0,211.0,15.0,1.1375839,0.10079141,2.0,15.0
00-0035710,Daniel Jones,2020,1,NYG,PIT,41,26,279.0,2,2.0,-0.33784616,232.0,116.0,16.0,1.2025862,0.09134892,3.0,17.0
00-0035710,Daniel Jones,2020,2,NYG,CHI,40,25,241.0,0,1.0,-8.898005,254.0,80.0,15.0,0.9488189,0.019330675,4.0,21.0
00-0035710,Daniel Jones,2020,3,NYG,SF,32,17,179.0,0,1.0,-2.4667008,284.0,39.0,8.0,0.6302817,-0.044310845,2.0,14.0
00-0035710,Daniel Jones,2020,4,NYG,LA,36,23,190.0,0,1.0,-12.509298,209.0,118.0,11.0,0.90909094,-0.019329684,5.0,31.0
00-0035710,Daniel Jones,2020,5,NYG,DAL,33,20,222.0,0,0.0,-1.9811889,194.0,111.0,11.0,1.1443299,0.06823302,2.0,11.0
00-0035710,Daniel Jones,2020,6,NYG,WAS,19,12,112.0,1,1.0,-0.30751547,151.0,38.0,8.0,0.74172187,0.14894344,1.0,4.0
00-0035710,Daniel Jones,2020,7,NYG,PHI,30,20,187.0,2,1.0,-3.4907606,180.0,97.0,8.0,1.0388889,0.113720335,3.0,22.0
00-0035710,Daniel Jones,2020,8,NYG,TB,41,25,256.0,2,2.0,0.4220433,325.0,117.0,16.0,0.7876923,0.048187263,3.0,18.0
00-0035710,Daniel Jones,2020,9,NYG,WAS,34,23,212.0,1,0.0,2.6040967,181.0,90.0,9.0,1.1712707,0.040391065,5.0,28.0
00-0035710,Daniel Jones,2020,10,NYG,PHI,28,21,244.0,0,0.0,7.1992683,237.0,59.0,12.0,1.0295359,0.1978873,3.0,13.0
00-0035710,Daniel Jones,2020,12,NYG,CIN,27,16,213.0,0,0.0,12.428664,243.0,56.0,9.0,0.8765432,0.13415556,0.0,-0.0
00-0035710,Daniel Jones,2020,14,NYG,ARI,21,11,127.0,0,0.0,-14.106277,239.0,17.0,6.0,0.5313808,-0.022272442,6.0,52.0
00-0035710,Daniel Jones,2020,16,NYG,BAL,41,24,252.0,1,0.0,-5.040928,386.0,108.0,16.0,0.65284973,-0.015793582,6.0,37.0
00-0035710,Daniel Jones,2020,17,NYG,DAL,25,17,229.0,2,1.0,3.0037582,287.0,68.0,13.0,0.7979094,0.05080683,2.0,18.0
00-0035752,Chris Streveler,2020,17,ARI,LA,16,11,105.0,1,1.0,-13.418105,106.0,98.0,5.0,0.990566,0.020533653,2.0,10.0
00-0035864,Kendall Hinton,2020,12,DEN,NO,9,1,13.0,0,2.0,-11.930539,134.0,16.0,1.0,0.09701493,-0.12896273,1.0,1.0
00-0035889,Tommy Townsend,2020,8,KC,NYJ,1,1,13.0,0,0.0,3.4530158,6.0,7.0,1.0,2.1666667,,0.0,-0.0
00-0035993,Tyler Huntley,2020,15,BAL,JAX,4,2,7.0,0,0.0,-4.1080427,57.0,7.0,0.0,0.12280702,,0.0,-0.0
00-0035993,Tyler Huntley,2020,17,BAL,CIN,1,1,8.0,0,0.0,0.5748663,5.0,3.0,0.0,1.6,,0.0,-0.0
00-0035993,Tyler Huntley,2020,19,BAL,BUF,13,6,60.0,0,0.0,-6.5283246,116.0,21.0,3.0,0.51724136,-0.06642757,1.0,8.0
00-0036142,Isaiah Wright,2020,14,WAS,SF,1,0,0.0,0,0.0,-0.5597911,-3.0,0.0,0.0,0.0,,0.0,-0.0
00-0036212,Tua Tagovailoa,2020,6,MIA,NYJ,2,2,9.0,0,0.0,0.74850047,9.0,0.0,1.0,1.0,,0.0,-0.0
00-0036212,Tua Tagovailoa,2020,8,MIA,LA,22,12,93.0,1,0.0,-10.16134,118.0,47.0,5.0,0.7881356,-0.056271777,1.0,3.0
00-0036212,Tua Tagovailoa,2020,9,MIA,ARI,28,20,248.0,2,0.0,10.75971,229.0,68.0,12.0,1.0829694,0.22476454,3.0,27.0
00-0036212,Tua Tagovailoa,2020,10,MIA,LAC,25,15,169.0,2,0.0,8.908467,266.0,44.0,10.0,0.63533837,0.17408651,0.0,-0.0
00-0036212,Tua Tagovailoa,2020,11,MIA,DEN,20,11,83.0,1,0.0,-9.750891,180.0,32.0,5.0,0.4611111,0.0036493908,6.0,33.0
00-0036212,Tua Tagovailoa,2020,13,MIA,CIN,39,26,296.0,1,0.0,7.128921,298.0,151.0,16.0,0.9932886,0.15082842,0.0,-0.0
00-0036212,Tua Tagovailoa,2020,14,MIA,KC,48,28,316.0,2,1.0,2.55176,447.0,110.0,18.0,0.7069351,0.054544,4.0,29.0
00-0036212,Tua Tagovailoa,2020,15,MIA,NE,26,20,145.0,0,1.0,-2.973317,98.0,77.0,10.0,1.4795918,0.099954985,2.0,12.0
00-0036212,Tua Tagovailoa,2020,16,MIA,LV,22,17,94.0,1,0.0,-7.9241195,88.0,56.0,4.0,1.0681819,0.036597893,3.0,23.0
00-0036212,Tua Tagovailoa,2020,17,MIA,BUF,58,35,361.0,1,3.0,-12.797882,442.0,181.0,19.0,0.81674206,-0.0007237986,1.0,9.0
00-0036312,Jake Luton,2020,9,JAX,HOU,38,26,304.0,1,1.0,3.225154,334.0,124.0,13.0,0.9101796,0.11117542,2.0,16.0
00-0036312,Jake Luton,2020,10,JAX,GB,35,18,169.0,1,1.0,-12.1481085,207.0,92.0,10.0,0.81642514,-0.077371225,3.0,18.0
00-0036312,Jake Luton,2020,11,JAX,PIT,37,16,151.0,0,4.0,-26.258131,335.0,59.0,8.0,0.45074627,-0.030306138,2.0,18.0
00-0036320,Joseph Charlton,2020,9,CAR,KC,1,1,28.0,0,0.0,4.732203,18.0,10.0,1.0,1.5555556,,0.0,-0.0
00-0036355,Justin Herbert,2020,2,LAC,KC,33,22,311.0,1,1.0,2.671217,283.0,185.0,14.0,1.0989399,0.11913017,2.0,15.0
00-0036355,Justin Herbert,2020,3,LAC,CAR,49,35,330.0,1,1.0,1.2621845,296.0,186.0,18.0,1.1148648,0.059250474,2.0,11.0
00-0036355,Justin Herbert,2020,4,LAC,TB,25,20,290.0,3,1.0,13.6531925,188.0,166.0,9.0,1.5425532,0.27934843,2.0,12.0
00-0036355,Justin Herbert,2020,5,LAC,NO,34,20,264.0,4,0.0,6.5131035,384.0,98.0,12.0,0.6875,0.087068185,3.0,25.0
00-0036355,Justin Herbert,2020,7,LAC,JAX,43,27,347.0,3,0.0,14.643816,383.0,195.0,16.0,0.9060052,0.1843375,1.0,2.0
00-0036355,Justin Herbert,2020,8,LAC,DEN,43,29,278.0,3,2.0,5.0315013,281.0,140.0,15.0,0.98932385,0.12954482,2.0,3.0
00-0036355,Justin Herbert,2020,9,LAC,LV,42,28,326.0,2,0.0,10.149269,309.0,131.0,18.0,1.0550162,0.12457283,2.0,14.0
00-0036355,Justin Herbert,2020,10,LAC,MIA,32,20,187.0,2,1.0,-5.41323,229.0,132.0,10.0,0.8165939,0.034571324,2.0,13.0
00-0036355,Justin Herbert,2020,11,LAC,NYJ,49,37,366.0,3,0.0,17.69393,328.0,170.0,18.0,1.1158537,0.21618412,3.0,19.0
00-0036355,Justin Herbert,2020,12,LAC,BUF,52,31,316.0,1,1.0,5.129076,312.0,150.0,16.0,1.0128205,0.0059749167,3.0,25.0
00-0036355,Justin Herbert,2020,13,LAC,NE,53,26,209.0,0,2.0,-27.43501,324.0,129.0,12.0,0.64506173,-0.072717115,3.0,21.0
00-0036355,Justin Herbert,2020,14,LAC,ATL,44,36,243.0,2,1.0,5.208931,241.0,145.0,14.0,1.0082988,0.13972245,1.0,3.0
00-0036355,Justin Herbert,2020,15,LAC,LV,32,22,314.0,2,0.0,22.069279,359.0,91.0,16.0,0.8746518,0.30811068,1.0,8.0
00-0036355,Justin Herbert,2020,16,LAC,DEN,33,21,253.0,1,0.0,-1.4254047,208.0,129.0,12.0,1.2163461,0.044918153,2.0,26.0
00-0036355,Justin Herbert,2020,17,LAC,KC,31,22,302.0,3,0.0,19.763382,243.0,173.0,16.0,1.2427983,0.2709929,3.0,21.0
00-0036364,Lynn Bowden,2020,14,MIA,KC,1,0,0.0,0,0.0,-0.49538624,19.0,0.0,0.0,0.0,,0.0,-0.0
00-0036364,Lynn Bowden,2020,17,MIA,BUF,1,1,32.0,0,0.0,2.3460596,-2.0,34.0,1.0,0.0,,0.0,-0.0
00-0036384,Ben DiNucci,2020,7,DAL,WAS,3,2,39.0,0,0.0,-2.5042481,36.0,14.0,1.0,1.0833334,,3.0,25.0
00-0036384,Ben DiNucci,2020,8,DAL,PHI,40,21,180.0,0,0.0,-25.073359,313.0,120.0,10.0,0.57507986,-0.031144395,4.0,48.0
00-0036389,Jalen Hurts,2020,5,PHI,PIT,1,1,18.0,0,0.0,1.1660502,13.0,5.0,1.0,1.3846154,,0.0,-0.0
00-0036389,Jalen Hurts,2020,8,PHI,DAL,1,1,9.0,0,0.0,0.68572843,6.0,3.0,0.0,1.5,,0.0,-0.0
00-0036389,Jalen Hurts,2020,12,PHI,SEA,1,1,6.0,0,0.0,0.04932305,6.0,0.0,0.0,1.0,,0.0,-0.0
00-0036389,Jalen Hurts,2020,13,PHI,GB,12,5,109.0,1,1.0,2.2398372,157.0,13.0,4.0,0.6942675,-0.030461833,3.0,5.0
00-0036389,Jalen Hurts,2020,14,PHI,NO,30,17,167.0,1,0.0,0.5698672,175.0,120.0,7.0,0.95428574,0.04061776,0.0,-0.0
00-0036389,Jalen Hurts,2020,15,PHI,ARI,44,24,338.0,3,0.0,5.5868626,477.0,173.0,18.0,0.7085954,0.09861055,6.0,33.0
00-0036389,Jalen Hurts,2020,16,PHI,DAL,39,21,342.0,1,2.0,-2.3457136,376.0,129.0,12.0,0.90957445,0.0045654546,3.0,16.0
00-0036389,Jalen Hurts,2020,17,PHI,WAS,20,7,72.0,0,1.0,-12.573129,143.0,25.0,3.0,0.5034965,-0.115833476,1.0,5.0
00-0036442,Joe Burrow,2020,1,CIN,LAC,36,23,193.0,0,1.0,-6.3456125,291.0,83.0,14.0,0.66323024,0.02248108,3.0,20.0
00-0036442,Joe Burrow,2020,2,CIN,CLE,61,37,316.0,3,0.0,11.061437,486.0,127.0,20.0,0.6502058,0.1119306,3.0,31.0
00-0036442,Joe Burrow,2020,3,CIN,PHI,44,31,312.0,2,0.0,3.758486,390.0,123.0,19.0,0.8,0.14448018,8.0,56.0
00-0036442,Joe Burrow,2020,4,CIN,JAX,36,25,300.0,1,1.0,8.890801,370.0,130.0,15.0,0.8108108,0.18817325,1.0,-0.0
00-0036442,Joe Burrow,2020,5,CIN,BAL,30,19,183.0,0,1.0,-14.021018,216.0,89.0,9.0,0.8472222,0.026672313,7.0,48.0
00-0036442,Joe Burrow,2020,6,CIN,IND,39,25,313.0,0,1.0,14.393507,344.0,130.0,14.0,0.90988374,0.150271,2.0,13.0
00-0036442,Joe Burrow,2020,7,CIN,CLE,47,35,406.0,3,1.0,17.155352,447.0,197.0,23.0,0.9082774,0.25446135,4.0,35.0
00-0036442,Joe Burrow,2020,8,CIN,TEN,37,26,249.0,2,0.0,18.225355,245.0,73.0,16.0,1.0163265,0.23548453,0.0,-0.0
00-0036442,Joe Burrow,2020,10,CIN,PIT,40,21,213.0,1,0.0,-10.933632,343.0,107.0,9.0,0.62099123,-0.028295381,4.0,28.0
00-0036442,Joe Burrow,2020,11,CIN,WAS,34,22,203.0,1,0.0,6.78205,297.0,83.0,11.0,0.68350166,0.09474454,0.0,-0.0
00-0019596,Tom Brady,2021,1,TB,DAL,50,32,379.0,4,2.0,14.006988,446.0,176.0,22.0,0.8497758,0.16844913,0.0,-0.0
00-0019596,Tom Brady,2021,2,TB,ATL,36,24,276.0,5,0.0,1.8543642,347.0,88.0,14.0,0.79538906,0.11840362,3.0,17.0
00-0019596,Tom Brady,2021,3,TB,LA,55,41,432.0,1,0.0,13.163302,382.0,238.0,24.0,1.13089,0.13787076,3.0,21.0
00-0019596,Tom Brady,2021,4,TB,NE,43,22,269.0,0,0.0,2.2452075,459.0,109.0,12.0,0.58605665,0.015135241,1.0,8.0
00-0019596,Tom Brady,2021,5,TB,MIA,41,30,411.0,5,0.0,28.323593,421.0,225.0,24.0,0.976247,0.34940273,2.0,15.0
00-0019596,Tom Brady,2021,6,TB,PHI,42,34,297.0,2,1.0,13.49577,283.0,191.0,17.0,1.04947,0.24188963,0.0,-0.0
00-0019596,Tom Brady,2021,7,TB,CHI,36,20,211.0,4,0.0,9.262589,281.0,75.0,12.0,0.75088966,0.1039599,0.0,-0.0
00-0019596,Tom Brady,2021,8,TB,NO,40,28,375.0,4,2.0,0.96268994,340.0,205.0,13.0,1.1029412,0.09121721,3.0,25.0
00-0019596,Tom Brady,2021,10,TB,WAS,34,23,220.0,2,2.0,-2.8937366,198.0,113.0,8.0,1.1111112,0.025585115,0.0,-0.0
00-0019596,Tom Brady,2021,11,TB,NYG,46,30,307.0,2,1.0,6.5395775,344.0,128.0,16.0,0.89244187,0.10509835,0.0,-0.0
00-0019596,Tom Brady,2021,12,TB,IND,34,25,226.0,1,1.0,-1.3155396,192.0,129.0,11.0,1.1770834,0.086479716,2.0,9.0
00-0019596,Tom Brady,2021,13,TB,ATL,51,38,368.0,4,1.0,15.678909,324.0,167.0,22.0,1.1358025,0.19381317,0.0,-0.0
00-0019596,Tom Brady,2021,14,TB,BUF,46,31,363.0,2,0.0,10.003942,347.0,214.0,13.0,1.0461096,0.14366582,2.0,12.0
00-0019596,Tom Brady,2021,15,TB,NO,48,26,214.0,0,1.0,-16.39122,399.0,91.0,13.0,0.53634083,-0.047048718,4.0,30.0
00-0019596,Tom Brady,2021,16,TB,CAR,30,18,232.0,1,0.0,10.969192,254.0,83.0,12.0,0.9133858,0.19287066,0.0,-0.0
00-0019596,Tom Brady,2021,17,TB,NYJ,50,34,410.0,3,1.0,21.967527,507.0,155.0,21.0,0.8086785,0.251881,1.0,5.0
00-0019596,Tom Brady,2021,18,TB,CAR,37,29,326.0,3,0.0,17.841728,280.0,147.0,15.0,1.1642857,0.2788931,1.0,2.0
00-0019596,Tom Brady,2021,19,TB,PHI,37,29,271.0,2,0.0,8.226545,167.0,147.0,14.0,1.6227545,0.17403343,4.0,28.0
00-0019596,Tom Brady,2021,20,TB,LA,54,30,329.0,1,1.0,-13.955662,429.0,170.0,14.0,0.76689976,-0.027880972,3.0,21.0
00-0022924,Ben Roethlisberger,2021,1,PIT,BUF,32,18,188.0,1,0.0,-0.8279155,196.0,85.0,9.0,0.9591837,0.015420978,2.0,11.0
00-0022924,Ben Roethlisberger,2021,2,PIT,LV,40,27,295.0,1,1.0,2.707038,388.0,157.0,13.0,0.7603093,0.09149561,2.0,3.0
00-0022924,Ben Roethlisberger,2021,3,PIT,CIN,58,38,318.0,1,2.0,-8.943386,314.0,191.0,16.0,1.0127388,-0.0027149979,4.0,21.0
00-0022924,Ben Roethlisberger,2021,4,PIT,GB,40,26,232.0,1,1.0,-10.5165205,294.0,111.0,11.0,0.78911567,0.032949973,2.0,12.0
00-0022924,Ben Roethlisberger,2021,5,PIT,DEN,25,15,253.0,2,0.0,9.348527,193.0,150.0,12.0,1.3108808,0.17606282,1.0,9.0
00-0022924,Ben Roethlisberger,2021,6,PIT,SEA,40,29,229.0,1,0.0,-1.0961151,273.0,106.0,14.0,0.83882785,0.05725856,1.0,3.0
00-0022924,Ben Roethlisberger,2021,8,PIT,CLE,34,22,266.0,1,0.0,7.5493674,212.0,181.0,13.0,1.254717,0.103912584,2.0,11.0
00-0022924,Ben Roethlisberger,2021,9,PIT,CHI,30,21,205.0,2,0.0,3.9003665,151.0,103.0,8.0,1.357616,0.1797189,4.0,30.0
00-0022924,Ben Roethlisberger,2021,11,PIT,LAC,44,28,273.0,3,0.0,0.52423626,325.0,119.0,14.0,0.84,0.063637376,3.0,28.0
00-0022924,Ben Roethlisberger,2021,12,PIT,CIN,41,24,263.0,1,2.0,-14.617871,296.0,96.0,15.0,0.8885135,-0.0040672147,3.0,13.0
00-0022924,Ben Roethlisberger,2021,13,PIT,BAL,31,21,236.0,2,0.0,8.230845,260.0,152.0,11.0,0.9076923,0.17152297,1.0,-0.0
00-0022924,Ben Roethlisberger,2021,14,PIT,MIN,40,28,308.0,3,1.0,-7.983345,293.0,92.0,11.0,1.0511945,0.064284064,5.0,39.0
00-0022924,Ben Roethlisberger,2021,15,PIT,TEN,25,16,148.0,0,0.0,-7.6498938,118.0,99.0,7.0,1.2542373,-0.015781585,3.0,15.0
00-0022924,Ben Roethlisberger,2021,16,PIT,KC,35,23,159.0,1,1.0,-10.630026,190.0,82.0,10.0,0.8368421,0.0047201673,2.0,21.0
00-0022924,Ben Roethlisberger,2021,17,PIT,CLE,46,24,123.0,1,1.0,-17.46314,283.0,83.0,10.0,0.43462896,-0.0561945,2.0,14.0
00-0022924,Ben Roethlisberger,2021,18,PIT,BAL,44,30,244.0,1,1.0,2.8852777,283.0,125.0,14.0,0.8621908,0.054739624,1.0,9.0
00-0022924,Ben Roethlisberger,2021,19,PIT,KC,44,29,215.0,2,0.0,-3.6308317,320.0,108.0,15.0,0.671875,0.030327197,2.0,14.0
00-0023459,Aaron Rodgers,2021,1,GB,NO,28,15,133.0,0,2.0,-15.949715,238.0,72.0,6.0,0.5588235,-0.011701871,1.0,11.0
00-0023459,Aaron Rodgers,2021,2,GB,DET,27,22,255.0,4,0.0,17.570484,258.0,129.0,16.0,0.9883721,0.341132,3.0,28.0
00-0023459,Aaron Rodgers,2021,3,GB,SF,33,23,261.0,2,0.0,7.6115494,354.0,100.0,13.0,0.7372881,0.2668491,1.0,8.0
00-0023459,Aaron Rodgers,2021,4,GB,PIT,36,20,248.0,2,0.0,3.5787053,344.0,133.0,13.0,0.7209302,0.0532328,3.0,12.0
00-0023459,Aaron Rodgers,2021,5,GB,CIN,39,27,344.0,2,1.0,9.052952,349.0,158.0,16.0,0.98567337,0.22478557,2.0,11.0
00-0023459,Aaron Rodgers,2021,6,GB,CHI,23,17,195.0,2,0.0,6.7924256,195.0,128.0,10.0,1.0,0.25306815,3.0,26.0
00-0023459,Aaron Rodgers,2021,7,GB,WAS,35,27,274.0,3,0.0,10.892633,204.0,123.0,16.0,1.3431373,0.22210702,3.0,27.0
00-0023459,Aaron Rodgers,2021,8,GB,ARI,37,22,184.0,2,0.0,1.4296646,165.0,138.0,10.0,1.1151515,0.020698275,1.0,-0.0
00-0023459,Aaron Rodgers,2021,10,GB,SEA,37,23,292.0,0,1.0,1.705737,232.0,215.0,10.0,1.2586207,0.029293766,1.0,5.0
00-0023459,Aaron Rodgers,2021,11,GB,MIN,33,23,385.0,4,0.0,23.260366,261.0,217.0,16.0,1.4750957,0.27626613,2.0,13.0
00-0023459,Aaron Rodgers,2021,12,GB,LA,45,28,307.0,2,0.0,9.349709,426.0,165.0,14.0,0.7206573,0.119865865,1.0,-0.0
00-0023459,Aaron Rodgers,2021,14,GB,CHI,37,29,341.0,4,0.0,15.845237,253.0,169.0,19.0,1.3478261,0.27000767,3.0,21.0
00-0023459,Aaron Rodgers,2021,15,GB,BAL,31,23,268.0,3,0.0,19.174183,286.0,133.0,20.0,0.9370629,0.31503546,3.0,18.0
00-0023459,Aaron Rodgers,2021,16,GB,CLE,34,24,202.0,3,0.0,5.7198753,177.0,108.0,10.0,1.141243,0.11818732,0.0,-0.0
00-0023459,Aaron Rodgers,2021,17,GB,MIN,38,29,288.0,2,0.0,10.00866,234.0,124.0,15.0,1.2307693,0.1922118,0.0,-0.0
00-0023459,Aaron Rodgers,2021,18,GB,DET,18,14,138.0,2,0.0,3.723594,108.0,65.0,9.0,1.2777778,0.15012616,3.0,8.0
00-0023459,Aaron Rodgers,2021,20,GB,SF,29,20,225.0,0,0.0,-1.088239,220.0,128.0,8.0,1.0227273,0.04930829,5.0,29.0
00-0023682,Ryan Fitzpatrick,2021,1,WAS,LAC,6,3,13.0,0,0.0,-4.274623,9.0,6.0,0.0,1.4444444,-0.06532716,1.0,2.0
00-0024417,Sam Koch,2021,18,BAL,PIT,1,0,0.0,0,0.0,-2.7787173,10.0,0.0,0.0,0.0,,0.0,-0.0
00-0026035,Danny Amendola,2021,9,HOU,MIA,1,0,0.0,0,0.0,-0.36169755,14.0,0.0,0.0,0.0,,0.0,-0.0
00-0026143,Matt Ryan,2021,1,ATL,PHI,35,21,164.0,0,0.0,-15.975289,179.0,67.0,8.0,0.9162011,-0.0153375175,3.0,28.0
00-0026143,Matt Ryan,2021,2,ATL,TB,46,35,300.0,2,3.0,-6.2894187,170.0,187.0,15.0,1.7647059,0.074758254,1.0,7.0
00-0026143,Matt Ryan,2021,3,ATL,NYG,36,27,243.0,2,0.0,5.1524024,148.0,173.0,12.0,1.6418918,0.14275026,3.0,16.0
00-0026143,Matt Ryan,2021,4,ATL,WAS,42,25,283.0,4,0.0,13.220731,440.0,89.0,15.0,0.6431818,0.18570942,1.0,8.0
00-0026143,Matt Ryan,2021,5,ATL,NYJ,45,33,342.0,2,0.0,21.30798,336.0,107.0,19.0,1.0178572,0.24929032,0.0,-0.0
00-0026143,Matt Ryan,2021,7,ATL,MIA,40,25,336.0,2,1.0,11.1771755,368.0,80.0,15.0,0.9130435,0.09519517,1.0,11.0
00-0026143,Matt Ryan,2021,8,ATL,CAR,27,20,146.0,1,2.0,-8.301217,194.0,70.0,11.0,0.7525773,0.05347404,3.0,15.0
00-0026143,Matt Ryan,2021,9,ATL,NO,30,23,343.0,2,0.0,17.326231,262.0,150.0,14.0,1.3091604,0.2932239,2.0,11.0
00-0026143,Matt Ryan,2021,10,ATL,DAL,21,9,117.0,0,2.0,-14.910306,167.0,36.0,7.0,0.7005988,-0.081895314,2.0,20.0
00-0026143,Matt Ryan,2021,11,ATL,NE,28,19,153.0,0,2.0,-12.233002,167.0,62.0,7.0,0.9161677,0.014479708,4.0,33.0
00-0026143,Matt Ryan,2021,12,ATL,JAX,29,19,190.0,1,1.0,4.8737726,131.0,124.0,12.0,1.4503816,0.09643501,1.0,7.0
00-0026143,Matt Ryan,2021,13,ATL,TB,41,30,297.0,0,0.0,-0.6834038,253.0,142.0,14.0,1.173913,0.06299677,5.0,38.0
00-0026143,Matt Ryan,2021,14,ATL,CAR,28,19,190.0,1,0.0,6.148245,212.0,94.0,10.0,0.8962264,0.18962356,0.0,-0.0
00-0026143,Matt Ryan,2021,15,ATL,SF,32,19,236.0,1,0.0,-6.9206924,254.0,57.0,8.0,0.92913383,0.043912135,3.0,23.0
00-0026143,Matt Ryan,2021,16,ATL,DET,24,18,215.0,1,0.0,8.473386,179.0,76.0,10.0,1.2011173,0.17940657,3.0,8.0
00-0026143,Matt Ryan,2021,17,ATL,BUF,23,13,197.0,0,0.0,-9.711948,201.0,144.0,9.0,0.9800995,0.026540503,5.0,28.0
00-0026143,Matt Ryan,2021,18,ATL,NO,33,20,216.0,1,1.0,-4.429854,341.0,63.0,9.0,0.6334311,0.03202167,3.0,21.0
00-0026158,Joe Flacco,2021,10,NYJ,BUF,3,3,47.0,1,0.0,5.358929,31.0,16.0,2.0,1.516129,,0.0,-0.0
00-0026158,Joe Flacco,2021,11,NYJ,MIA,39,24,291.0,2,0.0,0.9351901,305.0,159.0,12.0,0.95409834,0.08409617,2.0,13.0
00-0026197,Chad Henne,2021,7,KC,TEN,16,11,82.0,0,0.0,4.0479846,125.0,24.0,6.0,0.656,0.14622103,0.0,-0.0
00-0026300,Josh Johnson,2021,8,NYJ,CIN,4,2,17.0,0,0.0,-1.3434381,6.0,15.0,1.0,2.8333333,,0.0,-0.0
00-0026300,Josh Johnson,2021,9,NYJ,IND,41,27,317.0,3,1.0,14.429692,333.0,147.0,19.0,0.951952,0.16300842,2.0,14.0
00-0026300,Josh Johnson,2021,16,BAL,CIN,40,28,304.0,2,1.0,14.301223,281.0,121.0,19.0,1.0818505,0.15323335,1.0,9.0
00-0026498,Matthew Stafford,2021,1,LA,CHI,26,20,321.0,3,0.0,18.848577,228.0,140.0,13.0,1.4078947,0.2824313,1.0,9.0
00-0026498,Matthew Stafford,2021,2,LA,IND,30,19,278.0,2,1.0,11.933596,218.0,152.0,15.0,1.2752293,0.14365622,1.0,8.0
00-0026498,Matthew Stafford,2021,3,LA,TB,38,27,343.0,4,0.0,17.668762,359.0,178.0,16.0,0.95543176,0.20946178,1.0,12.0
00-0026498,Matthew Stafford,2021,4,LA,ARI,41,26,280.0,2,1.0,2.385245,354.0,107.0,13.0,0.79096043,0.073758125,0.0,-0.0
00-0026498,Matthew Stafford,2021,5,LA,SEA,37,25,365.0,1,1.0,14.055629,469.0,117.0,16.0,0.7782516,0.2384367,1.0,7.0
00-0026498,Matthew Stafford,2021,6,LA,NYG,28,22,251.0,4,1.0,18.572176,216.0,113.0,15.0,1.162037,0.30456203,2.0,17.0
00-0026498,Matthew Stafford,2021,7,LA,DET,41,28,334.0,3,0.0,14.038598,383.0,139.0,17.0,0.8720627,0.19095655,1.0,7.0
00-0026498,Matthew Stafford,2021,8,LA,HOU,32,21,305.0,3,0.0,16.189198,218.0,135.0,16.0,1.3990825,0.22771358,0.0,-0.0
00-0026498,Matthew Stafford,2021,9,LA,TEN,48,31,294.0,1,2.0,-20.003672,244.0,178.0,16.0,1.204918,-0.01359901,5.0,41.0
00-0026498,Matthew Stafford,2021,10,LA,SF,41,26,243.0,1,2.0,-8.789725,340.0,114.0,11.0,0.7147059,0.012397095,2.0,19.0
00-0026498,Matthew Stafford,2021,12,LA,GB,38,21,302.0,3,1.0,-3.3783345,408.0,133.0,10.0,0.74019605,0.0019021924,2.0,17.0
00-0026498,Matthew Stafford,2021,13,LA,JAX,38,26,295.0,3,0.0,13.036,353.0,116.0,15.0,0.8356941,0.18288149,1.0,5.0
00-0026498,Matthew Stafford,2021,14,LA,ARI,30,23,287.0,3,0.0,14.540051,250.0,104.0,12.0,1.148,0.22492035,3.0,20.0
00-0026498,Matthew Stafford,2021,15,LA,SEA,29,21,244.0,2,1.0,-2.4432693,230.0,106.0,11.0,1.0608696,0.05183925,4.0,35.0
00-0026498,Matthew Stafford,2021,16,LA,MIN,37,21,197.0,1,3.0,-9.771741,297.0,98.0,11.0,0.6632997,-0.031768166,0.0,-0.0
00-0026498,Matthew Stafford,2021,17,LA,BAL,35,26,309.0,2,2.0,6.9819956,249.0,126.0,14.0,1.2409638,0.17443506,1.0,9.0
00-0026498,Matthew Stafford,2021,18,LA,SF,32,21,238.0,3,2.0,12.573337,278.0,68.0,12.0,0.8561151,0.16296263,5.0,37.0
00-0026498,Matthew Stafford,2021,19,LA,ARI,17,13,202.0,2,0.0,12.511874,178.0,92.0,10.0,1.1348314,0.2814946,1.0,7.0
00-0026498,Matthew Stafford,2021,20,LA,TB,38,28,366.0,2,0.0,17.441332,297.0,149.0,17.0,1.2323233,0.269793,2.0,11.0
00-0026498,Matthew Stafford,2021,21,LA,SF,45,31,337.0,2,1.0,13.104127,396.0,152.0,17.0,0.8510101,0.18530615,2.0,11.0
00-0026498,Matthew Stafford,2021,22,LA,CIN,40,26,283.0,3,2.0,6.088602,331.0,150.0,14.0,0.8549849,0.109554976,2.0,13.0
00-0026625,Brian Hoyer,2021,7,NE,NYJ,4,3,79.0,0,0.0,8.096039,50.0,37.0,3.0,1.58,,0.0,-0.0
00-0026625,Brian Hoyer,2021,10,NE,CLE,3,3,85.0,1,0.0,7.7056074,36.0,49.0,3.0,2.3611112,,0.0,-0.0
00-0026625,Brian Hoyer,2021,17,NE,JAX,4,3,63.0,0,0.0,5.0754886,11.0,57.0,2.0,5.7272725,,0.0,-0.0
00-0027688,Colt McCoy,2021,9,ARI,SF,26,22,249.0,1,0.0,13.321753,87.0,193.0,10.0,2.862069,0.28372073,2.0,8.0
00-0027688,Colt McCoy,2021,10,ARI,CAR,20,11,107.0,0,1.0,-15.439857,185.0,61.0,5.0,0.5783784,-0.024630241,2.0,22.0
00-0027688,Colt McCoy,2021,11,ARI,SEA,44,35,328.0,2,0.0,15.774334,201.0,165.0,21.0,1.6318408,0.23927343,2.0,10.0
00-0027688,Colt McCoy,2021,15,ARI,DET,9,6,56.0,0,0.0,0.65726185,39.0,33.0,3.0,1.4358975,-0.028485466,0.0,-0.0
00-0027939,Cam Newton,2021,10,CAR,ARI,4,3,8.0,1,0.0,-0.9026529,6.0,9.0,1.0,1.3333334,,0.0,-0.0
00-0027939,Cam Newton,2021,11,CAR,WAS,27,21,189.0,2,0.0,2.6437895,150.0,70.0,10.0,1.26,0.12873718,1.0,3.0
00-0027939,Cam Newton,2021,12,CAR,MIA,21,5,92.0,0,2.0,-13.059359,158.0,43.0,2.0,0.5822785,-0.19493383,1.0,14.0
00-0027939,Cam Newton,2021,14,CAR,ATL,23,15,178.0,0,1.0,-3.533571,162.0,82.0,8.0,1.0987654,0.0063179666,1.0,10.0
00-0027939,Cam Newton,2021,15,CAR,BUF,38,18,156.0,1,1.0,-16.217415,294.0,75.0,8.0,0.53061223,-0.062188514,4.0,32.0
00-0027939,Cam Newton,2021,16,CAR,TB,13,7,61.0,0,1.0,-9.712214,108.0,30.0,3.0,0.5648148,-0.040448923,3.0,24.0
00-0027948,Blaine Gabbert,2021,5,TB,MIA,3,3,41.0,0,0.0,3.947539,28.0,13.0,2.0,1.4642857,,0.0,-0.0
00-0027948,Blaine Gabbert,2021,7,TB,CHI,3,2,15.0,0,0.0,-0.6526748,7.0,21.0,1.0,2.142857,,0.0,-0.0
00-0027948,Blaine Gabbert,2021,11,TB,NYG,2,2,11.0,0,0.0,0.14687333,6.0,5.0,1.0,1.8333334,,1.0,10.0
00-0027948,Blaine Gabbert,2021,16,TB,CAR,1,0,0.0,0,0.0,-1.0804429,19.0,0.0,0.0,0.0,,0.0,-0.0
00-0027948,Blaine Gabbert,2021,18,TB,CAR,2,0,0.0,0,0.0,-2.1694596,30.0,0.0,0.0,0.0,,0.0,-0.0
00-0027973,Andy Dalton,2021,1,CHI,LA,38,27,206.0,0,1.0,-10.919019,163.0,95.0,13.0,1.2638037,-0.0021131332,3.0,28.0
00-0027973,Andy Dalton,2021,2,CHI,CIN,11,9,56.0,1,0.0,2.5951247,35.0,16.0,4.0,1.6,0.29178575,1.0,8.0
00-0027973,Andy Dalton,2021,5,CHI,LV,1,1,8.0,0,0.0,1.5922801,5.0,3.0,1.0,1.6,,0.0,-0.0
00-0027973,Andy Dalton,2021,11,CHI,BAL,23,11,201.0,2,0.0,6.920702,261.0,117.0,6.0,0.77011496,0.06793059,1.0,18.0
00-0027973,Andy Dalton,2021,12,CHI,DET,39,24,317.0,1,1.0,11.954448,346.0,129.0,18.0,0.91618496,0.11806317,1.0,7.0
00-0027973,Andy Dalton,2021,13,CHI,ARI,41,26,229.0,2,4.0,-16.354612,234.0,130.0,14.0,0.97863245,-0.0071048206,3.0,12.0
00-0027973,Andy Dalton,2021,17,CHI,NYG,35,18,173.0,1,1.0,-4.848851,267.0,87.0,10.0,0.6479401,-0.025404193,2.0,11.0
00-0027973,Andy Dalton,2021,18,CHI,MIN,48,33,325.0,1,2.0,-22.153126,332.0,175.0,17.0,0.9789157,0.031328842,7.0,59.0
00-0028118,Tyrod Taylor,2021,1,HOU,JAX,33,21,291.0,2,0.0,14.053602,318.0,102.0,13.0,0.9150943,0.2076505,1.0,2.0
00-0028118,Tyrod Taylor,2021,2,HOU,CLE,11,10,125.0,1,0.0,8.903346,54.0,78.0,5.0,2.3148148,0.43893096,0.0,-0.0
00-0028118,Tyrod Taylor,2021,9,HOU,MIA,43,24,240.0,0,3.0,-14.54744,351.0,132.0,11.0,0.6837607,0.011527581,5.0,41.0
00-0028118,Tyrod Taylor,2021,11,HOU,TEN,24,14,107.0,0,0.0,-0.29663903,97.0,54.0,5.0,1.1030928,0.068887964,0.0,-0.0
00-0028118,Tyrod Taylor,2021,12,HOU,NYJ,26,17,158.0,2,1.0,-12.880444,219.0,79.0,7.0,0.7214612,0.014552055,5.0,52.0
00-0028118,Tyrod Taylor,2021,13,HOU,IND,13,5,45.0,0,1.0,-10.108041,68.0,46.0,3.0,0.6617647,-0.12951586,2.0,24.0
00-0028872,Johnny Hekker,2021,10,LA,SF,1,1,2.0,0,0.0,-2.5820916,-4.0,6.0,0.0,0.0,,0.0,-0.0
00-0028986,Case Keenum,2021,6,CLE,ARI,3,1,6.0,0,0.0,-3.9257882,10.0,6.0,0.0,0.6,,0.0,-0.0
00-0028986,Case Keenum,2021,7,CLE,DEN,33,21,199.0,1,0.0,4.764441,228.0,127.0,11.0,0.872807,0.11061048,1.0,5.0
00-0028986,Case Keenum,2021,10,CLE,NE,12,8,81.0,0,0.0,-4.3337483,76.0,61.0,6.0,1.0657895,0.052370418,3.0,19.0
00-0028986,Case Keenum,2021,18,CLE,CIN,24,17,176.0,2,1.0,-4.781158,106.0,112.0,8.0,1.6603774,0.079458065,1.0,5.0
00-0029000,Cole Beasley,2021,8,BUF,MIA,1,0,0.0,0,0.0,-0.47759083,19.0,0.0,0.0,0.0,,0.0,-0.0
00-0029263,Russell Wilson,2021,1,SEA,IND,23,18,254.0,4,0.0,12.114889,231.0,112.0,12.0,1.099567,0.27974895,3.0,13.0
00-0029263,Russell Wilson,2021,2,SEA,TEN,31,22,343.0,2,0.0,8.27998,310.0,159.0,10.0,1.1064516,0.15194418,3.0,23.0
00-0029263,Russell Wilson,2021,3,SEA,MIN,32,23,298.0,1,0.0,0.71095824,282.0,186.0,14.0,1.0567375,0.12582222,2.0,15.0
00-0029263,Russell Wilson,2021,4,SEA,SF,23,16,149.0,2,0.0,-4.566673,125.0,87.0,6.0,1.192,0.10766338,3.0,20.0
00-0029263,Russell Wilson,2021,5,SEA,LA,16,11,152.0,1,1.0,-2.1738863,191.0,31.0,6.0,0.79581153,0.12360545,2.0,21.0
00-0029263,Russell Wilson,2021,10,SEA,GB,40,20,161.0,0,2.0,-20.466978,466.0,92.0,8.0,0.34549356,-0.017422484,3.0,28.0
00-0029263,Russell Wilson,2021,11,SEA,ARI,26,14,207.0,0,0.0,-4.8677616,282.0,70.0,9.0,0.7340425,-0.0048387903,4.0,27.0
00-0029263,Russell Wilson,2021,12,SEA,WAS,31,20,247.0,2,0.0,4.71492,279.0,96.0,8.0,0.88530463,0.11895331,2.0,14.0
00-0029263,Russell Wilson,2021,13,SEA,SF,37,30,231.0,2,1.0,-0.12678349,258.0,91.0,12.0,0.89534885,0.12220221,4.0,50.0
00-0029263,Russell Wilson,2021,14,SEA,HOU,28,17,260.0,2,0.0,14.803324,359.0,69.0,11.0,0.724234,0.19872959,0.0,-0.0
00-0029263,Russell Wilson,2021,15,SEA,LA,31,17,156.0,0,1.0,-11.612742,409.0,81.0,7.0,0.38141808,0.010256724,3.0,22.0
00-0029263,Russell Wilson,2021,16,SEA,CHI,27,16,181.0,2,0.0,1.8351039,228.0,108.0,9.0,0.79385966,0.041991375,2.0,20.0
00-0029263,Russell Wilson,2021,17,SEA,DET,29,20,236.0,4,0.0,15.2365465,217.0,121.0,13.0,1.0875576,0.25752923,1.0,4.0
00-0029263,Russell Wilson,2021,18,SEA,ARI,26,15,238.0,3,1.0,2.6251357,318.0,80.0,10.0,0.7484277,0.1493914,1.0,9.0
00-0029567,Nick Foles,2021,16,CHI,SEA,35,24,250.0,1,0.0,4.486182,198.0,165.0,14.0,1.2626263,0.14847836,4.0,21.0
00-0029604,Kirk Cousins,2021,1,MIN,CIN,49,36,351.0,2,0.0,10.8727665,303.0,175.0,15.0,1.1584158,0.14549682,3.0,26.0
00-0029604,Kirk Cousins,2021,2,MIN,ARI,32,22,244.0,3,0.0,6.9798193,203.0,133.0,10.0,1.2019705,0.14084914,1.0,2.0
00-0029604,Kirk Cousins,2021,3,MIN,SEA,38,30,323.0,3,0.0,19.21688,189.0,169.0,20.0,1.7089947,0.24911064,1.0,10.0
00-0029604,Kirk Cousins,2021,4,MIN,CLE,38,20,203.0,1,1.0,-9.81937,320.0,64.0,10.0,0.634375,-0.035008315,2.0,13.0
00-0029604,Kirk Cousins,2021,5,MIN,DET,34,25,275.0,1,1.0,5.6842957,254.0,78.0,12.0,1.0826771,0.12422042,2.0,11.0
00-0029604,Kirk Cousins,2021,6,MIN,CAR,48,33,373.0,3,0.0,14.831028,373.0,183.0,16.0,1.0,0.19810987,0.0,-0.0
00-0029604,Kirk Cousins,2021,8,MIN,DAL,35,23,184.0,1,0.0,-9.925638,192.0,94.0,6.0,0.9583333,0.0094511965,1.0,7.0
00-0029604,Kirk Cousins,2021,9,MIN,BAL,28,17,187.0,2,0.0,7.666575,228.0,70.0,6.0,0.8201754,0.1577455,0.0,-0.0
00-0029604,Kirk Cousins,2021,10,MIN,LAC,37,25,294.0,2,0.0,6.6415043,264.0,149.0,14.0,1.1136364,0.11926789,2.0,16.0
00-0029604,Kirk Cousins,2021,11,MIN,GB,35,24,341.0,3,0.0,20.69339,406.0,142.0,17.0,0.8399015,0.28489316,2.0,23.0
00-0029604,Kirk Cousins,2021,12,MIN,SF,32,20,238.0,2,1.0,-0.42686802,227.0,124.0,12.0,1.0484581,0.07071473,1.0,6.0
00-0029604,Kirk Cousins,2021,13,MIN,DET,40,30,340.0,2,0.0,5.3865085,335.0,135.0,19.0,1.0149254,0.14226824,3.0,14.0
00-0029604,Kirk Cousins,2021,14,MIN,PIT,31,14,216.0,2,2.0,-9.677463,347.0,69.0,8.0,0.62247837,-0.074847184,0.0,-0.0
00-0029604,Kirk Cousins,2021,15,MIN,CHI,24,12,87.0,2,1.0,-6.69568,283.0,30.0,5.0,0.3074205,0.0023505583,4.0,26.0
00-0029604,Kirk Cousins,2021,16,MIN,LA,38,27,315.0,1,1.0,2.0842438,354.0,155.0,14.0,0.8898305,0.09632693,3.0,20.0
00-0029604,Kirk Cousins,2021,18,MIN,CHI,22,14,250.0,3,0.0,8.121575,295.0,43.0,8.0,0.84745765,0.16905044,3.0,23.0
00-0029692,Bryan Anger,2021,19,DAL,SF,1,1,16.0,0,0.0,3.8561704,8.0,8.0,1.0,2.0,,0.0,-0.0
00-0029701,Ryan Tannehill,2021,1,TEN,ARI,35,21,212.0,1,1.0,-19.695787,270.0,79.0,11.0,0.78518516,-0.004419122,6.0,56.0
00-0029701,Ryan Tannehill,2021,2,TEN,SEA,40,27,347.0,0,0.0,7.436185,402.0,111.0,16.0,0.8631841,0.17632844,3.0,27.0
00-0029701,Ryan Tannehill,2021,3,TEN,IND,27,18,197.0,3,2.0,3.2950428,176.0,113.0,11.0,1.1193181,0.19224249,1.0,9.0
00-0029701,Ryan Tannehill,2021,4,TEN,NYJ,49,30,298.0,1,0.0,-0.79489523,393.0,194.0,17.0,0.7582697,0.044963337,7.0,45.0
00-0029701,Ryan Tannehill,2021,5,TEN,JAX,22,14,197.0,1,0.0,6.578955,166.0,104.0,10.0,1.186747,0.20097758,3.0,13.0
00-0029701,Ryan Tannehill,2021,6,TEN,BUF,29,18,216.0,0,1.0,7.008122,254.0,84.0,9.0,0.8503937,0.14590411,0.0,-0.0
00-0029701,Ryan Tannehill,2021,7,TEN,KC,27,21,270.0,1,1.0,14.039083,201.0,131.0,12.0,1.3432835,0.33080232,1.0,9.0
00-0029701,Ryan Tannehill,2021,8,TEN,IND,33,23,265.0,3,2.0,7.834144,221.0,129.0,10.0,1.199095,0.1773155,3.0,18.0
00-0029701,Ryan Tannehill,2021,9,TEN,LA,27,19,143.0,1,1.0,-4.2388873,109.0,103.0,9.0,1.3119266,0.07854896,3.0,18.0
00-0029701,Ryan Tannehill,2021,10,TEN,NO,27,19,213.0,1,0.0,2.4384172,134.0,133.0,10.0,1.5895523,0.12591904,2.0,15.0
00-0029701,Ryan Tannehill,2021,11,TEN,HOU,52,35,323.0,2,4.0,-9.988982,441.0,122.0,19.0,0.7324263,0.047940113,2.0,6.0
00-0029701,Ryan Tannehill,2021,12,TEN,NE,21,11,93.0,1,1.0,-9.411108,128.0,34.0,6.0,0.7265625,-0.046389002,2.0,8.0
00-0029701,Ryan Tannehill,2021,14,TEN,JAX,31,20,191.0,0,0.0,0.7565334,147.0,119.0,10.0,1.2993197,0.10210714,4.0,30.0
00-0029701,Ryan Tannehill,2021,15,TEN,PIT,32,23,153.0,0,1.0,-8.646829,221.0,77.0,8.0,0.6923077,0.058033243,4.0,36.0
00-0029701,Ryan Tannehill,2021,16,TEN,SF,29,22,209.0,1,0.0,7.7567096,230.0,63.0,11.0,0.90869564,0.193412,4.0,21.0
00-0029701,Ryan Tannehill,2021,17,TEN,MIA,18,13,120.0,2,0.0,1.5083646,134.0,76.0,7.0,0.8955224,0.16412161,1.0,10.0
00-0029701,Ryan Tannehill,2021,18,TEN,HOU,32,23,287.0,4,0.0,18.735546,327.0,106.0,16.0,0.87767583,0.29992786,1.0,6.0
00-0029701,Ryan Tannehill,2021,20,TEN,CIN,24,15,220.0,1,3.0,-4.4513183,261.0,47.0,9.0,0.8429119,0.024170164,1.0,7.0
00-0029747,Chris Banjo,2021,17,ARI,DAL,1,1,23.0,0,0.0,3.7315283,19.0,4.0,1.0,1.2105263,,0.0,-0.0
00-0030279,Keenan Allen,2021,15,LAC,KC,1,0,0.0,0,0.0,-0.49345556,14.0,0.0,0.0,0.0,,0.0,-0.0
00-0030288,Rex Burkhead,2021,8,HOU,LA,1,0,0.0,0,0.0,-0.49312064,7.0,0.0,0.0,0.0,,0.0,-0.0
00-0030506,Travis Kelce,2021,19,KC,PIT,1,1,2.0,1,0.0,0.70204556,2.0,0.0,1.0,1.0,,0.0,-0.0
00-0030520,Mike Glennon,2021,5,NYG,DAL,25,16,196.0,1,2.0,-2.8583272,206.0,97.0,11.0,0.9514563,0.06558288,0.0,-0.0
00-0030520,Mike Glennon,2021,13,NYG,MIA,44,23,187.0,0,1.0,-12.705808,327.0,102.0,10.0,0.57186544,0.004577782,3.0,28.0
00-0030520,Mike Glennon,2021,14,NYG,LAC,36,17,191.0,2,1.0,-10.443364,295.0,110.0,8.0,0.6474576,-0.06454031,2.0,10.0
00-0030520,Mike Glennon,2021,15,NYG,DAL,24,13,99.0,0,3.0,-14.414639,184.0,45.0,6.0,0.5380435,-0.021596588,0.0,-0.0
00-0030520,Mike Glennon,2021,16,NYG,PHI,27,17,93.0,1,1.0,-4.8540053,143.0,37.0,6.0,0.6503497,0.026009193,0.0,-0.0
00-0030520,Mike Glennon,2021,17,NYG,CHI,11,4,24.0,0,2.0,-35.56482,55.0,24.0,2.0,0.43636364,-0.06786209,4.0,30.0
00-0030565,Geno Smith,2021,5,SEA,LA,17,10,131.0,1,1.0,4.380407,150.0,81.0,7.0,0.87333333,0.1520445,0.0,-0.0
00-0030565,Geno Smith,2021,6,SEA,PIT,32,23,209.0,1,0.0,-7.984437,99.0,133.0,9.0,2.1111112,0.029514547,5.0,44.0
00-0030565,Geno Smith,2021,7,SEA,NO,22,12,167.0,1,0.0,-3.941079,219.0,108.0,6.0,0.7625571,0.01703509,5.0,38.0
00-0030565,Geno Smith,2021,8,SEA,JAX,24,20,195.0,2,0.0,6.3083687,196.0,38.0,9.0,0.99489796,0.30782372,3.0,35.0
00-0030578,Cordarrelle Patterson,2021,5,ATL,NYJ,1,0,0.0,0,0.0,-0.59963995,18.0,0.0,0.0,0.0,,0.0,-0.0
00-0030669,Albert Wilson,2021,11,MIA,NYJ,1,0,0.0,0,0.0,-0.9979545,5.0,0.0,0.0,0.0,,0.0,-0.0
00-0031136,Chris Boswell,2021,8,PIT,CLE,1,0,0.0,0,0.0,-3.0074847,10.0,0.0,0.0,0.0,,0.0,-0.0
00-0031235,Odell Beckham,2021,19,LA,ARI,1,1,40.0,0,0.0,2.278347,26.0,14.0,1.0,1.5384616,,0.0,-0.0
00-0031237,Teddy Bridgewater,2021,1,DEN,NYG,36,28,264.0,2,0.0,23.347826,312.0,87.0,17.0,0.84615386,0.32860216,2.0,9.0
00-0031237,Teddy Bridgewater,2021,2,DEN,JAX,34,26,328.0,2,0.0,8.952236,389.0,131.0,11.0,0.8431877,0.24926698,3.0,26.0
00-0031237,Teddy Bridgewater,2021,3,DEN,NYJ,25,19,235.0,0,0.0,11.93402,200.0,98.0,10.0,1.175,0.28866804,2.0,12.0
00-0031237,Teddy Bridgewater,2021,4,DEN,BAL,16,7,65.0,1,0.0,-6.994167,158.0,36.0,5.0,0.4113924,-0.066179544,2.0,15.0
00-0031237,Teddy Bridgewater,2021,5,DEN,PIT,38,24,288.0,2,1.0,8.219282,336.0,63.0,14.0,0.85714287,0.14586127,2.0,20.0
00-0031237,Teddy Bridgewater,2021,6,DEN,LV,49,35,334.0,3,3.0,3.8610554,491.0,121.0,18.0,0.6802444,0.10804852,5.0,25.0
00-0031237,Teddy Bridgewater,2021,7,DEN,CLE,33,23,187.0,2,1.0,6.326555,174.0,102.0,11.0,1.0747126,0.14944847,2.0,5.0
00-0031237,Teddy Bridgewater,2021,8,DEN,WAS,26,19,213.0,1,0.0,3.6067927,185.0,84.0,10.0,1.1513513,0.11950678,4.0,23.0
00-0031237,Teddy Bridgewater,2021,9,DEN,DAL,28,19,249.0,1,0.0,8.002983,225.0,145.0,9.0,1.1066667,0.20578773,4.0,32.0
00-0031237,Teddy Bridgewater,2021,10,DEN,PHI,36,22,226.0,0,0.0,-5.2648163,208.0,120.0,9.0,1.0865384,0.0018445964,1.0,14.0
00-0031237,Teddy Bridgewater,2021,12,DEN,LAC,18,11,129.0,1,0.0,7.7538147,121.0,90.0,8.0,1.0661157,0.17387019,0.0,-0.0
00-0031237,Teddy Bridgewater,2021,13,DEN,KC,40,22,257.0,1,2.0,-9.983298,269.0,172.0,10.0,0.95539033,-0.025559442,1.0,7.0
00-0031237,Teddy Bridgewater,2021,14,DEN,DET,25,18,179.0,2,0.0,8.901605,186.0,75.0,10.0,0.96236557,0.21617824,1.0,5.0
00-0031237,Teddy Bridgewater,2021,15,DEN,CIN,22,12,98.0,0,0.0,-10.708317,170.0,63.0,4.0,0.5764706,-0.024269735,2.0,18.0
00-0031280,Derek Carr,2021,1,LV,BAL,56,34,435.0,2,1.0,9.616167,550.0,169.0,17.0,0.7909091,0.08724928,3.0,26.0
00-0031280,Derek Carr,2021,2,LV,PIT,37,28,382.0,2,0.0,20.622717,303.0,154.0,17.0,1.2607261,0.26364905,2.0,9.0
00-0031280,Derek Carr,2021,3,LV,MIA,43,26,386.0,2,1.0,6.6250396,399.0,186.0,18.0,0.96741855,0.1356503,3.0,29.0
00-0031280,Derek Carr,2021,4,LV,LAC,34,21,196.0,2,1.0,-7.5750103,294.0,64.0,8.0,0.6666667,0.011103058,4.0,31.0
00-0031280,Derek Carr,2021,5,LV,CHI,35,22,206.0,0,1.0,-8.348696,319.0,109.0,7.0,0.64576805,-0.012595669,3.0,18.0
00-0031280,Derek Carr,2021,6,LV,DEN,27,18,341.0,2,0.0,16.49432,320.0,128.0,11.0,1.065625,0.27517378,2.0,1.0
00-0031280,Derek Carr,2021,7,LV,PHI,34,31,323.0,2,1.0,18.34278,193.0,146.0,16.0,1.6735752,0.29025203,0.0,-0.0
00-0031280,Derek Carr,2021,9,LV,NYG,46,30,296.0,1,2.0,-7.3401103,266.0,187.0,15.0,1.112782,0.008736888,1.0,10.0
00-0031280,Derek Carr,2021,10,LV,KC,35,25,261.0,2,1.0,-0.018985141,256.0,129.0,11.0,1.0195312,0.068214215,2.0,12.0
00-0031280,Derek Carr,2021,11,LV,CIN,27,19,215.0,1,1.0,-8.895418,232.0,88.0,8.0,0.92672414,0.04394488,2.0,9.0
00-0031280,Derek Carr,2021,12,LV,DAL,39,24,373.0,1,0.0,7.770534,376.0,224.0,14.0,0.99202126,0.19528414,3.0,7.0
00-0031280,Derek Carr,2021,13,LV,WAS,38,28,249.0,0,0.0,0.3422641,357.0,133.0,14.0,0.697479,0.10979082,2.0,15.0
00-0031280,Derek Carr,2021,14,LV,KC,45,33,263.0,1,1.0,-3.0044277,193.0,189.0,13.0,1.3626943,0.0747414,4.0,17.0
00-0031280,Derek Carr,2021,15,LV,CLE,38,25,236.0,1,1.0,-0.5174525,331.0,108.0,14.0,0.71299094,0.06514591,2.0,6.0
00-0031280,Derek Carr,2021,16,LV,DEN,25,20,201.0,1,1.0,-5.2079735,141.0,73.0,11.0,1.4255319,0.10663721,2.0,19.0
00-0031280,Derek Carr,2021,17,LV,IND,31,24,255.0,1,2.0,5.65745,274.0,98.0,13.0,0.9306569,0.16753344,2.0,14.0
00-0031280,Derek Carr,2021,18,LV,LAC,36,20,186.0,2,0.0,-4.2616777,280.0,98.0,10.0,0.6642857,0.050551493,3.0,18.0
00-0031280,Derek Carr,2021,19,LV,CIN,54,29,310.0,1,1.0,-0.045623682,411.0,123.0,15.0,0.7542579,0.049336735,3.0,28.0
00-0031345,Jimmy Garoppolo,2021,1,SF,DET,25,17,314.0,1,0.0,20.32355,162.0,188.0,12.0,1.9382716,0.26801926,1.0,8.0
00-0031345,Jimmy Garoppolo,2021,2,SF,PHI,30,22,189.0,1,0.0,6.493262,119.0,127.0,9.0,1.5882353,0.1667068,0.0,-0.0
00-0031345,Jimmy Garoppolo,2021,3,SF,GB,40,25,257.0,2,1.0,0.66832113,261.0,114.0,15.0,0.98467433,0.094553605,4.0,26.0
00-0031345,Jimmy Garoppolo,2021,4,SF,SEA,23,14,165.0,1,1.0,-1.2354331,225.0,56.0,8.0,0.73333335,0.019457093,1.0,7.0
00-0031345,Jimmy Garoppolo,2021,7,SF,IND,27,16,181.0,1,2.0,-9.726978,237.0,49.0,8.0,0.76371306,0.00222507,2.0,12.0
00-0031345,Jimmy Garoppolo,2021,8,SF,CHI,28,17,322.0,0,0.0,14.655105,248.0,163.0,12.0,1.298387,0.21335001,0.0,-0.0
00-0031345,Jimmy Garoppolo,2021,9,SF,ARI,40,28,326.0,2,1.0,5.5657506,355.0,132.0,17.0,0.91830987,0.11755926,5.0,28.0
00-0031345,Jimmy Garoppolo,2021,10,SF,LA,19,15,182.0,2,0.0,15.410128,125.0,93.0,9.0,1.456,0.3201399,1.0,3.0
00-0031345,Jimmy Garoppolo,2021,11,SF,JAX,22,16,176.0,2,0.0,10.0378065,141.0,71.0,8.0,1.248227,0.30177936,2.0,14.0
00-0031345,Jimmy Garoppolo,2021,12,SF,MIN,26,17,230.0,1,1.0,3.2568197,227.0,124.0,10.0,1.0132159,0.07608571,2.0,15.0
00-0031345,Jimmy Garoppolo,2021,13,SF,SEA,30,20,299.0,2,2.0,1.7457136,218.0,165.0,11.0,1.3715596,0.088743456,1.0,5.0
00-0031345,Jimmy Garoppolo,2021,14,SF,CIN,41,27,296.0,2,0.0,6.742631,361.0,123.0,14.0,0.8199446,0.12639035,5.0,41.0
00-0031345,Jimmy Garoppolo,2021,15,SF,ATL,23,18,235.0,1,0.0,12.071359,132.0,148.0,11.0,1.780303,0.27297977,0.0,-0.0
00-0031345,Jimmy Garoppolo,2021,16,SF,TEN,35,26,322.0,1,2.0,3.3737984,226.0,241.0,14.0,1.4247788,0.094630174,2.0,16.0
00-0031345,Jimmy Garoppolo,2021,18,SF,LA,32,23,316.0,1,2.0,3.6930299,269.0,172.0,14.0,1.1747212,0.11923493,3.0,26.0
00-0031345,Jimmy Garoppolo,2021,19,SF,DAL,25,16,172.0,0,1.0,0.15928061,154.0,89.0,10.0,1.1168832,0.05780607,0.0,-0.0
00-0031345,Jimmy Garoppolo,2021,20,SF,GB,19,11,131.0,0,1.0,-7.5076923,109.0,86.0,7.0,1.2018349,-0.019152826,4.0,25.0
00-0031345,Jimmy Garoppolo,2021,21,SF,LA,30,16,232.0,2,1.0,6.097215,163.0,143.0,13.0,1.4233129,0.019794408,0.0,-0.0
00-0031395,Garrett Gilbert,2021,15,WAS,PHI,31,20,194.0,0,0.0,-2.7503932,197.0,97.0,8.0,0.98477155,0.045351148,2.0,20.0
00-0031503,Jameis Winston,2021,1,NO,GB,20,14,148.0,5,0.0,16.496807,152.0,55.0,9.0,0.9736842,0.39430347,0.0,-0.0
00-0031503,Jameis Winston,2021,2,NO,CAR,22,11,111.0,0,2.0,-18.644943,159.0,47.0,3.0,0.6981132,-0.019577948,4.0,31.0
00-0031503,Jameis Winston,2021,3,NO,NE,21,13,128.0,2,0.0,5.266919,203.0,51.0,9.0,0.63054186,0.122543745,3.0,18.0
00-0031503,Jameis Winston,2021,4,NO,NYG,23,17,226.0,1,0.0,10.945807,146.0,111.0,11.0,1.5479453,0.1875873,0.0,-0.0
00-0031503,Jameis Winston,2021,5,NO,WAS,30,15,279.0,4,1.0,7.178354,365.0,126.0,12.0,0.76438355,0.13949427,2.0,8.0
00-0031503,Jameis Winston,2021,7,NO,SEA,35,19,222.0,1,0.0,-0.30584228,297.0,151.0,10.0,0.74747473,0.06622933,2.0,12.0
00-0031503,Jameis Winston,2021,8,NO,TB,10,6,56.0,1,0.0,0.8732868,18.0,37.0,2.0,3.1111112,0.14256363,0.0,-0.0
00-0031543,Ty Long,2021,4,LAC,LV,1,0,0.0,0,0.0,-2.7671607,10.0,0.0,0.0,0.0,,0.0,-0.0
00-0031800,Taylor Heinicke,2021,1,WAS,LAC,15,11,122.0,1,0.0,4.82713,111.0,38.0,6.0,1.099099,0.23702034,0.0,-0.0
00-0031800,Taylor Heinicke,2021,2,WAS,NYG,46,34,336.0,2,1.0,0.89981884,349.0,147.0,13.0,0.96275073,0.10660426,1.0,16.0
00-0031800,Taylor Heinicke,2021,3,WAS,BUF,24,14,212.0,2,2.0,4.8500795,165.0,148.0,8.0,1.2848485,0.019854382,1.0,-0.0
00-0031800,Taylor Heinicke,2021,4,WAS,ATL,33,23,290.0,3,0.0,19.025005,295.0,144.0,16.0,0.9830508,0.25897834,1.0,-0.0
00-0031800,Taylor Heinicke,2021,5,WAS,NO,41,20,248.0,0,2.0,-12.3622675,398.0,108.0,11.0,0.6231156,-0.042333823,2.0,6.0
00-0031800,Taylor Heinicke,2021,6,WAS,KC,39,24,182.0,1,1.0,-5.716055,275.0,133.0,8.0,0.6618182,-0.013180512,0.0,-0.0
00-0031800,Taylor Heinicke,2021,7,WAS,GB,37,25,268.0,1,1.0,-10.545094,257.0,132.0,15.0,1.0428015,0.04494897,4.0,33.0
00-0031800,Taylor Heinicke,2021,8,WAS,DEN,39,24,270.0,1,2.0,-2.634096,285.0,185.0,14.0,0.94736844,0.019224731,5.0,40.0
00-0031800,Taylor Heinicke,2021,10,WAS,TB,32,26,256.0,1,0.0,8.65961,231.0,94.0,13.0,1.1082251,0.20541726,5.0,30.0
00-0031800,Taylor Heinicke,2021,11,WAS,CAR,22,16,206.0,3,0.0,13.535313,241.0,53.0,10.0,0.8547718,0.37833783,3.0,27.0
00-0031800,Taylor Heinicke,2021,12,WAS,SEA,35,27,223.0,1,1.0,6.288838,189.0,161.0,13.0,1.1798942,0.15305613,1.0,4.0
00-0031800,Taylor Heinicke,2021,13,WAS,LV,30,23,196.0,2,1.0,5.5296826,202.0,84.0,12.0,0.97029704,0.20090254,1.0,10.0
00-0031800,Taylor Heinicke,2021,14,WAS,DAL,25,11,122.0,1,1.0,-23.942326,275.0,57.0,5.0,0.44363636,-0.05423838,4.0,46.0
00-0031800,Taylor Heinicke,2021,16,WAS,DAL,22,7,121.0,1,2.0,-22.93076,181.0,71.0,5.0,0.6685083,-0.123760305,4.0,16.0
00-0031800,Taylor Heinicke,2021,17,WAS,PHI,36,27,247.0,0,1.0,-4.650788,181.0,133.0,14.0,1.3646408,0.066778705,3.0,29.0
00-0031800,Taylor Heinicke,2021,18,WAS,NYG,18,9,120.0,0,0.0,-7.350408,144.0,59.0,4.0,0.8333333,-0.015945476,3.0,21.0
00-0032156,Trevor Siemian,2021,8,NO,TB,29,16,159.0,1,0.0,-0.7507225,171.0,67.0,10.0,0.9298246,0.040106446,1.0,6.0
00-0032156,Trevor Siemian,2021,9,NO,ATL,41,25,249.0,2,0.0,-4.9841323,298.0,118.0,15.0,0.83557045,0.026428223,1.0,15.0
00-0032156,Trevor Siemian,2021,10,NO,TEN,34,19,298.0,2,0.0,6.693474,322.0,120.0,13.0,0.9254658,0.07817395,4.0,22.0
00-0032156,Trevor Siemian,2021,11,NO,PHI,40,22,214.0,3,2.0,-7.3081036,273.0,70.0,12.0,0.7838828,0.0150676705,0.0,-0.0
00-0032156,Trevor Siemian,2021,12,NO,BUF,29,17,163.0,1,1.0,-4.1582446,169.0,92.0,7.0,0.964497,-0.021166291,2.0,17.0
00-0032156,Trevor Siemian,2021,18,NO,ATL,15,9,71.0,2,0.0,3.8034236,96.0,40.0,4.0,0.7395833,0.10090729,1.0,4.0
00-0032245,Sean Mannion,2021,17,MIN,GB,36,22,189.0,1,0.0,-10.911595,233.0,94.0,8.0,0.8111588,-0.003662178,2.0,15.0
00-0032268,Marcus Mariota,2021,17,LV,IND,1,0,0.0,0,0.0,-0.56126195,35.0,0.0,0.0,0.0,,0.0,-0.0
00-0032268,Marcus Mariota,2021,18,LV,LAC,1,1,4.0,0,0.0,-0.15916647,-4.0,8.0,0.0,0.0,,0.0,-0.0
00-0032434,Brandon Allen,2021,6,CIN,DET,1,1,7.0,1,0.0,1.6770281,0.0,7.0,1.0,0.0,,0.0,-0.0
00-0032434,Brandon Allen,2021,9,CIN,CLE,2,1,6.0,0,0.0,-0.48278475,4.0,4.0,0.0,1.5,,0.0,-0.0
00-0032434,Brandon Allen,2021,12,CIN,PIT,1,0,0.0,0,0.0,-1.0887799,6.0,0.0,0.0,0.0,,0.0,-0.0
00-0032434,Brandon Allen,2021,17,CIN,KC,1,0,0.0,0,0.0,-0.43665925,0.0,0.0,0.0,,,0.0,-0.0
00-0032434,Brandon Allen,2021,18,CIN,CLE,29,15,136.0,1,0.0,-10.3138895,164.0,109.0,4.0,0.8292683,-0.064547315,4.0,33.0
00-0032496,Matthias Farley,2021,1,TEN,ARI,1,1,6.0,0,0.0,3.0622718,4.0,2.0,1.0,1.5,,0.0,-0.0
00-0032764,Derrick Henry,2021,7,TEN,KC,1,1,5.0,1,0.0,1.0320903,5.0,0.0,1.0,1.0,,0.0,-0.0
00-0032943,Riley Dixon,2021,14,NYG,LAC,1,0,0.0,0,0.0,-2.8510377,13.0,0.0,0.0,0.0,,0.0,-0.0
00-0032950,Carson Wentz,2021,1,IND,SEA,38,25,251.0,2,0.0,0.30334204,208.0,148.0,14.0,1.2067307,0.044688318,3.0,28.0
00-0032950,Carson Wentz,2021,2,IND,LA,31,20,247.0,1,1.0,-2.3248837,231.0,125.0,11.0,1.069264,0.042625226,3.0,27.0
00-0032950,Carson Wentz,2021,3,IND,TEN,37,19,194.0,0,0.0,-8.5595455,198.0,114.0,8.0,0.97979796,-0.018380813,2.0,16.0
00-0032950,Carson Wentz,2021,4,IND,MIA,32,24,228.0,2,0.0,9.91463,282.0,69.0,9.0,0.80851066,0.24166058,2.0,18.0
00-0032950,Carson Wentz,2021,5,IND,BAL,35,25,402.0,2,0.0,17.466276,204.0,225.0,16.0,1.9705882,0.21953274,2.0,12.0
00-0032950,Carson Wentz,2021,6,IND,HOU,20,11,223.0,2,0.0,6.661802,244.0,52.0,8.0,0.9139344,0.13687834,2.0,9.0
00-0032950,Carson Wentz,2021,7,IND,SF,26,17,150.0,2,0.0,-3.2269902,191.0,70.0,6.0,0.7853403,0.12514926,1.0,3.0
00-0032950,Carson Wentz,2021,8,IND,TEN,51,27,231.0,3,2.0,-13.00845,506.0,120.0,10.0,0.45652175,-0.008945912,1.0,7.0
00-0032950,Carson Wentz,2021,9,IND,NYJ,30,22,272.0,3,0.0,15.912246,269.0,159.0,17.0,1.0111524,0.26092553,1.0,-0.0
00-0032950,Carson Wentz,2021,10,IND,JAX,34,22,180.0,0,0.0,-3.1665616,166.0,103.0,9.0,1.0843374,-0.006599842,1.0,12.0
00-0032950,Carson Wentz,2021,11,IND,BUF,20,11,106.0,1,0.0,5.5451074,117.0,58.0,6.0,0.9059829,0.09161182,0.0,-0.0
00-0032950,Carson Wentz,2021,12,IND,TB,44,27,306.0,3,2.0,0.98793983,408.0,92.0,15.0,0.75,0.059452202,3.0,21.0
00-0032950,Carson Wentz,2021,13,IND,HOU,22,16,158.0,1,0.0,2.6086473,154.0,76.0,8.0,1.025974,0.1238088,1.0,7.0
00-0032950,Carson Wentz,2021,15,IND,NE,12,5,57.0,1,1.0,-7.869019,112.0,30.0,3.0,0.5089286,-0.11488878,1.0,8.0
00-0032950,Carson Wentz,2021,16,IND,ARI,28,18,225.0,2,0.0,8.960768,190.0,87.0,11.0,1.1842105,0.12539892,2.0,5.0
00-0032950,Carson Wentz,2021,17,IND,LV,27,16,148.0,1,0.0,-5.40274,158.0,51.0,6.0,0.93670887,0.015523442,1.0,8.0
00-0032950,Carson Wentz,2021,18,IND,JAX,29,17,185.0,1,1.0,-11.955838,299.0,71.0,8.0,0.6187291,0.0021861629,6.0,46.0
00-0033009,Tyler Boyd,2021,8,CIN,NYJ,1,1,46.0,0,0.0,3.1924436,-4.0,50.0,1.0,0.0,,0.0,-0.0
00-0033045,Ezekiel Elliott,2021,10,DAL,ATL,1,1,4.0,0,0.0,-0.793114,-4.0,8.0,0.0,0.0,,0.0,-0.0
00-0033077,Dak Prescott,2021,1,DAL,TB,58,42,403.0,3,1.0,14.206179,382.0,198.0,21.0,1.0549738,0.16272041,1.0,12.0
00-0033077,Dak Prescott,2021,2,DAL,LAC,27,23,237.0,0,1.0,-1.6675556,137.0,161.0,13.0,1.7299271,0.12545344,2.0,16.0
00-0033077,Dak Prescott,2021,3,DAL,PHI,26,21,238.0,3,0.0,11.57162,243.0,103.0,14.0,0.9794239,0.19116011,4.0,18.0
00-0033077,Dak Prescott,2021,4,DAL,CAR,22,14,188.0,4,0.0,8.515061,157.0,90.0,10.0,1.1974522,0.16962264,0.0,-0.0
00-0033077,Dak Prescott,2021,5,DAL,NYG,32,22,302.0,3,1.0,10.3440275,276.0,106.0,12.0,1.0942029,0.1528643,2.0,10.0
00-0033077,Dak Prescott,2021,6,DAL,NE,51,36,445.0,3,1.0,23.442623,458.0,197.0,25.0,0.97161573,0.20754552,0.0,-0.0
00-0033077,Dak Prescott,2021,9,DAL,DEN,39,19,232.0,2,1.0,-8.322385,469.0,106.0,11.0,0.4946695,-0.05100428,2.0,20.0
00-0033077,Dak Prescott,2021,10,DAL,ATL,31,24,296.0,2,0.0,22.659435,179.0,168.0,14.0,1.6536313,0.35519224,0.0,-0.0
00-0033077,Dak Prescott,2021,11,DAL,KC,43,28,216.0,0,2.0,-15.437384,325.0,150.0,14.0,0.6646154,0.038841747,5.0,22.0
00-0033077,Dak Prescott,2021,12,DAL,LV,47,32,375.0,2,0.0,7.043334,351.0,158.0,13.0,1.0683761,0.09344218,1.0,2.0
00-0033077,Dak Prescott,2021,13,DAL,NO,40,26,238.0,1,1.0,-8.356303,337.0,93.0,10.0,0.7062315,0.012435809,1.0,7.0
00-0033077,Dak Prescott,2021,14,DAL,WAS,39,22,211.0,1,2.0,-11.266134,243.0,104.0,11.0,0.8683128,-0.049927514,4.0,10.0
00-0033077,Dak Prescott,2021,15,DAL,NYG,37,28,217.0,1,0.0,0.35440874,227.0,96.0,14.0,0.95594716,0.09494011,3.0,14.0
00-0033077,Dak Prescott,2021,16,DAL,WAS,39,28,330.0,4,0.0,18.8031,431.0,102.0,18.0,0.76566124,0.23691541,3.0,11.0
00-0033077,Dak Prescott,2021,17,DAL,ARI,38,24,226.0,3,0.0,11.934281,186.0,109.0,14.0,1.2150538,0.051931944,1.0,1.0
00-0033077,Dak Prescott,2021,18,DAL,PHI,27,21,295.0,5,0.0,25.24415,228.0,87.0,13.0,1.2938596,0.3939225,1.0,1.0
00-0033077,Dak Prescott,2021,19,DAL,SF,43,23,254.0,1,1.0,-14.055359,372.0,98.0,11.0,0.6827957,-0.02442764,5.0,40.0
00-0033106,Jared Goff,2021,1,DET,SF,57,38,338.0,3,1.0,-8.954858,351.0,190.0,19.0,0.962963,0.020482948,3.0,24.0
00-0033106,Jared Goff,2021,2,DET,GB,36,26,246.0,2,1.0,-0.5681897,234.0,158.0,11.0,1.051282,0.086889155,1.0,10.0
00-0033106,Jared Goff,2021,3,DET,BAL,30,22,217.0,0,0.0,3.1394322,144.0,167.0,13.0,1.5069444,0.11971624,2.0,25.0
00-0033106,Jared Goff,2021,4,DET,CHI,38,24,299.0,2,0.0,4.7839746,326.0,140.0,15.0,0.9171779,0.07459401,4.0,38.0
00-0033106,Jared Goff,2021,5,DET,MIN,35,21,203.0,0,1.0,-15.135028,227.0,146.0,11.0,0.8942731,0.019988986,4.0,23.0
00-0033106,Jared Goff,2021,6,DET,CIN,42,28,202.0,0,1.0,-8.064824,268.0,89.0,12.0,0.75373137,0.010633841,1.0,10.0
00-0033106,Jared Goff,2021,7,DET,LA,36,22,268.0,1,2.0,-1.557264,132.0,187.0,10.0,2.030303,0.012146391,2.0,7.0
00-0033106,Jared Goff,2021,8,DET,PHI,34,25,222.0,0,0.0,-10.581258,199.0,117.0,11.0,1.1155779,0.07259704,5.0,45.0
00-0033106,Jared Goff,2021,10,DET,PIT,25,14,114.0,0,0.0,-12.156797,134.0,84.0,5.0,0.8507463,-0.041486114,4.0,37.0
00-0033106,Jared Goff,2021,12,DET,CHI,25,21,171.0,2,0.0,0.96173286,162.0,80.0,8.0,1.0555556,0.11971465,1.0,8.0
00-0033106,Jared Goff,2021,13,DET,MIN,41,25,296.0,3,1.0,3.6784952,330.0,90.0,14.0,0.8969697,0.036140077,3.0,24.0
00-0033106,Jared Goff,2021,14,DET,DEN,39,24,215.0,1,1.0,-8.548758,278.0,89.0,9.0,0.7733813,0.00264786,2.0,17.0
00-0033106,Jared Goff,2021,15,DET,ARI,26,21,216.0,3,0.0,13.537594,152.0,94.0,13.0,1.4210526,0.27299744,2.0,4.0
00-0033106,Jared Goff,2021,18,DET,GB,30,21,238.0,2,0.0,10.669662,211.0,123.0,11.0,1.1279621,0.2106486,1.0,8.0
00-0033119,Jacoby Brissett,2021,2,MIA,BUF,40,24,169.0,0,1.0,-14.200013,218.0,65.0,9.0,0.77522933,-0.020974709,4.0,24.0
00-0033119,Jacoby Brissett,2021,3,MIA,LV,49,32,215.0,0,0.0,-3.349618,391.0,73.0,13.0,0.5498721,0.030808708,2.0,18.0
00-0033119,Jacoby Brissett,2021,4,MIA,IND,30,20,199.0,2,0.0,-0.5592807,230.0,59.0,10.0,0.8652174,0.07158745,3.0,31.0
00-0033119,Jacoby Brissett,2021,5,MIA,TB,39,27,275.0,2,1.0,-1.0711509,250.0,159.0,13.0,1.1,0.07578976,3.0,13.0
00-0033119,Jacoby Brissett,2021,6,MIA,JAX,1,1,25.0,0,0.0,2.2277987,23.0,2.0,1.0,1.0869565,,0.0,-0.0
00-0033119,Jacoby Brissett,2021,9,MIA,HOU,43,26,244.0,1,2.0,-3.208619,396.0,78.0,16.0,0.61616164,0.047496375,4.0,29.0
00-0033119,Jacoby Brissett,2021,10,MIA,BAL,23,11,156.0,0,0.0,-1.995143,195.0,72.0,7.0,0.8,-0.007751651,2.0,17.0
00-0033275,P.J. Walker,2021,7,CAR,NYG,14,3,33.0,0,0.0,-13.290194,171.0,12.0,2.0,0.19298245,-0.16941808,3.0,16.0
00-0033275,P.J. Walker,2021,8,CAR,ATL,1,0,0.0,0,0.0,-0.257557,1.0,0.0,0.0,0.0,,0.0,-0.0
00-0033275,P.J. Walker,2021,10,CAR,ARI,29,22,167.0,0,1.0,4.375347,118.0,98.0,9.0,1.4152542,0.05618986,0.0,-0.0
00-0033275,P.J. Walker,2021,12,CAR,MIA,10,5,87.0,0,1.0,-5.332401,160.0,8.0,3.0,0.54375,0.03499982,4.0,31.0
00-0033275,P.J. Walker,2021,14,CAR,ATL,12,6,75.0,1,1.0,-0.99732155,144.0,19.0,5.0,0.5208333,-0.021039562,0.0,-0.0
00-0033307,Kendrick Bourne,2021,7,NE,NYJ,1,1,25.0,1,0.0,2.347831,22.0,3.0,1.0,1.1363636,,0.0,-0.0
00-0033319,Nick Mullens,2021,15,CLE,LV,30,20,147.0,1,0.0,2.1646621,213.0,71.0,9.0,0.69014084,0.10892058,0.0,-0.0
00-0033357,Taysom Hill,2021,1,NO,GB,1,1,3.0,0,0.0,0.3705094,0.0,3.0,1.0,0.0,,0.0,-0.0
00-0033357,Taysom Hill,2021,4,NO,NYG,3,2,9.0,0,1.0,-2.2969432,47.0,6.0,1.0,0.19148937,,0.0,-0.0
00-0033357,Taysom Hill,2021,9,NO,ATL,2,2,33.0,0,0.0,2.5959668,33.0,0.0,2.0,1.0,,0.0,-0.0
00-0033357,Taysom Hill,2021,10,NO,TEN,2,2,11.0,0,0.0,0.4033482,6.0,5.0,1.0,1.8333334,,0.0,-0.0
00-0033357,Taysom Hill,2021,13,NO,DAL,41,19,264.0,2,4.0,-22.099218,292.0,173.0,10.0,0.9041096,-0.105052836,2.0,12.0
00-0033357,Taysom Hill,2021,14,NO,NYJ,21,15,175.0,0,0.0,3.7940435,92.0,120.0,8.0,1.9021739,0.17468823,3.0,34.0
00-0033357,Taysom Hill,2021,15,NO,TB,27,13,154.0,0,0.0,-3.701112,242.0,49.0,5.0,0.6363636,-0.04446438,2.0,3.0
00-0033357,Taysom Hill,2021,17,NO,CAR,28,17,222.0,1,0.0,0.85909945,182.0,103.0,10.0,1.2197802,0.083631076,2.0,15.0
00-0033357,Taysom Hill,2021,18,NO,ATL,9,7,107.0,1,0.0,8.639663,97.0,62.0,5.0,1.1030928,0.34598085,0.0,-0.0
00-0033662,Cooper Rush,2021,8,DAL,MIN,40,24,325.0,2,1.0,2.221986,402.0,134.0,16.0,0.80845773,0.036365725,3.0,19.0
00-0033662,Cooper Rush,2021,10,DAL,ATL,3,3,17.0,0,0.0,-1.0704912,9.0,8.0,0.0,1.8888888,,0.0,-0.0
00-0033662,Cooper Rush,2021,16,DAL,WAS,3,2,70.0,1,0.0,6.13948,7.0,61.0,2.0,10.0,,0.0,-0.0
00-0033662,Cooper Rush,2021,18,DAL,PHI,1,1,10.0,0,0.0,0.7347194,6.0,4.0,0.0,1.6666666,,0.0,-0.0
00-0033681,Keelan Cole,2021,15,NYJ,MIA,1,0,0.0,0,0.0,-0.7408588,8.0,0.0,0.0,0.0,,0.0,-0.0
00-0033733,Greg Ward,2021,2,PHI,SF,1,0,0.0,0,0.0,-2.8042707,3.0,0.0,0.0,0.0,,0.0,-0.0
00-0033733,Greg Ward,2021,18,PHI,DAL,1,1,2.0,0,0.0,-0.5495584,-1.0,3.0,0.0,0.0,,0.0,-0.0
00-0033856,Leonard Fournette,2021,8,TB,NO,1,0,0.0,0,0.0,-0.66330147,0.0,0.0,0.0,,,0.0,-0.0
00-0033869,Mitchell Trubisky,2021,3,BUF,WAS,1,1,1.0,0,0.0,-0.2561313,1.0,0.0,0.0,1.0,,0.0,-0.0
00-0033869,Mitchell Trubisky,2021,4,BUF,HOU,1,1,8.0,0,0.0,0.51102257,2.0,6.0,0.0,4.0,,0.0,-0.0
00-0033869,Mitchell Trubisky,2021,11,BUF,IND,5,3,19.0,0,1.0,-3.2850804,26.0,8.0,1.0,0.7307692,-0.025617871,0.0,-0.0
00-0033869,Mitchell Trubisky,2021,18,BUF,NYJ,1,1,15.0,0,0.0,1.3690553,12.0,3.0,1.0,1.25,,0.0,-0.0
00-0033873,Patrick Mahomes,2021,1,KC,CLE,36,27,337.0,3,0.0,20.34653,335.0,136.0,17.0,1.0059701,0.31620976,2.0,13.0
00-0033873,Patrick Mahomes,2021,2,KC,BAL,31,24,343.0,3,1.0,17.198166,245.0,211.0,18.0,1.4,0.28334823,0.0,-0.0
00-0033873,Patrick Mahomes,2021,3,KC,LAC,44,27,260.0,3,2.0,11.102005,387.0,146.0,17.0,0.67183465,0.14338136,2.0,9.0
00-0033873,Patrick Mahomes,2021,4,KC,PHI,30,24,278.0,5,1.0,22.732895,219.0,117.0,16.0,1.2694064,0.35159138,1.0,7.0
00-0033873,Patrick Mahomes,2021,5,KC,BUF,54,33,272.0,2,2.0,-9.874957,363.0,138.0,16.0,0.74931127,0.042327054,2.0,-0.0
00-0033873,Patrick Mahomes,2021,6,KC,WAS,47,32,397.0,2,2.0,12.334406,350.0,167.0,21.0,1.1342857,0.18183681,3.0,7.0
00-0033873,Patrick Mahomes,2021,7,KC,TEN,35,20,206.0,0,1.0,-6.784651,249.0,106.0,10.0,0.82730925,-0.004694406,4.0,31.0
00-0033873,Patrick Mahomes,2021,8,KC,NYG,48,29,275.0,1,1.0,2.6945682,332.0,213.0,17.0,0.82831323,0.06060602,2.0,14.0
00-0033873,Patrick Mahomes,2021,9,KC,GB,37,20,166.0,1,0.0,-8.951695,331.0,103.0,9.0,0.50151056,-0.038223278,1.0,6.0
00-0033873,Patrick Mahomes,2021,10,KC,LV,50,35,406.0,5,0.0,24.89288,399.0,252.0,22.0,1.0175439,0.24375087,0.0,-0.0
00-0033873,Patrick Mahomes,2021,11,KC,DAL,37,23,260.0,0,1.0,-7.570905,198.0,167.0,12.0,1.3131313,0.014897569,3.0,16.0
00-0033873,Patrick Mahomes,2021,13,KC,DEN,29,15,184.0,0,1.0,-2.585192,151.0,139.0,8.0,1.218543,-0.069350354,1.0,6.0
00-0033873,Patrick Mahomes,2021,14,KC,LV,24,20,258.0,2,0.0,15.498912,142.0,143.0,11.0,1.8169014,0.33577666,3.0,18.0
00-0033873,Patrick Mahomes,2021,15,KC,LAC,47,31,410.0,3,1.0,9.33286,299.0,208.0,20.0,1.3712375,0.14005682,1.0,-0.0
00-0033873,Patrick Mahomes,2021,16,KC,PIT,30,23,258.0,3,0.0,15.892987,254.0,141.0,16.0,1.015748,0.29888955,2.0,4.0
00-0033873,Patrick Mahomes,2021,17,KC,CIN,35,26,259.0,2,0.0,11.342785,297.0,107.0,11.0,0.87205386,0.2383825,0.0,-0.0
00-0033873,Patrick Mahomes,2021,18,KC,DEN,44,27,270.0,2,0.0,12.132854,278.0,205.0,19.0,0.971223,0.14139564,1.0,15.0
00-0033873,Patrick Mahomes,2021,19,KC,PIT,39,30,404.0,5,1.0,19.025476,194.0,277.0,18.0,2.0824742,0.27001682,3.0,34.0
00-0033873,Patrick Mahomes,2021,20,KC,BUF,44,33,378.0,3,0.0,21.34848,226.0,227.0,21.0,1.6725664,0.25937855,2.0,8.0
00-0033873,Patrick Mahomes,2021,21,KC,CIN,39,26,275.0,3,2.0,-6.3722425,274.0,121.0,17.0,1.0036496,0.039454382,4.0,39.0
00-0033897,Joe Mixon,2021,22,CIN,LA,1,1,6.0,1,0.0,1.8504547,6.0,0.0,1.0,1.0,,0.0,-0.0
00-0033908,Cooper Kupp,2021,12,LA,GB,1,0,0.0,0,0.0,-0.40206495,25.0,0.0,0.0,0.0,,0.0,-0.0
00-0033908,Cooper Kupp,2021,22,LA,CIN,1,0,0.0,0,0.0,-1.515705,5.0,0.0,0.0,0.0,,0.0,-0.0
00-0033936,C.J. Beathard,2021,9,JAX,BUF,2,2,33.0,0,0.0,1.8290544,27.0,6.0,1.0,1.2222222,,0.0,-0.0
00-0034052,Brandon Zylstra,2021,18,CAR,TB,1,0,0.0,0,0.0,-1.3167127,13.0,0.0,0.0,0.0,,0.0,-0.0
00-0034177,Tim Boyle,2021,11,DET,CLE,23,15,77.0,0,2.0,-12.218957,106.0,60.0,5.0,0.7264151,0.00070102536,0.0,-0.0
00-0034177,Tim Boyle,2021,16,DET,ATL,34,24,187.0,1,1.0,0.9762948,234.0,85.0,11.0,0.7991453,0.06516374,0.0,-0.0
00-0034177,Tim Boyle,2021,17,DET,SEA,37,22,262.0,2,3.0,6.3441515,253.0,120.0,12.0,1.0355731,0.118377306,0.0,-0.0
00-0034343,Josh Rosen,2021,2,ATL,TB,2,0,0.0,0,0.0,-2.8407156,16.0,0.0,0.0,0.0,,0.0,-0.0
00-0034343,Josh Rosen,2021,10,ATL,DAL,6,1,14.0,0,1.0,-7.658035,85.0,11.0,1.0,0.16470589,-0.15357657,0.0,-0.0
00-0034343,Josh Rosen,2021,11,ATL,NE,3,1,5.0,0,1.0,-8.206126,20.0,0.0,0.0,0.25,,0.0,-0.0
00-0034348,Courtland Sutton,2021,18,DEN,KC,1,1,16.0,0,0.0,1.001634,15.0,1.0,1.0,1.0666667,,0.0,-0.0
00-0034401,Mike White,2021,7,NYJ,NE,32,20,202.0,1,2.0,-0.18972307,219.0,123.0,9.0,0.9223744,0.0065072672,1.0,8.0
00-0034401,Mike White,2021,8,NYJ,CIN,45,37,405.0,3,2.0,8.991357,165.0,277.0,22.0,2.4545455,0.21213064,2.0,8.0
00-0034401,Mike White,2021,9,NYJ,IND,11,7,95.0,1,0.0,6.3413587,101.0,24.0,6.0,0.9405941,0.2351886,0.0,-0.0
00-0034401,Mike White,2021,10,NYJ,BUF,44,24,251.0,0,4.0,-12.202814,296.0,142.0,12.0,0.847973,-0.038769808,1.0,2.0
00-0034418,Cedrick Wilson,2021,5,DAL,NYG,1,1,22.0,0,0.0,1.2565496,20.0,2.0,1.0,1.1,,0.0,-0.0
00-0034418,Cedrick Wilson,2021,8,DAL,MIN,1,1,35.0,0,0.0,2.5776367,32.0,3.0,1.0,1.09375,,0.0,-0.0
00-0034418,Cedrick Wilson,2021,17,DAL,ARI,1,1,31.0,0,0.0,1.9148532,15.0,16.0,1.0,2.0666666,,0.0,-0.0
00-0034577,Kyle Allen,2021,14,WAS,DAL,9,4,53.0,0,0.0,-3.5836496,73.0,26.0,2.0,0.72602737,-0.0615225,1.0,5.0
00-0034577,Kyle Allen,2021,16,WAS,DAL,10,8,67.0,1,0.0,4.923252,62.0,20.0,4.0,1.0806452,0.239716,1.0,-0.0
00-0034771,Mason Rudolph,2021,10,PIT,DET,50,30,242.0,1,1.0,-6.439333,330.0,103.0,13.0,0.73333335,-0.00058229006,0.0,-0.0
00-0034771,Mason Rudolph,2021,16,PIT,KC,8,5,35.0,0,0.0,-2.3140473,30.0,19.0,3.0,1.1666666,0.022941109,0.0,-0.0
00-0034775,Christian Kirk,2021,9,ARI,SF,1,1,33.0,0,0.0,3.0305774,33.0,0.0,1.0,1.0,,0.0,-0.0
00-0034796,Lamar Jackson,2021,1,BAL,LV,30,19,235.0,1,0.0,2.354601,237.0,106.0,11.0,0.9915612,0.037812132,3.0,18.0
00-0034796,Lamar Jackson,2021,2,BAL,KC,26,18,239.0,1,2.0,0.67528695,247.0,119.0,11.0,0.9676113,0.17899562,1.0,9.0
00-0034796,Lamar Jackson,2021,3,BAL,DET,31,16,287.0,1,1.0,7.336589,529.0,61.0,10.0,0.5425331,0.12912342,4.0,16.0
00-0034796,Lamar Jackson,2021,4,BAL,DEN,37,22,316.0,1,0.0,10.418509,420.0,97.0,14.0,0.75238097,0.1325862,3.0,12.0
00-0034796,Lamar Jackson,2021,5,BAL,IND,43,37,442.0,4,0.0,30.368288,308.0,175.0,22.0,1.4350649,0.29841027,2.0,5.0
00-0034796,Lamar Jackson,2021,6,BAL,LAC,27,19,167.0,1,2.0,-3.385803,179.0,71.0,12.0,0.93296087,0.075503804,3.0,27.0
00-0034796,Lamar Jackson,2021,7,BAL,CIN,31,15,257.0,1,0.0,-9.331944,447.0,79.0,9.0,0.5749441,-0.045448404,5.0,18.0
00-0034796,Lamar Jackson,2021,9,BAL,MIN,41,27,266.0,3,2.0,-1.7689893,323.0,141.0,15.0,0.8235294,0.09238763,3.0,13.0
00-0034796,Lamar Jackson,2021,10,BAL,MIA,43,26,238.0,1,1.0,-8.589825,310.0,106.0,12.0,0.7677419,0.0030657249,4.0,28.0
00-0034796,Lamar Jackson,2021,12,BAL,CLE,32,20,165.0,1,4.0,-10.955327,278.0,54.0,6.0,0.5935252,-0.004210416,2.0,10.0
00-0034796,Lamar Jackson,2021,13,BAL,PIT,37,23,253.0,1,1.0,3.5515344,245.0,135.0,12.0,1.0326531,0.08938459,7.0,34.0
00-0034796,Lamar Jackson,2021,14,BAL,CLE,4,4,17.0,0,0.0,-1.5012174,11.0,6.0,1.0,1.5454545,,1.0,-0.0
00-0034829,Mike Gesicki,2021,17,MIA,TEN,1,0,0.0,0,0.0,-0.58645344,28.0,0.0,0.0,0.0,,0.0,-0.0
00-0034855,Baker Mayfield,2021,1,CLE,KC,28,21,321.0,0,1.0,10.770013,284.0,173.0,14.0,1.1302817,0.23841664,2.0,17.0
00-0034855,Baker Mayfield,2021,2,CLE,HOU,21,19,213.0,1,1.0,7.975212,131.0,123.0,10.0,1.6259542,0.262493,2.0,14.0
00-0034855,Baker Mayfield,2021,3,CLE,CHI,31,19,246.0,1,0.0,-2.287287,306.0,102.0,13.0,0.8039216,0.059758905,5.0,43.0
00-0034855,Baker Mayfield,2021,4,CLE,MIN,33,15,155.0,0,0.0,-7.1159406,346.0,84.0,9.0,0.4479769,-0.07598137,3.0,12.0
00-0034855,Baker Mayfield,2021,5,CLE,LAC,32,23,305.0,2,0.0,9.862249,330.0,195.0,12.0,0.92424244,0.20351326,1.0,4.0
00-0034855,Baker Mayfield,2021,6,CLE,ARI,28,19,234.0,2,1.0,-6.0537877,231.0,67.0,11.0,1.012987,0.030496793,5.0,23.0
00-0034855,Baker Mayfield,2021,8,CLE,PIT,31,20,225.0,0,0.0,2.9156137,228.0,117.0,10.0,0.9868421,0.08087618,4.0,15.0
00-0034855,Baker Mayfield,2021,9,CLE,CIN,21,14,218.0,2,0.0,10.440782,215.0,62.0,7.0,1.0139534,0.30087852,2.0,10.0
00-0034855,Baker Mayfield,2021,10,CLE,NE,21,11,73.0,1,1.0,-5.1784735,158.0,41.0,6.0,0.4620253,-0.036366887,2.0,17.0
00-0034855,Baker Mayfield,2021,11,CLE,DET,29,15,176.0,1,2.0,-7.1422834,277.0,66.0,8.0,0.6353791,-0.03755377,1.0,11.0
00-0034855,Baker Mayfield,2021,12,CLE,BAL,37,18,247.0,1,0.0,-2.2235312,353.0,104.0,10.0,0.6997167,-0.0044598337,2.0,24.0
00-0034855,Baker Mayfield,2021,14,CLE,BAL,32,22,190.0,2,1.0,-1.8694124,203.0,64.0,10.0,0.9359606,0.12506934,0.0,-0.0
00-0034855,Baker Mayfield,2021,16,CLE,GB,36,21,222.0,2,4.0,-0.9037969,334.0,114.0,15.0,0.66467065,0.0046953913,5.0,33.0
00-0034855,Baker Mayfield,2021,17,CLE,PIT,38,16,185.0,2,2.0,-15.7457695,263.0,71.0,8.0,0.70342207,-0.08576894,9.0,46.0
00-0034857,Josh Allen,2021,1,BUF,PIT,51,30,270.0,1,0.0,-6.0917964,487.0,87.0,13.0,0.5544148,0.007707284,3.0,16.0
00-0034857,Josh Allen,2021,2,BUF,MIA,33,17,179.0,2,1.0,3.8303154,314.0,76.0,8.0,0.5700637,0.15369247,1.0,8.0
00-0034857,Josh Allen,2021,3,BUF,WAS,43,32,358.0,4,0.0,18.27908,406.0,126.0,20.0,0.8817734,0.25989133,0.0,-0.0
00-0034857,Josh Allen,2021,4,BUF,HOU,30,20,248.0,2,1.0,1.9556744,269.0,67.0,12.0,0.9219331,0.14409816,1.0,5.0
00-0034857,Josh Allen,2021,5,BUF,KC,26,15,315.0,3,0.0,14.434711,292.0,112.0,12.0,1.0787672,0.27015486,0.0,-0.0
00-0034857,Josh Allen,2021,6,BUF,TEN,47,35,353.0,3,1.0,13.957006,385.0,124.0,22.0,0.9168831,0.21325313,3.0,18.0
00-0034857,Josh Allen,2021,8,BUF,MIA,42,29,249.0,2,0.0,5.6049595,237.0,156.0,15.0,1.050633,0.14208466,0.0,-0.0
00-0034857,Josh Allen,2021,9,BUF,JAX,47,31,264.0,0,2.0,-8.697118,287.0,102.0,15.0,0.9198606,0.022427855,4.0,35.0
00-0034857,Josh Allen,2021,10,BUF,NYJ,28,21,366.0,2,1.0,18.956337,362.0,108.0,15.0,1.0110497,0.30222157,2.0,16.0
00-0034857,Josh Allen,2021,11,BUF,IND,35,21,209.0,2,2.0,-1.2734895,253.0,97.0,12.0,0.82608694,0.016498962,1.0,8.0
00-0034857,Josh Allen,2021,12,BUF,NO,28,23,260.0,4,2.0,11.416108,169.0,113.0,11.0,1.5384616,0.26168197,2.0,12.0
00-0034857,Josh Allen,2021,13,BUF,NE,30,15,145.0,1,0.0,-7.0569,311.0,53.0,9.0,0.46623793,-0.022248276,2.0,14.0
00-0034857,Josh Allen,2021,14,BUF,TB,54,36,308.0,2,1.0,-3.401728,271.0,157.0,16.0,1.1365314,0.08955193,3.0,15.0
00-0034857,Josh Allen,2021,15,BUF,CAR,34,19,210.0,3,1.0,6.8907557,299.0,59.0,12.0,0.70234114,0.1093426,4.0,17.0
00-0034857,Josh Allen,2021,16,BUF,NE,47,30,314.0,3,0.0,21.573032,311.0,147.0,20.0,1.0096463,0.20729354,0.0,-0.0
00-0034857,Josh Allen,2021,17,BUF,ATL,26,11,120.0,0,3.0,-7.849589,235.0,32.0,8.0,0.5106383,0.014326971,0.0,-0.0
00-0034857,Josh Allen,2021,18,BUF,NYJ,45,24,239.0,2,0.0,-1.6934997,407.0,118.0,14.0,0.5872236,0.037780598,0.0,-0.0
00-0034857,Josh Allen,2021,19,BUF,NE,25,21,308.0,5,0.0,22.969223,230.0,90.0,13.0,1.3391304,0.41887414,0.0,-0.0
00-0034857,Josh Allen,2021,20,BUF,KC,37,27,329.0,4,0.0,17.14611,298.0,135.0,14.0,1.1040268,0.24891369,2.0,16.0
00-0034860,Dante Pettis,2021,7,NYG,CAR,1,1,16.0,0,0.0,0.98088473,13.0,3.0,1.0,1.2307693,,0.0,-0.0
00-0034869,Sam Darnold,2021,1,CAR,NYJ,35,24,279.0,1,0.0,2.8722782,273.0,147.0,14.0,1.021978,0.09482339,1.0,9.0
00-0034869,Sam Darnold,2021,2,CAR,NO,38,26,305.0,2,1.0,10.916119,268.0,155.0,18.0,1.1380597,0.18316044,2.0,11.0
00-0034869,Sam Darnold,2021,3,CAR,HOU,34,23,304.0,0,0.0,11.996257,269.0,113.0,15.0,1.1301116,0.18371859,3.0,14.0
00-0034869,Sam Darnold,2021,4,CAR,DAL,39,26,301.0,2,2.0,-1.577139,338.0,205.0,13.0,0.89053255,0.07699638,5.0,35.0
00-0034869,Sam Darnold,2021,5,CAR,PHI,37,21,177.0,1,3.0,-17.949833,290.0,70.0,9.0,0.6103448,0.0097672595,3.0,19.0
00-0034869,Sam Darnold,2021,6,CAR,MIN,41,17,207.0,1,1.0,-17.117182,423.0,91.0,8.0,0.4893617,-0.08744834,4.0,19.0
00-0034869,Sam Darnold,2021,7,CAR,NYG,25,16,112.0,0,1.0,-10.541077,119.0,79.0,6.0,0.9411765,0.0031805444,3.0,12.0
00-0034869,Sam Darnold,2021,8,CAR,ATL,24,13,129.0,0,0.0,1.322765,121.0,68.0,7.0,1.0661157,0.060729023,0.0,-0.0
00-0034869,Sam Darnold,2021,9,CAR,NE,33,16,172.0,0,3.0,-24.502827,183.0,109.0,8.0,0.9398907,-0.039676603,1.0,10.0
00-0034869,Sam Darnold,2021,16,CAR,TB,32,15,190.0,0,0.0,-11.507034,280.0,105.0,7.0,0.6785714,-0.05096765,4.0,21.0
00-0034869,Sam Darnold,2021,17,CAR,NO,26,17,132.0,0,1.0,-16.219667,98.0,92.0,8.0,1.3469387,0.0077872453,7.0,42.0
00-0034869,Sam Darnold,2021,18,CAR,TB,42,29,219.0,2,1.0,-5.4592404,270.0,151.0,10.0,0.8111111,0.040066037,2.0,12.0
00-0034899,John Wolford,2021,6,LA,NYG,2,0,0.0,0,1.0,-3.5880172,20.0,0.0,0.0,0.0,,0.0,-0.0
00-0034899,John Wolford,2021,8,LA,HOU,2,1,5.0,0,0.0,-2.772462,-1.0,7.0,0.0,0.0,,1.0,8.0
00-0034955,Brett Rypien,2021,17,DEN,LAC,2,0,0.0,0,0.0,-2.0591178,11.0,0.0,0.0,0.0,,0.0,-0.0
00-0034960,Jakobi Meyers,2021,4,NE,TB,2,2,45.0,0,0.0,1.7869173,11.0,34.0,1.0,4.090909,,0.0,-0.0
00-0035156,Jack Fox,2021,7,DET,LA,1,1,17.0,0,0.0,4.225299,9.0,8.0,1.0,1.8888888,,0.0,-0.0
00-0035156,Jack Fox,2021,16,DET,ATL,1,1,21.0,0,0.0,3.983694,8.0,13.0,1.0,2.625,,0.0,-0.0
00-0035156,Jack Fox,2021,18,DET,GB,1,0,0.0,0,0.0,-3.0166337,13.0,0.0,0.0,0.0,,0.0,-0.0
00-0035228,Kyler Murray,2021,1,ARI,TEN,32,21,289.0,4,1.0,11.811978,262.0,151.0,13.0,1.1030535,0.18536441,2.0,9.0
00-0035228,Kyler Murray,2021,2,ARI,MIN,36,29,400.0,3,2.0,4.5778203,296.0,191.0,16.0,1.3513514,0.22443905,3.0,29.0
00-0035228,Kyler Murray,2021,3,ARI,JAX,34,28,316.0,0,1.0,11.86486,262.0,143.0,14.0,1.2061069,0.21625301,0.0,-0.0
00-0035228,Kyler Murray,2021,4,ARI,LA,32,24,268.0,2,0.0,13.925697,230.0,140.0,11.0,1.1652174,0.23400904,3.0,19.0
00-0035228,Kyler Murray,2021,5,ARI,SF,31,22,239.0,1,0.0,4.363636,230.0,106.0,11.0,1.0391304,0.14087187,2.0,29.0
00-0035228,Kyler Murray,2021,6,ARI,CLE,30,20,229.0,4,0.0,14.576907,264.0,76.0,11.0,0.86742425,0.20747805,2.0,21.0
00-0035228,Kyler Murray,2021,7,ARI,HOU,28,20,261.0,3,1.0,8.62685,253.0,82.0,15.0,1.0316205,0.1508976,4.0,36.0
00-0035228,Kyler Murray,2021,8,ARI,GB,33,22,274.0,0,2.0,0.63801134,304.0,139.0,12.0,0.9013158,0.08128883,2.0,14.0
00-0035228,Kyler Murray,2021,13,ARI,CHI,15,11,123.0,2,0.0,7.654076,58.0,82.0,6.0,2.1206896,0.23123306,1.0,3.0
00-0035228,Kyler Murray,2021,14,ARI,LA,49,32,383.0,0,2.0,-1.3022323,505.0,146.0,17.0,0.7584158,0.056741383,4.0,39.0
00-0035228,Kyler Murray,2021,15,ARI,DET,41,23,257.0,1,1.0,-13.448083,296.0,137.0,13.0,0.8682432,-0.035035074,2.0,20.0
00-0035228,Kyler Murray,2021,16,ARI,IND,43,27,245.0,1,0.0,-3.7674043,272.0,145.0,12.0,0.9007353,0.03371844,0.0,-0.0
00-0035228,Kyler Murray,2021,17,ARI,DAL,38,26,263.0,2,0.0,10.368464,339.0,110.0,11.0,0.7758112,0.1842261,1.0,14.0
00-0035228,Kyler Murray,2021,18,ARI,SEA,39,28,240.0,1,0.0,-3.556027,252.0,141.0,10.0,0.95238096,0.02795374,5.0,53.0
00-0035228,Kyler Murray,2021,19,ARI,LA,34,19,137.0,0,2.0,-21.975805,279.0,94.0,7.0,0.49103943,-0.043978244,2.0,15.0
00-0035289,Gardner Minshew,2021,8,PHI,DET,2,2,11.0,0,0.0,-0.673088,-10.0,21.0,0.0,0.0,,0.0,-0.0
00-0035289,Gardner Minshew,2021,13,PHI,NYJ,25,20,242.0,2,0.0,14.201063,135.0,149.0,13.0,1.7925926,0.36459106,2.0,9.0
00-0035289,Gardner Minshew,2021,18,PHI,DAL,33,19,186.0,2,1.0,3.300622,221.0,93.0,11.0,0.84162897,0.021255432,3.0,22.0
00-0035544,Tom Kennedy,2021,18,DET,GB,1,1,75.0,1,0.0,5.069598,24.0,51.0,1.0,3.125,,0.0,-0.0
00-0035676,A.J. Brown,2021,8,TEN,IND,1,0,0.0,0,0.0,-0.509858,15.0,0.0,0.0,0.0,,0.0,-0.0
00-0035676,A.J. Brown,2021,16,TEN,SF,1,0,0.0,0,0.0,-0.74160033,27.0,0.0,0.0,0.0,,0.0,-0.0
00-0035685,David Montgomery,2021,17,CHI,NYG,1,0,0.0,0,1.0,-3.17675,9.0,0.0,0.0,0.0,,0.0,-0.0
00-0035704,Drew Lock,2021,4,DEN,BAL,21,12,113.0,0,1.0,-9.433019,197.0,63.0,4.0,0.57360405,-0.009459431,3.0,15.0
00-0035704,Drew Lock,2021,12,DEN,LAC,7,4,26.0,0,1.0,-5.1955442,25.0,10.0,1.0,1.04,0.01196257,1.0,-0.0
00-0035704,Drew Lock,2021,15,DEN,CIN,12,6,88.0,1,0.0,2.6116407,168.0,40.0,4.0,0.52380955,0.0045926645,1.0,9.0
00-0035704,Drew Lock,2021,16,DEN,LV,22,15,153.0,0,0.0,-2.2668507,246.0,48.0,4.0,0.6219512,0.04714164,2.0,13.0
00-0035704,Drew Lock,2021,17,DEN,LAC,25,18,245.0,1,0.0,2.2441833,213.0,110.0,11.0,1.1502347,0.11273819,1.0,10.0
00-0035704,Drew Lock,2021,18,DEN,KC,24,12,162.0,0,0.0,2.8207467,258.0,79.0,8.0,0.627907,0.10657692,1.0,5.0
00-0035710,Daniel Jones,2021,1,NYG,DEN,37,22,267.0,1,0.0,-1.6828735,306.0,69.0,13.0,0.872549,0.07381355,2.0,13.0
00-0035710,Daniel Jones,2021,2,NYG,WAS,32,22,249.0,1,0.0,2.820566,359.0,41.0,10.0,0.6935933,0.17517489,4.0,21.0
00-0035710,Daniel Jones,2021,3,NYG,ATL,35,24,266.0,0,0.0,7.6243453,238.0,129.0,12.0,1.117647,0.10494449,2.0,20.0
00-0035710,Daniel Jones,2021,4,NYG,NO,40,28,402.0,2,1.0,16.378666,375.0,203.0,17.0,1.072,0.19987403,0.0,-0.0
00-0035710,Daniel Jones,2021,5,NYG,DAL,13,5,98.0,0,0.0,0.88744134,192.0,36.0,4.0,0.5104167,-0.051410742,0.0,-0.0
00-0035710,Daniel Jones,2021,6,NYG,LA,51,29,242.0,0,3.0,-15.754686,350.0,114.0,15.0,0.69142854,-0.024626734,4.0,41.0
00-0035710,Daniel Jones,2021,7,NYG,CAR,33,23,203.0,1,0.0,-2.00064,213.0,111.0,10.0,0.9530516,0.035560623,2.0,20.0
00-0035710,Daniel Jones,2021,8,NYG,KC,32,22,222.0,2,1.0,-1.7436211,113.0,144.0,9.0,1.9646018,0.02131959,3.0,13.0
00-0035710,Daniel Jones,2021,9,NYG,LV,20,15,110.0,1,0.0,-1.1948779,117.0,53.0,6.0,0.94017094,0.14995797,2.0,6.0
00-0035710,Daniel Jones,2021,11,NYG,TB,38,23,167.0,1,2.0,-21.36183,220.0,78.0,8.0,0.7590909,0.02641892,2.0,18.0
00-0035710,Daniel Jones,2021,12,NYG,PHI,30,19,202.0,1,0.0,3.5756288,157.0,120.0,12.0,1.2866242,0.07446107,1.0,8.0
00-0035719,Deebo Samuel,2021,15,SF,ATL,1,0,0.0,0,0.0,-0.45813394,15.0,0.0,0.0,0.0,,0.0,-0.0
00-0035719,Deebo Samuel,2021,18,SF,LA,1,1,24.0,1,0.0,2.4758675,24.0,0.0,1.0,1.0,,0.0,-0.0
00-0035752,Chris Streveler,2021,10,ARI,CAR,9,6,36.0,0,0.0,-4.256556,38.0,22.0,1.0,0.94736844,0.004680442,2.0,17.0
00-0035859,Blake Gillikin,2021,12,NO,BUF,1,0,0.0,0,0.0,-2.3642862,9.0,0.0,0.0,0.0,,0.0,-0.0
00-0035864,Kendall Hinton,2021,17,DEN,LAC,1,1,1.0,0,0.0,-3.1306643,-5.0,6.0,0.0,0.0,,0.0,-0.0
00-0035889,Tommy Townsend,2021,10,KC,LV,1,1,16.0,0,0.0,4.030698,11.0,5.0,1.0,1.4545455,,0.0,-0.0
00-0035993,Tyler Huntley,2021,7,BAL,CIN,11,5,39.0,0,0.0,-4.2188663,137.0,18.0,3.0,0.28467155,-0.081844226,0.0,-0.0
00-0035993,Tyler Huntley,2021,11,BAL,CHI,36,26,219.0,0,1.0,-6.940214,183.0,107.0,12.0,1.1967213,0.025478616,6.0,43.0
00-0035993,Tyler Huntley,2021,14,BAL,CLE,38,27,270.0,1,0.0,-3.8075967,296.0,110.0,14.0,0.9121622,0.100697845,3.0,16.0
00-0035993,Tyler Huntley,2021,15,BAL,GB,40,28,215.0,2,0.0,4.7950873,243.0,86.0,12.0,0.8847737,0.16136749,1.0,4.0
00-0035993,Tyler Huntley,2021,17,BAL,LA,32,20,197.0,0,1.0,-3.936895,280.0,57.0,9.0,0.70357144,0.064651586,5.0,35.0
00-0035993,Tyler Huntley,2021,18,BAL,PIT,31,16,141.0,0,2.0,-14.694727,268.0,68.0,5.0,0.5261194,-0.04331606,3.0,9.0
00-0036197,Jake Fromm,2021,15,NYG,DAL,12,6,82.0,0,0.0,-0.6246031,123.0,16.0,4.0,0.6666667,0.0028492655,1.0,3.0
00-0036197,Jake Fromm,2021,16,NYG,PHI,17,6,25.0,0,1.0,-15.250233,96.0,20.0,2.0,0.26041666,-0.13050215,2.0,10.0
00-0036197,Jake Fromm,2021,18,NYG,WAS,31,15,103.0,1,2.0,-19.281744,215.0,63.0,4.0,0.47906977,-0.06449882,3.0,20.0
00-0036212,Tua Tagovailoa,2021,1,MIA,NE,27,16,202.0,1,1.0,1.3420938,251.0,109.0,9.0,0.8047809,0.034180585,2.0,17.0
00-0036212,Tua Tagovailoa,2021,2,MIA,BUF,4,1,13.0,0,0.0,-7.60339,-6.0,19.0,0.0,0.0,,2.0,13.0
00-0036212,Tua Tagovailoa,2021,6,MIA,JAX,47,33,329.0,2,1.0,8.575098,368.0,122.0,17.0,0.89402175,0.15317334,0.0,-0.0
00-0036212,Tua Tagovailoa,2021,7,MIA,ATL,40,32,291.0,4,2.0,5.6023803,242.0,118.0,17.0,1.2024794,0.20692043,1.0,10.0
00-0036212,Tua Tagovailoa,2021,8,MIA,BUF,39,21,205.0,0,1.0,-2.6412957,271.0,93.0,10.0,0.75645757,-0.0055630463,2.0,11.0
00-0036212,Tua Tagovailoa,2021,10,MIA,BAL,13,8,158.0,0,0.0,3.2083507,113.0,94.0,5.0,1.3982301,0.15221854,1.0,6.0
00-0036212,Tua Tagovailoa,2021,11,MIA,NYJ,33,27,273.0,2,1.0,16.51953,175.0,132.0,13.0,1.56,0.2583409,0.0,-0.0
00-0036212,Tua Tagovailoa,2021,12,MIA,CAR,31,27,230.0,1,0.0,6.399636,116.0,146.0,11.0,1.9827586,0.17142989,2.0,26.0
00-0036212,Tua Tagovailoa,2021,13,MIA,NYG,41,30,244.0,2,0.0,4.1459694,280.0,73.0,17.0,0.87142855,0.09967425,2.0,15.0
00-0036212,Tua Tagovailoa,2021,15,MIA,NYJ,27,16,196.0,2,2.0,-1.7591318,253.0,73.0,10.0,0.77470356,0.08659605,1.0,-0.0
00-0036212,Tua Tagovailoa,2021,16,MIA,NO,26,19,198.0,1,1.0,4.9134803,197.0,110.0,10.0,1.0050762,0.09630928,2.0,25.0
00-0036212,Tua Tagovailoa,2021,17,MIA,TEN,38,18,205.0,0,1.0,-15.093401,351.0,75.0,11.0,0.5840456,-0.064994365,4.0,23.0
00-0036212,Tua Tagovailoa,2021,18,MIA,NE,22,15,109.0,1,0.0,-2.7533495,124.0,67.0,7.0,0.87903225,0.112314075,1.0,6.0
00-0036226,Jacob Eason,2021,2,IND,LA,5,2,25.0,0,1.0,-3.102543,63.0,7.0,2.0,0.3968254,-0.089296356,0.0,-0.0
00-0036264,Jordan Love,2021,1,GB,NO,7,5,68.0,0,0.0,-1.909788,91.0,19.0,3.0,0.74725276,0.11073877,1.0,4.0
00-0036264,Jordan Love,2021,9,GB,KC,34,19,190.0,1,1.0,-0.7970237,271.0,87.0,11.0,0.701107,0.015892837,1.0,11.0
00-0036264,Jordan Love,2021,17,GB,MIN,4,2,19.0,0,0.0,-0.1468964,24.0,19.0,2.0,0.7916667,,0.0,-0.0
00-0036264,Jordan Love,2021,18,GB,DET,17,10,134.0,1,2.0,-3.2692115,108.0,108.0,6.0,1.2407408,-0.053994328,1.0,8.0
00-0036275,D'Andre Swift,2021,3,DET,BAL,1,0,0.0,0,0.0,-0.91251945,-12.0,0.0,0.0,0.0,,0.0,-0.0
00-0036322,Justin Jefferson,2021,1,MIN,CIN,1,1,11.0,0,0.0,0.72267276,11.0,0.0,1.0,1.0,,0.0,-0.0
00-0036322,Justin Jefferson,2021,8,MIN,DAL,1,0,0.0,0,0.0,-0.7470791,27.0,0.0,0.0,0.0,,0.0,-0.0
00-0036322,Justin Jefferson,2021,12,MIN,SF,1,1,24.0,0,0.0,1.7298753,-4.0,28.0,1.0,0.0,,0.0,-0.0
00-0036322,Justin Jefferson,2021,13,MIN,DET,1,0,0.0,0,0.0,-0.45213315,2.0,0.0,0.0,0.0,,0.0,-0.0
00-0036355,Justin Herbert,2021,1,LAC,WAS,47,31,337.0,1,1.0,10.384261,364.0,127.0,20.0,0.92582417,0.13906929,2.0,3.0
00-0036355,Justin Herbert,2021,2,LAC,DAL,41,31,338.0,1,2.0,3.6222372,254.0,168.0,13.0,1.3307086,0.11336328,2.0,25.0
00-0036355,Justin Herbert,2021,3,LAC,KC,38,26,281.0,4,0.0,15.167195,233.0,154.0,16.0,1.2060086,0.2344862,1.0,6.0
00-0036355,Justin Herbert,2021,4,LAC,LV,38,25,222.0,3,0.0,5.055375,301.0,99.0,13.0,0.73754156,0.09258563,2.0,10.0
00-0036355,Justin Herbert,2021,5,LAC,CLE,43,26,398.0,4,0.0,16.204952,410.0,215.0,14.0,0.97073174,0.18533115,2.0,17.0
00-0036355,Justin Herbert,2021,6,LAC,BAL,39,22,195.0,1,1.0,-14.1430025,254.0,110.0,11.0,0.7677165,-0.038355794,2.0,13.0
00-0036355,Justin Herbert,2021,8,LAC,NE,35,18,223.0,2,2.0,-7.734701,324.0,92.0,12.0,0.6882716,-0.059235413,3.0,17.0
00-0036355,Justin Herbert,2021,9,LAC,PHI,38,32,356.0,2,0.0,21.81048,215.0,175.0,17.0,1.6558139,0.32995266,0.0,-0.0
00-0036355,Justin Herbert,2021,10,LAC,MIN,34,20,195.0,1,1.0,-6.6984534,190.0,97.0,13.0,1.0263158,-0.022690875,2.0,24.0
00-0036355,Justin Herbert,2021,11,LAC,PIT,41,30,382.0,3,1.0,15.115077,219.0,237.0,19.0,1.7442923,0.19337034,2.0,8.0
00-0036355,Justin Herbert,2021,12,LAC,DEN,44,28,303.0,2,2.0,-1.0127482,287.0,153.0,15.0,1.0557492,0.05137447,3.0,18.0
00-0036355,Justin Herbert,2021,13,LAC,CIN,35,26,317.0,3,1.0,11.112075,369.0,120.0,13.0,0.8590786,0.20667516,4.0,33.0
00-0036355,Justin Herbert,2021,14,LAC,NYG,31,23,275.0,3,0.0,14.339431,240.0,123.0,15.0,1.1458334,0.24935356,2.0,4.0
00-0036355,Justin Herbert,2021,15,LAC,KC,38,22,236.0,2,1.0,-3.7206035,327.0,71.0,13.0,0.7217125,0.021564264,0.0,-0.0
00-0036355,Justin Herbert,2021,16,LAC,HOU,35,27,336.0,1,2.0,8.963477,255.0,200.0,19.0,1.3176471,0.21415925,1.0,8.0
00-0036355,Justin Herbert,2021,17,LAC,DEN,31,22,237.0,2,0.0,14.881551,187.0,137.0,13.0,1.2673796,0.22597969,0.0,-0.0
00-0036355,Justin Herbert,2021,18,LAC,LV,64,34,383.0,3,1.0,14.8380995,629.0,125.0,20.0,0.60890305,0.061033443,3.0,28.0
00-0036389,Jalen Hurts,2021,1,PHI,ATL,35,27,264.0,3,0.0,11.975307,128.0,172.0,13.0,2.0625,0.23331365,1.0,3.0
00-0036389,Jalen Hurts,2021,2,PHI,SF,23,12,190.0,0,0.0,0.6818104,335.0,105.0,7.0,0.5671642,0.12479436,2.0,13.0
00-0036389,Jalen Hurts,2021,3,PHI,DAL,39,25,326.0,2,2.0,-6.228374,277.0,230.0,11.0,1.1768953,0.0046561672,2.0,23.0
00-0036389,Jalen Hurts,2021,4,PHI,KC,48,32,387.0,2,0.0,13.820485,344.0,206.0,19.0,1.125,0.18796524,3.0,29.0
00-0036389,Jalen Hurts,2021,5,PHI,CAR,37,22,198.0,0,1.0,-10.533574,291.0,95.0,8.0,0.68041235,-0.001878243,2.0,16.0
00-0036389,Jalen Hurts,2021,6,PHI,TB,26,12,115.0,1,1.0,-7.6288495,284.0,38.0,5.0,0.40492958,0.005510825,2.0,2.0
00-0036389,Jalen Hurts,2021,7,PHI,LV,34,18,236.0,2,0.0,3.1079667,405.0,70.0,12.0,0.58271605,0.03652534,2.0,13.0
00-0036389,Jalen Hurts,2021,8,PHI,DET,14,9,103.0,0,0.0,2.1445093,148.0,38.0,6.0,0.6959459,0.20332694,0.0,-0.0
00-0036389,Jalen Hurts,2021,9,PHI,LAC,17,11,162.0,1,0.0,5.6133184,206.0,52.0,7.0,0.78640777,0.25152132,1.0,7.0
00-0036389,Jalen Hurts,2021,10,PHI,DEN,23,16,178.0,2,1.0,5.0715427,238.0,76.0,10.0,0.7478992,0.17962554,2.0,8.0
00-0036389,Jalen Hurts,2021,11,PHI,NO,24,13,147.0,0,0.0,0.52866626,202.0,93.0,7.0,0.72772276,0.062220827,3.0,9.0
00-0036389,Jalen Hurts,2021,12,PHI,NYG,31,14,129.0,0,3.0,-17.631607,299.0,51.0,8.0,0.43143812,-0.046042062,1.0,5.0
00-0036389,Jalen Hurts,2021,15,PHI,WAS,26,20,296.0,1,1.0,6.0128675,235.0,116.0,12.0,1.2595744,0.1938802,3.0,15.0
00-0036389,Jalen Hurts,2021,16,PHI,NYG,29,17,199.0,2,0.0,1.304849,226.0,53.0,9.0,0.88053095,0.042874508,1.0,5.0
00-0036389,Jalen Hurts,2021,17,PHI,WAS,26,17,214.0,0,0.0,7.5494413,264.0,68.0,9.0,0.81060606,0.21596333,1.0,2.0
00-0036389,Jalen Hurts,2021,19,PHI,TB,43,23,258.0,1,2.0,-6.553414,465.0,172.0,10.0,0.5548387,-0.017212287,2.0,14.0
00-0036442,Joe Burrow,2021,1,CIN,MIN,27,20,261.0,2,0.0,4.165379,220.0,124.0,12.0,1.1863636,0.19989194,5.0,44.0
00-0036442,Joe Burrow,2021,2,CIN,CHI,30,19,207.0,2,3.0,-8.971513,227.0,80.0,10.0,0.91189426,0.024826743,5.0,28.0
00-0036442,Joe Burrow,2021,3,CIN,PIT,18,14,172.0,3,1.0,8.303528,160.0,79.0,7.0,1.075,0.23692825,0.0,-0.0
00-0036442,Joe Burrow,2021,4,CIN,JAX,32,25,348.0,2,0.0,17.589502,235.0,191.0,16.0,1.480851,0.25662023,1.0,6.0
00-0036442,Joe Burrow,2021,5,CIN,GB,38,26,281.0,2,2.0,1.347176,306.0,125.0,12.0,0.9183006,0.067142144,3.0,17.0
00-0036442,Joe Burrow,2021,6,CIN,DET,29,19,271.0,3,1.0,10.479851,216.0,134.0,9.0,1.2546296,0.12625463,2.0,22.0
00-0036442,Joe Burrow,2021,7,CIN,BAL,38,23,416.0,3,1.0,19.762691,389.0,204.0,15.0,1.0694088,0.23273237,1.0,7.0
00-0036442,Joe Burrow,2021,8,CIN,NYJ,34,21,259.0,3,1.0,-0.3167493,210.0,121.0,12.0,1.2333333,0.07015341,3.0,28.0
00-0036442,Joe Burrow,2021,9,CIN,CLE,40,28,282.0,0,2.0,-14.341417,376.0,160.0,15.0,0.75,0.07571612,5.0,25.0
00-0036442,Joe Burrow,2021,11,CIN,LV,29,20,148.0,1,0.0,2.787292,220.0,85.0,10.0,0.6727273,0.15717873,3.0,19.0
00-0036442,Joe Burrow,2021,12,CIN,PIT,24,20,190.0,1,1.0,2.284419,176.0,92.0,11.0,1.0795455,0.20505312,2.0,18.0
00-0036442,Joe Burrow,2021,13,CIN,LAC,40,24,300.0,1,2.0,-5.991652,394.0,98.0,14.0,0.7614213,0.02810419,6.0,40.0
00-0036442,Joe Burrow,2021,14,CIN,SF,34,25,348.0,2,0.0,10.851942,291.0,158.0,16.0,1.1958762,0.17952254,5.0,37.0
00-0036442,Joe Burrow,2021,15,CIN,DEN,22,15,157.0,1,0.0,-4.777006,161.0,90.0,5.0,0.9751553,0.054626875,3.0,21.0
00-0036442,Joe Burrow,2021,16,CIN,BAL,46,37,525.0,4,0.0,32.462337,383.0,246.0,26.0,1.3707572,0.33361822,3.0,27.0
00-0036442,Joe Burrow,2021,17,CIN,KC,39,30,446.0,4,0.0,23.909231,263.0,264.0,12.0,1.6958175,0.29751208,4.0,31.0
00-0036442,Joe Burrow,2021,19,CIN,LV,34,24,244.0,2,0.0,10.013772,291.0,90.0,14.0,0.838488,0.2100886,2.0,19.0
00-0036442,Joe Burrow,2021,20,CIN,TEN,37,28,348.0,0,1.0,-5.045336,161.0,234.0,13.0,2.1614907,0.06771809,9.0,68.0
00-0036442,Joe Burrow,2021,21,CIN,KC,38,23,250.0,2,1.0,2.8605278,213.0,158.0,12.0,1.1737089,0.096501105,1.0,7.0
00-0036442,Joe Burrow,2021,22,CIN,LA,33,22,263.0,1,0.0,-7.701647,214.0,144.0,9.0,1.228972,0.0075526102,7.0,43.0
00-0036825,Feleipe Franks,2021,11,ATL,NE,1,0,0.0,0,1.0,-3.8404934,2.0,0.0,0.0,0.0,,0.0,-0.0
00-0036898,Davis Mills,2021,2,HOU,CLE,18,8,102.0,1,1.0,0.44923586,218.0,56.0,5.0,0.4678899,-0.014003354,1.0,7.0
00-0036898,Davis Mills,2021,3,HOU,CAR,28,19,168.0,1,0.0,-7.6262217,190.0,42.0,10.0,0.8842105,0.061385673,4.0,17.0
00-0036898,Davis Mills,2021,4,HOU,BUF,21,11,87.0,0,4.0,-22.929134,180.0,34.0,4.0,0.48333332,-0.026483826,3.0,26.0
00-0036898,Davis Mills,2021,5,HOU,NE,29,21,312.0,3,0.0,17.912046,266.0,160.0,10.0,1.1729324,0.27756876,3.0,19.0
00-0036898,Davis Mills,2021,6,HOU,IND,43,29,243.0,0,2.0,-8.999381,279.0,113.0,12.0,0.87096775,0.013815028,2.0,14.0
00-0036898,Davis Mills,2021,7,HOU,ARI,32,23,135.0,0,0.0,-16.39597,153.0,58.0,6.0,0.88235295,0.039745264,2.0,17.0
00-0036898,Davis Mills,2021,8,HOU,LA,38,29,310.0,2,1.0,-6.8687625,256.0,118.0,13.0,1.2109375,0.0700177,5.0,31.0
00-0036898,Davis Mills,2021,13,HOU,IND,14,6,49.0,0,0.0,-12.27447,76.0,23.0,3.0,0.6447368,-0.09088628,2.0,13.0
00-0036898,Davis Mills,2021,14,HOU,SEA,49,33,331.0,1,0.0,-2.109961,264.0,231.0,16.0,1.2537879,0.0059032044,2.0,14.0
00-0036898,Davis Mills,2021,15,HOU,JAX,30,19,209.0,2,1.0,3.5034704,211.0,108.0,8.0,0.9905213,0.07915643,1.0,3.0
00-0036898,Davis Mills,2021,16,HOU,LAC,27,21,254.0,2,0.0,16.025423,209.0,117.0,14.0,1.215311,0.28697634,1.0,6.0
00-0036898,Davis Mills,2021,17,HOU,SF,32,21,163.0,1,1.0,-16.036678,194.0,68.0,6.0,0.8402062,0.033802364,3.0,27.0
00-0036898,Davis Mills,2021,18,HOU,TEN,33,23,301.0,3,0.0,9.616095,373.0,104.0,11.0,0.80697054,0.16248278,2.0,12.0
00-0036913,Kadarius Toney,2021,5,NYG,DAL,1,0,0.0,0,0.0,-0.74654096,-4.0,0.0,0.0,0.0,,0.0,-0.0
00-0036913,Kadarius Toney,2021,8,NYG,KC,1,1,19.0,0,0.0,1.2758894,13.0,6.0,1.0,1.4615384,,0.0,-0.0
00-0036913,Kadarius Toney,2021,11,NYG,TB,1,0,0.0,0,0.0,-0.4929315,44.0,0.0,0.0,0.0,,0.0,-0.0
00-0036929,Ian Book,2021,16,NO,MIA,20,12,135.0,0,2.0,-29.72981,76.0,81.0,5.0,1.7763158,0.015391392,8.0,54.0
00-0036945,Justin Fields,2021,1,CHI,LA,2,2,10.0,0,0.0,0.3973513,6.0,4.0,0.0,1.6666666,,0.0,-0.0
00-0036945,Justin Fields,2021,2,CHI,CIN,13,6,60.0,0,1.0,-9.652634,140.0,15.0,3.0,0.42857143,-0.0024499015,2.0,25.0
00-0036945,Justin Fields,2021,3,CHI,CLE,20,6,68.0,0,0.0,-21.839273,114.0,39.0,2.0,0.5964912,-0.17259707,9.0,67.0
00-0036945,Justin Fields,2021,4,CHI,DET,17,11,209.0,0,1.0,3.2152615,232.0,59.0,5.0,0.9008621,0.1985252,1.0,24.0
00-0036945,Justin Fields,2021,5,CHI,LV,20,12,111.0,1,0.0,4.611811,195.0,47.0,7.0,0.5692308,0.06741979,2.0,10.0
00-0036945,Justin Fields,2021,6,CHI,GB,27,16,174.0,1,1.0,-4.224771,327.0,50.0,10.0,0.5321101,0.035736226,4.0,37.0
00-0036945,Justin Fields,2021,7,CHI,TB,32,22,184.0,0,3.0,-25.489264,206.0,110.0,11.0,0.89320385,0.058758274,4.0,16.0
00-0036945,Justin Fields,2021,8,CHI,SF,27,19,175.0,1,1.0,2.7154355,276.0,58.0,10.0,0.634058,0.18909438,4.0,27.0
00-0036945,Justin Fields,2021,9,CHI,PIT,29,17,291.0,1,1.0,4.490823,442.0,47.0,11.0,0.65837103,0.09568775,3.0,13.0
00-0036945,Justin Fields,2021,11,CHI,BAL,11,4,79.0,0,0.0,-4.9136033,156.0,6.0,4.0,0.50641024,-0.065276615,2.0,1.0
00-0036945,Justin Fields,2021,14,CHI,GB,33,18,224.0,2,2.0,-11.2882,257.0,153.0,7.0,0.8715953,-0.00056175987,2.0,14.0
00-0036945,Justin Fields,2021,15,CHI,MIN,39,26,285.0,1,0.0,-2.9517105,294.0,95.0,13.0,0.96938777,0.061231494,3.0,30.0
00-0036946,Kellen Mond,2021,17,MIN,GB,3,2,5.0,0,0.0,-1.7575525,0.0,9.0,0.0,0.0,,0.0,-0.0
00-0036971,Trevor Lawrence,2021,1,JAX,HOU,51,28,332.0,3,3.0,-3.8380396,416.0,141.0,13.0,0.7980769,-0.03563674,1.0,13.0
00-0036971,Trevor Lawrence,2021,2,JAX,DEN,33,14,118.0,1,2.0,-13.231729,405.0,39.0,6.0,0.29135802,-0.07463863,1.0,4.0
00-0036971,Trevor Lawrence,2021,3,JAX,ARI,34,22,219.0,1,2.0,-13.066595,272.0,87.0,10.0,0.80514705,0.045402236,3.0,17.0
00-0036971,Trevor Lawrence,2021,4,JAX,CIN,24,17,204.0,0,0.0,6.4064484,216.0,73.0,8.0,0.9444444,0.19873808,1.0,2.0
00-0036971,Trevor Lawrence,2021,5,JAX,TEN,33,23,273.0,1,1.0,-0.6202937,251.0,132.0,12.0,1.0876493,0.0865721,2.0,17.0
00-0036971,Trevor Lawrence,2021,6,JAX,MIA,41,25,319.0,1,0.0,9.386407,306.0,131.0,16.0,1.0424837,0.0915208,2.0,7.0
00-0036971,Trevor Lawrence,2021,8,JAX,SEA,54,32,238.0,1,1.0,-7.6998816,279.0,154.0,17.0,0.8530466,-0.010703615,1.0,11.0
00-0036971,Trevor Lawrence,2021,9,JAX,BUF,26,15,118.0,0,0.0,-3.9134138,178.0,66.0,4.0,0.66292137,-0.010549376,2.0,12.0
00-0036971,Trevor Lawrence,2021,10,JAX,IND,35,16,162.0,0,0.0,-7.6082935,335.0,73.0,7.0,0.48358208,-0.07665089,3.0,10.0
00-0036971,Trevor Lawrence,2021,11,JAX,SF,25,16,158.0,0,0.0,1.8280813,191.0,80.0,8.0,0.82722515,0.09203464,3.0,12.0
00-0036971,Trevor Lawrence,2021,12,JAX,ATL,42,23,228.0,1,1.0,-3.0928807,420.0,116.0,13.0,0.54285717,0.017757554,1.0,12.0
00-0036971,Trevor Lawrence,2021,13,JAX,LA,28,16,145.0,0,0.0,-2.9206998,117.0,102.0,7.0,1.2393162,-0.07688194,2.0,9.0
00-0036971,Trevor Lawrence,2021,14,JAX,TEN,40,24,221.0,0,4.0,-16.265787,336.0,102.0,9.0,0.6577381,0.025824418,3.0,37.0
00-0036971,Trevor Lawrence,2021,15,JAX,HOU,38,22,210.0,0,0.0,-5.2992625,262.0,98.0,12.0,0.8015267,-0.018915253,3.0,21.0
00-0036971,Trevor Lawrence,2021,16,JAX,NYJ,39,26,280.0,0,0.0,3.8857837,375.0,67.0,16.0,0.74666667,0.225373,1.0,28.0
00-0036971,Trevor Lawrence,2021,17,JAX,NE,27,17,193.0,1,3.0,-12.075156,194.0,80.0,8.0,0.9948454,0.0053333924,2.0,20.0
00-0036971,Trevor Lawrence,2021,18,JAX,IND,32,23,223.0,2,0.0,8.1124525,185.0,93.0,11.0,1.2054054,0.14318135,1.0,6.0
00-0036972,Mac Jones,2021,1,NE,MIA,39,29,281.0,1,0.0,12.532951,239.0,119.0,14.0,1.1757323,0.19145189,1.0,13.0
00-0036972,Mac Jones,2021,2,NE,NYJ,30,22,186.0,0,0.0,-4.378398,140.0,118.0,9.0,1.3285714,0.059271425,3.0,27.0
00-0036972,Mac Jones,2021,3,NE,NO,51,30,270.0,1,3.0,-16.882364,633.0,87.0,10.0,0.4265403,0.018326273,2.0,19.0
00-0036972,Mac Jones,2021,4,NE,TB,40,31,275.0,2,1.0,2.5183575,206.0,137.0,15.0,1.3349514,0.13318342,4.0,25.0
00-0036972,Mac Jones,2021,5,NE,HOU,30,23,231.0,1,1.0,8.840627,235.0,87.0,12.0,0.9829787,0.24863979,1.0,5.0
00-0036972,Mac Jones,2021,6,NE,DAL,21,15,229.0,2,1.0,-4.2979555,172.0,98.0,9.0,1.3313954,0.075827114,2.0,14.0
00-0036972,Mac Jones,2021,7,NE,NYJ,36,24,307.0,2,0.0,15.44272,268.0,204.0,13.0,1.1455224,0.19801898,1.0,8.0
00-0036972,Mac Jones,2021,8,NE,LAC,35,18,217.0,0,0.0,-2.1464484,334.0,75.0,10.0,0.6497006,0.009059965,1.0,7.0
00-0036972,Mac Jones,2021,9,NE,CAR,18,12,139.0,1,1.0,-3.6108363,101.0,91.0,5.0,1.3762376,0.02485458,2.0,17.0
00-0036972,Mac Jones,2021,10,NE,CLE,23,19,198.0,3,0.0,16.184752,143.0,97.0,14.0,1.3846154,0.34835473,2.0,15.0
00-0036972,Mac Jones,2021,11,NE,ATL,26,22,207.0,1,1.0,-2.6482837,162.0,103.0,7.0,1.2777778,0.13012211,3.0,33.0
00-0036972,Mac Jones,2021,12,NE,TEN,32,23,310.0,2,0.0,14.341585,238.0,175.0,15.0,1.302521,0.22673708,2.0,21.0
00-0036972,Mac Jones,2021,13,NE,BUF,3,2,19.0,0,0.0,0.035594735,15.0,12.0,1.0,1.2666667,,0.0,-0.0
00-0036972,Mac Jones,2021,15,NE,IND,45,26,299.0,2,2.0,-0.75692195,478.0,88.0,15.0,0.62552303,0.02861975,1.0,15.0
00-0036972,Mac Jones,2021,16,NE,BUF,32,14,145.0,0,2.0,-3.0969632,314.0,64.0,7.0,0.46178344,-0.0623582,1.0,6.0
00-0036972,Mac Jones,2021,17,NE,JAX,30,22,227.0,3,0.0,17.211687,237.0,100.0,13.0,0.95780593,0.2923195,0.0,-0.0
00-0036972,Mac Jones,2021,18,NE,MIA,30,20,261.0,1,1.0,1.4800338,243.0,105.0,8.0,1.074074,0.06669316,2.0,16.0
00-0036972,Mac Jones,2021,19,NE,BUF,38,24,232.0,2,2.0,3.4880605,243.0,101.0,13.0,0.95473254,0.14135541,3.0,16.0
00-0037012,Trey Lance,2021,1,SF,DET,1,1,5.0,1,0.0,1.1528736,3.0,2.0,1.0,1.6666666,,0.0,-0.0
00-0037012,Trey Lance,2021,4,SF,SEA,18,9,157.0,2,0.0,7.8760962,127.0,105.0,7.0,1.2362205,0.05923447,1.0,1.0
00-0037012,Trey Lance,2021,5,SF,ARI,29,15,192.0,0,1.0,-6.802043,261.0,94.0,9.0,0.7356322,-0.03349515,2.0,6.0
00-0037012,Trey Lance,2021,17,SF,HOU,23,16,249.0,2,1.0,8.458,267.0,87.0,10.0,0.9325843,0.17212386,1.0,8.0
00-0037013,Zach Wilson,2021,1,NYJ,CAR,37,20,258.0,2,1.0,-6.751281,360.0,102.0,10.0,0.71666664,-0.028573563,6.0,51.0
00-0037013,Zach Wilson,2021,2,NYJ,NE,33,19,210.0,0,4.0,-23.702244,301.0,76.0,6.0,0.6976744,-0.002252589,4.0,26.0
00-0037013,Zach Wilson,2021,3,NYJ,DEN,35,19,160.0,0,2.0,-24.10539,270.0,43.0,10.0,0.5925926,-0.0063915066,5.0,41.0
00-0037013,Zach Wilson,2021,4,NYJ,TEN,34,21,297.0,2,1.0,9.091256,319.0,94.0,11.0,0.9310345,0.09987912,1.0,8.0
00-0037013,Zach Wilson,2021,5,NYJ,ATL,32,19,192.0,0,1.0,-5.855411,276.0,79.0,9.0,0.6956522,0.007861062,2.0,26.0
00-0037013,Zach Wilson,2021,7,NYJ,NE,10,6,51.0,0,0.0,0.29194483,41.0,25.0,4.0,1.2439024,0.14386909,1.0,8.0
00-0037013,Zach Wilson,2021,12,NYJ,HOU,24,14,145.0,0,1.0,-9.377842,103.0,96.0,6.0,1.4077669,-0.048275035,4.0,36.0
00-0037013,Zach Wilson,2021,13,NYJ,PHI,38,23,226.0,2,1.0,1.9534608,309.0,117.0,15.0,0.7313916,0.05773081,2.0,15.0
00-0037013,Zach Wilson,2021,14,NYJ,NO,42,19,202.0,0,0.0,-15.405388,305.0,109.0,9.0,0.6622951,-0.085318245,3.0,24.0
00-0037013,Zach Wilson,2021,15,NYJ,MIA,23,13,170.0,0,0.0,-11.639988,127.0,126.0,8.0,1.3385826,-0.043357383,6.0,44.0
00-0037013,Zach Wilson,2021,16,NYJ,JAX,22,14,102.0,1,0.0,-0.7609113,101.0,51.0,7.0,1.009901,0.1434557,1.0,2.0
00-0037013,Zach Wilson,2021,17,NYJ,TB,33,19,234.0,1,0.0,8.402357,237.0,148.0,14.0,0.98734176,0.07571573,1.0,10.0
00-0037013,Zach Wilson,2021,18,NYJ,BUF,20,7,87.0,1,0.0,-16.872747,136.0,33.0,3.0,0.6397059,-0.12917477,8.0,79.0
00-0019596,Tom Brady,2022,1,TB,DAL,27,18,212.0,1,1.0,1.0508536,305.0,87.0,9.0,0.69508195,0.07563226,2.0,17.0
00-0019596,Tom Brady,2022,2,TB,NO,34,18,190.0,1,0.0,2.428707,314.0,85.0,8.0,0.60509557,-0.022087453,1.0,2.0
00-0019596,Tom Brady,2022,3,TB,GB,42,31,271.0,1,0.0,1.0767493,236.0,124.0,15.0,1.148305,0.08596274,3.0,20.0
00-0019596,Tom Brady,2022,4,TB,KC,52,39,385.0,3,0.0,9.511334,326.0,205.0,23.0,1.1809816,0.15367448,1.0,12.0
00-0019596,Tom Brady,2022,5,TB,ATL,52,35,351.0,1,0.0,12.98959,362.0,178.0,17.0,0.96961325,0.1569216,0.0,-0.0
00-0019596,Tom Brady,2022,6,TB,PIT,40,25,243.0,1,0.0,8.719791,302.0,87.0,11.0,0.80463576,0.11712265,2.0,14.0
00-0019596,Tom Brady,2022,7,TB,CAR,49,32,290.0,0,0.0,-2.3755324,359.0,134.0,14.0,0.80779946,0.017166961,1.0,14.0
00-0019596,Tom Brady,2022,8,TB,BAL,44,26,325.0,1,0.0,4.882812,288.0,177.0,13.0,1.1284722,0.07626214,3.0,20.0
00-0019596,Tom Brady,2022,9,TB,LA,58,36,280.0,1,0.0,-4.8830423,271.0,127.0,15.0,1.0332103,0.0009390158,1.0,8.0
00-0019596,Tom Brady,2022,10,TB,SEA,29,22,258.0,2,1.0,15.308453,248.0,92.0,15.0,1.0403225,0.2825592,0.0,-0.0
00-0019596,Tom Brady,2022,12,TB,CLE,43,29,246.0,2,0.0,-1.7076085,391.0,151.0,9.0,0.629156,0.05417233,3.0,17.0
00-0019596,Tom Brady,2022,13,TB,NO,54,36,281.0,2,1.0,0.43490684,307.0,150.0,19.0,0.9153094,0.057722103,1.0,7.0
00-0019596,Tom Brady,2022,14,TB,SF,55,34,253.0,1,2.0,-9.466742,355.0,108.0,14.0,0.71267605,0.01804785,0.0,-0.0
00-0019596,Tom Brady,2022,15,TB,CIN,44,30,312.0,3,2.0,5.4680576,314.0,125.0,18.0,0.9936306,0.0766103,1.0,8.0
00-0019596,Tom Brady,2022,16,TB,ARI,48,32,281.0,1,2.0,-1.8559757,227.0,222.0,15.0,1.2378855,0.016910737,0.0,-0.0
00-0019596,Tom Brady,2022,17,TB,CAR,45,34,432.0,3,0.0,17.324783,352.0,185.0,17.0,1.2272727,0.2419797,3.0,21.0
00-0019596,Tom Brady,2022,18,TB,ATL,17,13,84.0,1,0.0,2.9991336,70.0,55.0,5.0,1.2,0.14698777,0.0,-0.0
00-0019596,Tom Brady,2022,19,TB,DAL,66,35,351.0,2,1.0,-3.684787,360.0,192.0,20.0,0.975,-0.037435174,2.0,17.0
00-0022824,Andy Lee,2022,16,ARI,TB,1,1,4.0,0,0.0,2.864477,0.0,4.0,1.0,0.0,,0.0,-0.0
00-0023459,Aaron Rodgers,2022,1,GB,MIN,34,22,195.0,0,1.0,-11.627544,190.0,134.0,9.0,1.0263158,0.012710354,4.0,33.0
00-0023459,Aaron Rodgers,2022,2,GB,CHI,25,19,234.0,2,0.0,11.532071,139.0,130.0,10.0,1.6834532,0.19160852,3.0,23.0
00-0023459,Aaron Rodgers,2022,3,GB,TB,35,27,255.0,2,1.0,4.507948,177.0,178.0,11.0,1.440678,0.1536312,1.0,7.0
00-0023459,Aaron Rodgers,2022,4,GB,NE,35,21,251.0,2,1.0,0.4257562,357.0,123.0,12.0,0.70308125,0.08937716,1.0,7.0
00-0023459,Aaron Rodgers,2022,5,GB,NYG,39,25,222.0,2,0.0,2.8204906,291.0,150.0,15.0,0.7628866,0.09108794,2.0,15.0
00-0023459,Aaron Rodgers,2022,6,GB,NYJ,41,26,246.0,1,0.0,-13.293249,354.0,100.0,9.0,0.69491524,0.018552633,4.0,36.0
00-0023459,Aaron Rodgers,2022,7,GB,WAS,35,23,194.0,2,0.0,-2.8398337,189.0,117.0,10.0,1.026455,0.02173293,0.0,-0.0
00-0023459,Aaron Rodgers,2022,8,GB,BUF,30,19,203.0,2,1.0,-1.4000275,236.0,102.0,8.0,0.8601695,0.04683374,2.0,13.0
00-0023459,Aaron Rodgers,2022,9,GB,DET,43,23,291.0,1,3.0,-12.59564,429.0,109.0,11.0,0.67832166,0.009662045,1.0,8.0
00-0023459,Aaron Rodgers,2022,10,GB,DAL,20,14,224.0,3,0.0,6.8773236,226.0,90.0,8.0,0.99115044,0.23062418,2.0,16.0
00-0023459,Aaron Rodgers,2022,11,GB,TEN,39,24,227.0,2,0.0,1.6570836,350.0,90.0,11.0,0.64857143,0.056645695,1.0,12.0
00-0023459,Aaron Rodgers,2022,12,GB,PHI,16,11,140.0,2,2.0,0.24754998,90.0,84.0,8.0,1.5555556,0.049942985,3.0,17.0
00-0023459,Aaron Rodgers,2022,13,GB,CHI,31,18,182.0,1,0.0,3.5329647,324.0,92.0,11.0,0.5617284,0.097441785,0.0,-0.0
00-0023459,Aaron Rodgers,2022,15,GB,LA,30,22,229.0,1,1.0,1.0240986,144.0,142.0,15.0,1.5902778,0.14234719,3.0,22.0
00-0023459,Aaron Rodgers,2022,16,GB,MIA,38,24,238.0,1,1.0,2.1155965,329.0,99.0,11.0,0.7234042,0.079293646,2.0,16.0
00-0023459,Aaron Rodgers,2022,17,GB,MIN,24,15,159.0,1,0.0,1.9633452,260.0,67.0,9.0,0.61153847,0.13180259,1.0,16.0
00-0023459,Aaron Rodgers,2022,18,GB,DET,27,17,205.0,1,1.0,-1.2578778,242.0,86.0,9.0,0.8471074,0.07918352,2.0,17.0
00-0026143,Matt Ryan,2022,1,IND,HOU,50,32,352.0,1,1.0,3.0047843,313.0,176.0,20.0,1.1246006,0.029250236,2.0,12.0
00-0026143,Matt Ryan,2022,2,IND,JAX,30,16,195.0,0,3.0,-20.349194,256.0,64.0,6.0,0.76171875,0.013414036,5.0,31.0
00-0026143,Matt Ryan,2022,3,IND,KC,37,27,222.0,2,0.0,-4.035991,178.0,103.0,12.0,1.247191,0.047165487,5.0,45.0
00-0026143,Matt Ryan,2022,4,IND,TEN,37,27,356.0,2,1.0,8.75145,236.0,151.0,17.0,1.5084746,0.1608411,3.0,29.0
00-0026143,Matt Ryan,2022,5,IND,DEN,41,26,251.0,0,2.0,-11.321442,260.0,113.0,14.0,0.9653846,0.04485651,6.0,51.0
00-0026143,Matt Ryan,2022,6,IND,JAX,58,42,389.0,3,0.0,17.657375,299.0,209.0,22.0,1.3010033,0.17915735,0.0,-0.0
00-0026143,Matt Ryan,2022,7,IND,TEN,44,33,243.0,1,2.0,-9.110603,177.0,119.0,12.0,1.3728814,0.07808782,3.0,16.0
00-0026143,Matt Ryan,2022,10,IND,LV,28,21,222.0,1,0.0,9.340534,172.0,114.0,10.0,1.2906977,0.1917677,1.0,14.0
00-0026143,Matt Ryan,2022,11,IND,PHI,32,23,213.0,0,0.0,-3.3371522,194.0,104.0,9.0,1.0979382,0.02936129,4.0,28.0
00-0026143,Matt Ryan,2022,12,IND,PIT,34,22,199.0,1,1.0,-5.0692787,214.0,72.0,11.0,0.92990655,0.018138418,3.0,19.0
00-0026143,Matt Ryan,2022,13,IND,DAL,37,21,233.0,2,3.0,-8.118598,218.0,100.0,12.0,1.0688074,-0.030895256,3.0,30.0
00-0026143,Matt Ryan,2022,15,IND,MIN,33,19,182.0,1,0.0,-2.1718905,255.0,80.0,11.0,0.7137255,-0.023620913,3.0,12.0
00-0026158,Joe Flacco,2022,1,NYJ,BAL,59,37,309.0,1,1.0,-7.1129165,286.0,139.0,18.0,1.0804195,0.013412225,3.0,12.0
00-0026158,Joe Flacco,2022,2,NYJ,CLE,44,26,307.0,4,0.0,12.344181,417.0,122.0,15.0,0.736211,0.14010507,2.0,15.0
00-0026158,Joe Flacco,2022,3,NYJ,CIN,52,28,285.0,0,2.0,-23.438705,524.0,120.0,13.0,0.54389316,0.011625973,4.0,33.0
00-0026158,Joe Flacco,2022,14,NYJ,BUF,3,1,1.0,0,0.0,-7.2179537,30.0,2.0,0.0,0.033333335,,1.0,6.0
00-0026158,Joe Flacco,2022,18,NYJ,MIA,33,18,149.0,0,0.0,0.06368996,280.0,49.0,9.0,0.5321429,0.019619847,0.0,-0.0
00-0026197,Chad Henne,2022,7,KC,SF,2,0,0.0,0,0.0,-1.8915138,-4.0,0.0,0.0,0.0,,0.0,-0.0
00-0026197,Chad Henne,2022,20,KC,JAX,7,5,23.0,1,0.0,2.706952,32.0,12.0,3.0,0.71875,0.16777618,0.0,-0.0
00-0026300,Josh Johnson,2022,14,SF,TB,2,1,10.0,0,0.0,-0.8358491,2.0,4.0,1.0,5.0,,0.0,-0.0
00-0026300,Josh Johnson,2022,21,SF,PHI,13,7,74.0,0,0.0,-2.025567,67.0,52.0,3.0,1.1044776,0.00437566,2.0,14.0
00-0026498,Matthew Stafford,2022,1,LA,BUF,41,29,240.0,1,3.0,-16.745453,239.0,124.0,14.0,1.0041841,0.025435816,7.0,49.0
00-0026498,Matthew Stafford,2022,2,LA,ATL,36,27,272.0,3,2.0,6.490207,249.0,122.0,16.0,1.0923694,0.17325176,1.0,-0.0
00-0026498,Matthew Stafford,2022,3,LA,ARI,25,18,249.0,0,0.0,10.104671,220.0,180.0,10.0,1.1318182,0.22196417,1.0,10.0
00-0026498,Matthew Stafford,2022,4,LA,SF,48,32,254.0,0,1.0,-12.835559,253.0,130.0,16.0,1.0039526,0.0156317,7.0,54.0
00-0026498,Matthew Stafford,2022,5,LA,DAL,42,28,308.0,1,1.0,-14.383166,322.0,172.0,9.0,0.95652175,0.020425893,5.0,35.0
00-0026498,Matthew Stafford,2022,6,LA,CAR,33,26,253.0,1,1.0,3.050175,146.0,153.0,16.0,1.7328767,0.16021325,1.0,4.0
00-0026498,Matthew Stafford,2022,8,LA,SF,33,22,187.0,1,0.0,0.43298313,138.0,99.0,11.0,1.3550725,0.04699086,2.0,20.0
00-0026498,Matthew Stafford,2022,9,LA,TB,27,13,165.0,1,0.0,-4.6822386,242.0,97.0,6.0,0.6818182,-0.050395045,4.0,27.0
00-0026498,Matthew Stafford,2022,11,LA,NO,18,11,159.0,2,0.0,4.5310335,218.0,42.0,7.0,0.7293578,0.08265649,1.0,9.0
00-0026544,Chase Daniel,2022,10,LAC,SF,2,0,0.0,0,0.0,-1.2977716,-10.0,0.0,0.0,0.0,,1.0,1.0
00-0026544,Chase Daniel,2022,17,LAC,LA,3,3,27.0,0,0.0,1.368227,-17.0,44.0,1.0,0.0,,0.0,-0.0
00-0026544,Chase Daniel,2022,18,LAC,DEN,7,5,25.0,1,0.0,1.3055855,44.0,19.0,3.0,0.5681818,0.09171369,0.0,-0.0
00-0026625,Brian Hoyer,2022,4,NE,GB,6,5,37.0,0,0.0,-2.126524,28.0,22.0,2.0,1.3214285,0.10188965,1.0,8.0
00-0027688,Colt McCoy,2022,10,ARI,LA,37,26,238.0,1,0.0,2.8018472,208.0,94.0,11.0,1.1442307,0.11419743,2.0,18.0
00-0027688,Colt McCoy,2022,11,ARI,SF,34,24,218.0,0,1.0,-4.4206853,167.0,123.0,8.0,1.3053892,0.04424698,3.0,30.0
00-0027688,Colt McCoy,2022,14,ARI,NE,40,27,246.0,0,1.0,-20.419024,301.0,116.0,11.0,0.81727576,0.02099295,6.0,45.0
00-0027688,Colt McCoy,2022,15,ARI,DEN,21,13,78.0,0,1.0,-8.046119,125.0,35.0,4.0,0.624,-0.022837643,2.0,4.0
00-0027948,Blaine Gabbert,2022,18,TB,ATL,8,6,29.0,1,0.0,0.2152442,20.0,37.0,2.0,1.45,0.07338804,0.0,-0.0
00-0027973,Andy Dalton,2022,4,NO,MIN,28,20,236.0,1,0.0,6.534018,311.0,56.0,11.0,0.75884247,0.16704848,2.0,9.0
00-0027973,Andy Dalton,2022,5,NO,SEA,24,16,187.0,1,1.0,0.0144955665,183.0,107.0,8.0,1.021858,0.045008622,1.0,6.0
00-0027973,Andy Dalton,2022,6,NO,CIN,32,17,162.0,1,0.0,3.3422487,237.0,65.0,10.0,0.6835443,0.027025696,1.0,7.0
00-0027973,Andy Dalton,2022,7,NO,ARI,47,30,361.0,4,3.0,-1.3456372,377.0,187.0,15.0,0.9575597,0.10311029,0.0,-0.0
00-0027973,Andy Dalton,2022,8,NO,LV,30,22,229.0,2,0.0,9.861516,174.0,120.0,12.0,1.3160919,0.19282007,0.0,-0.0
00-0027973,Andy Dalton,2022,9,NO,BAL,29,19,210.0,1,1.0,-4.556197,198.0,95.0,9.0,1.060606,0.02865812,4.0,28.0
00-0027973,Andy Dalton,2022,10,NO,PIT,27,17,174.0,1,2.0,-1.4114023,266.0,46.0,8.0,0.65413535,0.010168619,2.0,17.0
00-0027973,Andy Dalton,2022,11,NO,LA,25,21,260.0,3,0.0,10.676714,186.0,114.0,13.0,1.3978494,0.26042426,3.0,32.0
00-0027973,Andy Dalton,2022,12,NO,SF,29,18,204.0,0,0.0,0.33072028,216.0,92.0,8.0,0.9444444,0.031125145,1.0,7.0
00-0027973,Andy Dalton,2022,13,NO,TB,28,20,229.0,1,0.0,3.6552236,198.0,104.0,11.0,1.1565657,0.15039477,2.0,18.0
00-0027973,Andy Dalton,2022,15,NO,ATL,17,11,151.0,2,0.0,5.6197834,157.0,61.0,9.0,0.96178347,0.12953359,2.0,17.0
00-0027973,Andy Dalton,2022,16,NO,CLE,15,8,92.0,0,1.0,-5.012543,110.0,68.0,5.0,0.8363636,-0.03583584,0.0,-0.0
00-0027973,Andy Dalton,2022,17,NO,PHI,22,18,205.0,0,1.0,-4.766653,133.0,107.0,9.0,1.5413533,0.10587228,6.0,38.0
00-0027973,Andy Dalton,2022,18,NO,CAR,25,15,171.0,1,0.0,-4.951688,235.0,96.0,7.0,0.7276596,-0.029903615,1.0,10.0
00-0028118,Tyrod Taylor,2022,4,NYG,CHI,3,1,11.0,0,1.0,-0.725451,72.0,6.0,1.0,0.15277778,,0.0,-0.0
00-0028118,Tyrod Taylor,2022,14,NYG,PHI,5,5,47.0,1,0.0,-3.659886,27.0,20.0,2.0,1.7407408,0.24165651,3.0,18.0
00-0028986,Case Keenum,2022,2,BUF,TEN,2,0,0.0,0,0.0,-1.8931407,25.0,0.0,0.0,0.0,,0.0,-0.0
00-0028986,Case Keenum,2022,5,BUF,PIT,5,2,8.0,0,0.0,-3.8931332,32.0,5.0,0.0,0.25,-0.117448114,0.0,-0.0
00-0029263,Russell Wilson,2022,1,DEN,SEA,42,29,340.0,1,0.0,15.161885,275.0,230.0,13.0,1.2363636,0.23698181,2.0,10.0
00-0029263,Russell Wilson,2022,2,DEN,HOU,31,14,219.0,1,1.0,0.30989936,276.0,69.0,11.0,0.79347825,0.016846828,3.0,18.0
00-0029263,Russell Wilson,2022,3,DEN,SF,33,20,184.0,0,0.0,-10.82287,246.0,89.0,8.0,0.7479675,-6.3525295e-05,4.0,24.0
00-0029263,Russell Wilson,2022,4,DEN,LV,25,17,237.0,2,0.0,-1.02583,284.0,70.0,7.0,0.83450705,0.03295753,3.0,23.0
00-0029263,Russell Wilson,2022,5,DEN,IND,39,21,274.0,0,2.0,-13.004933,366.0,176.0,11.0,0.74863386,-0.020324128,4.0,24.0
00-0029263,Russell Wilson,2022,6,DEN,LAC,28,15,188.0,1,0.0,-6.8266425,267.0,72.0,8.0,0.70411986,0.0023002785,4.0,28.0
00-0029263,Russell Wilson,2022,8,DEN,JAX,30,18,252.0,1,1.0,2.6831756,340.0,121.0,11.0,0.7411765,0.10988516,3.0,22.0
00-0029263,Russell Wilson,2022,10,DEN,TEN,42,21,286.0,1,1.0,-6.271893,435.0,177.0,10.0,0.65747124,-0.025612121,6.0,38.0
00-0029263,Russell Wilson,2022,11,DEN,LV,31,24,247.0,0,0.0,1.46256,205.0,157.0,11.0,1.2048781,0.19930802,3.0,21.0
00-0029263,Russell Wilson,2022,12,DEN,CAR,35,19,142.0,1,0.0,-14.1914,371.0,47.0,8.0,0.38274932,0.021272205,3.0,17.0
00-0029263,Russell Wilson,2022,13,DEN,BAL,22,17,189.0,0,0.0,0.7976541,223.0,52.0,7.0,0.84753364,0.1593485,2.0,5.0
00-0029263,Russell Wilson,2022,14,DEN,KC,36,23,247.0,3,1.0,-6.9562554,161.0,170.0,9.0,1.5341614,0.04385911,6.0,49.0
00-0029263,Russell Wilson,2022,16,DEN,LA,27,15,214.0,1,3.0,-8.86459,307.0,62.0,8.0,0.6970684,-0.005610596,6.0,40.0
00-0029263,Russell Wilson,2022,17,DEN,KC,38,26,222.0,1,1.0,-12.50047,192.0,136.0,12.0,1.15625,0.036335118,4.0,32.0
00-0029263,Russell Wilson,2022,18,DEN,LAC,24,13,283.0,3,1.0,4.052699,316.0,92.0,8.0,0.8955696,0.12672873,2.0,17.0
00-0029567,Nick Foles,2022,16,IND,LAC,29,17,144.0,0,3.0,-24.711033,243.0,59.0,6.0,0.5925926,0.0062242458,7.0,39.0
00-0029567,Nick Foles,2022,17,IND,NYG,13,8,81.0,0,1.0,-9.460195,100.0,32.0,3.0,0.81,-0.018419545,1.0,9.0
00-0029604,Kirk Cousins,2022,1,MIN,GB,32,23,277.0,2,0.0,9.272199,164.0,152.0,12.0,1.6890244,0.15400633,1.0,8.0
00-0029604,Kirk Cousins,2022,2,MIN,PHI,46,27,221.0,1,3.0,-14.012142,270.0,104.0,16.0,0.8185185,-0.014272271,2.0,19.0
00-0029604,Kirk Cousins,2022,3,MIN,DET,41,24,260.0,2,0.0,-1.3892486,334.0,119.0,16.0,0.7784431,0.042173676,1.0,10.0
00-0029604,Kirk Cousins,2022,4,MIN,NO,38,25,273.0,1,1.0,-1.4547619,278.0,101.0,14.0,0.9820144,0.12014272,3.0,23.0
00-0029604,Kirk Cousins,2022,5,MIN,CHI,41,32,296.0,1,1.0,10.9213295,185.0,147.0,17.0,1.6,0.21630628,1.0,7.0
00-0029604,Kirk Cousins,2022,6,MIN,MIA,30,20,175.0,2,0.0,-5.5274863,167.0,99.0,7.0,1.0479041,0.031182608,3.0,19.0
00-0029604,Kirk Cousins,2022,8,MIN,ARI,36,24,232.0,2,0.0,-3.1910114,233.0,105.0,11.0,0.99570817,0.08590839,3.0,24.0
00-0029604,Kirk Cousins,2022,9,MIN,WAS,40,22,265.0,2,1.0,0.8858901,390.0,66.0,12.0,0.67948717,0.05941846,2.0,17.0
00-0029604,Kirk Cousins,2022,10,MIN,BUF,50,30,357.0,1,2.0,4.8568025,430.0,115.0,14.0,0.83023256,0.040548787,4.0,23.0
00-0029604,Kirk Cousins,2022,11,MIN,DAL,23,12,105.0,0,0.0,-18.254179,191.0,29.0,7.0,0.5497382,-0.01796832,7.0,49.0
00-0029604,Kirk Cousins,2022,12,MIN,NE,37,30,299.0,3,1.0,11.629731,208.0,128.0,15.0,1.4375,0.22823697,1.0,9.0
00-0029604,Kirk Cousins,2022,13,MIN,NYJ,35,21,173.0,1,0.0,-1.8873007,329.0,45.0,12.0,0.5258359,0.034681216,2.0,14.0
00-0029604,Kirk Cousins,2022,14,MIN,DET,41,31,425.0,2,0.0,22.573524,456.0,137.0,18.0,0.93201756,0.30302635,3.0,26.0
00-0029604,Kirk Cousins,2022,15,MIN,IND,54,34,460.0,4,2.0,5.0970926,436.0,280.0,22.0,1.0550458,0.05317752,7.0,34.0
00-0029604,Kirk Cousins,2022,16,MIN,NYG,48,34,299.0,3,0.0,-0.45584884,322.0,149.0,17.0,0.9285714,0.0555433,4.0,29.0
00-0029604,Kirk Cousins,2022,17,MIN,GB,31,18,205.0,1,3.0,-17.211035,262.0,87.0,10.0,0.78244275,-0.012282758,2.0,18.0
00-0029604,Kirk Cousins,2022,18,MIN,CHI,20,17,225.0,1,0.0,16.610853,166.0,104.0,10.0,1.3554217,0.44006786,0.0,-0.0
00-0029604,Kirk Cousins,2022,19,MIN,NYG,39,31,273.0,2,0.0,12.248064,268.0,127.0,16.0,1.0186567,0.24283434,0.0,-0.0
00-0029701,Ryan Tannehill,2022,1,TEN,NYG,33,20,266.0,2,0.0,7.819076,296.0,103.0,13.0,0.8986486,0.16117866,1.0,-0.0
00-0029701,Ryan Tannehill,2022,2,TEN,BUF,20,11,117.0,0,2.0,-11.536095,174.0,43.0,6.0,0.67241377,-0.02617227,2.0,16.0
00-0029701,Ryan Tannehill,2022,3,TEN,LV,27,19,264.0,1,1.0,12.199781,192.0,130.0,13.0,1.375,0.20560634,1.0,12.0
00-0029701,Ryan Tannehill,2022,4,TEN,IND,21,17,137.0,2,0.0,-0.2551317,90.0,86.0,9.0,1.5222223,0.10892545,3.0,21.0
00-0029701,Ryan Tannehill,2022,5,TEN,WAS,25,15,181.0,1,0.0,-0.58351386,228.0,79.0,6.0,0.79385966,0.05616915,5.0,45.0
00-0029701,Ryan Tannehill,2022,7,TEN,IND,20,13,132.0,0,0.0,3.5131788,144.0,48.0,6.0,0.9166667,0.048867166,2.0,16.0
00-0029701,Ryan Tannehill,2022,10,TEN,DEN,36,19,255.0,2,0.0,4.7924795,247.0,128.0,11.0,1.0323887,0.007361745,1.0,11.0
00-0029701,Ryan Tannehill,2022,11,TEN,GB,27,22,333.0,2,1.0,16.866169,257.0,143.0,14.0,1.2957199,0.37453994,3.0,17.0
00-0029701,Ryan Tannehill,2022,12,TEN,CIN,34,22,291.0,1,0.0,6.65836,285.0,152.0,12.0,1.0210526,0.11513395,1.0,10.0
00-0029701,Ryan Tannehill,2022,13,TEN,PHI,22,14,141.0,1,0.0,-8.721926,136.0,60.0,5.0,1.0367647,0.017904768,6.0,35.0
00-0029701,Ryan Tannehill,2022,14,TEN,JAX,38,25,254.0,2,1.0,-4.6609735,346.0,98.0,14.0,0.73410404,0.04538896,4.0,27.0
00-0029701,Ryan Tannehill,2022,15,TEN,LAC,22,15,165.0,0,1.0,-6.374252,137.0,109.0,7.0,1.2043796,0.0009987128,4.0,28.0
00-0030288,Rex Burkhead,2022,8,HOU,TEN,1,0,0.0,0,0.0,-0.4519726,7.0,0.0,0.0,0.0,,0.0,-0.0
00-0030565,Geno Smith,2022,1,SEA,DEN,28,23,195.0,2,0.0,8.274174,144.0,89.0,9.0,1.3541666,0.21015716,2.0,18.0
00-0030565,Geno Smith,2022,2,SEA,SF,30,24,197.0,0,1.0,-7.9178877,162.0,84.0,10.0,1.2160494,0.10157462,2.0,17.0
00-0030565,Geno Smith,2022,3,SEA,ATL,44,32,325.0,2,1.0,11.882529,412.0,102.0,15.0,0.7888349,0.1714727,2.0,17.0
00-0030565,Geno Smith,2022,4,SEA,DET,30,23,320.0,2,0.0,21.017963,320.0,114.0,14.0,1.0,0.33022642,0.0,-0.0
00-0030565,Geno Smith,2022,5,SEA,NO,25,16,268.0,3,0.0,8.826468,300.0,70.0,9.0,0.8933333,0.14876913,3.0,23.0
00-0030565,Geno Smith,2022,6,SEA,ARI,31,20,197.0,0,0.0,-6.304714,213.0,98.0,10.0,0.92488265,0.016282458,5.0,37.0
00-0030565,Geno Smith,2022,7,SEA,LAC,27,20,210.0,2,1.0,4.5663705,206.0,79.0,10.0,1.0194175,0.18187967,2.0,19.0
00-0030565,Geno Smith,2022,8,SEA,NYG,34,23,212.0,2,0.0,2.980143,273.0,134.0,14.0,0.7765568,0.10092627,3.0,22.0
00-0030565,Geno Smith,2022,9,SEA,ARI,34,26,275.0,2,1.0,-1.260409,103.0,208.0,14.0,2.6699028,0.14135121,2.0,12.0
00-0030565,Geno Smith,2022,10,SEA,TB,33,23,275.0,2,0.0,4.8811493,254.0,120.0,15.0,1.0826771,0.13813095,3.0,31.0
00-0030565,Geno Smith,2022,12,SEA,LV,37,27,328.0,2,1.0,8.042677,289.0,127.0,15.0,1.1349481,0.14242756,3.0,21.0
00-0030565,Geno Smith,2022,13,SEA,LA,39,28,367.0,3,1.0,10.561478,264.0,144.0,18.0,1.3901515,0.19359627,4.0,19.0
00-0030565,Geno Smith,2022,14,SEA,CAR,36,21,264.0,3,2.0,-0.4600201,394.0,51.0,13.0,0.67005074,0.067059696,3.0,23.0
00-0030565,Geno Smith,2022,15,SEA,SF,44,31,238.0,1,0.0,-8.172537,168.0,121.0,12.0,1.4166666,0.04091883,3.0,31.0
00-0030565,Geno Smith,2022,16,SEA,KC,40,25,215.0,1,1.0,-18.171165,267.0,79.0,8.0,0.80524343,0.02948556,2.0,15.0
00-0030565,Geno Smith,2022,17,SEA,NYJ,29,18,183.0,2,0.0,-2.4602408,269.0,90.0,10.0,0.6802974,0.06381273,4.0,35.0
00-0030565,Geno Smith,2022,18,SEA,LA,31,19,213.0,1,2.0,-7.5128427,273.0,70.0,10.0,0.7802198,0.041038435,3.0,8.0
00-0030565,Geno Smith,2022,19,SEA,SF,35,25,253.0,2,1.0,3.7603316,326.0,77.0,14.0,0.77607363,0.1646344,3.0,25.0
00-0031237,Teddy Bridgewater,2022,3,MIA,BUF,2,0,0.0,0,0.0,-1.856158,2.0,0.0,0.0,0.0,,1.0,8.0
00-0031237,Teddy Bridgewater,2022,4,MIA,CIN,23,14,193.0,1,1.0,-0.6528812,221.0,70.0,8.0,0.8733032,0.10981973,0.0,-0.0
00-0031237,Teddy Bridgewater,2022,5,MIA,NYJ,1,0,0.0,0,0.0,-1.6111236,-4.0,0.0,0.0,0.0,,0.0,-0.0
00-0031237,Teddy Bridgewater,2022,6,MIA,MIN,34,23,329.0,2,2.0,3.821711,277.0,158.0,15.0,1.1877257,0.11468749,5.0,25.0
00-0031237,Teddy Bridgewater,2022,17,MIA,NE,19,12,161.0,1,1.0,0.68163425,208.0,79.0,9.0,0.77403843,0.080732405,1.0,12.0
00-0031280,Derek Carr,2022,1,LV,LAC,37,22,295.0,2,3.0,-4.545959,341.0,126.0,17.0,0.86510265,0.014200815,5.0,29.0
00-0031280,Derek Carr,2022,2,LV,ARI,39,25,252.0,2,0.0,4.5594053,233.0,146.0,14.0,1.0815451,0.084976606,1.0,8.0
00-0031280,Derek Carr,2022,3,LV,TEN,44,26,303.0,2,1.0,6.3230963,405.0,85.0,14.0,0.74814814,0.17678185,1.0,7.0
00-0031280,Derek Carr,2022,4,LV,DEN,34,21,188.0,0,0.0,-3.3126585,278.0,81.0,11.0,0.676259,0.04754572,2.0,15.0
00-0031280,Derek Carr,2022,5,LV,KC,30,19,241.0,2,0.0,6.783734,308.0,102.0,6.0,0.78246754,0.21177723,2.0,18.0
00-0031280,Derek Carr,2022,7,LV,HOU,27,21,241.0,1,0.0,12.190015,197.0,105.0,13.0,1.2233503,0.21935216,1.0,5.0
00-0031280,Derek Carr,2022,8,LV,NO,26,15,101.0,0,1.0,-11.870315,212.0,88.0,5.0,0.4764151,-0.023652712,3.0,20.0
00-0031280,Derek Carr,2022,9,LV,JAX,36,21,259.0,2,0.0,7.9400716,355.0,122.0,11.0,0.7295775,0.06841436,2.0,11.0
00-0031280,Derek Carr,2022,10,LV,IND,38,24,248.0,2,0.0,2.9331641,312.0,160.0,10.0,0.7948718,0.01942382,2.0,16.0
00-0031280,Derek Carr,2022,11,LV,DEN,37,23,307.0,2,0.0,7.107108,352.0,117.0,10.0,0.87215906,0.10133442,1.0,9.0
00-0031280,Derek Carr,2022,12,LV,SEA,36,25,295.0,3,2.0,13.628719,309.0,132.0,14.0,0.95469254,0.20367709,1.0,2.0
00-0031280,Derek Carr,2022,13,LV,LAC,30,16,250.0,2,1.0,-2.4414816,345.0,73.0,11.0,0.7246377,0.034312636,0.0,-0.0
00-0031280,Derek Carr,2022,14,LV,LA,20,11,137.0,0,2.0,-0.8324481,190.0,38.0,6.0,0.72105265,-0.007415757,0.0,-0.0
00-0031280,Derek Carr,2022,15,LV,NE,38,20,231.0,3,1.0,-3.9131522,483.0,52.0,10.0,0.47826087,0.017633077,3.0,20.0
00-0031280,Derek Carr,2022,16,LV,PIT,30,16,174.0,1,3.0,-5.253715,282.0,82.0,9.0,0.61702126,-0.050327275,3.0,31.0
00-0031345,Jimmy Garoppolo,2022,2,SF,SEA,21,13,154.0,1,0.0,2.2144244,174.0,87.0,7.0,0.88505745,0.19975966,1.0,-0.0
00-0031345,Jimmy Garoppolo,2022,3,SF,DEN,29,18,211.0,1,1.0,-5.718365,242.0,82.0,9.0,0.8719008,-0.0048197475,4.0,32.0
00-0031345,Jimmy Garoppolo,2022,4,SF,LA,27,16,239.0,1,0.0,10.709715,151.0,195.0,9.0,1.5827814,0.14344661,0.0,-0.0
00-0031345,Jimmy Garoppolo,2022,5,SF,CAR,30,18,253.0,2,0.0,18.338089,230.0,148.0,12.0,1.1,0.20850787,2.0,9.0
00-0031345,Jimmy Garoppolo,2022,6,SF,ATL,41,29,296.0,2,2.0,3.5641742,309.0,216.0,15.0,0.9579288,0.054460444,0.0,-0.0
00-0031345,Jimmy Garoppolo,2022,7,SF,KC,37,25,303.0,2,1.0,2.4119112,246.0,162.0,14.0,1.2317073,0.06313358,5.0,26.0
00-0031345,Jimmy Garoppolo,2022,8,SF,LA,25,21,235.0,2,0.0,14.549812,162.0,131.0,11.0,1.4506173,0.29286933,3.0,12.0
00-0031345,Jimmy Garoppolo,2022,10,SF,LAC,28,19,240.0,0,0.0,10.099976,182.0,138.0,10.0,1.3186814,0.15411243,1.0,10.0
00-0031345,Jimmy Garoppolo,2022,11,SF,ARI,29,20,228.0,4,0.0,16.238575,176.0,152.0,13.0,1.2954545,0.22219081,0.0,-0.0
00-0031345,Jimmy Garoppolo,2022,12,SF,NO,37,26,222.0,1,0.0,1.2983712,208.0,110.0,12.0,1.0673077,0.084465854,1.0,1.0
00-0031345,Jimmy Garoppolo,2022,13,SF,MIA,4,2,56.0,0,0.0,1.7997389,44.0,22.0,2.0,1.2727273,,1.0,10.0
00-0031503,Jameis Winston,2022,1,NO,ATL,34,23,269.0,2,0.0,1.2357728,293.0,62.0,12.0,0.91808873,0.10744656,4.0,35.0
00-0031503,Jameis Winston,2022,2,NO,TB,40,25,236.0,1,3.0,-16.173836,534.0,62.0,9.0,0.44194758,0.013298575,6.0,28.0
00-0031503,Jameis Winston,2022,3,NO,CAR,41,25,353.0,1,2.0,7.9251394,488.0,78.0,14.0,0.72336066,0.10418488,1.0,11.0
00-0031544,Amari Cooper,2022,8,CLE,CIN,1,0,0.0,0,1.0,-4.9805026,18.0,0.0,0.0,0.0,,0.0,-0.0
00-0031800,Taylor Heinicke,2022,7,WAS,GB,33,20,201.0,2,1.0,-1.0927044,194.0,108.0,11.0,1.0360825,0.064882495,1.0,3.0
00-0031800,Taylor Heinicke,2022,8,WAS,IND,31,23,279.0,1,1.0,1.6814208,180.0,160.0,13.0,1.55,0.10202738,2.0,13.0
00-0031800,Taylor Heinicke,2022,9,WAS,MIN,28,15,149.0,2,1.0,-11.005841,230.0,42.0,9.0,0.6478261,-0.025835127,3.0,23.0
00-0031800,Taylor Heinicke,2022,10,WAS,PHI,29,17,211.0,0,1.0,2.6136997,280.0,70.0,9.0,0.75357145,0.12717979,3.0,33.0
00-0031800,Taylor Heinicke,2022,11,WAS,HOU,27,15,191.0,0,0.0,1.1429917,240.0,76.0,10.0,0.79583335,0.043911915,0.0,-0.0
00-0031800,Taylor Heinicke,2022,12,WAS,ATL,23,14,138.0,2,1.0,2.3663912,146.0,49.0,8.0,0.94520545,0.042084288,0.0,-0.0
00-0031800,Taylor Heinicke,2022,13,WAS,NYG,41,27,275.0,2,0.0,-0.30665937,319.0,151.0,13.0,0.86206895,0.069768906,5.0,29.0
00-0031800,Taylor Heinicke,2022,15,WAS,NYG,29,17,249.0,1,0.0,-10.521733,327.0,81.0,10.0,0.7614679,0.04069953,3.0,21.0
00-0031800,Taylor Heinicke,2022,16,WAS,SF,18,13,166.0,2,1.0,2.411442,230.0,35.0,10.0,0.7217391,0.119222134,2.0,19.0
00-0032156,Trevor Siemian,2022,8,CHI,DAL,1,1,5.0,0,0.0,-0.10554144,-1.0,6.0,0.0,0.0,,0.0,-0.0
00-0032156,Trevor Siemian,2022,12,CHI,NYJ,25,14,179.0,1,1.0,-7.04885,172.0,110.0,7.0,1.0406977,-0.0072087566,2.0,14.0
00-0032208,Phillip Dorsett,2022,15,HOU,KC,1,0,0.0,0,0.0,-0.5361111,12.0,0.0,0.0,0.0,,0.0,-0.0
00-0032268,Marcus Mariota,2022,1,ATL,NO,33,20,215.0,0,0.0,5.021303,282.0,78.0,8.0,0.76241136,0.06195369,0.0,-0.0
00-0032268,Marcus Mariota,2022,2,ATL,LA,26,17,196.0,2,2.0,-2.7201893,205.0,82.0,11.0,0.95609754,0.1037023,3.0,25.0
00-0032268,Marcus Mariota,2022,3,ATL,SEA,20,13,229.0,1,1.0,14.931651,329.0,93.0,13.0,0.6960486,0.23858702,3.0,22.0
00-0032268,Marcus Mariota,2022,4,ATL,CLE,19,7,139.0,0,1.0,-5.134306,242.0,56.0,6.0,0.57438016,-0.08471097,1.0,8.0
00-0032268,Marcus Mariota,2022,5,ATL,TB,25,14,147.0,1,0.0,-2.4800498,227.0,63.0,7.0,0.6475771,0.021888005,5.0,37.0
00-0032268,Marcus Mariota,2022,6,ATL,SF,14,13,129.0,2,0.0,5.2091427,77.0,57.0,7.0,1.6753247,0.28563663,2.0,8.0
00-0032268,Marcus Mariota,2022,7,ATL,CIN,13,8,124.0,1,0.0,1.1048316,109.0,43.0,5.0,1.1376147,0.096119784,3.0,17.0
00-0032268,Marcus Mariota,2022,8,ATL,CAR,28,20,253.0,3,2.0,6.234059,305.0,164.0,14.0,0.8295082,0.17197049,2.0,14.0
00-0032268,Marcus Mariota,2022,9,ATL,LAC,23,12,129.0,0,0.0,-0.44220906,343.0,42.0,7.0,0.3760933,0.007849286,2.0,15.0
00-0032268,Marcus Mariota,2022,10,ATL,CAR,30,19,186.0,2,1.0,-7.5052695,350.0,32.0,11.0,0.5314286,0.061558716,5.0,33.0
00-0032268,Marcus Mariota,2022,11,ATL,CHI,20,13,131.0,1,0.0,1.5453169,104.0,75.0,7.0,1.2596154,0.07702134,0.0,-0.0
00-0032268,Marcus Mariota,2022,12,ATL,WAS,25,15,174.0,1,1.0,-4.720275,146.0,80.0,6.0,1.1917808,0.011880137,1.0,9.0
00-0032268,Marcus Mariota,2022,13,ATL,PIT,24,13,167.0,1,1.0,-4.9903703,374.0,47.0,9.0,0.44652405,-0.0027273942,1.0,7.0
00-0032434,Brandon Allen,2022,9,CIN,CAR,3,3,22.0,0,0.0,-0.68825394,10.0,12.0,1.0,2.2,,1.0,-0.0
00-0032436,Jeff Driskel,2022,14,HOU,DAL,6,4,38.0,1,0.0,0.99981356,20.0,20.0,1.0,1.9,-0.0032323233,0.0,-0.0
00-0032436,Jeff Driskel,2022,15,HOU,KC,4,2,8.0,0,0.0,-2.5618165,5.0,12.0,1.0,1.6,,1.0,4.0
00-0032436,Jeff Driskel,2022,16,HOU,TEN,4,3,40.0,0,0.0,2.9926758,19.0,22.0,2.0,2.1052632,,0.0,-0.0
00-0032436,Jeff Driskel,2022,17,HOU,JAX,4,3,9.0,0,0.0,-3.8118267,-6.0,19.0,0.0,0.0,,1.0,9.0
00-0032436,Jeff Driskel,2022,18,HOU,IND,2,2,13.0,0,0.0,0.36981288,7.0,6.0,1.0,1.8571428,,0.0,-0.0
00-0032764,Derrick Henry,2022,11,TEN,GB,2,2,4.0,1,0.0,0.4664566,-1.0,5.0,1.0,0.0,,0.0,-0.0
00-0032943,Riley Dixon,2022,5,LA,DAL,1,1,12.0,0,0.0,2.6160583,6.0,6.0,1.0,2.0,,0.0,-0.0
00-0032943,Riley Dixon,2022,12,LA,KC,1,1,6.0,0,0.0,2.7706954,4.0,2.0,1.0,1.5,,0.0,-0.0
00-0032950,Carson Wentz,2022,1,WAS,JAX,41,27,313.0,4,2.0,8.543848,290.0,178.0,16.0,1.0793103,0.14441763,1.0,8.0
00-0032950,Carson Wentz,2022,2,WAS,DET,46,30,337.0,3,1.0,2.341076,415.0,138.0,15.0,0.8120482,0.08213914,5.0,29.0
00-0032950,Carson Wentz,2022,3,WAS,PHI,43,25,211.0,0,0.0,-20.692163,339.0,61.0,11.0,0.6224189,-0.012273821,9.0,58.0
00-0032950,Carson Wentz,2022,4,WAS,DAL,42,25,170.0,1,2.0,-17.398127,297.0,113.0,10.0,0.57239056,0.00020759007,2.0,15.0
00-0032950,Carson Wentz,2022,5,WAS,TEN,38,25,359.0,2,1.0,0.6536757,351.0,148.0,11.0,1.022792,0.054764338,3.0,17.0
00-0032950,Carson Wentz,2022,6,WAS,CHI,22,12,99.0,0,0.0,-7.971802,137.0,72.0,5.0,0.72262776,-0.06481098,3.0,13.0
00-0032950,Carson Wentz,2022,16,WAS,SF,16,12,123.0,1,0.0,5.3241096,86.0,66.0,8.0,1.4302325,0.20516565,0.0,-0.0
00-0032950,Carson Wentz,2022,17,WAS,CLE,28,16,143.0,0,3.0,-8.09327,232.0,50.0,9.0,0.6163793,-0.026523955,3.0,19.0
00-0033009,Tyler Boyd,2022,4,CIN,MIA,1,1,23.0,0,0.0,3.2179458,21.0,2.0,1.0,1.0952381,,0.0,-0.0
00-0033077,Dak Prescott,2022,1,DAL,TB,29,14,134.0,0,1.0,-12.482924,202.0,56.0,6.0,0.6633663,-0.09295054,2.0,13.0
00-0033077,Dak Prescott,2022,7,DAL,DET,25,19,207.0,1,0.0,9.683366,270.0,79.0,10.0,0.76666665,0.23720603,2.0,16.0
00-0033077,Dak Prescott,2022,8,DAL,CHI,27,21,250.0,2,1.0,14.725687,187.0,95.0,15.0,1.3368984,0.30356842,1.0,8.0
00-0033077,Dak Prescott,2022,10,DAL,GB,46,27,265.0,3,2.0,-6.6972866,337.0,97.0,13.0,0.78635013,0.018889116,2.0,3.0
00-0033077,Dak Prescott,2022,11,DAL,MIN,25,22,276.0,2,0.0,18.399162,139.0,159.0,9.0,1.9856116,0.35945317,0.0,-0.0
00-0033077,Dak Prescott,2022,12,DAL,NYG,30,21,261.0,2,2.0,11.651604,352.0,83.0,13.0,0.74147725,0.26586205,0.0,-0.0
00-0033077,Dak Prescott,2022,13,DAL,IND,30,20,170.0,3,1.0,3.403148,207.0,120.0,11.0,0.82125604,0.110184275,1.0,5.0
00-0033077,Dak Prescott,2022,14,DAL,HOU,39,24,284.0,1,2.0,-3.663822,327.0,97.0,11.0,0.86850154,-0.0038462963,1.0,7.0
00-0033077,Dak Prescott,2022,15,DAL,JAX,30,23,256.0,3,2.0,4.0234046,259.0,106.0,14.0,0.98841697,0.22648712,3.0,13.0
00-0033077,Dak Prescott,2022,16,DAL,PHI,35,27,347.0,3,1.0,5.711441,253.0,136.0,18.0,1.3715415,0.22808605,6.0,43.0
00-0033077,Dak Prescott,2022,17,DAL,TEN,41,29,282.0,2,2.0,10.499198,307.0,149.0,16.0,0.91856676,0.17602533,1.0,8.0
00-0033077,Dak Prescott,2022,18,DAL,WAS,37,14,128.0,1,1.0,-13.168291,383.0,35.0,6.0,0.33420366,-0.09774471,1.0,10.0
00-0033077,Dak Prescott,2022,19,DAL,TB,33,25,305.0,4,0.0,23.883806,268.0,123.0,16.0,1.1380597,0.35807422,1.0,8.0
00-0033077,Dak Prescott,2022,20,DAL,SF,37,23,206.0,1,2.0,-6.3106236,303.0,83.0,9.0,0.679868,-0.0019132138,1.0,-0.0
00-0033106,Jared Goff,2022,1,DET,PHI,37,21,215.0,2,1.0,-2.112076,306.0,119.0,12.0,0.70261437,0.013870279,1.0,10.0
00-0033106,Jared Goff,2022,2,DET,WAS,34,20,256.0,4,0.0,1.2205331,287.0,130.0,12.0,0.8919861,0.02015073,3.0,22.0
00-0033106,Jared Goff,2022,3,DET,MIN,41,25,277.0,1,1.0,7.5733824,349.0,132.0,14.0,0.7936963,0.10338712,0.0,-0.0
00-0033106,Jared Goff,2022,4,DET,SEA,39,26,378.0,4,1.0,13.705167,387.0,167.0,18.0,0.9767442,0.18763284,1.0,9.0
00-0033106,Jared Goff,2022,5,DET,NE,35,19,229.0,0,1.0,-20.695974,290.0,116.0,9.0,0.78965515,0.03928146,2.0,18.0
00-0033106,Jared Goff,2022,7,DET,DAL,26,21,228.0,0,2.0,-6.6372323,156.0,136.0,11.0,1.4615384,0.07843515,5.0,33.0
00-0033106,Jared Goff,2022,8,DET,MIA,37,27,321.0,1,0.0,8.690999,267.0,178.0,13.0,1.2022471,0.13856474,1.0,10.0
00-0033106,Jared Goff,2022,9,DET,GB,26,14,137.0,2,1.0,-1.4637722,106.0,93.0,10.0,1.2924528,-0.005399375,0.0,-0.0
00-0033106,Jared Goff,2022,10,DET,CHI,26,19,236.0,1,0.0,17.636703,175.0,146.0,12.0,1.3485714,0.24400726,2.0,8.0
00-0033106,Jared Goff,2022,11,DET,NYG,26,17,165.0,0,0.0,2.7965531,154.0,102.0,9.0,1.0714285,0.09163161,0.0,-0.0
00-0033106,Jared Goff,2022,12,DET,BUF,37,23,240.0,2,0.0,5.66123,253.0,136.0,13.0,0.9486166,0.1039422,2.0,10.0
00-0033106,Jared Goff,2022,13,DET,JAX,41,31,340.0,2,0.0,21.616482,246.0,159.0,21.0,1.3821138,0.23327772,2.0,3.0
00-0033106,Jared Goff,2022,14,DET,MIN,39,27,330.0,3,0.0,14.289341,262.0,117.0,18.0,1.259542,0.20262346,0.0,-0.0
00-0033106,Jared Goff,2022,15,DET,NYJ,38,23,252.0,1,0.0,11.718987,200.0,168.0,14.0,1.26,0.1292656,0.0,-0.0
00-0033106,Jared Goff,2022,16,DET,CAR,42,25,355.0,3,0.0,13.722886,312.0,127.0,15.0,1.1378205,0.13069198,2.0,19.0
00-0033106,Jared Goff,2022,17,DET,CHI,29,21,255.0,3,0.0,5.7504125,192.0,131.0,14.0,1.328125,0.16366445,1.0,9.0
00-0033106,Jared Goff,2022,18,DET,GB,34,23,224.0,0,0.0,7.4910545,187.0,128.0,12.0,1.197861,0.093774974,1.0,5.0
00-0033119,Jacoby Brissett,2022,1,CLE,CAR,34,18,147.0,1,0.0,-7.346917,248.0,57.0,7.0,0.5927419,0.031531125,1.0,9.0
00-0033119,Jacoby Brissett,2022,2,CLE,NYJ,27,22,229.0,1,1.0,13.85184,146.0,120.0,15.0,1.5684931,0.2951953,1.0,8.0
00-0033119,Jacoby Brissett,2022,3,CLE,PIT,31,21,220.0,2,0.0,1.4553319,201.0,119.0,12.0,1.0945274,0.071413025,2.0,15.0
00-0033119,Jacoby Brissett,2022,4,CLE,ATL,35,21,234.0,0,1.0,-1.0042162,281.0,74.0,9.0,0.8327402,0.04427454,1.0,8.0
00-0033119,Jacoby Brissett,2022,5,CLE,LAC,34,21,230.0,1,1.0,6.9874835,312.0,58.0,15.0,0.73717946,0.17926595,0.0,-0.0
00-0033119,Jacoby Brissett,2022,6,CLE,NE,45,21,266.0,1,2.0,-10.664609,527.0,78.0,12.0,0.5047438,-0.023151895,4.0,8.0
00-0033119,Jacoby Brissett,2022,7,CLE,BAL,27,22,258.0,0,0.0,0.48328263,178.0,104.0,8.0,1.4494382,0.17018497,5.0,35.0
00-0033119,Jacoby Brissett,2022,8,CLE,CIN,22,17,278.0,1,0.0,13.872524,207.0,104.0,12.0,1.3429952,0.3817453,2.0,10.0
00-0033119,Jacoby Brissett,2022,10,CLE,MIA,35,22,212.0,1,0.0,-5.999627,321.0,82.0,10.0,0.66043615,0.06783097,3.0,27.0
00-0033119,Jacoby Brissett,2022,11,CLE,BUF,41,28,324.0,3,0.0,17.766224,355.0,166.0,19.0,0.91267604,0.17735909,1.0,8.0
00-0033119,Jacoby Brissett,2022,12,CLE,TB,37,23,210.0,1,1.0,-5.779003,420.0,101.0,10.0,0.5,0.02806827,4.0,32.0
00-0033119,Jacoby Brissett,2022,14,CLE,CIN,1,0,0.0,0,0.0,-3.9296806,25.0,0.0,0.0,0.0,,0.0,-0.0
00-0033275,P.J. Walker,2022,5,CAR,SF,6,5,60.0,0,0.0,-1.0447978,76.0,14.0,3.0,0.7894737,0.12513573,2.0,15.0
00-0033275,P.J. Walker,2022,6,CAR,LA,16,10,60.0,0,0.0,-10.686252,-1.0,86.0,3.0,0.0,-0.063874,2.0,9.0
00-0033275,P.J. Walker,2022,7,CAR,TB,22,16,177.0,2,0.0,5.2688746,187.0,80.0,8.0,0.9465241,0.18904501,1.0,7.0
00-0033275,P.J. Walker,2022,8,CAR,ATL,36,19,317.0,1,1.0,1.353894,423.0,142.0,12.0,0.74940896,0.023569591,1.0,8.0
00-0033275,P.J. Walker,2022,9,CAR,CIN,10,3,9.0,0,2.0,-13.386811,63.0,15.0,0.0,0.14285715,-0.12856083,0.0,-0.0
00-0033275,P.J. Walker,2022,10,CAR,ATL,16,10,108.0,0,0.0,-1.4368196,89.0,71.0,4.0,1.2134831,0.012981837,1.0,7.0
00-0033280,Christian McCaffrey,2022,8,SF,LA,1,1,34.0,1,0.0,3.7711363,31.0,3.0,1.0,1.0967742,,0.0,-0.0
00-0033280,Christian McCaffrey,2022,21,SF,PHI,1,0,0.0,0,0.0,-0.53733003,39.0,0.0,0.0,0.0,,0.0,-0.0
00-0033319,Nick Mullens,2022,9,MIN,WAS,1,1,-3.0,0,0.0,-1.012537,-6.0,3.0,0.0,0.0,,0.0,-0.0
00-0033319,Nick Mullens,2022,11,MIN,DAL,7,5,54.0,0,0.0,2.1543367,27.0,36.0,3.0,2.0,0.1301602,0.0,-0.0
00-0033319,Nick Mullens,2022,17,MIN,GB,4,4,57.0,1,0.0,5.7132344,37.0,20.0,3.0,1.5405406,,0.0,-0.0
00-0033319,Nick Mullens,2022,18,MIN,CHI,13,11,116.0,0,1.0,5.582461,112.0,58.0,5.0,1.0357143,0.24069867,0.0,-0.0
00-0033357,Taysom Hill,2022,5,NO,SEA,1,1,22.0,1,0.0,2.6551445,17.0,5.0,1.0,1.2941177,,0.0,-0.0
00-0033357,Taysom Hill,2022,6,NO,CIN,4,2,16.0,0,0.0,0.36707628,55.0,7.0,2.0,0.29090908,,0.0,-0.0
00-0033357,Taysom Hill,2022,7,NO,ARI,2,2,48.0,0,0.0,4.1104097,11.0,37.0,2.0,4.3636365,,0.0,-0.0
00-0033357,Taysom Hill,2022,8,NO,LV,1,1,2.0,0,0.0,-0.42441356,-3.0,5.0,0.0,0.0,,0.0,-0.0
00-0033357,Taysom Hill,2022,9,NO,BAL,1,1,13.0,0,0.0,0.7960709,13.0,0.0,1.0,1.0,,0.0,-0.0
00-0033357,Taysom Hill,2022,10,NO,PIT,1,0,0.0,0,0.0,-0.7525701,4.0,0.0,0.0,0.0,,0.0,-0.0
00-0033357,Taysom Hill,2022,11,NO,LA,3,1,14.0,0,0.0,-1.6168677,48.0,2.0,1.0,0.29166666,,1.0,7.0
00-0033357,Taysom Hill,2022,12,NO,SF,1,0,0.0,0,0.0,-0.54998124,30.0,0.0,0.0,0.0,,0.0,-0.0
00-0033357,Taysom Hill,2022,13,NO,TB,1,1,21.0,0,0.0,1.5109446,12.0,9.0,1.0,1.75,,0.0,-0.0
00-0033357,Taysom Hill,2022,15,NO,ATL,2,2,80.0,1,0.0,6.2532315,45.0,35.0,2.0,1.7777778,,0.0,-0.0
00-0033357,Taysom Hill,2022,17,NO,PHI,2,2,24.0,0,0.0,0.23713663,22.0,2.0,1.0,1.0909091,,1.0,7.0
00-0033537,Deshaun Watson,2022,13,CLE,HOU,22,12,131.0,0,1.0,-4.5595245,136.0,64.0,6.0,0.9632353,-0.049341056,1.0,1.0
00-0033537,Deshaun Watson,2022,14,CLE,CIN,42,26,276.0,1,1.0,-5.083146,330.0,106.0,12.0,0.8363636,0.049659826,2.0,3.0
00-0033537,Deshaun Watson,2022,15,CLE,BAL,28,18,161.0,1,0.0,-2.8437219,129.0,78.0,10.0,1.248062,0.051231302,3.0,21.0
00-0033537,Deshaun Watson,2022,16,CLE,NO,31,15,135.0,0,1.0,-15.472528,302.0,55.0,7.0,0.44701988,0.0037880244,2.0,10.0
00-0033537,Deshaun Watson,2022,17,CLE,WAS,18,9,169.0,3,0.0,7.915033,114.0,106.0,7.0,1.4824561,0.06445922,5.0,14.0
00-0033537,Deshaun Watson,2022,18,CLE,PIT,29,19,230.0,2,2.0,-3.8467638,203.0,121.0,11.0,1.1330049,0.037004195,7.0,57.0
00-0033550,Davis Webb,2022,18,NYG,PHI,40,23,168.0,1,0.0,-1.5163256,204.0,76.0,11.0,0.8235294,0.04862511,0.0,-0.0
00-0033555,Mack Hollins,2022,3,LV,TEN,1,1,4.0,0,0.0,0.051149596,-6.0,10.0,0.0,0.0,,0.0,-0.0
00-0033662,Cooper Rush,2022,1,DAL,TB,13,7,64.0,0,0.0,-7.560405,155.0,13.0,2.0,0.41290322,0.014634111,2.0,12.0
00-0033662,Cooper Rush,2022,2,DAL,CIN,31,19,235.0,1,0.0,8.252576,178.0,116.0,11.0,1.3202248,0.11344614,1.0,5.0
00-0033662,Cooper Rush,2022,3,DAL,NYG,31,21,215.0,1,0.0,3.3870945,251.0,92.0,12.0,0.8565737,0.11711256,0.0,-0.0
00-0033662,Cooper Rush,2022,4,DAL,WAS,27,15,223.0,2,0.0,1.6457278,215.0,85.0,9.0,1.0372093,0.10427128,1.0,6.0
00-0033662,Cooper Rush,2022,5,DAL,LA,16,10,102.0,0,0.0,-6.6676044,117.0,41.0,4.0,0.8717949,0.0063118413,3.0,26.0
00-0033662,Cooper Rush,2022,6,DAL,PHI,38,18,181.0,1,3.0,-8.382048,315.0,80.0,12.0,0.5746032,-0.06974319,0.0,-0.0
00-0033662,Cooper Rush,2022,11,DAL,MIN,5,4,31.0,0,0.0,1.2583513,-2.0,28.0,2.0,0.0,0.12960453,0.0,-0.0
00-0033662,Cooper Rush,2022,18,DAL,WAS,1,0,0.0,0,0.0,-1.3351104,18.0,0.0,0.0,0.0,,0.0,-0.0
00-0033856,Leonard Fournette,2022,10,TB,SEA,1,0,0.0,0,1.0,-4.7260165,16.0,0.0,0.0,0.0,,0.0,-0.0
00-0033869,Mitchell Trubisky,2022,1,PIT,CIN,38,21,194.0,1,0.0,-5.624613,301.0,77.0,8.0,0.64451826,-0.012890728,1.0,2.0
00-0033869,Mitchell Trubisky,2022,2,PIT,NE,33,21,168.0,1,1.0,-5.827561,258.0,76.0,11.0,0.6511628,-0.0030667798,3.0,16.0
00-0033869,Mitchell Trubisky,2022,3,PIT,CLE,32,20,207.0,0,0.0,-1.4143336,392.0,22.0,10.0,0.5280612,0.047845326,1.0,3.0
00-0033869,Mitchell Trubisky,2022,4,PIT,NYJ,13,7,84.0,0,1.0,-6.63285,209.0,25.0,5.0,0.40191388,0.006282098,3.0,26.0
00-0033869,Mitchell Trubisky,2022,6,PIT,TB,12,9,144.0,1,0.0,10.284818,112.0,49.0,6.0,1.2857143,0.30902773,1.0,6.0
00-0033869,Mitchell Trubisky,2022,14,PIT,BAL,30,22,276.0,1,3.0,6.5812416,328.0,68.0,16.0,0.8414634,0.19983917,1.0,5.0
00-0033869,Mitchell Trubisky,2022,15,PIT,CAR,22,17,179.0,0,0.0,10.363566,154.0,61.0,9.0,1.1623377,0.2827771,1.0,10.0
00-0033873,Patrick Mahomes,2022,1,KC,ARI,39,30,360.0,5,0.0,33.188526,304.0,192.0,22.0,1.1842105,0.35764694,0.0,-0.0
00-0033873,Patrick Mahomes,2022,2,KC,LAC,35,24,235.0,2,0.0,4.8429832,249.0,103.0,11.0,0.9437751,0.122705504,1.0,9.0
00-0033873,Patrick Mahomes,2022,3,KC,IND,35,20,262.0,1,1.0,6.6674,292.0,162.0,12.0,0.89726025,0.10470796,1.0,5.0
00-0033873,Patrick Mahomes,2022,4,KC,TB,37,23,249.0,3,1.0,8.595869,262.0,123.0,17.0,0.9503817,0.16271017,3.0,21.0
00-0033873,Patrick Mahomes,2022,5,KC,LV,43,29,292.0,4,0.0,14.824726,274.0,150.0,18.0,1.0656934,0.17844398,3.0,27.0
00-0033873,Patrick Mahomes,2022,6,KC,BUF,40,25,338.0,2,2.0,4.3807254,211.0,208.0,16.0,1.6018957,0.10354164,3.0,19.0
00-0033873,Patrick Mahomes,2022,7,KC,SF,34,25,423.0,3,1.0,29.827543,265.0,194.0,19.0,1.5962265,0.33293504,1.0,6.0
00-0033873,Patrick Mahomes,2022,9,KC,TEN,68,43,446.0,1,1.0,1.6704268,466.0,216.0,23.0,0.95708156,0.0796409,4.0,24.0
00-0033873,Patrick Mahomes,2022,10,KC,JAX,35,26,331.0,4,1.0,20.044891,258.0,134.0,17.0,1.2829458,0.26840168,0.0,-0.0
00-0033873,Patrick Mahomes,2022,11,KC,LAC,34,20,329.0,3,0.0,17.985292,340.0,142.0,15.0,0.9676471,0.20964357,1.0,7.0
00-0033873,Patrick Mahomes,2022,12,KC,LA,42,27,320.0,1,1.0,7.4354477,261.0,163.0,20.0,1.2260536,0.16656162,0.0,-0.0
00-0033873,Patrick Mahomes,2022,13,KC,CIN,27,16,223.0,1,0.0,7.471842,255.0,124.0,11.0,0.8745098,0.2039299,2.0,12.0
00-0033873,Patrick Mahomes,2022,14,KC,DEN,42,28,352.0,3,3.0,5.7668476,294.0,273.0,15.0,1.1972789,0.08810661,2.0,10.0
00-0033873,Patrick Mahomes,2022,15,KC,HOU,41,36,336.0,2,0.0,15.42913,227.0,205.0,20.0,1.4801762,0.2607324,2.0,23.0
00-0033873,Patrick Mahomes,2022,16,KC,SEA,28,16,224.0,2,0.0,2.185795,209.0,159.0,9.0,1.0717703,0.03959601,1.0,4.0
00-0033873,Patrick Mahomes,2022,17,KC,DEN,42,29,328.0,3,1.0,10.644172,313.0,187.0,18.0,1.0479233,0.1484738,0.0,-0.0
00-0033873,Patrick Mahomes,2022,18,KC,LV,26,18,202.0,1,0.0,1.0105886,235.0,95.0,9.0,0.8595745,0.1454405,2.0,21.0
00-0033873,Patrick Mahomes,2022,20,KC,JAX,30,22,195.0,2,0.0,9.701417,166.0,101.0,11.0,1.1746988,0.20281515,0.0,-0.0
00-0033873,Patrick Mahomes,2022,21,KC,CIN,43,29,326.0,2,0.0,7.392084,285.0,171.0,17.0,1.1438596,0.14095742,3.0,11.0
00-0033873,Patrick Mahomes,2022,22,KC,PHI,27,21,182.0,3,0.0,12.383465,167.0,80.0,12.0,1.0898204,0.30790854,0.0,-0.0
00-0033908,Cooper Kupp,2022,5,LA,DAL,1,0,0.0,0,0.0,-0.46752027,25.0,0.0,0.0,0.0,,0.0,-0.0
00-0033936,C.J. Beathard,2022,13,JAX,DET,3,2,6.0,0,0.0,-4.1846466,10.0,0.0,0.0,0.6,,0.0,-0.0
00-0033936,C.J. Beathard,2022,17,JAX,HOU,8,5,29.0,0,1.0,-7.4164944,47.0,20.0,2.0,0.61702126,0.020308694,1.0,5.0
00-0033949,Joshua Dobbs,2022,17,TEN,DAL,39,20,232.0,1,1.0,-8.409685,351.0,105.0,11.0,0.66096866,-0.03010849,2.0,12.0
00-0033949,Joshua Dobbs,2022,18,TEN,JAX,29,20,179.0,1,1.0,-0.5649513,187.0,108.0,14.0,0.95721924,0.12977584,4.0,14.0
00-0033958,Nathan Peterman,2022,15,CHI,PHI,1,0,0.0,0,0.0,-0.88666505,12.0,0.0,0.0,0.0,,0.0,-0.0
00-0033958,Nathan Peterman,2022,16,CHI,BUF,5,3,25.0,0,1.0,-0.51827955,68.0,7.0,2.0,0.36764705,0.16276237,0.0,-0.0
00-0033958,Nathan Peterman,2022,18,CHI,MIN,19,11,114.0,1,0.0,-3.688526,185.0,37.0,7.0,0.61621624,-0.01795318,1.0,6.0
00-0034177,Tim Boyle,2022,18,CHI,MIN,8,2,33.0,0,2.0,-4.509479,101.0,32.0,2.0,0.32673267,-0.16155104,0.0,-0.0
00-0034401,Mike White,2022,12,NYJ,CHI,28,22,315.0,3,0.0,17.472248,161.0,183.0,14.0,1.9565217,0.28043383,1.0,7.0
00-0034401,Mike White,2022,13,NYJ,MIN,57,31,369.0,0,2.0,-8.055999,455.0,217.0,15.0,0.810989,-0.023130806,1.0,3.0
00-0034401,Mike White,2022,14,NYJ,BUF,44,27,268.0,0,0.0,1.8589151,332.0,70.0,13.0,0.8072289,0.051753946,3.0,30.0
00-0034401,Mike White,2022,17,NYJ,SEA,46,23,240.0,0,2.0,-18.90303,355.0,98.0,14.0,0.6760563,-0.052884523,4.0,36.0
00-0034419,Braxton Berrios,2022,4,NYJ,PIT,1,1,2.0,1,0.0,1.1844527,2.0,0.0,1.0,1.0,,0.0,-0.0
00-0034577,Kyle Allen,2022,12,HOU,MIA,39,26,215.0,1,2.0,-15.772813,210.0,125.0,9.0,1.0238096,0.0012597305,5.0,41.0
00-0034577,Kyle Allen,2022,13,HOU,CLE,39,20,201.0,1,2.0,-18.231752,350.0,114.0,10.0,0.5742857,-0.034433138,0.0,-0.0
00-0034775,Christian Kirk,2022,7,JAX,NYG,1,0,0.0,0,0.0,-0.3268064,1.0,0.0,0.0,0.0,,0.0,-0.0
00-0034796,Lamar Jackson,2022,1,BAL,NYJ,30,17,213.0,3,1.0,4.2396526,360.0,66.0,8.0,0.59166664,0.0974968,2.0,2.0
00-0034796,Lamar Jackson,2022,2,BAL,MIA,29,21,318.0,3,0.0,17.830528,314.0,146.0,13.0,1.0127388,0.24952686,0.0,-0.0
00-0034796,Lamar Jackson,2022,3,BAL,NE,29,18,218.0,4,1.0,7.1652846,276.0,113.0,11.0,0.78985506,0.22309716,4.0,12.0
00-0034796,Lamar Jackson,2022,4,BAL,BUF,29,20,144.0,1,2.0,-9.215596,133.0,72.0,7.0,1.0827068,0.027034126,2.0,10.0
00-0034796,Lamar Jackson,2022,5,BAL,CIN,32,19,174.0,1,1.0,-5.67333,295.0,75.0,7.0,0.5898305,0.049853053,1.0,4.0
00-0034796,Lamar Jackson,2022,6,BAL,NYG,32,17,210.0,1,1.0,-1.5918914,310.0,69.0,13.0,0.67741936,0.043936715,2.0,15.0
00-0034796,Lamar Jackson,2022,7,BAL,CLE,16,9,120.0,0,0.0,-4.2712626,85.0,56.0,5.0,1.4117647,0.0156167485,3.0,26.0
00-0034796,Lamar Jackson,2022,8,BAL,TB,38,27,238.0,2,0.0,0.8943504,219.0,121.0,15.0,1.086758,0.116619974,3.0,16.0
00-0034796,Lamar Jackson,2022,9,BAL,NO,22,12,133.0,1,0.0,4.4591837,222.0,67.0,7.0,0.5990991,0.08377803,3.0,2.0
00-0034796,Lamar Jackson,2022,11,BAL,CAR,33,24,209.0,0,1.0,-5.4571557,148.0,95.0,9.0,1.4121622,0.025412431,3.0,16.0
00-0034796,Lamar Jackson,2022,12,BAL,JAX,32,16,254.0,1,0.0,6.996962,376.0,87.0,10.0,0.6755319,0.09376409,1.0,1.0
00-0034796,Lamar Jackson,2022,13,BAL,DEN,4,3,11.0,0,0.0,-5.949391,16.0,7.0,0.0,0.6875,,2.0,10.0
00-0034855,Baker Mayfield,2022,1,CAR,CLE,27,16,235.0,1,1.0,-1.618622,171.0,145.0,7.0,1.374269,0.0033745416,4.0,28.0
00-0034855,Baker Mayfield,2022,2,CAR,NYG,29,14,145.0,1,0.0,-7.6987453,222.0,61.0,7.0,0.6531532,-0.060379554,2.0,16.0
00-0034855,Baker Mayfield,2022,3,CAR,NO,25,12,170.0,1,0.0,-4.7845387,157.0,146.0,5.0,1.0828025,-0.08233612,3.0,22.0
00-0034855,Baker Mayfield,2022,4,CAR,ARI,36,22,197.0,1,2.0,-12.365967,214.0,106.0,8.0,0.9205608,-0.020955315,2.0,17.0
00-0034855,Baker Mayfield,2022,5,CAR,SF,36,20,215.0,0,1.0,-10.82744,271.0,109.0,7.0,0.7933579,-0.022294385,4.0,16.0
00-0034855,Baker Mayfield,2022,9,CAR,CIN,20,14,155.0,2,0.0,11.831894,122.0,78.0,8.0,1.2704918,0.25822023,0.0,-0.0
00-0034855,Baker Mayfield,2022,11,CAR,BAL,33,21,196.0,0,2.0,-14.267775,169.0,78.0,7.0,1.1597633,0.013282464,4.0,27.0
00-0034855,Baker Mayfield,2022,14,LA,LV,35,22,230.0,1,0.0,1.9308945,287.0,66.0,12.0,0.80139375,0.035363663,4.0,19.0
00-0034855,Baker Mayfield,2022,15,LA,GB,21,12,111.0,1,1.0,-3.4411829,97.0,67.0,6.0,1.1443299,-0.012130217,5.0,27.0
00-0034855,Baker Mayfield,2022,16,LA,DEN,28,24,230.0,2,0.0,13.938192,95.0,156.0,14.0,2.4210527,0.24273156,0.0,-0.0
00-0034855,Baker Mayfield,2022,17,LA,LAC,19,11,132.0,0,0.0,-11.562611,220.0,35.0,6.0,0.6,0.0150316525,3.0,21.0
00-0034855,Baker Mayfield,2022,18,LA,SEA,26,13,147.0,0,1.0,-11.475796,251.0,80.0,7.0,0.58565736,-0.026641985,5.0,24.0
00-0034857,Josh Allen,2022,1,BUF,LA,31,26,297.0,3,2.0,13.646458,227.0,114.0,15.0,1.30837,0.271858,2.0,5.0
00-0034857,Josh Allen,2022,2,BUF,TEN,38,26,317.0,4,0.0,16.223354,279.0,97.0,13.0,1.1362007,0.2326012,1.0,4.0
00-0034857,Josh Allen,2022,3,BUF,MIA,63,42,400.0,2,0.0,6.2444577,378.0,210.0,21.0,1.0582011,0.11994625,4.0,18.0
00-0034857,Josh Allen,2022,4,BUF,BAL,36,19,213.0,1,1.0,2.0572221,268.0,93.0,14.0,0.79477614,0.07785077,1.0,12.0
00-0034857,Josh Allen,2022,5,BUF,PIT,31,20,424.0,4,1.0,24.854641,420.0,202.0,15.0,1.0095239,0.330383,0.0,-0.0
00-0034857,Josh Allen,2022,6,BUF,KC,40,27,329.0,3,0.0,11.160207,295.0,120.0,18.0,1.1152543,0.16070028,1.0,11.0
00-0034857,Josh Allen,2022,8,BUF,GB,25,13,218.0,2,2.0,0.61061764,321.0,87.0,8.0,0.67912775,0.0826838,2.0,2.0
00-0034857,Josh Allen,2022,9,BUF,NYJ,34,18,205.0,0,2.0,-12.699219,410.0,89.0,10.0,0.5,-0.0018157237,5.0,22.0
00-0034857,Josh Allen,2022,10,BUF,MIN,43,29,330.0,1,2.0,2.762026,359.0,105.0,17.0,0.91922003,0.10569921,2.0,19.0
00-0034857,Josh Allen,2022,11,BUF,CLE,27,18,197.0,1,0.0,6.9557314,210.0,51.0,9.0,0.9380952,0.12302118,2.0,11.0
00-0034857,Josh Allen,2022,12,BUF,DET,42,24,253.0,2,1.0,-0.73839825,431.0,55.0,16.0,0.587007,0.08986203,3.0,16.0
00-0034857,Josh Allen,2022,13,BUF,NE,33,22,223.0,2,0.0,11.751594,267.0,105.0,15.0,0.835206,0.1854343,2.0,-0.0
00-0034857,Josh Allen,2022,14,BUF,NYJ,27,16,147.0,1,0.0,-4.7833586,224.0,73.0,6.0,0.65625,-0.020313239,3.0,17.0
00-0034857,Josh Allen,2022,15,BUF,MIA,40,25,304.0,4,0.0,12.617851,428.0,91.0,16.0,0.71028036,0.19132285,2.0,8.0
00-0034857,Josh Allen,2022,16,BUF,CHI,26,15,172.0,2,2.0,1.5576683,296.0,48.0,9.0,0.5810811,0.09058236,1.0,-0.0
00-0034857,Josh Allen,2022,18,BUF,NE,31,19,254.0,3,1.0,8.448575,416.0,48.0,10.0,0.6105769,0.120120615,2.0,17.0
00-0034857,Josh Allen,2022,19,BUF,MIA,39,23,352.0,3,2.0,-11.807608,608.0,79.0,16.0,0.57894737,0.058759276,7.0,36.0
00-0034857,Josh Allen,2022,20,BUF,CIN,42,25,264.0,0,1.0,-1.7571034,382.0,102.0,14.0,0.69109946,0.054397233,1.0,3.0
00-0034869,Sam Darnold,2022,12,CAR,DEN,19,11,164.0,1,0.0,5.2226505,194.0,68.0,9.0,0.8453608,0.17912886,0.0,-0.0
00-0034869,Sam Darnold,2022,14,CAR,SEA,24,14,120.0,1,0.0,-2.6763127,88.0,95.0,8.0,1.3636364,0.062240522,2.0,15.0
00-0034869,Sam Darnold,2022,15,CAR,PIT,23,14,225.0,1,0.0,9.66422,218.0,90.0,10.0,1.0321101,0.24014203,4.0,37.0
00-0034869,Sam Darnold,2022,16,CAR,DET,22,15,250.0,1,0.0,14.305658,144.0,149.0,11.0,1.7361112,0.2557355,0.0,-0.0
00-0034869,Sam Darnold,2022,17,CAR,TB,37,23,341.0,3,1.0,7.452139,325.0,128.0,15.0,1.0492308,0.15314,2.0,15.0
00-0034869,Sam Darnold,2022,18,CAR,NO,15,5,43.0,0,2.0,-12.89567,169.0,23.0,4.0,0.25443786,-0.08329406,2.0,11.0
00-0034899,John Wolford,2022,10,LA,ARI,36,24,212.0,1,1.0,-11.777885,247.0,110.0,12.0,0.8582996,0.0037281357,3.0,19.0
00-0034899,John Wolford,2022,13,LA,SEA,26,14,178.0,0,2.0,-7.970854,257.0,88.0,7.0,0.692607,-0.021691281,4.0,30.0
00-0034955,Brett Rypien,2022,7,DEN,NYJ,46,24,225.0,0,1.0,-12.780682,486.0,95.0,10.0,0.46296296,-0.026573598,1.0,6.0
00-0034955,Brett Rypien,2022,14,DEN,KC,8,4,16.0,1,1.0,-1.8287858,70.0,10.0,1.0,0.22857143,0.009739541,0.0,-0.0
00-0034955,Brett Rypien,2022,15,DEN,ARI,26,21,197.0,1,1.0,-6.0040464,116.0,138.0,10.0,1.6982758,0.082195885,7.0,41.0
00-0034955,Brett Rypien,2022,16,DEN,LA,8,4,45.0,0,1.0,-8.615334,62.0,24.0,3.0,0.7258065,-0.058797278,0.0,-0.0
00-0035040,David Blough,2022,17,ARI,ATL,40,24,222.0,1,0.0,1.7515852,378.0,82.0,13.0,0.5873016,0.06548822,2.0,9.0
00-0035040,David Blough,2022,18,ARI,SF,18,14,180.0,1,2.0,-6.578614,103.0,143.0,5.0,1.7475728,0.07699955,3.0,15.0
00-0035146,Trace McSorley,2022,1,ARI,KC,4,2,12.0,0,0.0,-1.5098753,17.0,4.0,1.0,0.7058824,,1.0,8.0
00-0035146,Trace McSorley,2022,11,ARI,SF,10,6,59.0,0,1.0,-2.3194888,87.0,10.0,4.0,0.6781609,0.04576402,0.0,-0.0
00-0035146,Trace McSorley,2022,15,ARI,DEN,15,7,95.0,0,2.0,-8.5085,111.0,56.0,4.0,0.8558559,-0.073441334,1.0,2.0
00-0035146,Trace McSorley,2022,16,ARI,TB,45,24,217.0,0,1.0,-14.991944,352.0,127.0,7.0,0.61647725,-0.02675176,1.0,17.0
00-0035146,Trace McSorley,2022,18,ARI,SF,9,6,29.0,0,1.0,-9.058371,77.0,10.0,1.0,0.37662336,0.038272418,0.0,-0.0
00-0035156,Jack Fox,2022,4,DET,SEA,1,1,6.0,0,0.0,2.9525986,6.0,0.0,1.0,1.0,,0.0,-0.0
00-0035228,Kyler Murray,2022,1,ARI,KC,34,22,193.0,2,0.0,0.24566081,250.0,111.0,11.0,0.772,0.07072092,2.0,18.0
00-0035228,Kyler Murray,2022,2,ARI,LV,49,31,277.0,1,1.0,-8.91772,243.0,162.0,13.0,1.1399177,0.030117305,1.0,7.0
00-0035228,Kyler Murray,2022,3,ARI,LA,58,37,314.0,0,0.0,-4.8473883,356.0,166.0,15.0,0.8820225,-0.0055458527,2.0,19.0
00-0035228,Kyler Murray,2022,4,ARI,CAR,32,23,207.0,2,1.0,-0.5783838,180.0,87.0,10.0,1.15,0.099585965,1.0,1.0
00-0035228,Kyler Murray,2022,5,ARI,PHI,42,28,250.0,1,1.0,6.109668,293.0,144.0,16.0,0.85324234,0.12663184,1.0,11.0
00-0035228,Kyler Murray,2022,6,ARI,SEA,37,23,222.0,0,1.0,-11.672776,333.0,114.0,10.0,0.6666667,0.027429584,6.0,51.0
00-0035228,Kyler Murray,2022,7,ARI,NO,29,20,204.0,1,0.0,1.7994734,216.0,94.0,9.0,0.9444444,0.10848897,2.0,15.0
00-0035228,Kyler Murray,2022,8,ARI,MIN,44,31,326.0,3,2.0,-1.2122118,288.0,179.0,17.0,1.1319444,0.0375661,4.0,29.0
00-0035228,Kyler Murray,2022,9,ARI,SEA,35,25,175.0,2,0.0,-7.645203,213.0,98.0,8.0,0.82159626,0.032418173,5.0,35.0
00-0035228,Kyler Murray,2022,12,ARI,LAC,29,18,191.0,2,1.0,7.6762686,304.0,92.0,10.0,0.62828946,0.16070981,1.0,6.0
00-0035228,Kyler Murray,2022,14,ARI,NE,1,1,9.0,0,0.0,0.79576945,2.0,7.0,0.0,4.5,,0.0,-0.0
00-0035264,Jarrett Stidham,2022,8,LV,NO,13,8,72.0,0,0.0,-1.8916243,114.0,29.0,4.0,0.6315789,-0.0038186947,1.0,8.0
00-0035264,Jarrett Stidham,2022,17,LV,SF,34,23,365.0,3,2.0,6.2325916,344.0,142.0,15.0,1.0610465,0.21443664,0.0,-0.0
00-0035264,Jarrett Stidham,2022,18,LV,KC,36,22,219.0,1,1.0,-9.471091,305.0,90.0,13.0,0.7180328,0.008747354,6.0,39.0
00-0035289,Gardner Minshew,2022,8,PHI,PIT,2,1,23.0,0,0.0,1.2339689,14.0,22.0,1.0,1.6428572,,0.0,-0.0
00-0035289,Gardner Minshew,2022,13,PHI,TEN,2,1,11.0,0,0.0,0.7413409,24.0,0.0,1.0,0.45833334,,0.0,-0.0
00-0035289,Gardner Minshew,2022,16,PHI,DAL,40,24,355.0,2,2.0,16.797714,380.0,97.0,19.0,0.93421054,0.20212083,0.0,-0.0
00-0035289,Gardner Minshew,2022,17,PHI,NO,32,18,274.0,1,1.0,-11.347491,299.0,132.0,9.0,0.916388,-0.0252788,6.0,28.0
00-0035710,Daniel Jones,2022,1,NYG,TEN,21,17,188.0,2,1.0,-7.884768,120.0,92.0,7.0,1.5666667,0.09990582,5.0,32.0
00-0035710,Daniel Jones,2022,2,NYG,CAR,34,22,176.0,1,0.0,-2.6626167,201.0,69.0,8.0,0.8756219,0.02120854,3.0,14.0
00-0035710,Daniel Jones,2022,3,NYG,DAL,37,20,196.0,0,1.0,-11.688326,266.0,121.0,8.0,0.7368421,-0.0002475346,5.0,27.0
00-0035710,Daniel Jones,2022,4,NYG,CHI,13,8,71.0,0,0.0,-1.9544668,83.0,43.0,4.0,0.85542166,0.13778608,1.0,11.0
00-0035710,Daniel Jones,2022,5,NYG,GB,27,21,217.0,0,0.0,13.387009,139.0,119.0,12.0,1.561151,0.26116985,1.0,4.0
00-0035710,Daniel Jones,2022,6,NYG,BAL,27,19,173.0,2,0.0,10.190285,179.0,78.0,11.0,0.96648043,0.21132384,4.0,18.0
00-0035710,Daniel Jones,2022,7,NYG,JAX,30,19,202.0,1,0.0,1.8463292,208.0,99.0,11.0,0.97115386,0.14457563,1.0,2.0
00-0035710,Daniel Jones,2022,8,NYG,SEA,31,17,176.0,0,0.0,0.10138624,244.0,96.0,9.0,0.72131145,-0.032381665,5.0,29.0
00-0035710,Daniel Jones,2022,10,NYG,HOU,17,13,197.0,2,0.0,11.877556,96.0,131.0,8.0,2.0520833,0.25294656,3.0,21.0
00-0035710,Daniel Jones,2022,11,NYG,DET,44,27,341.0,1,2.0,3.4711468,377.0,132.0,17.0,0.9045093,0.12566203,2.0,17.0
00-0035710,Daniel Jones,2022,12,NYG,DAL,35,21,228.0,1,0.0,-4.7203345,233.0,104.0,11.0,0.9785408,0.050101858,3.0,18.0
00-0035710,Daniel Jones,2022,13,NYG,WAS,31,25,200.0,1,0.0,-2.2639117,185.0,118.0,9.0,1.081081,0.11285098,4.0,18.0
00-0035710,Daniel Jones,2022,14,NYG,PHI,27,18,169.0,1,0.0,-5.0726833,167.0,81.0,9.0,1.011976,0.027890027,4.0,17.0
00-0035710,Daniel Jones,2022,15,NYG,WAS,32,21,160.0,0,0.0,1.1476336,122.0,82.0,8.0,1.3114754,0.036621038,0.0,-0.0
00-0035710,Daniel Jones,2022,16,NYG,MIN,42,30,334.0,1,1.0,2.3665564,267.0,163.0,15.0,1.2509364,0.0904225,3.0,15.0
00-0035710,Daniel Jones,2022,17,NYG,IND,24,19,177.0,2,0.0,11.808454,144.0,68.0,9.0,1.2291666,0.30554897,0.0,-0.0
00-0035710,Daniel Jones,2022,19,NYG,MIN,35,24,301.0,2,0.0,13.611657,203.0,178.0,15.0,1.4827586,0.18900284,3.0,12.0
00-0035710,Daniel Jones,2022,20,NYG,PHI,27,15,135.0,0,1.0,-14.503513,212.0,55.0,8.0,0.6367925,-0.024536345,5.0,26.0
00-0035752,Chris Streveler,2022,16,NYJ,JAX,15,10,90.0,0,0.0,1.7202607,131.0,17.0,5.0,0.6870229,0.14206569,0.0,-0.0
00-0035889,Tommy Townsend,2022,3,KC,IND,1,0,0.0,0,0.0,-3.517586,1.0,0.0,0.0,0.0,,0.0,-0.0
00-0035939,Bryce Perkins,2022,10,LA,ARI,1,1,-3.0,0,0.0,-1.1198843,-3.0,0.0,0.0,0.0,,0.0,-0.0
00-0035939,Bryce Perkins,2022,11,LA,NO,10,5,64.0,0,0.0,-4.43101,60.0,25.0,3.0,1.0666667,-0.071256265,3.0,26.0
00-0035939,Bryce Perkins,2022,12,LA,KC,23,13,100.0,1,2.0,-13.100038,139.0,40.0,7.0,0.7194245,-0.02895794,3.0,24.0
00-0035993,Tyler Huntley,2022,13,BAL,DEN,32,27,187.0,0,1.0,-1.1402429,186.0,82.0,8.0,1.0053763,0.18913995,2.0,6.0
00-0035993,Tyler Huntley,2022,14,BAL,PIT,12,8,88.0,0,0.0,1.74833,82.0,27.0,4.0,1.0731708,0.036780726,1.0,6.0
00-0035993,Tyler Huntley,2022,15,BAL,CLE,30,17,138.0,0,1.0,-11.694025,208.0,65.0,6.0,0.66346157,-0.020620888,3.0,12.0
00-0035993,Tyler Huntley,2022,16,BAL,ATL,17,9,115.0,1,0.0,-0.6896064,199.0,34.0,5.0,0.57788944,0.018339673,0.0,-0.0
00-0035993,Tyler Huntley,2022,17,BAL,PIT,21,14,130.0,1,1.0,4.6052136,155.0,42.0,8.0,0.83870965,0.09219974,1.0,10.0
00-0035993,Tyler Huntley,2022,19,BAL,CIN,29,17,226.0,2,1.0,3.4250047,191.0,126.0,11.0,1.183246,0.06941056,2.0,17.0
00-0036133,James Proche,2022,13,BAL,DEN,1,0,0.0,0,1.0,-4.0428915,29.0,0.0,0.0,0.0,,0.0,-0.0
00-0036212,Tua Tagovailoa,2022,1,MIA,NE,33,23,270.0,1,0.0,5.8563313,275.0,118.0,13.0,0.9818182,0.14879166,3.0,28.0
00-0036212,Tua Tagovailoa,2022,2,MIA,BAL,50,36,469.0,6,2.0,26.893469,362.0,220.0,22.0,1.2955801,0.230277,1.0,8.0
00-0036212,Tua Tagovailoa,2022,3,MIA,BUF,18,13,186.0,1,0.0,8.660381,177.0,44.0,8.0,1.0508474,0.22575445,1.0,7.0
00-0036212,Tua Tagovailoa,2022,4,MIA,CIN,14,8,110.0,0,1.0,-0.618187,159.0,44.0,5.0,0.6918239,0.047025025,1.0,10.0
00-0036212,Tua Tagovailoa,2022,7,MIA,PIT,35,21,261.0,1,0.0,5.571932,345.0,91.0,12.0,0.75652176,0.05818717,0.0,-0.0
00-0036212,Tua Tagovailoa,2022,8,MIA,DET,36,29,382.0,3,0.0,25.073343,404.0,69.0,18.0,0.94554454,0.37560973,2.0,13.0
00-0036212,Tua Tagovailoa,2022,9,MIA,CHI,30,21,302.0,3,0.0,18.976437,262.0,103.0,15.0,1.1526718,0.3121992,0.0,-0.0
00-0036212,Tua Tagovailoa,2022,10,MIA,CLE,32,25,285.0,3,0.0,17.952127,239.0,113.0,16.0,1.1924686,0.2849266,0.0,-0.0
00-0036212,Tua Tagovailoa,2022,12,MIA,HOU,36,22,299.0,1,0.0,8.288726,386.0,80.0,17.0,0.7746114,0.14757003,4.0,26.0
00-0036212,Tua Tagovailoa,2022,13,MIA,SF,33,18,295.0,2,2.0,-11.288043,371.0,120.0,11.0,0.79514825,-0.020266436,3.0,20.0
00-0036212,Tua Tagovailoa,2022,14,MIA,LAC,28,10,145.0,1,0.0,-7.932173,341.0,66.0,6.0,0.42521995,-0.11087255,2.0,18.0
00-0036212,Tua Tagovailoa,2022,15,MIA,BUF,30,17,234.0,2,0.0,-1.0185142,248.0,89.0,9.0,0.9435484,-0.0006960319,2.0,17.0
00-0036212,Tua Tagovailoa,2022,16,MIA,GB,25,16,310.0,1,3.0,0.9524048,264.0,117.0,10.0,1.1742424,0.055787552,2.0,16.0
00-0036226,Jacob Eason,2022,6,CAR,LA,5,3,59.0,0,1.0,-2.2612817,20.0,50.0,2.0,2.95,-0.0024136386,0.0,-0.0
00-0036264,Jordan Love,2022,1,GB,MIN,5,4,65.0,0,0.0,-0.30960214,29.0,36.0,4.0,2.2413793,0.14178191,0.0,-0.0
00-0036264,Jordan Love,2022,6,GB,NYJ,4,2,8.0,0,0.0,-3.0663896,16.0,4.0,0.0,0.5,,0.0,-0.0
00-0036264,Jordan Love,2022,12,GB,PHI,9,6,113.0,1,0.0,7.2954736,96.0,71.0,4.0,1.1770834,0.32579714,0.0,-0.0
00-0036264,Jordan Love,2022,17,GB,MIN,3,2,9.0,0,0.0,-0.38862184,10.0,6.0,1.0,0.9,,0.0,-0.0
00-0036313,Braden Mann,2022,2,NYJ,CLE,1,1,17.0,0,0.0,3.8100264,8.0,9.0,1.0,2.125,,0.0,-0.0
00-0036313,Braden Mann,2022,12,NYJ,CHI,1,0,0.0,0,0.0,-2.9179823,-6.0,0.0,0.0,0.0,,0.0,-0.0
00-0036322,Justin Jefferson,2022,5,MIN,CHI,1,1,23.0,0,0.0,2.4114175,-5.0,28.0,1.0,0.0,,0.0,-0.0
00-0036322,Justin Jefferson,2022,12,MIN,NE,1,1,11.0,0,0.0,0.641669,8.0,3.0,1.0,1.375,,0.0,-0.0
00-0036322,Justin Jefferson,2022,19,MIN,NYG,1,1,-2.0,0,0.0,-2.3801987,-6.0,4.0,0.0,0.0,,0.0,-0.0
00-0036326,Chase Claypool,2022,8,PIT,PHI,1,1,1.0,1,0.0,2.5532115,1.0,0.0,1.0,1.0,,0.0,-0.0
00-0036355,Justin Herbert,2022,1,LAC,LV,34,26,279.0,3,0.0,14.943567,238.0,117.0,12.0,1.1722689,0.20275888,0.0,-0.0
00-0036355,Justin Herbert,2022,2,LAC,KC,48,33,334.0,3,1.0,-0.92189837,251.0,178.0,15.0,1.3306773,0.1479382,2.0,8.0
00-0036355,Justin Herbert,2022,3,LAC,JAX,45,25,297.0,1,1.0,-9.057817,352.0,173.0,13.0,0.84375,-0.012940246,1.0,11.0
00-0036355,Justin Herbert,2022,4,LAC,HOU,39,27,340.0,2,0.0,16.720196,294.0,161.0,15.0,1.1564626,0.21126977,1.0,2.0
00-0036355,Justin Herbert,2022,5,LAC,CLE,34,22,228.0,1,0.0,4.425161,177.0,145.0,13.0,1.2881356,0.11968963,1.0,1.0
00-0036355,Justin Herbert,2022,6,LAC,DEN,57,37,238.0,0,1.0,-15.727187,337.0,148.0,10.0,0.7062315,-0.0041077947,2.0,14.0
00-0036355,Justin Herbert,2022,7,LAC,SEA,51,33,293.0,2,1.0,-10.389351,321.0,193.0,17.0,0.9127726,-0.0014368655,3.0,17.0
00-0036355,Justin Herbert,2022,9,LAC,ATL,43,30,245.0,1,1.0,4.978716,241.0,119.0,16.0,1.0165975,0.06766982,0.0,-0.0
00-0036355,Justin Herbert,2022,10,LAC,SF,35,21,196.0,1,1.0,-6.680531,216.0,93.0,7.0,0.9074074,0.017469222,2.0,8.0
00-0036355,Justin Herbert,2022,11,LAC,KC,30,23,280.0,2,1.0,6.7379074,243.0,111.0,12.0,1.1522634,0.20409279,5.0,30.0
00-0036355,Justin Herbert,2022,12,LAC,ARI,47,35,274.0,3,0.0,2.1090498,176.0,175.0,18.0,1.5568181,0.09959925,4.0,28.0
00-0036355,Justin Herbert,2022,13,LAC,LV,47,28,335.0,1,0.0,-0.5363083,375.0,182.0,16.0,0.8933333,0.0096028885,5.0,21.0
00-0036355,Justin Herbert,2022,14,LAC,MIA,51,39,367.0,1,0.0,1.6881329,276.0,213.0,16.0,1.3297101,0.12760945,4.0,17.0
00-0036355,Justin Herbert,2022,15,LAC,TEN,42,28,313.0,0,2.0,-7.531706,326.0,119.0,13.0,0.9601227,0.03876973,3.0,22.0
00-0036355,Justin Herbert,2022,16,LAC,IND,31,24,235.0,0,1.0,-2.9542809,238.0,103.0,10.0,0.9873949,0.08889938,4.0,22.0
00-0036355,Justin Herbert,2022,17,LAC,LA,28,21,212.0,2,0.0,10.2230215,208.0,99.0,11.0,1.0192307,0.21386245,0.0,-0.0
00-0036355,Justin Herbert,2022,18,LAC,DEN,37,25,273.0,2,0.0,15.431832,235.0,160.0,14.0,1.1617022,0.16754542,1.0,5.0
00-0036355,Justin Herbert,2022,19,LAC,JAX,43,25,273.0,1,0.0,7.6456695,239.0,150.0,13.0,1.1422594,0.052956223,3.0,20.0
00-0036389,Jalen Hurts,2022,1,PHI,DET,32,18,243.0,0,0.0,3.5803244,130.0,143.0,12.0,1.8692307,0.094648436,1.0,4.0
00-0036389,Jalen Hurts,2022,2,PHI,MIN,31,26,333.0,1,1.0,11.850195,287.0,141.0,13.0,1.1602788,0.20843466,3.0,10.0
00-0036389,Jalen Hurts,2022,3,PHI,WAS,35,22,340.0,3,0.0,15.406068,392.0,153.0,16.0,0.86734694,0.19407506,3.0,12.0
00-0036389,Jalen Hurts,2022,4,PHI,JAX,25,16,204.0,0,1.0,-11.143294,156.0,129.0,8.0,1.3076923,0.014655864,2.0,13.0
00-0036389,Jalen Hurts,2022,5,PHI,ARI,36,26,239.0,0,0.0,3.754342,137.0,166.0,12.0,1.7445256,0.10735833,2.0,21.0
00-0036389,Jalen Hurts,2022,6,PHI,DAL,25,15,155.0,2,0.0,3.237878,133.0,108.0,9.0,1.1654135,0.05124452,4.0,23.0
00-0036389,Jalen Hurts,2022,8,PHI,PIT,28,19,285.0,4,0.0,15.622575,303.0,98.0,12.0,0.9405941,0.2037263,3.0,18.0
00-0036389,Jalen Hurts,2022,9,PHI,HOU,27,21,243.0,2,0.0,7.0712123,207.0,108.0,14.0,1.173913,0.20816255,4.0,26.0
00-0036389,Jalen Hurts,2022,10,PHI,WAS,26,17,175.0,2,1.0,6.537003,208.0,51.0,10.0,0.84134614,0.16485848,1.0,5.0
00-0036389,Jalen Hurts,2022,11,PHI,IND,25,18,190.0,1,0.0,-5.4383726,203.0,85.0,6.0,0.9359606,0.14730127,3.0,17.0
00-0036389,Jalen Hurts,2022,12,PHI,GB,28,16,153.0,2,0.0,1.6585759,197.0,59.0,6.0,0.7766498,0.13851929,2.0,16.0
00-0036389,Jalen Hurts,2022,13,PHI,TEN,39,29,380.0,3,0.0,18.354393,370.0,177.0,15.0,1.027027,0.29333937,2.0,5.0
00-0036389,Jalen Hurts,2022,14,PHI,NYG,31,21,217.0,2,0.0,5.4865212,297.0,97.0,10.0,0.73063976,0.1981023,4.0,33.0
00-0036389,Jalen Hurts,2022,15,PHI,CHI,37,22,315.0,0,2.0,0.81221044,466.0,138.0,11.0,0.67596567,0.09569292,1.0,6.0
00-0036389,Jalen Hurts,2022,18,PHI,NYG,35,20,229.0,0,1.0,-4.5725455,239.0,129.0,11.0,0.95815897,0.00019531467,3.0,22.0
00-0036389,Jalen Hurts,2022,20,PHI,NYG,24,16,154.0,2,0.0,5.8916698,144.0,87.0,8.0,1.0694444,0.13489479,1.0,6.0
00-0036389,Jalen Hurts,2022,21,PHI,SF,25,15,121.0,0,0.0,-0.6570534,243.0,50.0,6.0,0.4979424,0.06540326,1.0,-0.0
00-0036389,Jalen Hurts,2022,22,PHI,KC,38,27,304.0,1,0.0,12.892024,404.0,112.0,11.0,0.75247526,0.2237075,2.0,2.0
00-0036425,DeeJay Dallas,2022,2,SEA,SF,1,0,0.0,0,1.0,-4.8671126,8.0,0.0,0.0,0.0,,0.0,-0.0
00-0036442,Joe Burrow,2022,1,CIN,PIT,53,33,338.0,2,4.0,-17.178692,372.0,177.0,22.0,0.9086022,0.021599721,7.0,39.0
00-0036442,Joe Burrow,2022,2,CIN,DAL,36,24,199.0,1,0.0,-0.1231023,201.0,108.0,13.0,0.9900498,0.08207566,6.0,34.0
00-0036442,Joe Burrow,2022,3,CIN,NYJ,36,23,275.0,3,0.0,16.391321,279.0,129.0,12.0,0.98566306,0.20309348,2.0,14.0
00-0036442,Joe Burrow,2022,4,CIN,MIA,31,20,287.0,2,0.0,13.156188,304.0,147.0,10.0,0.9440789,0.17561147,1.0,6.0
00-0036442,Joe Burrow,2022,5,CIN,BAL,35,24,217.0,1,1.0,-4.3481293,120.0,161.0,10.0,1.8083333,0.044703413,2.0,15.0
00-0036442,Joe Burrow,2022,6,CIN,NO,37,28,300.0,3,0.0,10.738536,228.0,176.0,13.0,1.3157895,0.20338316,3.0,27.0
00-0036442,Joe Burrow,2022,7,CIN,ATL,42,34,481.0,3,0.0,27.02564,363.0,169.0,22.0,1.3250688,0.32691103,3.0,22.0
00-0036442,Joe Burrow,2022,8,CIN,CLE,35,25,232.0,2,1.0,-9.247886,200.0,115.0,9.0,1.16,0.040186506,5.0,39.0
00-0036442,Joe Burrow,2022,9,CIN,CAR,28,22,206.0,1,0.0,10.737692,170.0,76.0,9.0,1.2117647,0.25315362,1.0,5.0
00-0036442,Joe Burrow,2022,11,CIN,PIT,39,24,355.0,4,2.0,12.716263,303.0,171.0,18.0,1.1716172,0.15611969,2.0,9.0
00-0036442,Joe Burrow,2022,12,CIN,TEN,37,22,270.0,1,0.0,5.719894,245.0,99.0,11.0,1.1020408,0.058462862,1.0,4.0
00-0036442,Joe Burrow,2022,13,CIN,KC,31,25,286.0,2,0.0,19.753414,231.0,147.0,15.0,1.2380953,0.2478764,1.0,7.0
00-0036442,Joe Burrow,2022,14,CIN,CLE,33,18,239.0,2,1.0,-1.490368,225.0,77.0,11.0,1.0622222,-0.0074422504,1.0,3.0
00-0036442,Joe Burrow,2022,15,CIN,TB,39,27,200.0,4,1.0,2.7802038,209.0,114.0,14.0,0.9569378,0.12642609,2.0,16.0
00-0036442,Joe Burrow,2022,16,CIN,NE,52,40,375.0,3,2.0,9.304123,334.0,161.0,18.0,1.1227545,0.19884507,2.0,6.0
00-0036442,Joe Burrow,2022,18,CIN,BAL,42,25,215.0,1,0.0,-7.9890594,358.0,108.0,12.0,0.60055864,-0.0032777833,2.0,13.0
00-0036442,Joe Burrow,2022,19,CIN,BAL,32,23,209.0,1,0.0,4.739991,195.0,84.0,11.0,1.0717949,0.087446496,4.0,26.0
00-0036442,Joe Burrow,2022,20,CIN,BUF,36,23,242.0,2,0.0,12.047277,252.0,138.0,14.0,0.96031743,0.214115,1.0,2.0
00-0036442,Joe Burrow,2022,21,CIN,KC,41,26,270.0,1,2.0,-1.8303665,300.0,119.0,11.0,0.9,0.09207032,5.0,32.0
00-0036879,Sam Ehlinger,2022,8,IND,WAS,23,17,201.0,0,0.0,1.2021074,192.0,91.0,8.0,1.046875,0.10910068,2.0,12.0
00-0036879,Sam Ehlinger,2022,9,IND,NE,29,15,103.0,0,1.0,-29.429152,191.0,70.0,3.0,0.539267,-0.045009192,9.0,60.0
00-0036879,Sam Ehlinger,2022,17,IND,NYG,14,9,60.0,1,0.0,0.6514081,85.0,23.0,4.0,0.7058824,0.05782305,1.0,8.0
00-0036879,Sam Ehlinger,2022,18,IND,HOU,35,23,209.0,2,2.0,-13.008097,254.0,110.0,13.0,0.8228347,0.02734629,2.0,7.0
00-0036893,Najee Harris,2022,8,PIT,PHI,1,1,4.0,0,0.0,-0.06479256,-4.0,8.0,0.0,0.0,,0.0,-0.0
00-0036898,Davis Mills,2022,1,HOU,IND,37,23,240.0,2,0.0,-6.464838,266.0,81.0,12.0,0.90225565,-0.00092260836,3.0,18.0
00-0036898,Davis Mills,2022,2,HOU,DEN,38,19,177.0,0,0.0,-11.454929,324.0,83.0,6.0,0.5462963,-0.046074145,3.0,23.0
00-0036898,Davis Mills,2022,3,HOU,CHI,32,20,245.0,1,2.0,-5.738882,238.0,141.0,9.0,1.0294118,0.018097159,1.0,8.0
00-0036898,Davis Mills,2022,4,HOU,LAC,35,26,246.0,2,2.0,-8.713957,256.0,107.0,11.0,0.9609375,0.054351635,4.0,31.0
00-0036898,Davis Mills,2022,5,HOU,JAX,24,16,140.0,0,0.0,-2.5189874,132.0,79.0,6.0,1.060606,0.017887477,1.0,8.0
00-0036898,Davis Mills,2022,7,HOU,LV,41,28,302.0,2,1.0,3.0725102,222.0,183.0,12.0,1.3603604,0.12260814,1.0,6.0
00-0036898,Davis Mills,2022,8,HOU,TEN,29,17,152.0,1,1.0,-12.087618,229.0,60.0,5.0,0.6637555,-0.021823479,3.0,34.0
00-0036898,Davis Mills,2022,9,HOU,PHI,22,13,154.0,2,2.0,-7.1460104,160.0,93.0,8.0,0.9625,-0.0067083472,3.0,19.0
00-0036898,Davis Mills,2022,10,HOU,NYG,37,22,319.0,1,1.0,5.2106385,258.0,197.0,15.0,1.2364341,0.04769999,4.0,33.0
00-0036898,Davis Mills,2022,11,HOU,WAS,33,19,169.0,0,2.0,-18.637283,268.0,119.0,6.0,0.630597,-0.018346217,5.0,42.0
00-0036898,Davis Mills,2022,14,HOU,DAL,21,16,175.0,0,1.0,6.285439,178.0,57.0,9.0,0.9831461,0.24096105,0.0,-0.0
00-0036898,Davis Mills,2022,15,HOU,KC,24,12,121.0,2,0.0,2.485318,239.0,51.0,7.0,0.50627613,0.070992716,0.0,-0.0
00-0036898,Davis Mills,2022,16,HOU,TEN,28,17,178.0,1,1.0,-2.3846748,277.0,52.0,6.0,0.6425993,0.08047929,1.0,3.0
00-0036898,Davis Mills,2022,17,HOU,JAX,40,22,202.0,0,0.0,-22.472155,355.0,107.0,9.0,0.5690141,-0.009389197,1.0,9.0
00-0036898,Davis Mills,2022,18,HOU,IND,38,22,298.0,3,2.0,6.2300444,332.0,114.0,14.0,0.89759034,0.10832291,1.0,10.0
00-0036928,Kyle Trask,2022,18,TB,ATL,9,3,23.0,0,0.0,-5.3325596,99.0,20.0,1.0,0.23232323,-0.07879,0.0,-0.0
00-0036945,Justin Fields,2022,1,CHI,SF,17,8,121.0,2,1.0,-1.6956855,162.0,67.0,4.0,0.74691355,0.0110344,2.0,16.0
00-0036945,Justin Fields,2022,2,CHI,GB,11,7,70.0,0,1.0,-6.4240904,121.0,33.0,2.0,0.5785124,0.03221472,3.0,22.0
00-0036945,Justin Fields,2022,3,CHI,HOU,17,8,106.0,0,2.0,-7.7250996,153.0,45.0,5.0,0.6928105,-0.079988964,5.0,24.0
00-0036945,Justin Fields,2022,4,CHI,NYG,22,11,174.0,0,0.0,-5.692619,218.0,74.0,6.0,0.79816514,0.024680736,6.0,19.0
00-0036945,Justin Fields,2022,5,CHI,MIN,21,15,208.0,1,0.0,8.444082,173.0,121.0,9.0,1.2023121,0.19910826,2.0,15.0
00-0036945,Justin Fields,2022,6,CHI,WAS,27,14,190.0,1,1.0,-14.37898,275.0,65.0,9.0,0.6909091,-0.009552821,5.0,36.0
00-0036945,Justin Fields,2022,7,CHI,NE,21,13,179.0,1,1.0,2.3912916,205.0,69.0,10.0,0.87317073,0.12314015,4.0,32.0
00-0036945,Justin Fields,2022,8,CHI,DAL,23,17,151.0,2,0.0,-2.9755738,205.0,82.0,4.0,0.7365854,0.15338136,4.0,25.0
00-0036945,Justin Fields,2022,9,CHI,MIA,28,17,123.0,3,0.0,-0.629558,226.0,61.0,7.0,0.5442478,0.16145262,2.0,7.0
00-0036945,Justin Fields,2022,10,CHI,DET,20,12,167.0,2,1.0,-3.748562,198.0,65.0,6.0,0.84343433,0.14938942,3.0,17.0
00-0036945,Justin Fields,2022,11,CHI,ATL,21,14,153.0,1,1.0,1.4723195,186.0,64.0,7.0,0.82258064,0.122385584,4.0,25.0
00-0036945,Justin Fields,2022,13,CHI,GB,25,20,254.0,0,2.0,4.416044,260.0,49.0,8.0,0.97692305,0.22805211,0.0,-0.0
00-0036945,Justin Fields,2022,15,CHI,PHI,21,14,152.0,2,0.0,-3.7487817,152.0,76.0,8.0,1.0,0.019785553,6.0,61.0
00-0036945,Justin Fields,2022,16,CHI,BUF,23,15,119.0,1,0.0,-8.480869,147.0,39.0,4.0,0.8095238,0.030443007,2.0,15.0
00-0036945,Justin Fields,2022,17,CHI,DET,21,7,75.0,1,1.0,-26.995167,208.0,48.0,2.0,0.36057693,-0.1210004,7.0,45.0
00-0036971,Trevor Lawrence,2022,1,JAX,WAS,42,24,275.0,1,1.0,0.1223457,362.0,88.0,13.0,0.7596685,0.080377035,2.0,15.0
00-0036971,Trevor Lawrence,2022,2,JAX,IND,30,25,235.0,2,0.0,17.557098,197.0,137.0,14.0,1.1928934,0.30965906,0.0,-0.0
00-0036971,Trevor Lawrence,2022,3,JAX,LAC,39,28,262.0,3,0.0,13.673599,186.0,172.0,16.0,1.4086021,0.19043116,0.0,-0.0
00-0036971,Trevor Lawrence,2022,4,JAX,PHI,23,11,174.0,2,1.0,-8.89226,183.0,89.0,9.0,0.9508197,-0.08100581,4.0,26.0
00-0036971,Trevor Lawrence,2022,5,JAX,HOU,47,25,286.0,0,2.0,-7.782485,457.0,137.0,15.0,0.6258206,-0.033830713,0.0,-0.0
00-0036971,Trevor Lawrence,2022,6,JAX,IND,22,20,165.0,1,0.0,1.5730114,87.0,109.0,8.0,1.8965517,0.25115427,4.0,29.0
00-0036971,Trevor Lawrence,2022,7,JAX,NYG,43,22,310.0,0,0.0,11.344377,473.0,113.0,15.0,0.6553911,0.0348476,0.0,-0.0
00-0036971,Trevor Lawrence,2022,8,JAX,DEN,31,18,133.0,1,2.0,-13.948518,173.0,81.0,6.0,0.76878613,-0.019768314,2.0,19.0
00-0036971,Trevor Lawrence,2022,9,JAX,LV,31,25,235.0,1,0.0,13.699909,176.0,88.0,12.0,1.3352273,0.2775686,0.0,-0.0
00-0036971,Trevor Lawrence,2022,10,JAX,KC,40,29,259.0,2,0.0,7.0334997,288.0,121.0,14.0,0.8993056,0.10403741,5.0,19.0
00-0036971,Trevor Lawrence,2022,12,JAX,BAL,37,29,321.0,3,0.0,13.8015375,247.0,131.0,16.0,1.2995951,0.20239462,4.0,27.0
00-0036971,Trevor Lawrence,2022,13,JAX,DET,31,17,179.0,1,0.0,-2.2935011,267.0,82.0,9.0,0.670412,0.0025992102,2.0,14.0
00-0036971,Trevor Lawrence,2022,14,JAX,TEN,42,30,368.0,3,0.0,19.108679,297.0,185.0,18.0,1.2390572,0.22876802,0.0,-0.0
00-0036971,Trevor Lawrence,2022,15,JAX,DAL,42,27,318.0,4,1.0,10.667932,371.0,148.0,13.0,0.85714287,0.11775803,1.0,7.0
00-0036971,Trevor Lawrence,2022,16,JAX,NYJ,31,20,229.0,0,0.0,1.9853812,164.0,171.0,10.0,1.3963414,0.099100545,1.0,11.0
00-0036971,Trevor Lawrence,2022,17,JAX,HOU,21,17,152.0,0,1.0,1.5274632,111.0,86.0,8.0,1.3693694,0.14839879,1.0,8.0
00-0036971,Trevor Lawrence,2022,18,JAX,TEN,32,20,212.0,1,0.0,4.34759,255.0,79.0,10.0,0.83137256,0.07179806,1.0,9.0
00-0036971,Trevor Lawrence,2022,19,JAX,LAC,47,28,288.0,4,4.0,-5.9947762,353.0,107.0,18.0,0.815864,-0.004504521,2.0,15.0
00-0036971,Trevor Lawrence,2022,20,JAX,KC,39,24,217.0,1,1.0,0.09749505,303.0,120.0,11.0,0.7161716,0.051558733,2.0,12.0
00-0036972,Mac Jones,2022,1,NE,MIA,30,21,213.0,1,1.0,-4.4935207,279.0,87.0,10.0,0.76344085,0.06366378,2.0,20.0
00-0036972,Mac Jones,2022,2,NE,PIT,35,21,252.0,1,1.0,5.173929,327.0,86.0,10.0,0.7706422,0.052239556,0.0,-0.0
00-0036972,Mac Jones,2022,3,NE,BAL,32,22,321.0,0,3.0,0.8804793,386.0,111.0,12.0,0.8316062,0.09551526,3.0,19.0
00-0036972,Mac Jones,2022,7,NE,CHI,6,3,13.0,0,1.0,-5.622557,62.0,2.0,1.0,0.20967741,-0.060711153,0.0,-0.0
00-0036972,Mac Jones,2022,8,NE,NYJ,35,24,194.0,1,1.0,-7.0442376,160.0,135.0,9.0,1.2125,0.04694334,6.0,33.0
00-0036972,Mac Jones,2022,9,NE,IND,30,20,147.0,1,0.0,-8.348341,164.0,85.0,6.0,0.89634144,0.023987163,4.0,14.0
00-0036972,Mac Jones,2022,11,NE,NYJ,27,23,246.0,0,0.0,-1.2873394,127.0,161.0,8.0,1.9370079,0.08281275,6.0,48.0
00-0036972,Mac Jones,2022,12,NE,MIN,39,28,382.0,2,0.0,5.7999535,310.0,183.0,14.0,1.2322581,0.15881656,3.0,18.0
00-0036972,Mac Jones,2022,13,NE,BUF,36,22,195.0,1,0.0,0.76935333,226.0,136.0,7.0,0.86283183,0.009798022,1.0,13.0
00-0036972,Mac Jones,2022,14,NE,ARI,35,24,235.0,0,1.0,-2.2350502,172.0,138.0,13.0,1.3662791,0.011826541,1.0,10.0
00-0036972,Mac Jones,2022,15,NE,LV,31,13,112.0,0,0.0,-10.462503,294.0,61.0,6.0,0.3809524,-0.10519936,0.0,-0.0
00-0036972,Mac Jones,2022,16,NE,CIN,33,21,240.0,2,0.0,2.4233696,382.0,75.0,9.0,0.62827224,0.10597777,4.0,16.0
00-0036972,Mac Jones,2022,17,NE,MIA,33,20,204.0,2,0.0,-3.191601,288.0,81.0,9.0,0.7083333,0.049635794,3.0,31.0
00-0036972,Mac Jones,2022,18,NE,BUF,40,26,243.0,3,3.0,-0.76812464,282.0,90.0,13.0,0.86170214,0.032734297,1.0,9.0
00-0037012,Trey Lance,2022,1,SF,CHI,28,13,164.0,0,1.0,-9.122342,204.0,57.0,5.0,0.8039216,-0.0763761,2.0,9.0
00-0037012,Trey Lance,2022,2,SF,SEA,3,2,30.0,0,0.0,-0.6033703,6.0,23.0,1.0,5.0,,0.0,-0.0
00-0037013,Zach Wilson,2022,4,NYJ,PIT,36,18,252.0,1,2.0,1.1628689,331.0,97.0,11.0,0.7613293,0.01715964,1.0,4.0
00-0037013,Zach Wilson,2022,5,NYJ,MIA,21,14,210.0,0,0.0,0.8782215,197.0,134.0,9.0,1.0659899,0.12924142,2.0,23.0
00-0037013,Zach Wilson,2022,6,NYJ,GB,18,10,110.0,0,0.0,-3.8183498,111.0,51.0,4.0,0.990991,-0.022380862,2.0,11.0
00-0037013,Zach Wilson,2022,7,NYJ,DEN,26,16,121.0,0,0.0,-10.71221,123.0,99.0,5.0,0.98373985,0.003419898,3.0,16.0
00-0037013,Zach Wilson,2022,8,NYJ,NE,41,20,355.0,2,3.0,-2.3100674,399.0,194.0,15.0,0.8897243,0.002092795,2.0,19.0
00-0037013,Zach Wilson,2022,9,NYJ,BUF,25,18,154.0,1,0.0,-1.7840264,160.0,86.0,9.0,0.9625,0.098964125,2.0,18.0
00-0037013,Zach Wilson,2022,11,NYJ,NE,22,9,77.0,0,0.0,-12.396902,196.0,23.0,3.0,0.39285713,-0.09229153,4.0,33.0
00-0037013,Zach Wilson,2022,15,NYJ,DET,35,18,317.0,2,1.0,0.7246198,491.0,56.0,14.0,0.6456212,0.069522314,4.0,30.0
00-0037013,Zach Wilson,2022,16,NYJ,JAX,18,9,92.0,0,1.0,-7.9552097,181.0,70.0,3.0,0.5082873,-0.024699692,3.0,21.0
00-0037077,Sam Howell,2022,18,WAS,DAL,19,11,169.0,1,1.0,-7.4617844,160.0,75.0,6.0,1.05625,0.040489636,3.0,11.0
00-0037175,Anthony Brown,2022,14,BAL,PIT,5,3,16.0,0,0.0,-1.5073696,52.0,4.0,1.0,0.30769232,0.00404313,1.0,4.0
00-0037175,Anthony Brown,2022,18,BAL,CIN,44,19,286.0,0,2.0,-14.95785,349.0,138.0,12.0,0.81948423,-0.08942455,4.0,10.0
00-0037327,Skylar Thompson,2022,5,MIA,NYJ,33,19,166.0,0,1.0,-16.290222,227.0,72.0,8.0,0.7312775,0.008211544,2.0,8.0
00-0037327,Skylar Thompson,2022,6,MIA,MIN,13,7,89.0,0,0.0,-2.3996537,133.0,26.0,3.0,0.66917294,-0.050683513,1.0,8.0
00-0037327,Skylar Thompson,2022,10,MIA,CLE,1,1,17.0,0,0.0,0.91623616,4.0,13.0,1.0,4.25,,0.0,-0.0
00-0037327,Skylar Thompson,2022,12,MIA,HOU,5,1,6.0,0,0.0,-3.248355,79.0,1.0,1.0,0.07594936,-0.16734855,1.0,6.0
00-0037327,Skylar Thompson,2022,13,MIA,SF,1,0,0.0,0,1.0,-3.024083,22.0,0.0,0.0,0.0,,0.0,-0.0
00-0037327,Skylar Thompson,2022,17,MIA,NE,21,12,104.0,1,1.0,-1.6010705,110.0,48.0,6.0,0.94545454,-0.029005725,1.0,6.0
00-0037327,Skylar Thompson,2022,18,MIA,NYJ,31,20,152.0,0,0.0,-7.085155,208.0,48.0,7.0,0.7307692,0.06957161,1.0,12.0
00-0037327,Skylar Thompson,2022,19,MIA,BUF,45,18,220.0,1,2.0,-10.678857,497.0,106.0,12.0,0.44265592,-0.06864202,4.0,31.0
00-0037500,Ryan Wright,2022,4,MIN,NO,1,1,13.0,0,0.0,3.362387,13.0,0.0,1.0,1.0,,0.0,-0.0
00-0037500,Ryan Wright,2022,15,MIN,IND,1,0,0.0,0,0.0,-3.7716002,8.0,0.0,0.0,0.0,,0.0,-0.0
00-0037740,Garrett Wilson,2022,13,NYJ,MIN,1,0,0.0,0,0.0,-0.4925385,9.0,0.0,0.0,0.0,,0.0,-0.0
00-0037834,Brock Purdy,2022,7,SF,KC,9,4,66.0,0,1.0,0.11195082,95.0,10.0,4.0,0.69473684,-0.057885226,0.0,-0.0
00-0037834,Brock Purdy,2022,13,SF,MIA,37,25,210.0,2,1.0,0.63621473,200.0,118.0,13.0,1.05,0.07756766,3.0,26.0
00-0037834,Brock Purdy,2022,14,SF,TB,21,16,185.0,2,0.0,8.555145,110.0,72.0,8.0,1.6818181,0.2437441,0.0,-0.0
00-0037834,Brock Purdy,2022,15,SF,SEA,26,17,217.0,2,0.0,6.7035503,152.0,134.0,8.0,1.4276316,0.0870227,1.0,6.0
00-0037834,Brock Purdy,2022,16,SF,WAS,22,15,234.0,2,1.0,6.72655,183.0,105.0,8.0,1.2786885,0.12248942,3.0,16.0
00-0037834,Brock Purdy,2022,17,SF,LV,35,22,284.0,2,1.0,7.8457565,270.0,160.0,15.0,1.0518519,0.119279355,0.0,-0.0
00-0037834,Brock Purdy,2022,18,SF,ARI,20,15,178.0,3,0.0,5.9739437,107.0,107.0,10.0,1.6635514,0.1214647,4.0,36.0
00-0037834,Brock Purdy,2022,19,SF,SEA,30,18,332.0,3,0.0,21.4617,378.0,185.0,15.0,0.87830687,0.30409548,1.0,8.0
00-0037834,Brock Purdy,2022,20,SF,DAL,29,19,214.0,0,0.0,3.6016753,248.0,83.0,11.0,0.86290324,0.10385809,2.0,15.0
00-0037834,Brock Purdy,2022,21,SF,PHI,4,4,23.0,0,0.0,-4.7760963,9.0,14.0,1.0,2.5555556,,1.0,-0.0
00-0038102,Kenny Pickett,2022,4,PIT,NYJ,13,10,120.0,0,3.0,1.4254647,167.0,40.0,6.0,0.7185629,0.24538884,0.0,-0.0
00-0038102,Kenny Pickett,2022,5,PIT,BUF,52,34,327.0,0,1.0,-2.2376463,363.0,137.0,19.0,0.90082645,0.03649207,3.0,17.0
00-0038102,Kenny Pickett,2022,6,PIT,TB,18,11,67.0,1,0.0,-2.7079403,75.0,35.0,5.0,0.8933333,0.040324874,1.0,12.0
00-0038102,Kenny Pickett,2022,7,PIT,MIA,44,32,257.0,1,3.0,-5.8204556,301.0,113.0,14.0,0.8538206,0.07071288,2.0,11.0
00-0038102,Kenny Pickett,2022,8,PIT,PHI,38,25,191.0,0,1.0,-15.697459,237.0,134.0,8.0,0.8059072,0.021208167,6.0,38.0
00-0038102,Kenny Pickett,2022,10,PIT,NO,30,18,199.0,0,0.0,-2.6279733,221.0,93.0,9.0,0.9004525,0.124702275,6.0,37.0
00-0038102,Kenny Pickett,2022,11,PIT,CIN,42,25,265.0,1,0.0,-2.2171214,422.0,72.0,10.0,0.6279621,0.0638552,2.0,16.0
00-0038102,Kenny Pickett,2022,12,PIT,IND,28,20,174.0,0,0.0,-1.0587642,163.0,81.0,10.0,1.0674846,0.058678847,3.0,23.0
00-0038102,Kenny Pickett,2022,13,PIT,ATL,28,16,197.0,1,0.0,9.126905,251.0,110.0,10.0,0.78486055,0.115839295,0.0,-0.0
00-0038102,Kenny Pickett,2022,14,PIT,BAL,1,0,0.0,0,0.0,-3.891891,4.0,0.0,0.0,0.0,,1.0,7.0
00-0038102,Kenny Pickett,2022,16,PIT,LV,39,26,244.0,1,1.0,1.3714823,208.0,96.0,13.0,1.1730769,0.096828334,0.0,-0.0
00-0038102,Kenny Pickett,2022,17,PIT,BAL,27,15,168.0,1,0.0,4.1591315,223.0,60.0,9.0,0.75336325,0.10251419,2.0,15.0
00-0038102,Kenny Pickett,2022,18,PIT,CLE,29,13,195.0,1,0.0,9.11056,322.0,71.0,10.0,0.60559005,0.080000326,1.0,6.0
00-0038108,Bailey Zappe,2022,4,NE,GB,15,10,99.0,1,0.0,-4.759013,87.0,53.0,4.0,1.137931,0.034139596,3.0,24.0
00-0038108,Bailey Zappe,2022,5,NE,DET,21,17,188.0,1,1.0,6.5563407,183.0,98.0,11.0,1.0273224,0.22799124,0.0,-0.0
00-0038108,Bailey Zappe,2022,6,NE,CLE,34,24,309.0,2,0.0,8.408839,172.0,165.0,14.0,1.7965117,0.21645948,2.0,8.0
00-0038108,Bailey Zappe,2022,7,NE,CHI,22,14,185.0,1,2.0,-2.5211492,182.0,68.0,8.0,1.0164835,0.009058094,1.0,8.0
00-0038122,Desmond Ridder,2022,15,ATL,NO,26,13,97.0,0,0.0,-5.821057,237.0,56.0,6.0,0.4092827,-0.080783516,4.0,8.0
00-0038122,Desmond Ridder,2022,16,ATL,BAL,33,22,218.0,0,0.0,3.9366248,196.0,113.0,11.0,1.1122448,0.07172372,2.0,6.0
00-0038122,Desmond Ridder,2022,17,ATL,ARI,26,19,169.0,0,0.0,-0.18216361,153.0,92.0,9.0,1.1045752,0.04363095,1.0,3.0
00-0038122,Desmond Ridder,2022,18,ATL,TB,30,19,224.0,2,0.0,6.6037936,354.0,67.0,11.0,0.63276833,0.13810505,2.0,16.0
00-0038128,Malik Willis,2022,2,TEN,BUF,4,1,6.0,0,0.0,-1.9381951,29.0,0.0,0.0,0.20689656,,0.0,-0.0
00-0038128,Malik Willis,2022,8,TEN,HOU,10,6,55.0,0,1.0,-10.618273,73.0,41.0,3.0,0.75342464,0.05240507,3.0,15.0
00-0038128,Malik Willis,2022,9,TEN,KC,16,5,80.0,0,0.0,-5.561052,204.0,62.0,3.0,0.39215687,-0.09364627,3.0,23.0
00-0038128,Malik Willis,2022,13,TEN,PHI,4,2,16.0,0,0.0,-3.0927753,28.0,1.0,0.0,0.5714286,,0.0,-0.0
00-0038128,Malik Willis,2022,15,TEN,LAC,4,3,20.0,0,0.0,-0.4028946,24.0,3.0,1.0,0.8333333,,0.0,-0.0
00-0038128,Malik Willis,2022,16,TEN,HOU,23,14,99.0,0,2.0,-17.224499,140.0,37.0,4.0,0.70714283,0.013297386,4.0,11.0
00-0023459,Aaron Rodgers,2023,1,NYJ,BUF,1,0,0.0,0,0.0,-2.0319598,17.0,0.0,0.0,0.0,,1.0,10.0
00-0026158,Joe Flacco,2023,13,CLE,LA,44,23,254.0,2,1.0,-7.791564,543.0,70.0,10.0,0.46777165,-0.024772335,2.0,14.0
00-0026158,Joe Flacco,2023,14,CLE,JAX,45,26,311.0,3,1.0,-1.6544218,334.0,158.0,11.0,0.93113774,0.0037993372,1.0,4.0
00-0026158,Joe Flacco,2023,15,CLE,CHI,44,28,374.0,2,3.0,-17.392164,382.0,158.0,12.0,0.9790576,0.014412046,4.0,31.0
00-0026158,Joe Flacco,2023,16,CLE,HOU,42,27,368.0,3,2.0,19.032988,472.0,108.0,18.0,0.779661,0.22153948,0.0,-0.0
00-0026158,Joe Flacco,2023,17,CLE,NYJ,29,19,309.0,3,1.0,6.197574,179.0,184.0,9.0,1.726257,0.15289517,1.0,8.0
00-0026158,Joe Flacco,2023,19,CLE,HOU,46,34,307.0,1,2.0,-17.759293,314.0,130.0,14.0,0.977707,0.0554587,4.0,39.0
00-0026498,Matthew Stafford,2023,1,LA,SEA,38,24,334.0,0,0.0,20.679981,409.0,106.0,17.0,0.8166259,0.21719006,0.0,-0.0
00-0026498,Matthew Stafford,2023,2,LA,SF,55,34,307.0,1,2.0,-5.089193,363.0,144.0,17.0,0.84573,-0.029704621,1.0,10.0
00-0026498,Matthew Stafford,2023,3,LA,CIN,33,18,269.0,1,2.0,-8.40479,317.0,99.0,12.0,0.8485804,-0.010766178,6.0,48.0
00-0026498,Matthew Stafford,2023,4,LA,IND,40,27,319.0,1,1.0,11.3743515,297.0,114.0,16.0,1.074074,0.17090178,2.0,16.0
00-0026498,Matthew Stafford,2023,5,LA,PHI,37,21,222.0,2,0.0,-2.536261,366.0,90.0,13.0,0.60655737,-0.014530161,4.0,27.0
00-0026498,Matthew Stafford,2023,6,LA,ARI,24,15,226.0,1,0.0,3.2710502,191.0,84.0,7.0,1.183246,0.106581196,3.0,23.0
00-0026498,Matthew Stafford,2023,7,LA,PIT,29,14,231.0,1,1.0,-3.5908406,263.0,112.0,8.0,0.878327,-0.055881225,2.0,12.0
00-0026498,Matthew Stafford,2023,8,LA,DAL,22,13,162.0,1,1.0,-4.978714,152.0,93.0,6.0,1.0657895,-0.015542384,1.0,9.0
00-0026498,Matthew Stafford,2023,11,LA,SEA,31,17,190.0,1,1.0,-4.574815,158.0,124.0,9.0,1.2025317,-0.035912376,1.0,5.0
00-0026498,Matthew Stafford,2023,12,LA,ARI,33,25,229.0,4,1.0,13.204231,192.0,129.0,16.0,1.1927084,0.24892777,0.0,-0.0
00-0026498,Matthew Stafford,2023,13,LA,CLE,37,22,279.0,3,0.0,5.3191237,292.0,148.0,10.0,0.95547944,0.098885655,0.0,-0.0
00-0026498,Matthew Stafford,2023,14,LA,BAL,41,23,294.0,3,0.0,6.5487304,385.0,143.0,14.0,0.76363635,0.11765579,2.0,12.0
00-0026498,Matthew Stafford,2023,15,LA,WAS,33,25,258.0,2,0.0,7.8747363,172.0,141.0,10.0,1.5,0.1692855,3.0,9.0
00-0026498,Matthew Stafford,2023,16,LA,NO,34,24,328.0,2,0.0,15.034519,278.0,128.0,18.0,1.1798561,0.24855769,1.0,3.0
00-0026498,Matthew Stafford,2023,17,LA,NYG,34,24,317.0,1,2.0,0.89999664,198.0,235.0,14.0,1.6010101,0.07146113,4.0,31.0
00-0026498,Matthew Stafford,2023,19,LA,DET,36,25,367.0,2,0.0,18.576056,335.0,207.0,15.0,1.0955224,0.23855096,2.0,10.0
00-0026625,Brian Hoyer,2023,6,LV,NE,10,6,102.0,0,0.0,4.7522593,120.0,24.0,4.0,0.85,0.23076297,0.0,-0.0
00-0026625,Brian Hoyer,2023,7,LV,CHI,32,17,129.0,0,2.0,-13.533031,224.0,56.0,10.0,0.57589287,-0.04674668,1.0,8.0
00-0027114,Thomas Morstead,2023,11,NYJ,BUF,1,1,18.0,0,0.0,2.6709,10.0,8.0,1.0,1.8,,0.0,-0.0
00-0027948,Blaine Gabbert,2023,3,KC,CHI,5,3,31.0,0,2.0,-6.7060456,31.0,9.0,2.0,1.0,0.040773023,0.0,-0.0
00-0027948,Blaine Gabbert,2023,18,KC,LAC,30,15,154.0,0,1.0,-9.437242,167.0,109.0,6.0,0.9221557,-0.07365866,1.0,9.0
00-0027973,Andy Dalton,2023,3,CAR,SEA,58,34,361.0,2,0.0,4.5483294,477.0,128.0,17.0,0.7568134,0.0633122,3.0,27.0
00-0028118,Tyrod Taylor,2023,1,NYG,DAL,2,2,6.0,0,0.0,-0.5446569,-10.0,16.0,0.0,0.0,,0.0,-0.0
00-0028118,Tyrod Taylor,2023,3,NYG,SF,1,0,0.0,0,0.0,-0.651543,11.0,0.0,0.0,0.0,,0.0,-0.0
00-0028118,Tyrod Taylor,2023,5,NYG,MIA,12,9,86.0,0,0.0,2.440994,74.0,39.0,4.0,1.1621622,0.20915861,1.0,3.0
00-0028118,Tyrod Taylor,2023,6,NYG,BUF,36,24,200.0,0,0.0,-2.130479,250.0,72.0,11.0,0.8,0.0959952,3.0,15.0
00-0028118,Tyrod Taylor,2023,7,NYG,WAS,29,18,279.0,2,0.0,4.9307346,318.0,114.0,10.0,0.8773585,0.09306225,4.0,29.0
00-0028118,Tyrod Taylor,2023,8,NYG,NYJ,7,4,8.0,0,0.0,-10.349501,27.0,6.0,0.0,0.2962963,0.052414637,2.0,7.0
00-0028118,Tyrod Taylor,2023,15,NYG,NO,4,2,13.0,0,0.0,0.40001196,10.0,6.0,1.0,1.3,,0.0,-0.0
00-0028118,Tyrod Taylor,2023,16,NYG,PHI,16,7,133.0,1,1.0,0.5316355,213.0,41.0,5.0,0.62441313,0.12040448,0.0,-0.0
00-0028118,Tyrod Taylor,2023,17,NYG,LA,41,27,319.0,1,1.0,-2.0617292,332.0,147.0,8.0,0.9608434,0.032428782,6.0,35.0
00-0028118,Tyrod Taylor,2023,18,NYG,PHI,32,23,297.0,1,1.0,9.550549,316.0,137.0,13.0,0.9398734,0.17031889,1.0,5.0
00-0028872,Johnny Hekker,2023,6,CAR,MIA,1,1,7.0,0,0.0,-1.9410884,-4.0,11.0,0.0,0.0,,0.0,-0.0
00-0028986,Case Keenum,2023,15,HOU,TEN,36,23,229.0,1,1.0,-2.5340545,276.0,103.0,12.0,0.8297101,0.046399433,3.0,27.0
00-0028986,Case Keenum,2023,16,HOU,CLE,17,11,62.0,0,2.0,-18.117275,101.0,43.0,2.0,0.6138614,-0.0059803943,3.0,33.0
00-0029263,Russell Wilson,2023,1,DEN,LV,34,27,177.0,2,0.0,2.3555384,137.0,78.0,11.0,1.2919708,0.20051344,2.0,11.0
00-0029263,Russell Wilson,2023,2,DEN,WAS,32,18,308.0,3,1.0,3.3465052,300.0,110.0,8.0,1.0266666,0.14833832,7.0,31.0
00-0029263,Russell Wilson,2023,3,DEN,MIA,38,23,306.0,1,1.0,2.2087188,412.0,123.0,13.0,0.74271846,0.08595069,1.0,12.0
00-0029263,Russell Wilson,2023,4,DEN,CHI,28,21,223.0,3,0.0,14.218062,179.0,137.0,9.0,1.24581,0.2868691,1.0,9.0
00-0029263,Russell Wilson,2023,5,DEN,NYJ,31,20,196.0,2,0.0,-10.412276,177.0,148.0,10.0,1.1073446,0.045734335,4.0,27.0
00-0029263,Russell Wilson,2023,6,DEN,KC,22,13,95.0,1,2.0,-18.298592,117.0,58.0,4.0,0.8119658,-0.033053283,4.0,13.0
00-0029263,Russell Wilson,2023,7,DEN,GB,29,20,194.0,1,0.0,4.0957136,227.0,88.0,9.0,0.8546255,0.21114026,1.0,-0.0
00-0029263,Russell Wilson,2023,8,DEN,KC,19,12,114.0,3,0.0,-4.8447876,127.0,72.0,7.0,0.8976378,0.047368538,6.0,27.0
00-0029263,Russell Wilson,2023,10,DEN,BUF,29,24,193.0,2,0.0,5.7580633,100.0,116.0,12.0,1.93,0.19201383,4.0,15.0
00-0029263,Russell Wilson,2023,11,DEN,MIN,35,27,259.0,1,0.0,1.4860983,233.0,177.0,11.0,1.111588,0.124090835,2.0,10.0
00-0029263,Russell Wilson,2023,12,DEN,CLE,22,13,134.0,1,0.0,4.4542413,122.0,67.0,5.0,1.0983607,0.09463155,1.0,9.0
00-0029263,Russell Wilson,2023,13,DEN,HOU,26,15,186.0,1,3.0,-14.968119,335.0,88.0,5.0,0.5552239,0.039773874,3.0,22.0
00-0029263,Russell Wilson,2023,14,DEN,LAC,33,21,224.0,2,1.0,-2.2156205,167.0,184.0,9.0,1.3413174,0.026201844,2.0,8.0
00-0029263,Russell Wilson,2023,15,DEN,DET,32,18,223.0,1,0.0,-2.3929815,232.0,137.0,12.0,0.9612069,0.05153603,2.0,19.0
00-0029263,Russell Wilson,2023,16,DEN,NE,37,25,238.0,2,0.0,-1.1267622,324.0,152.0,10.0,0.7345679,0.071676224,5.0,45.0
00-0029604,Kirk Cousins,2023,1,MIN,TB,44,33,344.0,2,1.0,0.3236898,298.0,145.0,15.0,1.1543624,0.06493537,2.0,16.0
00-0029604,Kirk Cousins,2023,2,MIN,PHI,44,31,364.0,4,0.0,17.481337,399.0,155.0,19.0,0.9122807,0.22862087,2.0,18.0
00-0029604,Kirk Cousins,2023,3,MIN,LAC,50,32,367.0,3,1.0,1.4202403,397.0,149.0,15.0,0.92443323,0.09516822,4.0,22.0
00-0029604,Kirk Cousins,2023,4,MIN,CAR,19,12,139.0,2,2.0,-10.878063,167.0,47.0,9.0,0.83233535,0.039086025,2.0,9.0
00-0029604,Kirk Cousins,2023,5,MIN,KC,47,29,284.0,2,0.0,2.568146,355.0,137.0,15.0,0.8,0.058111876,3.0,25.0
00-0029604,Kirk Cousins,2023,6,MIN,CHI,31,21,181.0,1,0.0,-6.1696563,189.0,81.0,8.0,0.95767194,0.032073084,2.0,7.0
00-0029604,Kirk Cousins,2023,7,MIN,SF,45,35,378.0,2,1.0,12.857419,249.0,175.0,18.0,1.5180722,0.22601633,0.0,-0.0
00-0029604,Kirk Cousins,2023,8,MIN,GB,31,23,274.0,2,0.0,19.499933,198.0,107.0,13.0,1.3838384,0.31709856,2.0,13.0
00-0029701,Ryan Tannehill,2023,1,TEN,NO,34,16,198.0,0,3.0,-12.042962,310.0,124.0,8.0,0.63870966,-0.07838841,3.0,17.0
00-0029701,Ryan Tannehill,2023,2,TEN,LAC,24,20,246.0,1,0.0,1.4567641,211.0,63.0,9.0,1.1658767,0.22462696,5.0,46.0
00-0029701,Ryan Tannehill,2023,3,TEN,CLE,25,13,104.0,0,0.0,-14.025612,254.0,43.0,5.0,0.40944883,0.002285461,5.0,36.0
00-0029701,Ryan Tannehill,2023,4,TEN,CIN,25,18,240.0,1,1.0,7.165728,307.0,86.0,10.0,0.78175896,0.20542732,3.0,15.0
00-0029701,Ryan Tannehill,2023,5,TEN,IND,34,23,264.0,0,1.0,9.329528,258.0,115.0,14.0,1.0232558,0.15728301,1.0,5.0
00-0029701,Ryan Tannehill,2023,6,TEN,BAL,16,8,76.0,0,1.0,-10.508054,131.0,49.0,3.0,0.5801527,-0.00412251,2.0,16.0
00-0029701,Ryan Tannehill,2023,16,TEN,SEA,26,18,152.0,0,0.0,-2.6874158,127.0,87.0,9.0,1.1968504,0.1009405,6.0,39.0
00-0029701,Ryan Tannehill,2023,17,TEN,HOU,20,16,168.0,0,0.0,-2.435569,74.0,105.0,6.0,2.2702703,0.095661946,5.0,40.0
00-0029701,Ryan Tannehill,2023,18,TEN,JAX,26,17,168.0,2,1.0,0.88122463,144.0,123.0,10.0,1.1666666,0.08368745,2.0,16.0
00-0030279,Keenan Allen,2023,3,LAC,MIN,1,1,49.0,1,0.0,3.9683924,22.0,27.0,1.0,2.2272727,,0.0,-0.0
00-0030279,Keenan Allen,2023,14,LAC,DEN,1,0,0.0,0,0.0,-0.45351547,17.0,0.0,0.0,0.0,,0.0,-0.0
00-0030564,DeAndre Hopkins,2023,18,TEN,JAX,1,0,0.0,0,0.0,-0.41801506,-1.0,0.0,0.0,0.0,,0.0,-0.0
00-0030565,Geno Smith,2023,1,SEA,LA,26,16,112.0,1,0.0,-4.3890905,127.0,71.0,7.0,0.88188976,0.028597437,2.0,17.0
00-0030565,Geno Smith,2023,2,SEA,DET,41,32,328.0,2,0.0,14.86927,259.0,118.0,18.0,1.2664093,0.23259601,1.0,17.0
00-0030565,Geno Smith,2023,3,SEA,CAR,36,23,296.0,1,1.0,5.273515,297.0,150.0,14.0,0.996633,0.10998887,2.0,17.0
00-0030565,Geno Smith,2023,4,SEA,NYG,20,13,110.0,1,0.0,-9.127239,78.0,59.0,4.0,1.4102564,0.021868449,2.0,13.0
00-0030565,Geno Smith,2023,6,SEA,CIN,41,27,326.0,0,2.0,-3.6160495,345.0,142.0,13.0,0.9449275,0.10371303,4.0,29.0
00-0030565,Geno Smith,2023,7,SEA,ARI,24,18,219.0,2,1.0,7.2816634,229.0,43.0,11.0,0.95633185,0.17658648,2.0,16.0
00-0030565,Geno Smith,2023,8,SEA,CLE,37,23,254.0,2,2.0,2.6245568,284.0,132.0,12.0,0.8943662,0.05174524,1.0,6.0
00-0030565,Geno Smith,2023,9,SEA,BAL,28,13,157.0,0,1.0,-14.661982,219.0,57.0,5.0,0.716895,-0.037515346,4.0,34.0
00-0030565,Geno Smith,2023,10,SEA,WAS,47,31,369.0,2,0.0,5.2057114,278.0,257.0,16.0,1.3273381,0.123123325,1.0,-0.0
00-0030565,Geno Smith,2023,11,SEA,LA,34,22,233.0,1,0.0,5.4167967,235.0,114.0,12.0,0.99148935,0.09009647,2.0,13.0
00-0030565,Geno Smith,2023,12,SEA,SF,27,18,180.0,0,1.0,-11.940728,290.0,70.0,6.0,0.62068963,0.053237163,6.0,48.0
00-0030565,Geno Smith,2023,13,SEA,DAL,41,23,334.0,3,1.0,11.573184,231.0,189.0,16.0,1.4458874,0.17496839,0.0,-0.0
00-0030565,Geno Smith,2023,16,SEA,TEN,36,25,227.0,2,0.0,11.052165,232.0,92.0,14.0,0.9784483,0.19097835,3.0,12.0
00-0030565,Geno Smith,2023,17,SEA,PIT,33,23,290.0,1,0.0,7.2239156,225.0,131.0,13.0,1.2888889,0.1762092,1.0,9.0
00-0030565,Geno Smith,2023,18,SEA,ARI,28,16,189.0,2,0.0,5.6548467,171.0,89.0,8.0,1.1052631,0.06147902,0.0,-0.0
00-0031280,Derek Carr,2023,1,NO,TEN,33,23,305.0,1,1.0,3.6704845,378.0,103.0,12.0,0.8068783,0.13115303,4.0,23.0
00-0031280,Derek Carr,2023,2,NO,CAR,36,21,228.0,0,1.0,-2.1891074,279.0,63.0,11.0,0.8172043,0.034984827,4.0,29.0
00-0031280,Derek Carr,2023,3,NO,GB,18,13,103.0,1,0.0,0.07446693,130.0,58.0,6.0,0.7923077,0.09682727,3.0,21.0
00-0031280,Derek Carr,2023,4,NO,TB,37,23,127.0,0,0.0,-12.751911,282.0,116.0,8.0,0.4503546,-0.019368516,2.0,10.0
00-0031280,Derek Carr,2023,5,NO,NE,26,18,183.0,2,0.0,3.447774,249.0,99.0,11.0,0.73493975,0.14659052,2.0,15.0
00-0031280,Derek Carr,2023,6,NO,HOU,50,32,353.0,1,1.0,5.2138553,518.0,113.0,13.0,0.6814672,0.1077433,2.0,16.0
00-0031280,Derek Carr,2023,7,NO,JAX,55,33,301.0,1,1.0,-16.850712,322.0,176.0,15.0,0.9347826,-0.012093469,1.0,6.0
00-0031280,Derek Carr,2023,8,NO,IND,27,19,310.0,2,0.0,13.525135,332.0,138.0,11.0,0.93373495,0.2434318,1.0,4.0
00-0031280,Derek Carr,2023,9,NO,CHI,34,25,211.0,2,0.0,2.7130063,143.0,126.0,10.0,1.4755244,0.06576152,0.0,-0.0
00-0031280,Derek Carr,2023,10,NO,MIN,18,13,110.0,0,0.0,-2.3130262,97.0,56.0,5.0,1.1340206,0.023148075,2.0,12.0
00-0031280,Derek Carr,2023,12,NO,ATL,38,24,304.0,0,1.0,-1.2685188,329.0,135.0,13.0,0.9240122,0.104060635,1.0,8.0
00-0031280,Derek Carr,2023,13,NO,DET,22,17,226.0,1,1.0,7.3313794,157.0,107.0,10.0,1.4394904,0.17290083,2.0,18.0
00-0031280,Derek Carr,2023,14,NO,CAR,26,18,119.0,2,1.0,-9.563636,109.0,42.0,8.0,1.0917431,0.08004304,1.0,9.0
00-0031280,Derek Carr,2023,15,NO,NYG,28,23,218.0,3,0.0,9.947751,179.0,94.0,11.0,1.2178771,0.26513055,1.0,9.0
00-0031280,Derek Carr,2023,16,NO,LA,40,27,319.0,3,1.0,0.7056747,378.0,90.0,16.0,0.84391534,0.032477353,2.0,15.0
00-0031280,Derek Carr,2023,17,NO,TB,32,24,197.0,2,0.0,9.247695,165.0,101.0,12.0,1.1939394,0.17278695,1.0,6.0
00-0031280,Derek Carr,2023,18,NO,ATL,28,22,264.0,4,0.0,14.978746,233.0,79.0,13.0,1.1330472,0.32604438,2.0,17.0
00-0031288,AJ McCarron,2023,14,CIN,IND,1,1,-1.0,0,0.0,-1.6931319,-1.0,0.0,0.0,0.0,,0.0,-0.0
00-0031288,AJ McCarron,2023,18,CIN,CLE,4,3,20.0,0,0.0,-3.55794,-7.0,20.0,0.0,0.0,,1.0,9.0
00-0031345,Jimmy Garoppolo,2023,1,LV,DEN,26,20,200.0,2,1.0,13.086085,183.0,62.0,11.0,1.0928962,0.2805602,0.0,-0.0
00-0031345,Jimmy Garoppolo,2023,2,LV,BUF,24,16,185.0,1,2.0,-2.0070987,190.0,64.0,10.0,0.9736842,0.065697365,0.0,-0.0
00-0031345,Jimmy Garoppolo,2023,3,LV,PIT,44,28,324.0,2,3.0,-8.352474,456.0,87.0,12.0,0.7105263,-2.7366812e-05,4.0,31.0
00-0031345,Jimmy Garoppolo,2023,5,LV,GB,31,22,208.0,1,1.0,-0.7268435,154.0,126.0,13.0,1.3506494,0.042415194,3.0,21.0
00-0031345,Jimmy Garoppolo,2023,6,LV,NE,22,14,162.0,1,1.0,5.1303062,137.0,59.0,8.0,1.1824818,0.08528739,0.0,-0.0
00-0031345,Jimmy Garoppolo,2023,8,LV,DET,21,10,126.0,0,1.0,-24.156507,234.0,70.0,6.0,0.53846157,-0.04583088,6.0,49.0
00-0031345,Jimmy Garoppolo,2023,18,LV,DEN,1,0,0.0,0,0.0,-2.135103,10.0,0.0,0.0,0.0,,1.0,-0.0
00-0031376,Jerick McKinnon,2023,15,KC,NE,1,1,4.0,1,0.0,1.1053475,-3.0,7.0,1.0,0.0,,0.0,-0.0
00-0031503,Jameis Winston,2023,3,NO,GB,16,10,101.0,0,0.0,-2.5194902,145.0,25.0,3.0,0.69655174,-0.0053011714,1.0,8.0
00-0031503,Jameis Winston,2023,4,NO,TB,1,0,0.0,0,1.0,-2.822054,33.0,0.0,0.0,0.0,,0.0,-0.0
00-0031503,Jameis Winston,2023,10,NO,MIN,25,13,122.0,2,2.0,-4.560713,387.0,36.0,5.0,0.31524548,-0.0055367434,1.0,5.0
00-0031503,Jameis Winston,2023,13,NO,DET,5,2,41.0,0,0.0,0.11323756,45.0,24.0,2.0,0.9111111,-0.067498945,0.0,-0.0
00-0031800,Taylor Heinicke,2023,8,ATL,TEN,21,12,175.0,1,0.0,6.048243,202.0,57.0,8.0,0.86633664,0.14072697,1.0,8.0
00-0031800,Taylor Heinicke,2023,9,ATL,MIN,38,21,268.0,1,1.0,-1.4887449,391.0,172.0,12.0,0.685422,0.0063460767,1.0,8.0
00-0031800,Taylor Heinicke,2023,10,ATL,ARI,15,8,55.0,1,0.0,-7.530448,84.0,40.0,3.0,0.6547619,-0.022356456,3.0,24.0
00-0031800,Taylor Heinicke,2023,16,ATL,IND,33,23,229.0,1,0.0,7.642199,150.0,129.0,14.0,1.5266666,0.11455892,1.0,-0.0
00-0031800,Taylor Heinicke,2023,17,ATL,CHI,29,10,163.0,1,3.0,-6.3145285,309.0,110.0,4.0,0.5275081,-0.105608314,2.0,7.0
00-0032156,Trevor Siemian,2023,13,NYJ,ATL,13,5,66.0,0,0.0,-7.5649433,122.0,17.0,3.0,0.5409836,-0.0985744,3.0,12.0
00-0032156,Trevor Siemian,2023,15,NYJ,MIA,26,14,110.0,0,2.0,-9.411222,235.0,53.0,7.0,0.4680851,-0.021623533,2.0,19.0
00-0032156,Trevor Siemian,2023,16,NYJ,WAS,49,27,217.0,1,1.0,-15.9729395,124.0,196.0,12.0,1.75,-0.0441068,0.0,-0.0
00-0032156,Trevor Siemian,2023,17,NYJ,CLE,45,32,261.0,1,1.0,-10.637967,174.0,155.0,10.0,1.5,0.032791723,2.0,8.0
00-0032156,Trevor Siemian,2023,18,NYJ,NE,20,8,70.0,0,0.0,-11.007632,159.0,50.0,3.0,0.44025156,-0.045128774,1.0,1.0
00-0032268,Marcus Mariota,2023,13,PHI,SF,3,2,16.0,0,0.0,-0.3476435,5.0,11.0,1.0,3.2,,0.0,-0.0
00-0032268,Marcus Mariota,2023,18,PHI,NYG,20,13,148.0,1,1.0,-4.7624526,173.0,61.0,9.0,0.85549134,0.05379628,3.0,11.0
00-0032436,Jeff Driskel,2023,18,CLE,CIN,26,13,166.0,2,2.0,-10.957208,232.0,74.0,8.0,0.7155172,-0.030105235,3.0,26.0
00-0032764,Derrick Henry,2023,4,TEN,CIN,1,1,2.0,1,0.0,3.1021674,2.0,0.0,1.0,1.0,,0.0,-0.0
00-0032764,Derrick Henry,2023,5,TEN,IND,1,0,0.0,0,0.0,-0.47603247,13.0,0.0,0.0,0.0,,0.0,-0.0
00-0032764,Derrick Henry,2023,16,TEN,SEA,1,1,12.0,1,0.0,1.8962759,12.0,0.0,1.0,1.0,,0.0,-0.0
00-0032950,Carson Wentz,2023,18,LA,SF,24,17,163.0,2,1.0,7.064853,159.0,65.0,11.0,1.0251572,0.18153037,2.0,14.0
00-0033009,Tyler Boyd,2023,13,CIN,JAX,1,0,0.0,0,1.0,-6.5270686,-8.0,0.0,0.0,0.0,,0.0,-0.0
00-0033077,Dak Prescott,2023,1,DAL,NYG,24,13,143.0,0,0.0,4.1784844,161.0,71.0,8.0,0.88819873,0.11420718,0.0,-0.0
00-0033077,Dak Prescott,2023,2,DAL,NYJ,38,31,255.0,2,0.0,10.077872,166.0,161.0,16.0,1.5361446,0.2527841,1.0,7.0
00-0033077,Dak Prescott,2023,3,DAL,ARI,40,25,249.0,1,1.0,-3.6596148,206.0,144.0,11.0,1.2087379,0.018888943,2.0,18.0
00-0033077,Dak Prescott,2023,4,DAL,NE,34,28,261.0,1,0.0,3.933241,207.0,109.0,14.0,1.2608696,0.15411057,3.0,28.0
00-0033077,Dak Prescott,2023,5,DAL,SF,24,14,153.0,1,3.0,-12.188786,304.0,75.0,5.0,0.50328946,0.011722849,3.0,13.0
00-0033077,Dak Prescott,2023,6,DAL,LAC,30,21,272.0,1,0.0,6.7781825,265.0,125.0,12.0,1.0264151,0.13485731,5.0,26.0
00-0033077,Dak Prescott,2023,8,DAL,LA,31,25,304.0,4,1.0,11.593556,269.0,126.0,16.0,1.1301116,0.2691637,3.0,22.0
00-0033077,Dak Prescott,2023,9,DAL,PHI,44,29,374.0,3,0.0,12.918436,420.0,126.0,19.0,0.89047617,0.19559443,5.0,41.0
00-0033077,Dak Prescott,2023,10,DAL,NYG,35,26,404.0,4,1.0,16.128326,383.0,117.0,16.0,1.0548303,0.31259114,0.0,-0.0
00-0033077,Dak Prescott,2023,11,DAL,CAR,38,25,189.0,2,0.0,7.6395617,209.0,83.0,10.0,0.90430623,0.15150884,0.0,-0.0
00-0033077,Dak Prescott,2023,12,DAL,WAS,32,22,331.0,4,0.0,18.19224,470.0,80.0,15.0,0.70425534,0.26897305,0.0,-0.0
00-0033077,Dak Prescott,2023,13,DAL,SEA,41,29,299.0,3,0.0,13.770497,239.0,130.0,19.0,1.2510461,0.19349214,4.0,24.0
00-0033077,Dak Prescott,2023,14,DAL,PHI,39,24,271.0,2,0.0,-0.054984305,266.0,142.0,13.0,1.018797,0.06812488,3.0,15.0
00-0033077,Dak Prescott,2023,15,DAL,BUF,34,21,134.0,0,1.0,-12.449003,256.0,52.0,6.0,0.5234375,0.0015780542,3.0,28.0
00-0033077,Dak Prescott,2023,16,DAL,MIA,32,20,253.0,2,0.0,8.432479,177.0,112.0,9.0,1.4293785,0.12072851,4.0,11.0
00-0033077,Dak Prescott,2023,17,DAL,DET,38,26,345.0,2,1.0,11.299153,394.0,160.0,12.0,0.8756345,0.1900095,3.0,22.0
00-0033077,Dak Prescott,2023,18,DAL,WAS,36,31,279.0,4,1.0,22.099422,187.0,150.0,21.0,1.4919786,0.3381117,0.0,-0.0
00-0033077,Dak Prescott,2023,19,DAL,GB,60,41,403.0,3,2.0,-3.3696032,522.0,151.0,25.0,0.77203065,0.10546937,4.0,16.0
00-0033106,Jared Goff,2023,1,DET,KC,35,22,253.0,1,0.0,6.543757,238.0,109.0,11.0,1.0630252,0.09554566,1.0,3.0
00-0033106,Jared Goff,2023,2,DET,SEA,35,28,323.0,3,1.0,8.152202,290.0,111.0,17.0,1.1137931,0.2338361,2.0,7.0
00-0033106,Jared Goff,2023,3,DET,ATL,33,22,243.0,1,1.0,2.72069,272.0,66.0,11.0,0.8933824,0.10485839,0.0,-0.0
00-0033106,Jared Goff,2023,4,DET,GB,28,19,210.0,1,1.0,2.4591234,180.0,96.0,11.0,1.1666666,0.09015599,2.0,20.0
00-0033106,Jared Goff,2023,5,DET,CAR,28,20,236.0,3,0.0,5.771698,159.0,121.0,11.0,1.4842768,0.13909887,2.0,18.0
00-0033106,Jared Goff,2023,6,DET,TB,44,30,353.0,2,0.0,17.925804,270.0,172.0,16.0,1.3074074,0.20126764,3.0,13.0
00-0033106,Jared Goff,2023,7,DET,BAL,53,33,284.0,0,1.0,-12.379357,341.0,141.0,13.0,0.83284456,0.016896827,5.0,31.0
00-0033106,Jared Goff,2023,8,DET,LV,37,26,272.0,1,1.0,2.3991141,171.0,176.0,17.0,1.5906433,0.17584822,0.0,-0.0
00-0033106,Jared Goff,2023,10,DET,LAC,33,23,333.0,2,0.0,14.82673,245.0,174.0,13.0,1.3591837,0.20246045,0.0,-0.0
00-0033106,Jared Goff,2023,11,DET,CHI,35,23,236.0,2,3.0,-2.1450546,245.0,94.0,14.0,0.9632653,0.049058292,2.0,13.0
00-0033106,Jared Goff,2023,12,DET,GB,44,29,332.0,2,0.0,-5.440493,318.0,151.0,17.0,1.0440252,0.030844852,3.0,8.0
00-0033106,Jared Goff,2023,13,DET,NO,25,16,213.0,2,0.0,8.439438,179.0,101.0,9.0,1.1899441,0.15678804,1.0,8.0
00-0033106,Jared Goff,2023,14,DET,CHI,35,20,161.0,1,2.0,-6.335565,238.0,83.0,7.0,0.6764706,-0.028860858,4.0,34.0
00-0033106,Jared Goff,2023,15,DET,DEN,34,24,278.0,5,0.0,15.231728,290.0,121.0,18.0,0.95862067,0.24198657,2.0,15.0
00-0033106,Jared Goff,2023,16,DET,MIN,40,30,257.0,1,0.0,14.274304,149.0,160.0,16.0,1.7248322,0.19080901,1.0,11.0
00-0033106,Jared Goff,2023,17,DET,DAL,34,19,271.0,1,2.0,-1.6409642,224.0,99.0,13.0,1.2098215,0.020590665,1.0,7.0
00-0033106,Jared Goff,2023,18,DET,MIN,32,23,320.0,2,0.0,10.874099,255.0,172.0,13.0,1.254902,0.19278122,1.0,9.0
00-0033106,Jared Goff,2023,19,DET,LA,27,22,277.0,1,0.0,11.21838,129.0,164.0,16.0,2.147287,0.23857069,3.0,22.0
00-0033106,Jared Goff,2023,20,DET,TB,43,30,287.0,2,0.0,8.110828,255.0,154.0,18.0,1.1254902,0.10067366,2.0,10.0
00-0033106,Jared Goff,2023,21,DET,SF,41,25,273.0,1,0.0,6.998413,372.0,122.0,16.0,0.733871,0.09642505,2.0,13.0
00-0033119,Jacoby Brissett,2023,15,WAS,LA,10,8,124.0,2,0.0,9.42799,110.0,20.0,5.0,1.1272727,0.46859068,0.0,-0.0
00-0033119,Jacoby Brissett,2023,16,WAS,NYJ,13,10,100.0,1,0.0,6.9477444,68.0,50.0,5.0,1.4705882,0.32089874,0.0,-0.0
00-0033275,P.J. Walker,2023,6,CLE,SF,34,18,192.0,0,2.0,-14.264403,238.0,118.0,6.0,0.8067227,-0.033718016,2.0,18.0
00-0033275,P.J. Walker,2023,7,CLE,IND,32,15,178.0,0,1.0,-3.330077,251.0,94.0,9.0,0.70916337,-0.07882099,2.0,17.0
00-0033275,P.J. Walker,2023,8,CLE,SEA,31,15,248.0,1,2.0,-5.6883407,283.0,160.0,10.0,0.8763251,0.035068158,3.0,27.0
00-0033275,P.J. Walker,2023,10,CLE,BAL,1,0,0.0,0,0.0,-0.27942556,36.0,0.0,0.0,0.0,,0.0,-0.0
00-0033275,P.J. Walker,2023,12,CLE,DEN,13,6,56.0,0,0.0,-11.402487,94.0,26.0,2.0,0.59574467,-0.06808776,4.0,28.0
00-0033319,Nick Mullens,2023,14,MIN,LV,13,9,83.0,0,0.0,1.6778486,97.0,26.0,4.0,0.8556701,0.12417009,0.0,-0.0
00-0033319,Nick Mullens,2023,15,MIN,CIN,33,26,303.0,2,2.0,11.740159,215.0,137.0,16.0,1.4093024,0.20418723,3.0,22.0
00-0033319,Nick Mullens,2023,16,MIN,DET,36,22,411.0,2,4.0,5.6913214,527.0,110.0,15.0,0.7798861,0.1376131,4.0,38.0
00-0033319,Nick Mullens,2023,17,MIN,GB,22,13,113.0,1,0.0,-4.1967072,141.0,63.0,7.0,0.8014184,-0.010564317,1.0,8.0
00-0033319,Nick Mullens,2023,18,MIN,DET,44,30,396.0,2,2.0,-2.6157525,400.0,141.0,15.0,0.99,0.09213374,4.0,37.0
00-0033357,Taysom Hill,2023,2,NO,CAR,1,1,8.0,0,0.0,0.5803323,5.0,3.0,0.0,1.6,,0.0,-0.0
00-0033357,Taysom Hill,2023,4,NO,TB,1,1,13.0,0,0.0,-0.3197493,8.0,5.0,1.0,1.625,,1.0,3.0
00-0033357,Taysom Hill,2023,6,NO,HOU,1,1,4.0,0,0.0,0.08685685,4.0,0.0,0.0,1.0,,0.0,-0.0
00-0033357,Taysom Hill,2023,8,NO,IND,2,1,44.0,0,0.0,2.5955791,49.0,0.0,1.0,0.8979592,,0.0,-0.0
00-0033357,Taysom Hill,2023,9,NO,CHI,1,1,3.0,1,0.0,0.8065087,3.0,0.0,1.0,1.0,,0.0,-0.0
00-0033357,Taysom Hill,2023,13,NO,DET,2,0,0.0,0,0.0,-1.4256791,52.0,0.0,0.0,0.0,,0.0,-0.0
00-0033357,Taysom Hill,2023,15,NO,NYG,1,0,0.0,0,0.0,-0.5991178,7.0,0.0,0.0,0.0,,0.0,-0.0
00-0033357,Taysom Hill,2023,17,NO,TB,2,1,11.0,0,0.0,0.49068567,-2.0,10.0,1.0,0.0,,0.0,-0.0
00-0033537,Deshaun Watson,2023,1,CLE,CIN,29,16,154.0,1,1.0,-10.871305,329.0,62.0,9.0,0.4680851,-0.012403362,3.0,10.0
00-0033537,Deshaun Watson,2023,2,CLE,PIT,40,22,235.0,1,1.0,-15.953177,395.0,99.0,12.0,0.5949367,-0.012454494,6.0,25.0
00-0033537,Deshaun Watson,2023,3,CLE,TEN,33,27,289.0,2,0.0,12.508117,272.0,106.0,12.0,1.0625,0.32380325,3.0,26.0
00-0033537,Deshaun Watson,2023,7,CLE,IND,5,1,5.0,0,1.0,-5.875724,52.0,0.0,0.0,0.09615385,-0.16389282,0.0,-0.0
00-0033537,Deshaun Watson,2023,9,CLE,ARI,30,19,219.0,2,0.0,1.4342773,211.0,120.0,9.0,1.0379146,0.077548906,1.0,6.0
00-0033537,Deshaun Watson,2023,10,CLE,BAL,34,20,213.0,1,1.0,-0.19234842,334.0,112.0,10.0,0.6377246,0.089029774,4.0,18.0
00-0033557,Jalen Reeves-Maybin,2023,17,DET,DAL,1,1,31.0,0,0.0,4.1430035,22.0,9.0,1.0,1.4090909,,0.0,-0.0
00-0033662,Cooper Rush,2023,1,DAL,NYG,1,0,0.0,0,0.0,-2.601654,20.0,0.0,0.0,0.0,,0.0,-0.0
00-0033662,Cooper Rush,2023,4,DAL,NE,2,2,20.0,0,0.0,1.576988,20.0,0.0,1.0,1.0,,0.0,-0.0
00-0033662,Cooper Rush,2023,5,DAL,SF,2,2,8.0,0,0.0,-1.4217073,1.0,7.0,0.0,8.0,,1.0,8.0
00-0033662,Cooper Rush,2023,8,DAL,LA,3,2,3.0,0,0.0,-2.3172529,24.0,10.0,0.0,0.125,,0.0,-0.0
00-0033662,Cooper Rush,2023,10,DAL,NYG,9,7,68.0,0,1.0,-0.29045117,76.0,34.0,3.0,0.8947368,0.13267693,0.0,-0.0
00-0033662,Cooper Rush,2023,11,DAL,CAR,3,2,15.0,0,0.0,-1.0920929,48.0,3.0,1.0,0.3125,,0.0,-0.0
00-0033662,Cooper Rush,2023,18,DAL,WAS,4,3,30.0,0,0.0,0.90622246,26.0,26.0,2.0,1.1538461,,0.0,-0.0
00-0033858,Jonnu Smith,2023,8,ATL,TEN,1,0,0.0,0,0.0,-0.86183035,7.0,0.0,0.0,0.0,,0.0,-0.0
00-0033869,Mitchell Trubisky,2023,4,PIT,HOU,5,3,18.0,0,0.0,-1.1255575,28.0,12.0,1.0,0.64285713,-0.059128746,0.0,-0.0
00-0033869,Mitchell Trubisky,2023,8,PIT,JAX,27,15,138.0,1,2.0,-7.6417146,250.0,82.0,8.0,0.552,-0.016012186,2.0,15.0
00-0033869,Mitchell Trubisky,2023,13,PIT,ARI,17,11,117.0,1,0.0,8.028603,177.0,22.0,8.0,0.66101694,0.13046022,0.0,-0.0
00-0033869,Mitchell Trubisky,2023,14,PIT,NE,35,22,190.0,1,1.0,-16.507744,282.0,109.0,10.0,0.67375886,0.009567722,2.0,8.0
00-0033869,Mitchell Trubisky,2023,15,PIT,IND,23,16,169.0,1,2.0,-2.4031188,246.0,49.0,9.0,0.6869919,0.043903098,3.0,19.0
00-0033873,Patrick Mahomes,2023,1,KC,DET,39,21,226.0,2,1.0,-6.453613,354.0,113.0,10.0,0.6384181,0.024096878,0.0,-0.0
00-0033873,Patrick Mahomes,2023,2,KC,JAX,41,29,305.0,2,1.0,10.558776,274.0,179.0,12.0,1.1131387,0.15627521,1.0,7.0
00-0033873,Patrick Mahomes,2023,3,KC,CHI,33,24,272.0,3,0.0,20.91733,223.0,117.0,14.0,1.219731,0.28579056,0.0,-0.0
00-0033873,Patrick Mahomes,2023,4,KC,NYJ,30,18,203.0,1,2.0,0.63265085,195.0,139.0,9.0,1.0410256,0.092659466,1.0,6.0
00-0033873,Patrick Mahomes,2023,5,KC,MIN,41,31,281.0,2,0.0,14.760243,241.0,148.0,15.0,1.1659751,0.2521788,2.0,15.0
00-0033873,Patrick Mahomes,2023,6,KC,DEN,40,30,306.0,1,1.0,4.571162,158.0,208.0,14.0,1.9367088,0.14591402,2.0,13.0
00-0033873,Patrick Mahomes,2023,7,KC,LAC,42,32,424.0,4,1.0,22.319954,343.0,238.0,21.0,1.2361516,0.3114454,1.0,9.0
00-0033873,Patrick Mahomes,2023,8,KC,DEN,38,24,240.0,0,2.0,-10.966319,277.0,154.0,12.0,0.866426,0.0009814473,3.0,28.0
00-0033873,Patrick Mahomes,2023,9,KC,MIA,30,20,185.0,2,0.0,1.3612226,167.0,116.0,11.0,1.1077844,0.058433443,2.0,11.0
00-0033873,Patrick Mahomes,2023,11,KC,PHI,43,24,177.0,2,1.0,-8.025477,383.0,72.0,10.0,0.46214098,0.0133955,1.0,9.0
00-0033873,Patrick Mahomes,2023,12,KC,LV,34,27,298.0,2,0.0,12.587396,167.0,204.0,17.0,1.7844311,0.2055488,1.0,7.0
00-0033873,Patrick Mahomes,2023,13,KC,GB,33,21,210.0,1,1.0,3.9477346,286.0,132.0,13.0,0.73426574,0.08505048,3.0,21.0
00-0033873,Patrick Mahomes,2023,14,KC,BUF,43,25,271.0,1,1.0,-2.9969492,285.0,158.0,14.0,0.9508772,0.013388149,1.0,7.0
00-0033873,Patrick Mahomes,2023,15,KC,NE,37,27,305.0,2,2.0,2.1093786,214.0,207.0,14.0,1.4252336,0.13433583,3.0,26.0
00-0033873,Patrick Mahomes,2023,16,KC,LV,44,27,235.0,1,1.0,-14.331735,159.0,206.0,10.0,1.4779874,0.029476238,4.0,23.0
00-0033873,Patrick Mahomes,2023,17,KC,CIN,29,21,245.0,1,0.0,-0.030240402,147.0,164.0,10.0,1.6666666,0.096760966,2.0,4.0
00-0033873,Patrick Mahomes,2023,19,KC,MIA,41,23,262.0,1,0.0,8.0684,295.0,133.0,14.0,0.8881356,0.17056559,0.0,-0.0
00-0033873,Patrick Mahomes,2023,20,KC,BUF,23,17,215.0,2,0.0,14.063692,165.0,100.0,12.0,1.3030303,0.33707255,0.0,-0.0
00-0033873,Patrick Mahomes,2023,21,KC,BAL,39,30,241.0,1,0.0,7.7833505,233.0,119.0,12.0,1.0343348,0.19263099,2.0,11.0
00-0033873,Patrick Mahomes,2023,22,KC,SF,46,34,333.0,2,1.0,6.061147,280.0,184.0,15.0,1.1892858,0.14492613,3.0,8.0
00-0033921,Chris Godwin,2023,4,TB,NO,1,0,0.0,0,0.0,-0.71117306,18.0,0.0,0.0,0.0,,0.0,-0.0
00-0033936,C.J. Beathard,2023,3,JAX,HOU,2,2,9.0,0,0.0,0.42687327,7.0,2.0,1.0,1.2857143,,0.0,-0.0
00-0033936,C.J. Beathard,2023,10,JAX,SF,2,1,5.0,0,0.0,-1.0978969,11.0,0.0,0.0,0.45454547,,0.0,-0.0
00-0033936,C.J. Beathard,2023,13,JAX,CIN,10,9,63.0,0,0.0,0.9100369,70.0,42.0,3.0,0.9,0.15435082,2.0,2.0
00-0033936,C.J. Beathard,2023,16,JAX,TB,15,11,94.0,1,0.0,0.15062478,98.0,34.0,6.0,0.9591837,0.153299,1.0,9.0
00-0033936,C.J. Beathard,2023,17,JAX,CAR,24,17,178.0,0,0.0,5.1910768,153.0,72.0,9.0,1.1633987,0.19822618,3.0,16.0
00-0033949,Joshua Dobbs,2023,1,ARI,WAS,30,21,132.0,0,0.0,-9.239668,186.0,63.0,9.0,0.7096774,0.047819942,3.0,18.0
00-0033949,Joshua Dobbs,2023,2,ARI,NYG,31,21,228.0,1,0.0,7.4308853,309.0,86.0,11.0,0.7378641,0.20246018,0.0,-0.0
00-0033949,Joshua Dobbs,2023,3,ARI,DAL,21,17,189.0,1,0.0,4.5606313,131.0,106.0,8.0,1.4427481,0.21377176,2.0,11.0
00-0033949,Joshua Dobbs,2023,4,ARI,SF,41,28,265.0,2,0.0,3.898311,339.0,79.0,13.0,0.7817109,0.12815356,1.0,8.0
00-0033949,Joshua Dobbs,2023,5,ARI,CIN,32,15,166.0,2,2.0,-15.651534,312.0,84.0,10.0,0.53205127,-0.04340136,3.0,14.0
00-0033949,Joshua Dobbs,2023,6,ARI,LA,41,21,235.0,0,1.0,-17.462166,426.0,97.0,12.0,0.5516432,-0.02693667,2.0,20.0
00-0033949,Joshua Dobbs,2023,7,ARI,SEA,33,19,146.0,0,0.0,-12.358148,232.0,60.0,7.0,0.62931037,-0.034867197,4.0,28.0
00-0033949,Joshua Dobbs,2023,8,ARI,BAL,37,25,208.0,2,2.0,-8.7447195,263.0,74.0,12.0,0.79087454,0.044392552,2.0,27.0
00-0033949,Joshua Dobbs,2023,9,MIN,ATL,30,20,158.0,2,0.0,-4.9695754,198.0,66.0,10.0,0.7979798,0.11524374,3.0,12.0
00-0033949,Joshua Dobbs,2023,10,MIN,NO,34,23,268.0,1,0.0,8.314626,267.0,111.0,12.0,1.0037453,0.16848844,1.0,5.0
00-0033949,Joshua Dobbs,2023,11,MIN,DEN,32,20,221.0,1,1.0,1.0614778,234.0,93.0,9.0,0.9444444,0.07548673,2.0,11.0
00-0033949,Joshua Dobbs,2023,12,MIN,CHI,32,22,185.0,1,4.0,-23.790539,261.0,63.0,8.0,0.70881224,0.050199706,2.0,16.0
00-0033949,Joshua Dobbs,2023,14,MIN,LV,23,10,63.0,0,0.0,-13.799239,162.0,21.0,5.0,0.3888889,-0.08785291,5.0,47.0
00-0034177,Tim Boyle,2023,11,NYJ,BUF,14,7,33.0,0,1.0,-7.6435857,91.0,14.0,1.0,0.36263737,-0.07155581,1.0,10.0
00-0034177,Tim Boyle,2023,12,NYJ,MIA,38,27,179.0,1,2.0,-18.667585,168.0,112.0,9.0,1.0654762,0.03440033,7.0,49.0
00-0034177,Tim Boyle,2023,13,NYJ,ATL,25,14,148.0,0,1.0,-4.6764073,218.0,64.0,6.0,0.6788991,-0.015808348,1.0,5.0
00-0034401,Mike White,2023,3,MIA,DEN,2,2,67.0,1,0.0,4.690234,35.0,32.0,1.0,1.9142857,,0.0,-0.0
00-0034401,Mike White,2023,6,MIA,CAR,1,0,0.0,0,1.0,-8.976948,0.0,0.0,0.0,,,0.0,-0.0
00-0034401,Mike White,2023,13,MIA,WAS,1,1,3.0,0,0.0,-1.0640874,-4.0,7.0,0.0,0.0,,0.0,-0.0
00-0034401,Mike White,2023,15,MIA,NYJ,2,2,4.0,0,0.0,-1.8901006,-8.0,12.0,0.0,0.0,,0.0,-0.0
00-0034437,Logan Cooke,2023,7,JAX,NO,1,1,13.0,0,0.0,2.564376,4.0,9.0,1.0,3.25,,0.0,-0.0
00-0034438,Logan Woodside,2023,18,ATL,NO,4,3,27.0,0,1.0,-10.079576,6.0,29.0,3.0,4.5,,1.0,7.0
00-0034771,Mason Rudolph,2023,15,PIT,IND,3,2,3.0,0,0.0,-5.6805058,15.0,1.0,0.0,0.2,,1.0,11.0
00-0034771,Mason Rudolph,2023,16,PIT,CIN,27,17,290.0,2,0.0,8.33516,249.0,179.0,7.0,1.1646587,0.17956609,1.0,6.0
00-0034771,Mason Rudolph,2023,17,PIT,SEA,24,18,274.0,0,0.0,11.09758,182.0,119.0,11.0,1.5054945,0.3090493,1.0,8.0
00-0034771,Mason Rudolph,2023,18,PIT,BAL,20,18,152.0,1,0.0,0.57304084,72.0,127.0,8.0,2.1111112,0.120196216,3.0,18.0
00-0034771,Mason Rudolph,2023,19,PIT,BUF,39,22,229.0,2,1.0,-1.1409876,282.0,99.0,14.0,0.8120567,0.026757503,1.0,11.0
00-0034775,Christian Kirk,2023,2,JAX,KC,1,1,-1.0,0,0.0,-1.2398807,-1.0,0.0,0.0,0.0,,0.0,-0.0
00-0034775,Christian Kirk,2023,10,JAX,SF,1,0,0.0,0,0.0,-0.5167165,26.0,0.0,0.0,0.0,,0.0,-0.0
00-0034796,Lamar Jackson,2023,1,BAL,HOU,22,17,169.0,0,1.0,-4.415663,102.0,84.0,8.0,1.6568627,0.09615595,4.0,14.0
00-0034796,Lamar Jackson,2023,2,BAL,CIN,33,24,237.0,2,0.0,12.392854,300.0,78.0,12.0,0.79,0.17210026,0.0,-0.0
00-0034796,Lamar Jackson,2023,3,BAL,IND,31,22,202.0,0,0.0,-7.251347,199.0,92.0,7.0,1.0150753,0.07012126,4.0,24.0
00-0034796,Lamar Jackson,2023,4,BAL,CLE,19,15,186.0,2,0.0,6.872493,120.0,85.0,8.0,1.55,0.20100193,3.0,21.0
00-0034796,Lamar Jackson,2023,5,BAL,PIT,38,22,236.0,0,1.0,-13.225237,422.0,68.0,11.0,0.5592417,0.0074301795,4.0,26.0
00-0034796,Lamar Jackson,2023,6,BAL,TEN,30,21,223.0,1,1.0,5.846638,227.0,123.0,9.0,0.98237884,0.13855729,1.0,2.0
00-0034796,Lamar Jackson,2023,7,BAL,DET,27,21,357.0,3,0.0,25.262836,221.0,195.0,15.0,1.6153846,0.30586916,0.0,-0.0
00-0034796,Lamar Jackson,2023,8,BAL,ARI,27,18,157.0,1,0.0,-4.98437,160.0,85.0,8.0,0.98125,0.029383933,4.0,19.0
00-0034796,Lamar Jackson,2023,9,BAL,SEA,26,21,187.0,0,0.0,-3.1819174,234.0,69.0,8.0,0.7991453,0.14550714,1.0,8.0
00-0034796,Lamar Jackson,2023,10,BAL,CLE,23,13,223.0,1,2.0,-5.893444,240.0,116.0,9.0,0.9291667,0.039433826,3.0,23.0
00-0034796,Lamar Jackson,2023,11,BAL,CIN,26,16,264.0,2,0.0,8.243132,305.0,150.0,9.0,0.86557376,0.1830657,3.0,16.0
00-0034796,Lamar Jackson,2023,12,BAL,LAC,32,18,177.0,1,0.0,-3.5584433,170.0,120.0,9.0,1.0411764,-0.046113163,2.0,13.0
00-0034796,Lamar Jackson,2023,14,BAL,LA,43,24,316.0,3,1.0,11.559826,546.0,107.0,17.0,0.5787546,0.134411,2.0,6.0
00-0034796,Lamar Jackson,2023,15,BAL,JAX,24,14,171.0,1,1.0,-3.5650446,193.0,72.0,9.0,0.88601035,0.0912026,3.0,26.0
00-0034796,Lamar Jackson,2023,16,BAL,SF,35,23,252.0,2,0.0,4.920349,171.0,148.0,14.0,1.4736842,0.10212468,2.0,11.0
00-0034796,Lamar Jackson,2023,17,BAL,MIA,21,18,321.0,5,0.0,28.995928,230.0,157.0,14.0,1.3956522,0.47604644,1.0,9.0
00-0034796,Lamar Jackson,2023,20,BAL,HOU,22,16,152.0,2,0.0,3.8987596,166.0,38.0,10.0,0.91566265,0.25801396,3.0,29.0
00-0034796,Lamar Jackson,2023,21,BAL,KC,37,20,272.0,1,1.0,-5.0304446,344.0,133.0,11.0,0.7906977,0.005012921,4.0,17.0
00-0034855,Baker Mayfield,2023,1,TB,MIN,34,21,173.0,2,0.0,0.9109713,252.0,83.0,9.0,0.68650794,0.041752663,1.0,4.0
00-0034855,Baker Mayfield,2023,2,TB,CHI,34,26,317.0,1,0.0,13.258485,252.0,145.0,10.0,1.2579365,0.25309035,0.0,-0.0
00-0034855,Baker Mayfield,2023,3,TB,PHI,25,15,146.0,1,1.0,0.56108224,264.0,56.0,10.0,0.5530303,0.037886657,2.0,13.0
00-0034855,Baker Mayfield,2023,4,TB,NO,32,25,246.0,3,1.0,8.848396,171.0,132.0,13.0,1.4385965,0.2455581,1.0,7.0
00-0034855,Baker Mayfield,2023,6,TB,DET,37,19,206.0,0,1.0,-8.300112,443.0,62.0,12.0,0.4650113,-0.0307707,1.0,1.0
00-0034855,Baker Mayfield,2023,7,TB,ATL,42,27,275.0,1,1.0,0.57518584,318.0,154.0,13.0,0.8647799,0.0977178,3.0,19.0
00-0034855,Baker Mayfield,2023,8,TB,BUF,42,25,237.0,2,0.0,-1.0801538,306.0,133.0,10.0,0.7745098,0.076233305,3.0,13.0
00-0034855,Baker Mayfield,2023,9,TB,HOU,30,21,265.0,2,0.0,10.579215,264.0,114.0,10.0,1.0037879,0.17739995,2.0,14.0
00-0034855,Baker Mayfield,2023,10,TB,TEN,29,18,278.0,2,1.0,7.865438,349.0,118.0,12.0,0.7965616,0.15881158,3.0,15.0
00-0034855,Baker Mayfield,2023,11,TB,SF,45,29,246.0,1,1.0,-9.188732,407.0,125.0,14.0,0.6044226,0.04025212,4.0,25.0
00-0034855,Baker Mayfield,2023,12,TB,IND,30,20,199.0,2,1.0,-7.509872,203.0,89.0,9.0,0.98029554,0.02385215,6.0,26.0
00-0034855,Baker Mayfield,2023,13,TB,CAR,29,14,202.0,1,1.0,-3.7011342,314.0,106.0,7.0,0.6433121,-0.037773345,1.0,8.0
00-0034855,Baker Mayfield,2023,14,TB,ATL,29,14,144.0,2,0.0,2.4492407,283.0,101.0,8.0,0.50883394,-0.024500366,1.0,2.0
00-0034855,Baker Mayfield,2023,15,TB,GB,28,22,381.0,4,0.0,23.4666,253.0,182.0,18.0,1.5059289,0.36671287,5.0,28.0
00-0034855,Baker Mayfield,2023,16,TB,JAX,35,26,283.0,2,0.0,12.94309,229.0,95.0,17.0,1.2358079,0.23493665,2.0,18.0
00-0034855,Baker Mayfield,2023,17,TB,NO,33,22,309.0,2,2.0,6.9797373,286.0,147.0,10.0,1.0804195,0.15009302,2.0,17.0
00-0034855,Baker Mayfield,2023,18,TB,CAR,32,20,137.0,0,0.0,-7.99126,250.0,85.0,6.0,0.548,0.0047021736,3.0,22.0
00-0034855,Baker Mayfield,2023,19,TB,PHI,36,22,337.0,3,0.0,11.523506,321.0,203.0,13.0,1.0498443,0.13841012,4.0,30.0
00-0034855,Baker Mayfield,2023,20,TB,DET,41,26,349.0,3,2.0,4.810917,328.0,142.0,18.0,1.0640244,0.055974115,4.0,30.0
00-0034857,Josh Allen,2023,1,BUF,NYJ,41,29,236.0,1,3.0,-1.409397,338.0,132.0,11.0,0.69822484,0.072300345,5.0,19.0
00-0034857,Josh Allen,2023,2,BUF,LV,37,31,274.0,3,0.0,13.2176075,171.0,153.0,17.0,1.6023391,0.27923167,2.0,7.0
00-0034857,Josh Allen,2023,3,BUF,WAS,32,20,218.0,1,1.0,5.2110405,306.0,77.0,10.0,0.7124183,0.116646774,0.0,-0.0
00-0034857,Josh Allen,2023,4,BUF,MIA,25,21,320.0,4,0.0,22.197313,205.0,163.0,14.0,1.5609756,0.4195037,2.0,10.0
00-0034857,Josh Allen,2023,5,BUF,JAX,40,27,359.0,2,1.0,14.9453125,443.0,70.0,13.0,0.81038374,0.224971,0.0,-0.0
00-0034857,Josh Allen,2023,6,BUF,NYG,30,19,169.0,2,1.0,1.2013992,264.0,68.0,12.0,0.6401515,0.06949539,0.0,-0.0
00-0034857,Josh Allen,2023,7,BUF,NE,41,27,265.0,2,1.0,8.579465,449.0,123.0,14.0,0.5902004,0.17331159,1.0,7.0
00-0034857,Josh Allen,2023,8,BUF,TB,40,31,324.0,2,1.0,1.8202115,239.0,154.0,16.0,1.3556485,0.15920609,2.0,12.0
00-0034857,Josh Allen,2023,9,BUF,CIN,38,26,258.0,1,1.0,3.596652,300.0,141.0,11.0,0.86,0.1730674,1.0,9.0
00-0034857,Josh Allen,2023,10,BUF,DEN,26,15,177.0,1,2.0,-5.041388,226.0,83.0,6.0,0.78318584,0.00079316675,0.0,-0.0
00-0034857,Josh Allen,2023,11,BUF,NYJ,32,20,275.0,3,1.0,12.000879,228.0,190.0,10.0,1.2061404,0.14502096,1.0,12.0
00-0034857,Josh Allen,2023,12,BUF,PHI,51,29,339.0,2,1.0,7.660535,407.0,145.0,15.0,0.8329238,0.15100609,1.0,7.0
00-0034857,Josh Allen,2023,14,BUF,KC,42,23,233.0,1,1.0,-2.008859,347.0,147.0,12.0,0.67146975,0.0313774,3.0,24.0
00-0034857,Josh Allen,2023,15,BUF,DAL,15,7,94.0,1,0.0,-0.4609957,118.0,47.0,5.0,0.7966102,0.084511295,1.0,9.0
00-0034857,Josh Allen,2023,16,BUF,LAC,21,15,237.0,1,1.0,10.033301,277.0,83.0,11.0,0.85559565,0.19324547,1.0,7.0
00-0034857,Josh Allen,2023,17,BUF,NE,30,15,169.0,0,1.0,-4.9450984,336.0,61.0,8.0,0.5029762,0.011883221,1.0,15.0
00-0034857,Josh Allen,2023,18,BUF,MIA,38,30,359.0,2,2.0,3.935818,368.0,136.0,14.0,0.9755435,0.19734405,3.0,14.0
00-0034857,Josh Allen,2023,19,BUF,PIT,30,21,203.0,3,0.0,3.6855383,194.0,115.0,11.0,1.0463917,0.16627307,2.0,14.0
00-0034857,Josh Allen,2023,20,BUF,KC,39,26,186.0,1,0.0,5.781412,243.0,167.0,12.0,0.7654321,0.14233483,0.0,-0.0
00-0034869,Sam Darnold,2023,5,SF,DAL,1,1,1.0,0,0.0,-1.0555693,-1.0,2.0,0.0,0.0,,0.0,-0.0
00-0034869,Sam Darnold,2023,10,SF,JAX,2,1,6.0,0,0.0,-2.416892,0.0,10.0,0.0,0.0,,0.0,-0.0
00-0034869,Sam Darnold,2023,15,SF,ARI,3,2,20.0,0,0.0,0.042606924,20.0,21.0,1.0,1.0,,0.0,-0.0
00-0034869,Sam Darnold,2023,16,SF,BAL,14,8,81.0,1,1.0,-0.6477613,100.0,34.0,4.0,0.81,0.073279575,2.0,20.0
00-0034869,Sam Darnold,2023,18,SF,LA,26,16,189.0,1,0.0,5.523996,252.0,88.0,10.0,0.75,0.113747805,3.0,14.0
00-0034955,Brett Rypien,2023,8,LA,DAL,10,5,42.0,0,0.0,-5.1294413,53.0,36.0,2.0,0.7924528,-0.085724816,1.0,7.0
00-0034955,Brett Rypien,2023,9,LA,GB,28,13,130.0,0,1.0,-14.59585,262.0,48.0,6.0,0.49618322,-0.06738979,1.0,11.0
00-0034960,Jakobi Meyers,2023,12,LV,KC,1,0,0.0,0,0.0,-0.8259646,0.0,0.0,0.0,,,0.0,-0.0
00-0034960,Jakobi Meyers,2023,15,LV,LAC,2,2,12.0,1,0.0,1.6937965,12.0,0.0,1.0,1.0,,0.0,-0.0
00-0035100,Jake Browning,2023,1,CIN,CLE,1,0,0.0,0,0.0,-1.2470291,15.0,0.0,0.0,0.0,,0.0,-0.0
00-0035100,Jake Browning,2023,11,CIN,BAL,14,8,68.0,1,0.0,-5.374978,148.0,27.0,5.0,0.45945945,0.033624336,3.0,19.0
00-0035100,Jake Browning,2023,12,CIN,PIT,26,19,227.0,1,1.0,-2.74791,132.0,128.0,9.0,1.719697,0.036549717,4.0,30.0
00-0035100,Jake Browning,2023,13,CIN,JAX,37,32,354.0,1,0.0,19.505068,166.0,204.0,17.0,2.1325302,0.3392488,2.0,12.0
00-0035100,Jake Browning,2023,14,CIN,IND,24,18,275.0,2,1.0,7.9796057,108.0,205.0,11.0,2.5462964,0.21711175,0.0,-0.0
00-0035100,Jake Browning,2023,15,CIN,MIN,42,29,324.0,2,1.0,10.253094,377.0,160.0,17.0,0.8594164,0.13171732,4.0,22.0
00-0035100,Jake Browning,2023,16,CIN,PIT,42,28,335.0,1,3.0,-8.63925,247.0,194.0,13.0,1.3562753,0.02411272,3.0,26.0
00-0035100,Jake Browning,2023,17,CIN,KC,33,19,197.0,1,0.0,0.06725447,256.0,112.0,11.0,0.76953125,0.09573444,6.0,38.0
00-0035100,Jake Browning,2023,18,CIN,CLE,24,18,156.0,3,1.0,2.503223,105.0,79.0,10.0,1.4857143,0.122305155,2.0,22.0
00-0035228,Kyler Murray,2023,10,ARI,ATL,32,19,249.0,0,1.0,-5.5103035,333.0,114.0,11.0,0.7477477,0.0026348701,2.0,19.0
00-0035228,Kyler Murray,2023,11,ARI,HOU,30,20,214.0,1,1.0,-6.8267093,277.0,102.0,11.0,0.77256316,0.027241077,3.0,18.0
00-0035228,Kyler Murray,2023,12,ARI,LA,45,27,256.0,1,0.0,-13.31704,386.0,115.0,11.0,0.6632124,-0.0179652,4.0,37.0
00-0035228,Kyler Murray,2023,13,ARI,PIT,23,13,145.0,1,0.0,1.1446906,173.0,72.0,7.0,0.83815026,0.04646773,2.0,13.0
00-0035228,Kyler Murray,2023,15,ARI,SF,39,26,211.0,1,2.0,-6.408165,235.0,109.0,11.0,0.8978723,0.041688167,3.0,9.0
00-0035228,Kyler Murray,2023,16,ARI,CHI,38,24,230.0,2,0.0,-5.7748675,221.0,179.0,10.0,1.040724,-0.006392638,2.0,17.0
00-0035228,Kyler Murray,2023,17,ARI,PHI,31,25,232.0,3,1.0,9.116396,143.0,115.0,16.0,1.6223776,0.26747745,1.0,4.0
00-0035228,Kyler Murray,2023,18,ARI,SEA,30,22,262.0,1,0.0,14.697531,167.0,171.0,11.0,1.5688623,0.19521874,1.0,2.0
00-0035250,Devin Singletary,2023,4,HOU,PIT,1,1,6.0,1,0.0,1.8422966,6.0,0.0,1.0,1.0,,0.0,-0.0
00-0035264,Jarrett Stidham,2023,17,DEN,LAC,32,20,224.0,1,0.0,4.7002325,242.0,174.0,7.0,0.92561984,0.085568525,2.0,12.0
00-0035264,Jarrett Stidham,2023,18,DEN,LV,34,20,272.0,1,1.0,0.35318878,323.0,160.0,12.0,0.84210527,-0.0052827667,5.0,34.0
00-0035282,Easton Stick,2023,14,LAC,DEN,24,13,179.0,0,0.0,-6.7211685,214.0,48.0,8.0,0.8364486,-0.053391032,2.0,31.0
00-0035282,Easton Stick,2023,15,LAC,LV,32,23,257.0,3,1.0,-10.320502,149.0,174.0,13.0,1.7248322,0.05281056,3.0,23.0
00-0035282,Easton Stick,2023,16,LAC,BUF,33,23,215.0,0,0.0,-1.0849161,253.0,81.0,10.0,0.8498024,0.033966925,5.0,40.0
00-0035282,Easton Stick,2023,17,LAC,DEN,38,24,220.0,0,0.0,-0.69904876,280.0,97.0,10.0,0.78571427,0.047196273,1.0,5.0
00-0035282,Easton Stick,2023,18,LAC,KC,47,28,258.0,0,0.0,-15.18635,308.0,181.0,12.0,0.83766234,-0.0003478691,3.0,23.0
00-0035289,Gardner Minshew,2023,1,IND,JAX,2,0,0.0,0,0.0,-4.7546163,2.0,0.0,0.0,0.0,,0.0,-0.0
00-0035289,Gardner Minshew,2023,2,IND,HOU,23,19,171.0,1,0.0,8.9071455,120.0,76.0,9.0,1.425,0.23905966,0.0,-0.0
00-0035289,Gardner Minshew,2023,3,IND,BAL,44,27,227.0,1,0.0,-8.418345,343.0,94.0,9.0,0.6618076,0.006776414,5.0,39.0
00-0035289,Gardner Minshew,2023,5,IND,TEN,14,11,155.0,0,0.0,7.407801,74.0,97.0,7.0,2.0945945,0.2859139,0.0,-0.0
00-0035289,Gardner Minshew,2023,6,IND,JAX,55,33,329.0,1,3.0,-11.561453,394.0,178.0,14.0,0.83502537,0.0015374629,3.0,19.0
00-0035289,Gardner Minshew,2023,7,IND,CLE,23,15,305.0,2,1.0,0.73424625,209.0,171.0,11.0,1.4593302,0.13460161,4.0,17.0
00-0035289,Gardner Minshew,2023,8,IND,NO,41,23,213.0,2,1.0,-2.037972,325.0,77.0,10.0,0.6553846,-0.004712759,2.0,6.0
00-0035289,Gardner Minshew,2023,9,IND,CAR,26,17,127.0,1,0.0,-1.0497175,93.0,75.0,7.0,1.3655914,0.10830098,1.0,7.0
00-0035289,Gardner Minshew,2023,10,IND,NE,28,18,194.0,0,1.0,2.4175482,247.0,57.0,8.0,0.7854251,0.05545333,0.0,-0.0
00-0035289,Gardner Minshew,2023,12,IND,TB,41,24,251.0,0,1.0,-0.09710012,247.0,132.0,13.0,1.0161943,-0.010960082,2.0,12.0
00-0035289,Gardner Minshew,2023,13,IND,TEN,42,26,312.0,2,0.0,4.9907618,311.0,129.0,10.0,1.0032154,0.06476598,3.0,12.0
00-0035289,Gardner Minshew,2023,14,IND,CIN,39,26,240.0,1,1.0,-0.43446568,237.0,110.0,14.0,1.0126582,0.027301371,3.0,14.0
00-0035289,Gardner Minshew,2023,15,IND,PIT,28,18,215.0,3,0.0,-0.6965998,213.0,111.0,8.0,1.0093896,0.050379723,3.0,13.0
00-0035289,Gardner Minshew,2023,16,IND,ATL,37,20,201.0,0,1.0,-8.0854025,370.0,73.0,14.0,0.5432432,-0.025130406,6.0,31.0
00-0035289,Gardner Minshew,2023,17,IND,LV,23,15,224.0,1,0.0,11.49222,157.0,125.0,7.0,1.4267516,0.22994727,1.0,9.0
00-0035289,Gardner Minshew,2023,18,IND,HOU,24,13,141.0,0,0.0,-4.5657573,237.0,61.0,6.0,0.5949367,-0.038084768,1.0,8.0
00-0035704,Drew Lock,2023,4,SEA,NYG,6,2,63.0,0,0.0,1.7994294,50.0,52.0,2.0,1.26,0.00278881,0.0,-0.0
00-0035704,Drew Lock,2023,11,SEA,LA,6,2,3.0,0,1.0,-5.4822874,89.0,3.0,0.0,0.033707865,-0.09047365,0.0,-0.0
00-0035704,Drew Lock,2023,14,SEA,SF,31,22,269.0,2,2.0,-0.23631251,235.0,167.0,11.0,1.1446809,0.07805515,4.0,15.0
00-0035704,Drew Lock,2023,15,SEA,PHI,33,22,208.0,1,0.0,3.2654476,247.0,83.0,7.0,0.84210527,0.11026238,2.0,11.0
00-0035710,Daniel Jones,2023,1,NYG,DAL,28,15,104.0,0,2.0,-22.69797,181.0,65.0,5.0,0.5745856,-0.037058067,7.0,47.0
00-0035710,Daniel Jones,2023,2,NYG,ARI,37,26,321.0,2,1.0,8.180348,346.0,103.0,15.0,0.92774564,0.19967656,3.0,9.0
00-0035710,Daniel Jones,2023,3,NYG,SF,32,22,137.0,0,1.0,-8.183832,190.0,59.0,6.0,0.72105265,0.028023133,2.0,16.0
00-0035710,Daniel Jones,2023,4,NYG,SEA,34,27,203.0,0,2.0,-29.01369,125.0,130.0,9.0,1.624,0.077097125,10.0,59.0
00-0035710,Daniel Jones,2023,5,NYG,MIA,20,14,119.0,0,0.0,-4.5957046,128.0,65.0,6.0,0.9296875,0.09775956,6.0,19.0
00-0035710,Daniel Jones,2023,9,NYG,LV,9,4,25.0,0,0.0,-4.1441545,126.0,18.0,2.0,0.1984127,-0.085175,2.0,17.0
00-0035719,Deebo Samuel Sr.,2023,12,SF,SEA,1,0,0.0,0,0.0,-0.44318777,11.0,0.0,0.0,0.0,,0.0,-0.0
00-0035889,Tommy Townsend,2023,16,KC,LV,1,1,11.0,0,0.0,2.4396408,11.0,0.0,1.0,1.0,,0.0,-0.0
00-0035993,Tyler Huntley,2023,7,BAL,DET,1,0,0.0,0,0.0,-0.92805433,26.0,0.0,0.0,0.0,,0.0,-0.0
00-0035993,Tyler Huntley,2023,9,BAL,SEA,7,5,38.0,1,0.0,5.1768413,34.0,25.0,3.0,1.117647,0.32097882,0.0,-0.0
00-0035993,Tyler Huntley,2023,17,BAL,MIA,1,1,19.0,1,0.0,4.225943,19.0,0.0,1.0,1.0,,0.0,-0.0
00-0035993,Tyler Huntley,2023,18,BAL,PIT,28,15,146.0,1,0.0,-4.6742754,170.0,53.0,9.0,0.85882354,-0.04761815,4.0,28.0
00-0036212,Tua Tagovailoa,2023,1,MIA,LAC,45,28,466.0,3,1.0,27.078331,495.0,162.0,23.0,0.9414141,0.21761698,0.0,-0.0
00-0036212,Tua Tagovailoa,2023,2,MIA,NE,30,21,249.0,1,1.0,11.266563,269.0,129.0,15.0,0.92565054,0.19561051,1.0,5.0
00-0036212,Tua Tagovailoa,2023,3,MIA,DEN,26,23,309.0,4,0.0,26.372211,150.0,187.0,15.0,2.06,0.43575102,0.0,-0.0
00-0036212,Tua Tagovailoa,2023,4,MIA,BUF,35,25,282.0,1,1.0,-3.484106,188.0,134.0,12.0,1.5,0.06374495,4.0,31.0
00-0036212,Tua Tagovailoa,2023,5,MIA,NYG,30,22,308.0,2,2.0,-1.8441979,123.0,235.0,14.0,2.504065,0.15998583,1.0,6.0
00-0036212,Tua Tagovailoa,2023,6,MIA,CAR,31,21,262.0,3,0.0,16.12479,274.0,124.0,14.0,0.95620435,0.22298197,0.0,-0.0
00-0036212,Tua Tagovailoa,2023,7,MIA,PHI,32,23,216.0,1,1.0,-3.84026,259.0,52.0,9.0,0.8339768,0.058931634,3.0,10.0
00-0036212,Tua Tagovailoa,2023,8,MIA,NE,45,30,324.0,3,1.0,12.581885,305.0,145.0,17.0,1.0622951,0.12326162,2.0,12.0
00-0036212,Tua Tagovailoa,2023,9,MIA,KC,34,21,193.0,1,0.0,0.5236871,281.0,73.0,11.0,0.6868327,0.024389582,3.0,18.0
00-0036212,Tua Tagovailoa,2023,11,MIA,LV,39,28,325.0,2,1.0,4.769229,295.0,146.0,12.0,1.101695,0.118938364,1.0,2.0
00-0036212,Tua Tagovailoa,2023,12,MIA,NYJ,30,21,243.0,1,2.0,4.4505644,147.0,124.0,14.0,1.6530613,0.115919754,2.0,15.0
00-0036212,Tua Tagovailoa,2023,13,MIA,WAS,24,18,280.0,2,0.0,19.677998,217.0,173.0,10.0,1.2903225,0.364063,0.0,-0.0
00-0036212,Tua Tagovailoa,2023,14,MIA,TEN,33,23,240.0,0,0.0,-7.438043,252.0,84.0,9.0,0.95238096,0.036372304,5.0,32.0
00-0036212,Tua Tagovailoa,2023,15,MIA,NYJ,24,21,224.0,1,0.0,9.22343,96.0,152.0,9.0,2.3333333,0.228162,3.0,15.0
00-0036212,Tua Tagovailoa,2023,16,MIA,DAL,37,24,293.0,1,0.0,7.2943616,362.0,96.0,16.0,0.8093923,0.12844864,1.0,9.0
00-0036212,Tua Tagovailoa,2023,17,MIA,BAL,38,22,237.0,2,2.0,-0.44193968,263.0,115.0,13.0,0.9011407,0.0065704053,3.0,16.0
00-0036212,Tua Tagovailoa,2023,18,MIA,BUF,27,17,173.0,1,2.0,1.2538412,307.0,46.0,9.0,0.5635179,0.060092933,0.0,-0.0
00-0036212,Tua Tagovailoa,2023,19,MIA,KC,39,20,199.0,1,1.0,-13.944826,289.0,90.0,8.0,0.6885813,-0.059479736,2.0,11.0
00-0036259,Jauan Jennings,2023,22,SF,KC,1,1,21.0,1,0.0,2.9465134,-5.0,26.0,1.0,0.0,,0.0,-0.0
00-0036264,Jordan Love,2023,1,GB,CHI,27,15,245.0,3,0.0,17.795654,275.0,149.0,10.0,0.8909091,0.19860496,1.0,8.0
00-0036264,Jordan Love,2023,2,GB,ATL,25,14,151.0,3,0.0,2.6311388,221.0,74.0,10.0,0.68325794,0.12255988,1.0,11.0
00-0036264,Jordan Love,2023,3,GB,NO,44,22,259.0,1,1.0,-2.9644089,522.0,77.0,13.0,0.49616858,0.035948332,1.0,14.0
00-0036264,Jordan Love,2023,4,GB,DET,36,23,246.0,1,2.0,-12.69318,343.0,49.0,9.0,0.7172012,0.045426603,5.0,43.0
00-0036264,Jordan Love,2023,5,GB,LV,30,16,182.0,0,3.0,-14.767113,239.0,131.0,7.0,0.76150626,-0.055238493,2.0,7.0
00-0036264,Jordan Love,2023,7,GB,DEN,31,21,180.0,2,1.0,7.5664806,212.0,112.0,12.0,0.8490566,0.17753369,0.0,-0.0
00-0036264,Jordan Love,2023,8,GB,MIN,41,24,229.0,1,1.0,-7.905983,372.0,121.0,14.0,0.6155914,0.0027446507,4.0,33.0
00-0036264,Jordan Love,2023,9,GB,LA,26,20,228.0,1,0.0,8.078894,173.0,104.0,10.0,1.317919,0.19987269,4.0,21.0
00-0036264,Jordan Love,2023,10,GB,PIT,40,21,289.0,2,2.0,5.1953487,395.0,90.0,13.0,0.7316456,0.06891077,1.0,6.0
00-0036264,Jordan Love,2023,11,GB,LAC,40,27,322.0,2,0.0,10.75095,263.0,192.0,16.0,1.2243346,0.15590978,3.0,27.0
00-0036264,Jordan Love,2023,12,GB,DET,32,22,268.0,3,0.0,12.759378,302.0,72.0,13.0,0.8874172,0.2138162,0.0,-0.0
00-0036264,Jordan Love,2023,13,GB,KC,36,25,267.0,3,0.0,15.392143,272.0,112.0,15.0,0.9816176,0.21256176,2.0,14.0
00-0036264,Jordan Love,2023,14,GB,NYG,39,25,218.0,1,1.0,-0.21791342,231.0,134.0,12.0,0.94372296,0.034682013,2.0,15.0
00-0036264,Jordan Love,2023,15,GB,TB,39,29,284.0,2,0.0,3.9261205,247.0,133.0,13.0,1.1497976,0.1505674,2.0,23.0
00-0036264,Jordan Love,2023,16,GB,CAR,28,17,219.0,2,0.0,11.282903,286.0,94.0,12.0,0.76573426,0.20578994,1.0,12.0
00-0036264,Jordan Love,2023,17,GB,MIN,33,24,256.0,3,0.0,14.013366,323.0,121.0,16.0,0.79256964,0.22211349,0.0,-0.0
00-0036264,Jordan Love,2023,18,GB,CHI,32,27,316.0,2,0.0,15.073805,221.0,153.0,14.0,1.4298643,0.24751873,1.0,8.0
00-0036264,Jordan Love,2023,19,GB,DAL,21,16,272.0,3,0.0,23.940233,233.0,107.0,11.0,1.167382,0.47088885,0.0,-0.0
00-0036264,Jordan Love,2023,20,GB,SF,34,21,194.0,2,2.0,-1.1879796,191.0,95.0,10.0,1.0157068,0.04110417,0.0,-0.0
00-0036313,Braden Mann,2023,14,PHI,DAL,1,1,28.0,0,0.0,4.2093267,11.0,17.0,1.0,2.5454545,,0.0,-0.0
00-0036322,Justin Jefferson,2023,15,MIN,CIN,1,0,0.0,0,0.0,-0.39332578,20.0,0.0,0.0,0.0,,0.0,-0.0
00-0036355,Justin Herbert,2023,1,LAC,MIA,33,23,229.0,1,0.0,-1.2410655,234.0,122.0,10.0,0.97863245,0.08489598,3.0,29.0
00-0036355,Justin Herbert,2023,2,LAC,TEN,41,27,305.0,2,0.0,9.264942,441.0,113.0,14.0,0.69161,0.14002915,3.0,24.0
00-0036355,Justin Herbert,2023,3,LAC,MIN,47,40,405.0,3,0.0,21.501616,319.0,196.0,21.0,1.2695925,0.27576607,1.0,9.0
00-0036355,Justin Herbert,2023,4,LAC,LV,24,13,167.0,1,1.0,-3.6766772,289.0,85.0,6.0,0.5778547,0.0048828083,2.0,17.0
00-0036355,Justin Herbert,2023,6,LAC,DAL,37,22,227.0,2,1.0,-0.2059243,256.0,131.0,12.0,0.88671875,0.008672455,1.0,8.0
00-0036355,Justin Herbert,2023,7,LAC,KC,30,17,259.0,1,2.0,0.54022884,324.0,95.0,11.0,0.7993827,0.032729205,5.0,40.0
00-0036355,Justin Herbert,2023,8,LAC,CHI,40,31,298.0,3,0.0,17.087563,174.0,209.0,18.0,1.7126436,0.22806816,0.0,-0.0
00-0036355,Justin Herbert,2023,9,LAC,NYJ,30,16,136.0,0,0.0,-6.6115847,160.0,64.0,7.0,0.85,-0.032570258,5.0,29.0
00-0036355,Justin Herbert,2023,10,LAC,DET,40,27,323.0,4,1.0,14.58798,273.0,165.0,16.0,1.1831502,0.1930938,0.0,-0.0
00-0036355,Justin Herbert,2023,11,LAC,GB,36,21,260.0,2,0.0,5.060113,346.0,104.0,11.0,0.7514451,0.10411711,2.0,16.0
00-0036355,Justin Herbert,2023,12,LAC,BAL,44,29,217.0,1,1.0,-11.907627,298.0,117.0,11.0,0.7281879,0.015650364,3.0,24.0
00-0036355,Justin Herbert,2023,13,LAC,NE,37,22,212.0,0,0.0,2.0078626,269.0,104.0,8.0,0.7881041,0.01437102,0.0,-0.0
00-0036355,Justin Herbert,2023,14,LAC,DEN,17,9,96.0,0,1.0,-19.543573,107.0,63.0,5.0,0.89719623,-0.012074514,4.0,37.0
00-0036389,Jalen Hurts,2023,1,PHI,NE,33,22,170.0,1,0.0,-4.8595223,332.0,64.0,8.0,0.5120482,0.06851883,3.0,16.0
00-0036389,Jalen Hurts,2023,2,PHI,MIN,23,18,193.0,1,1.0,1.1131707,208.0,70.0,4.0,0.92788464,0.121295035,4.0,22.0
00-0036389,Jalen Hurts,2023,3,PHI,TB,37,23,277.0,1,2.0,1.7553614,342.0,129.0,13.0,0.80994153,0.09271897,1.0,6.0
00-0036389,Jalen Hurts,2023,4,PHI,WAS,37,25,319.0,2,0.0,10.566899,398.0,118.0,14.0,0.80150753,0.19759779,3.0,8.0
00-0036389,Jalen Hurts,2023,5,PHI,LA,38,25,303.0,1,1.0,7.784427,296.0,149.0,13.0,1.0236486,0.17903215,1.0,8.0
00-0036389,Jalen Hurts,2023,6,PHI,NYJ,45,28,280.0,1,3.0,-6.5059566,364.0,127.0,16.0,0.7692308,0.031065673,2.0,12.0
00-0036389,Jalen Hurts,2023,7,PHI,MIA,31,23,279.0,2,1.0,2.1725745,228.0,123.0,11.0,1.2236842,0.21960989,3.0,23.0
00-0036389,Jalen Hurts,2023,8,PHI,WAS,38,29,319.0,4,0.0,23.611319,304.0,137.0,17.0,1.0493422,0.32889375,2.0,4.0
00-0036389,Jalen Hurts,2023,9,PHI,DAL,23,17,207.0,2,0.0,8.435014,199.0,90.0,10.0,1.040201,0.2801156,3.0,24.0
00-0036389,Jalen Hurts,2023,11,PHI,KC,22,14,150.0,0,1.0,-3.4149418,168.0,59.0,5.0,0.89285713,0.012368235,5.0,26.0
00-0036389,Jalen Hurts,2023,12,PHI,BUF,31,18,200.0,3,1.0,0.087195545,221.0,86.0,12.0,0.9049774,0.034822166,2.0,7.0
00-0036389,Jalen Hurts,2023,13,PHI,SF,45,26,298.0,1,0.0,10.260577,347.0,156.0,18.0,0.8587896,0.12596653,3.0,27.0
00-0036389,Jalen Hurts,2023,14,PHI,DAL,27,18,197.0,0,0.0,2.548704,282.0,79.0,9.0,0.6985816,0.023452519,1.0,7.0
00-0036389,Jalen Hurts,2023,15,PHI,SEA,31,17,143.0,0,2.0,1.7163522,295.0,47.0,9.0,0.48474577,0.06814807,0.0,-0.0
00-0036389,Jalen Hurts,2023,16,PHI,NYG,38,24,301.0,1,1.0,7.3838058,209.0,179.0,16.0,1.4401914,0.12836556,1.0,6.0
00-0036389,Jalen Hurts,2023,17,PHI,ARI,23,18,167.0,3,1.0,11.549955,259.0,73.0,10.0,0.64478767,0.28208804,0.0,-0.0
00-0036389,Jalen Hurts,2023,18,PHI,NYG,16,7,55.0,0,1.0,-10.873214,186.0,11.0,0.0,0.2956989,-0.0025550707,2.0,26.0
00-0036389,Jalen Hurts,2023,19,PHI,TB,35,25,250.0,1,0.0,-3.0955906,275.0,102.0,9.0,0.90909094,0.07962122,3.0,16.0
00-0036442,Joe Burrow,2023,1,CIN,CLE,31,14,82.0,0,0.0,-18.635628,221.0,51.0,3.0,0.37104073,-0.06103788,2.0,15.0
00-0036442,Joe Burrow,2023,2,CIN,BAL,41,27,222.0,2,1.0,1.5723083,221.0,142.0,13.0,1.004525,0.09508636,1.0,6.0
00-0036442,Joe Burrow,2023,3,CIN,LA,49,26,259.0,0,1.0,-6.387024,344.0,136.0,12.0,0.752907,-0.044618085,2.0,17.0
00-0036442,Joe Burrow,2023,4,CIN,TEN,30,20,165.0,0,0.0,-8.805661,137.0,108.0,8.0,1.2043796,0.06355895,3.0,26.0
00-0036442,Joe Burrow,2023,5,CIN,ARI,46,36,317.0,3,1.0,9.498447,300.0,155.0,19.0,1.0566666,0.15178008,3.0,30.0
00-0036442,Joe Burrow,2023,6,CIN,SEA,35,24,185.0,2,1.0,-3.3124328,202.0,113.0,10.0,0.9158416,0.022697493,3.0,17.0
00-0036442,Joe Burrow,2023,8,CIN,SF,32,28,283.0,3,0.0,13.392601,181.0,126.0,17.0,1.5635359,0.30415198,3.0,17.0
00-0036442,Joe Burrow,2023,9,CIN,BUF,44,31,348.0,2,0.0,12.658653,289.0,183.0,17.0,1.2041522,0.18149224,1.0,5.0
00-0036442,Joe Burrow,2023,10,CIN,HOU,40,27,347.0,2,2.0,3.1982572,352.0,163.0,11.0,0.98579544,0.10099581,4.0,33.0
00-0036442,Joe Burrow,2023,11,CIN,BAL,17,11,101.0,1,0.0,2.915514,100.0,62.0,5.0,1.01,0.082553744,2.0,14.0
00-0036626,Dyami Brown,2023,18,WAS,DAL,1,1,4.0,0,0.0,-0.30589396,1.0,3.0,0.0,4.0,,0.0,-0.0
00-0036898,Davis Mills,2023,11,HOU,ARI,1,1,2.0,0,0.0,-0.9523989,-3.0,5.0,0.0,0.0,,0.0,-0.0
00-0036898,Davis Mills,2023,13,HOU,DEN,1,1,18.0,0,0.0,1.542847,6.0,12.0,1.0,3.0,,0.0,-0.0
00-0036898,Davis Mills,2023,14,HOU,NYJ,5,1,4.0,0,0.0,-9.069208,59.0,1.0,0.0,0.06779661,-0.13140513,1.0,3.0
00-0036898,Davis Mills,2023,16,HOU,CLE,32,15,149.0,2,0.0,3.632157,251.0,56.0,11.0,0.5936255,-0.011797125,0.0,-0.0
00-0036898,Davis Mills,2023,19,HOU,CLE,1,1,6.0,0,0.0,-1.182842,0.0,6.0,0.0,0.0,,0.0,-0.0
00-0036900,Ja'Marr Chase,2023,13,CIN,JAX,1,1,-7.0,0,0.0,-2.102857,-7.0,0.0,0.0,0.0,,0.0,-0.0
00-0036913,Kadarius Toney,2023,6,KC,DEN,1,0,0.0,0,0.0,-0.44609344,16.0,0.0,0.0,0.0,,0.0,-0.0
00-0036919,Kenneth Gainwell,2023,17,PHI,ARI,1,1,17.0,0,0.0,1.2345059,17.0,0.0,1.0,1.0,,0.0,-0.0
00-0036928,Kyle Trask,2023,12,TB,IND,1,0,0.0,0,0.0,-1.8803029,3.0,0.0,0.0,0.0,,0.0,-0.0
00-0036945,Justin Fields,2023,1,CHI,GB,37,24,216.0,1,1.0,-10.998732,113.0,130.0,12.0,1.9115044,-0.018601168,4.0,27.0
00-0036945,Justin Fields,2023,2,CHI,TB,29,16,211.0,1,2.0,-8.620328,179.0,111.0,9.0,1.1787709,-0.032037705,6.0,42.0
00-0036945,Justin Fields,2023,3,CHI,KC,22,11,99.0,1,1.0,-13.247833,314.0,40.0,5.0,0.31528664,0.03278323,3.0,12.0
00-0036945,Justin Fields,2023,4,CHI,DEN,35,28,335.0,4,1.0,7.142285,310.0,130.0,17.0,1.0806452,0.28099334,4.0,35.0
00-0036945,Justin Fields,2023,5,CHI,WAS,29,15,282.0,4,0.0,11.508824,266.0,157.0,9.0,1.0601504,0.19906627,3.0,9.0
00-0036945,Justin Fields,2023,6,CHI,MIN,10,6,58.0,0,1.0,-8.607742,41.0,34.0,3.0,1.4146341,-0.03116993,4.0,18.0
00-0036945,Justin Fields,2023,11,CHI,DET,23,16,169.0,1,0.0,4.194769,250.0,47.0,10.0,0.676,0.16328558,2.0,18.0
00-0036945,Justin Fields,2023,12,CHI,MIN,37,27,217.0,0,0.0,-5.587292,100.0,163.0,12.0,2.17,0.06304114,3.0,18.0
00-0036945,Justin Fields,2023,14,CHI,DET,33,19,223.0,1,0.0,2.9458508,244.0,93.0,10.0,0.9139344,0.077727675,3.0,29.0
00-0036945,Justin Fields,2023,15,CHI,CLE,40,19,166.0,1,2.0,-15.4800205,432.0,96.0,6.0,0.38425925,-0.01248095,3.0,18.0
00-0036945,Justin Fields,2023,16,CHI,ARI,27,15,170.0,1,1.0,-3.621005,282.0,35.0,8.0,0.6028369,0.108027585,1.0,-0.0
00-0036945,Justin Fields,2023,17,CHI,ATL,32,20,268.0,1,0.0,5.3679857,288.0,132.0,12.0,0.9305556,0.120147526,3.0,28.0
00-0036945,Justin Fields,2023,18,CHI,GB,16,11,148.0,0,0.0,-1.2932386,142.0,56.0,8.0,1.0422535,0.068070866,5.0,31.0
00-0036971,Trevor Lawrence,2023,1,JAX,IND,32,24,241.0,2,1.0,-9.001867,216.0,93.0,10.0,1.1157408,0.052524753,2.0,4.0
00-0036971,Trevor Lawrence,2023,2,JAX,KC,41,22,216.0,0,0.0,-12.625912,274.0,109.0,14.0,0.7883212,-0.041882195,4.0,18.0
00-0036971,Trevor Lawrence,2023,3,JAX,HOU,40,27,279.0,1,1.0,2.205136,292.0,140.0,12.0,0.95547944,0.08154842,0.0,-0.0
00-0036971,Trevor Lawrence,2023,4,JAX,ATL,30,23,207.0,1,0.0,4.404516,179.0,85.0,11.0,1.1564245,0.17699786,2.0,12.0
00-0036971,Trevor Lawrence,2023,5,JAX,BUF,37,25,315.0,1,0.0,8.357372,294.0,109.0,16.0,1.0714285,0.16242607,5.0,37.0
00-0036971,Trevor Lawrence,2023,6,JAX,IND,30,20,181.0,2,1.0,-3.670939,222.0,96.0,6.0,0.8153153,0.079444304,3.0,33.0
00-0036971,Trevor Lawrence,2023,7,JAX,NO,29,20,204.0,1,0.0,4.5950665,187.0,144.0,8.0,1.0909091,0.14273474,0.0,-0.0
00-0036971,Trevor Lawrence,2023,8,JAX,PIT,32,24,292.0,1,1.0,7.139635,215.0,126.0,11.0,1.3581395,0.17586745,3.0,21.0
00-0036971,Trevor Lawrence,2023,10,JAX,SF,29,17,185.0,0,2.0,-17.344053,187.0,107.0,7.0,0.98930484,-0.0072658863,5.0,28.0
00-0036971,Trevor Lawrence,2023,11,JAX,TEN,32,24,262.0,2,0.0,16.510561,304.0,83.0,13.0,0.8618421,0.3240158,1.0,1.0
00-0036971,Trevor Lawrence,2023,12,JAX,HOU,38,23,364.0,1,1.0,11.437232,322.0,210.0,13.0,1.1304348,0.1773699,0.0,-0.0
00-0036971,Trevor Lawrence,2023,13,JAX,CIN,29,22,258.0,2,0.0,10.46732,369.0,77.0,10.0,0.699187,0.27584833,2.0,14.0
00-0036971,Trevor Lawrence,2023,14,JAX,CLE,50,28,257.0,3,3.0,-6.3121734,495.0,120.0,16.0,0.5191919,0.011313445,4.0,22.0
00-0036971,Trevor Lawrence,2023,15,JAX,BAL,43,25,264.0,1,0.0,-12.136261,431.0,95.0,9.0,0.612529,0.0014855438,1.0,6.0
00-0036971,Trevor Lawrence,2023,16,JAX,TB,29,17,211.0,1,2.0,-4.8981824,318.0,75.0,11.0,0.663522,0.022298465,3.0,28.0
00-0036971,Trevor Lawrence,2023,18,JAX,TEN,43,29,280.0,2,2.0,1.649861,308.0,109.0,12.0,0.90909094,0.0674118,0.0,-0.0
00-0036972,Mac Jones,2023,1,NE,PHI,54,35,316.0,3,1.0,-6.6608934,403.0,190.0,18.0,0.7841191,0.019288154,2.0,10.0
00-0036972,Mac Jones,2023,2,NE,MIA,42,31,231.0,1,1.0,-2.376623,378.0,96.0,10.0,0.6111111,0.104709804,4.0,31.0
00-0036972,Mac Jones,2023,3,NE,NYJ,29,15,201.0,1,0.0,5.4376473,281.0,89.0,9.0,0.71530247,0.05855832,0.0,-0.0
00-0036972,Mac Jones,2023,4,NE,DAL,21,12,150.0,0,2.0,-12.841645,119.0,61.0,6.0,1.2605042,-0.0539528,1.0,-0.0
00-0036972,Mac Jones,2023,5,NE,NO,22,12,110.0,0,2.0,-18.676954,202.0,40.0,4.0,0.5445545,-0.017513031,2.0,21.0
00-0036972,Mac Jones,2023,6,NE,LV,33,24,200.0,0,1.0,-3.1864464,176.0,141.0,7.0,1.1363636,0.044020683,3.0,19.0
00-0036972,Mac Jones,2023,7,NE,BUF,30,25,272.0,2,0.0,13.239484,100.0,170.0,13.0,2.72,0.23472469,1.0,4.0
00-0036972,Mac Jones,2023,8,NE,MIA,29,19,161.0,2,1.0,-9.127332,200.0,83.0,7.0,0.805,0.022852503,3.0,20.0
00-0036972,Mac Jones,2023,9,NE,WAS,44,24,220.0,1,1.0,-6.0301633,375.0,124.0,13.0,0.58666664,-0.040079497,0.0,-0.0
00-0036972,Mac Jones,2023,10,NE,IND,20,15,170.0,0,1.0,-3.6199021,71.0,126.0,8.0,2.3943663,0.05532163,5.0,22.0
00-0036972,Mac Jones,2023,12,NE,NYG,21,12,89.0,0,2.0,-9.911774,105.0,91.0,5.0,0.84761906,-0.041109767,1.0,-0.0
00-0037013,Zach Wilson,2023,1,NYJ,BUF,21,14,140.0,1,1.0,-3.1895328,96.0,92.0,7.0,1.4583334,0.068935364,2.0,13.0
00-0037013,Zach Wilson,2023,2,NYJ,DAL,27,12,170.0,1,3.0,-18.485197,273.0,90.0,6.0,0.62271065,-0.07416331,3.0,19.0
00-0037013,Zach Wilson,2023,3,NYJ,NE,36,18,157.0,0,0.0,-15.248782,243.0,73.0,6.0,0.6460905,0.0007743491,3.0,24.0
00-0037013,Zach Wilson,2023,4,NYJ,KC,39,28,245.0,2,0.0,3.6089182,291.0,64.0,12.0,0.84192437,0.079267554,2.0,17.0
00-0037013,Zach Wilson,2023,5,NYJ,DEN,26,19,199.0,0,1.0,-7.1689296,181.0,108.0,10.0,1.0994475,0.06575589,4.0,26.0
00-0037013,Zach Wilson,2023,6,NYJ,PHI,33,19,186.0,0,0.0,-9.885183,259.0,96.0,9.0,0.71814674,-0.024089767,5.0,31.0
00-0037013,Zach Wilson,2023,8,NYJ,NYG,36,17,240.0,1,0.0,-14.034994,275.0,117.0,8.0,0.8727273,-0.059976444,4.0,47.0
00-0037013,Zach Wilson,2023,9,NYJ,LAC,49,33,263.0,0,0.0,-19.132708,353.0,118.0,12.0,0.7450425,0.029378416,8.0,57.0
00-0037013,Zach Wilson,2023,10,NYJ,LV,39,23,263.0,0,1.0,-4.123176,358.0,149.0,11.0,0.73463684,-0.00299938,2.0,6.0
00-0037013,Zach Wilson,2023,11,NYJ,BUF,15,7,81.0,1,1.0,-7.6109843,76.0,59.0,6.0,1.0657895,-0.06780553,5.0,30.0
00-0037013,Zach Wilson,2023,14,NYJ,HOU,36,27,301.0,2,0.0,7.829824,238.0,138.0,15.0,1.2647059,0.12915125,4.0,33.0
00-0037013,Zach Wilson,2023,15,NYJ,MIA,11,4,26.0,0,0.0,-13.8594055,29.0,9.0,2.0,0.8965517,-0.007870964,4.0,37.0
00-0037077,Sam Howell,2023,1,WAS,ARI,31,19,202.0,1,1.0,-13.413063,228.0,68.0,10.0,0.88596493,-0.012322957,6.0,46.0
00-0037077,Sam Howell,2023,2,WAS,DEN,39,27,299.0,2,0.0,7.2494006,229.0,160.0,11.0,1.3056768,0.18048698,4.0,33.0
00-0037077,Sam Howell,2023,3,WAS,BUF,29,19,170.0,0,4.0,-26.450666,205.0,38.0,8.0,0.8292683,0.04135577,9.0,45.0
00-0037077,Sam Howell,2023,4,WAS,PHI,41,29,290.0,1,0.0,7.7244124,399.0,135.0,12.0,0.7268171,0.20711781,5.0,32.0
00-0037077,Sam Howell,2023,5,WAS,CHI,51,37,388.0,2,1.0,3.675323,386.0,171.0,21.0,1.0051813,0.14038368,5.0,29.0
00-0037077,Sam Howell,2023,6,WAS,ATL,23,14,151.0,3,0.0,-0.1997386,218.0,77.0,9.0,0.69266057,0.07041043,5.0,30.0
00-0037077,Sam Howell,2023,7,WAS,NYG,42,22,249.0,0,1.0,-14.697247,377.0,109.0,9.0,0.66047746,0.009745066,6.0,52.0
00-0037077,Sam Howell,2023,8,WAS,PHI,52,39,397.0,4,1.0,3.5826237,388.0,166.0,20.0,1.0231959,0.13220543,1.0,9.0
00-0037077,Sam Howell,2023,9,WAS,NE,45,29,325.0,1,1.0,5.0397296,384.0,164.0,14.0,0.8463542,0.1039684,3.0,17.0
00-0037077,Sam Howell,2023,10,WAS,SEA,44,29,312.0,3,0.0,11.658418,219.0,230.0,13.0,1.4246576,0.09081888,3.0,24.0
00-0037077,Sam Howell,2023,11,WAS,NYG,45,31,256.0,1,3.0,-8.88359,297.0,171.0,12.0,0.86195284,0.11115822,4.0,26.0
00-0037077,Sam Howell,2023,12,WAS,DAL,44,28,300.0,0,1.0,-12.348848,352.0,156.0,15.0,0.85227275,-0.006610312,4.0,32.0
00-0037077,Sam Howell,2023,13,WAS,MIA,23,12,127.0,0,1.0,-14.074273,198.0,43.0,5.0,0.64141417,-0.02125977,3.0,20.0
00-0037077,Sam Howell,2023,15,WAS,LA,26,11,102.0,1,1.0,-12.578238,254.0,34.0,4.0,0.4015748,-0.09012319,1.0,8.0
00-0037077,Sam Howell,2023,16,WAS,NYJ,22,6,56.0,0,2.0,-23.490221,129.0,51.0,2.0,0.43410853,-0.17300975,1.0,13.0
00-0037077,Sam Howell,2023,17,WAS,SF,28,17,169.0,1,2.0,-9.6325655,172.0,103.0,6.0,0.98255813,0.025757615,1.0,6.0
00-0037077,Sam Howell,2023,18,WAS,DAL,27,19,153.0,1,2.0,-6.8226337,153.0,143.0,9.0,1.0,0.03053362,4.0,27.0
00-0037238,Drake London,2023,5,ATL,HOU,1,1,22.0,0,0.0,1.8440146,12.0,10.0,1.0,1.8333334,,0.0,-0.0
00-0037304,Connor Heyward,2023,14,PIT,NE,1,0,0.0,0,0.0,-0.25261006,-4.0,0.0,0.0,0.0,,0.0,-0.0
00-0037740,Garrett Wilson,2023,10,NYJ,LV,1,0,0.0,0,0.0,-0.4334826,10.0,0.0,0.0,0.0,,0.0,-0.0
00-0037834,Brock Purdy,2023,1,SF,PIT,29,19,220.0,2,0.0,6.527864,242.0,54.0,13.0,0.90909094,0.18573031,3.0,17.0
00-0037834,Brock Purdy,2023,2,SF,LA,25,17,206.0,0,0.0,3.2599137,226.0,93.0,11.0,0.91150445,0.14477922,1.0,-0.0
00-0037834,Brock Purdy,2023,3,SF,NYG,37,25,310.0,2,0.0,16.462496,182.0,202.0,13.0,1.7032967,0.20561096,2.0,10.0
00-0037834,Brock Purdy,2023,4,SF,ARI,21,20,283.0,1,0.0,22.844091,181.0,104.0,17.0,1.5635359,0.5284702,1.0,12.0
00-0037834,Brock Purdy,2023,5,SF,DAL,24,17,252.0,4,0.0,18.542002,212.0,110.0,12.0,1.1886792,0.30987635,1.0,2.0
00-0037834,Brock Purdy,2023,6,SF,CLE,27,12,125.0,1,1.0,-10.562339,250.0,71.0,5.0,0.5,-0.05060129,3.0,18.0
00-0037834,Brock Purdy,2023,7,SF,MIN,30,21,272.0,1,2.0,8.15835,240.0,127.0,12.0,1.1333333,0.16427755,1.0,12.0
00-0037834,Brock Purdy,2023,8,SF,CIN,31,22,365.0,1,2.0,-2.8519344,270.0,171.0,15.0,1.3518518,0.14167957,2.0,18.0
00-0037834,Brock Purdy,2023,10,SF,JAX,26,19,296.0,3,0.0,17.11725,184.0,122.0,11.0,1.6086956,0.2650176,2.0,9.0
00-0037834,Brock Purdy,2023,11,SF,TB,25,21,333.0,3,0.0,15.87039,201.0,180.0,14.0,1.6567165,0.33167627,4.0,28.0
00-0037834,Brock Purdy,2023,12,SF,SEA,30,21,209.0,1,1.0,0.7482287,268.0,100.0,10.0,0.7798507,0.12398609,1.0,1.0
00-0037834,Brock Purdy,2023,13,SF,PHI,27,19,314.0,4,0.0,22.329712,177.0,212.0,12.0,1.7740113,0.31768796,2.0,4.0
00-0037834,Brock Purdy,2023,14,SF,SEA,27,19,368.0,2,1.0,12.758139,272.0,175.0,12.0,1.3529412,0.2282091,3.0,14.0
00-0037834,Brock Purdy,2023,15,SF,ARI,25,16,242.0,4,0.0,18.168194,330.0,90.0,11.0,0.73333335,0.33012125,0.0,-0.0
00-0037834,Brock Purdy,2023,16,SF,BAL,32,18,255.0,0,4.0,-18.069515,204.0,135.0,10.0,1.25,-0.023993436,2.0,8.0
00-0037834,Brock Purdy,2023,17,SF,WAS,28,22,230.0,2,0.0,12.450719,197.0,88.0,14.0,1.1675127,0.2795836,0.0,-0.0
00-0037834,Brock Purdy,2023,20,SF,GB,39,23,252.0,1,0.0,7.1619296,311.0,116.0,12.0,0.8102894,0.07780028,1.0,7.0
00-0037834,Brock Purdy,2023,21,SF,DET,31,20,267.0,1,1.0,6.6246,283.0,121.0,12.0,0.9434629,0.18045744,2.0,9.0
00-0037834,Brock Purdy,2023,22,SF,KC,38,23,255.0,1,0.0,6.1979575,324.0,140.0,14.0,0.787037,0.09793736,1.0,4.0
00-0038102,Kenny Pickett,2023,1,PIT,SF,46,31,232.0,1,2.0,-20.120926,327.0,110.0,9.0,0.7094801,0.042593278,5.0,34.0
00-0038102,Kenny Pickett,2023,2,PIT,CLE,30,15,222.0,1,1.0,-7.772113,172.0,151.0,6.0,1.2906977,-0.054596253,2.0,22.0
00-0038102,Kenny Pickett,2023,3,PIT,LV,28,16,235.0,2,0.0,5.9215956,228.0,120.0,10.0,1.0307018,0.10668513,1.0,7.0
00-0038102,Kenny Pickett,2023,4,PIT,HOU,23,15,114.0,0,1.0,-13.63071,146.0,78.0,3.0,0.7808219,0.042575378,3.0,21.0
00-0038102,Kenny Pickett,2023,5,PIT,BAL,32,18,224.0,1,0.0,4.0485253,305.0,66.0,11.0,0.7344262,0.047957793,3.0,22.0
00-0038102,Kenny Pickett,2023,7,PIT,LA,25,17,230.0,0,0.0,0.638551,213.0,111.0,9.0,1.0798122,0.10620954,2.0,16.0
00-0038102,Kenny Pickett,2023,8,PIT,JAX,16,10,73.0,0,0.0,-6.3981776,135.0,15.0,4.0,0.5407407,0.06738907,1.0,5.0
00-0038102,Kenny Pickett,2023,9,PIT,TEN,30,19,160.0,1,0.0,3.3539546,160.0,106.0,9.0,1.0,0.09605062,0.0,-0.0
00-0038102,Kenny Pickett,2023,10,PIT,GB,23,14,126.0,0,0.0,-5.6876287,108.0,85.0,6.0,1.1666666,-0.012048873,1.0,7.0
00-0038102,Kenny Pickett,2023,11,PIT,CLE,28,15,106.0,0,0.0,-11.891549,169.0,61.0,4.0,0.62721896,-0.016618785,3.0,29.0
00-0038102,Kenny Pickett,2023,12,PIT,CIN,33,24,278.0,0,0.0,11.777033,279.0,122.0,15.0,0.9964158,0.19572578,2.0,10.0
00-0038102,Kenny Pickett,2023,13,PIT,ARI,10,7,70.0,0,0.0,-0.48004705,46.0,21.0,5.0,1.5217391,0.05448561,0.0,-0.0
00-0038108,Bailey Zappe,2023,4,NE,DAL,9,4,57.0,0,0.0,-2.9953647,109.0,12.0,2.0,0.5229358,-0.040788203,1.0,7.0
00-0038108,Bailey Zappe,2023,5,NE,NO,9,3,22.0,0,0.0,-7.567776,139.0,13.0,0.0,0.15827338,-0.07808147,0.0,-0.0
00-0038108,Bailey Zappe,2023,10,NE,IND,7,3,25.0,0,1.0,-0.8285839,53.0,12.0,1.0,0.4716981,-0.06717998,0.0,-0.0
00-0038108,Bailey Zappe,2023,12,NE,NYG,14,9,54.0,0,1.0,-6.413295,20.0,58.0,3.0,2.7,-0.043418944,1.0,7.0
00-0038108,Bailey Zappe,2023,13,NE,LAC,25,13,141.0,0,0.0,-15.719806,285.0,59.0,5.0,0.49473685,-0.03050528,5.0,32.0
00-0038108,Bailey Zappe,2023,14,NE,PIT,28,19,240.0,3,1.0,1.2988814,197.0,137.0,11.0,1.2182741,0.09400342,2.0,18.0
00-0038108,Bailey Zappe,2023,15,NE,KC,31,23,180.0,1,1.0,-12.918296,129.0,95.0,9.0,1.3953488,0.041978057,4.0,26.0
00-0038108,Bailey Zappe,2023,16,NE,DEN,33,25,256.0,2,0.0,3.1802256,226.0,94.0,11.0,1.1327434,0.1530354,2.0,26.0
00-0038108,Bailey Zappe,2023,17,NE,BUF,26,16,209.0,0,3.0,-12.082419,209.0,105.0,8.0,1.0,0.033627715,3.0,18.0
00-0038108,Bailey Zappe,2023,18,NE,NYJ,30,12,88.0,0,2.0,-27.74902,319.0,52.0,3.0,0.27586207,-0.064405024,7.0,57.0
00-0038122,Desmond Ridder,2023,1,ATL,CAR,18,15,115.0,1,0.0,-4.45045,63.0,75.0,6.0,1.8253968,0.062456306,4.0,24.0
00-0038122,Desmond Ridder,2023,2,ATL,GB,32,19,237.0,1,1.0,3.1194444,247.0,105.0,10.0,0.95951414,0.07348527,1.0,2.0
00-0038122,Desmond Ridder,2023,3,ATL,DET,38,21,201.0,0,0.0,-14.69095,291.0,86.0,9.0,0.69072163,-0.05019172,7.0,62.0
00-0038122,Desmond Ridder,2023,4,ATL,JAX,31,19,191.0,1,2.0,-19.31931,256.0,94.0,11.0,0.74609375,0.02358997,4.0,31.0
00-0038122,Desmond Ridder,2023,5,ATL,HOU,37,28,329.0,1,0.0,14.121647,305.0,123.0,17.0,1.0786885,0.22613524,0.0,-0.0
00-0038122,Desmond Ridder,2023,6,ATL,WAS,47,28,307.0,2,3.0,-8.266499,409.0,112.0,18.0,0.75061125,0.025313089,3.0,11.0
00-0038122,Desmond Ridder,2023,7,ATL,TB,25,19,250.0,0,0.0,7.059154,203.0,95.0,9.0,1.2315271,0.17139207,1.0,5.0
00-0038122,Desmond Ridder,2023,8,ATL,TEN,12,8,71.0,0,0.0,-10.73926,95.0,24.0,4.0,0.7473684,0.02337926,5.0,36.0
00-0038122,Desmond Ridder,2023,10,ATL,ARI,6,4,39.0,0,0.0,2.4857614,101.0,9.0,2.0,0.38613862,0.2670897,0.0,-0.0
00-0038122,Desmond Ridder,2023,12,ATL,NO,21,13,168.0,1,2.0,-2.7463157,168.0,60.0,9.0,1.0,0.0021632225,0.0,-0.0
00-0038122,Desmond Ridder,2023,13,ATL,NYJ,27,12,121.0,1,0.0,-3.778802,281.0,24.0,9.0,0.430605,-0.037850026,3.0,17.0
00-0038122,Desmond Ridder,2023,14,ATL,TB,40,26,347.0,1,1.0,-3.4233186,395.0,133.0,15.0,0.87848103,0.0436786,3.0,9.0
00-0038122,Desmond Ridder,2023,15,ATL,CAR,20,12,152.0,1,1.0,3.120557,142.0,76.0,8.0,1.0704225,0.056479316,0.0,-0.0
00-0038122,Desmond Ridder,2023,17,ATL,CHI,4,3,17.0,0,1.0,-2.759171,29.0,2.0,1.0,0.5862069,,0.0,-0.0
00-0038122,Desmond Ridder,2023,18,ATL,NO,30,22,291.0,2,1.0,6.8677697,199.0,204.0,8.0,1.4623115,0.0851834,0.0,-0.0
00-0038128,Malik Willis,2023,6,TEN,BAL,5,4,74.0,0,0.0,-0.068276934,39.0,55.0,1.0,1.8974359,0.14343564,4.0,30.0
00-0038391,Sean Clifford,2023,17,GB,MIN,1,1,37.0,0,0.0,2.143627,34.0,3.0,1.0,1.0882353,,0.0,-0.0
00-0038393,Dontayvion Wicks,2023,7,GB,DEN,1,1,14.0,0,0.0,0.8892823,9.0,5.0,1.0,1.5555556,,0.0,-0.0
00-0038416,Tyson Bagent,2023,6,CHI,MIN,14,10,83.0,0,1.0,-16.589481,101.0,32.0,5.0,0.8217822,0.0543248,1.0,10.0
00-0038416,Tyson Bagent,2023,7,CHI,LV,29,21,162.0,1,0.0,5.508855,53.0,111.0,10.0,3.0566037,0.1263222,1.0,7.0
00-0038416,Tyson Bagent,2023,8,CHI,LAC,37,25,232.0,0,2.0,-8.624905,254.0,116.0,10.0,0.9133858,0.0017668643,1.0,10.0
00-0038416,Tyson Bagent,2023,9,CHI,NO,30,18,220.0,2,3.0,-3.692608,184.0,138.0,13.0,1.1956521,0.046880722,2.0,8.0
00-0038416,Tyson Bagent,2023,10,CHI,CAR,33,20,162.0,0,0.0,-2.0196083,222.0,101.0,10.0,0.7297297,0.0025968002,0.0,-0.0
00-0038476,Tommy DeVito,2023,8,NYG,NYJ,7,2,-1.0,0,0.0,-6.947,-7.0,11.0,0.0,0.0,-0.23071249,2.0,9.0
00-0038476,Tommy DeVito,2023,9,NYG,LV,20,15,175.0,1,2.0,-14.882968,160.0,102.0,8.0,1.09375,0.058798987,6.0,29.0
00-0038476,Tommy DeVito,2023,10,NYG,DAL,27,14,86.0,2,1.0,-11.907896,163.0,62.0,5.0,0.5276074,-0.041078653,5.0,25.0
00-0038476,Tommy DeVito,2023,11,NYG,WAS,26,18,246.0,3,0.0,3.8082197,244.0,87.0,10.0,1.0081967,0.08959834,9.0,45.0
00-0038476,Tommy DeVito,2023,12,NYG,NE,25,17,191.0,1,0.0,-1.8240212,186.0,71.0,7.0,1.0268817,0.030612148,6.0,29.0
00-0038476,Tommy DeVito,2023,14,NYG,GB,21,17,158.0,1,0.0,5.1811852,138.0,65.0,8.0,1.1449275,0.24446367,0.0,-0.0
00-0038476,Tommy DeVito,2023,15,NYG,NO,34,20,177.0,0,0.0,-14.63673,223.0,121.0,6.0,0.793722,-0.020429779,7.0,57.0
00-0038476,Tommy DeVito,2023,16,NYG,PHI,16,9,55.0,0,0.0,-6.6646924,37.0,55.0,2.0,1.4864864,-0.01680615,1.0,2.0
00-0038476,Tommy DeVito,2023,18,NYG,PHI,2,2,14.0,0,0.0,-1.4483297,5.0,9.0,0.0,2.8,,1.0,-0.0
00-0038579,Aidan O'Connell,2023,4,LV,LAC,39,24,238.0,0,1.0,-11.765604,255.0,134.0,12.0,0.93333334,-0.020412957,7.0,50.0
00-0038579,Aidan O'Connell,2023,7,LV,CHI,13,10,75.0,1,1.0,3.9923353,99.0,31.0,6.0,0.75757575,0.21462385,0.0,-0.0
00-0038579,Aidan O'Connell,2023,9,LV,NYG,25,16,209.0,0,0.0,7.603049,203.0,122.0,9.0,1.0295566,0.12143725,0.0,-0.0
00-0038579,Aidan O'Connell,2023,10,LV,NYJ,27,16,153.0,1,1.0,-9.807395,197.0,83.0,7.0,0.7766498,-0.013096771,3.0,27.0
00-0038579,Aidan O'Connell,2023,11,LV,MIA,41,24,271.0,1,3.0,-9.576633,400.0,101.0,10.0,0.6775,0.015622211,2.0,11.0
00-0038579,Aidan O'Connell,2023,12,LV,KC,33,23,248.0,1,0.0,4.3252487,159.0,145.0,12.0,1.5597484,0.0757085,1.0,13.0
00-0038579,Aidan O'Connell,2023,14,LV,MIN,32,21,171.0,0,1.0,-19.20355,144.0,120.0,5.0,1.1875,0.0021329399,4.0,25.0
00-0038579,Aidan O'Connell,2023,15,LV,LAC,34,20,248.0,4,0.0,10.630083,291.0,95.0,12.0,0.85223365,0.121157706,1.0,6.0
00-0038579,Aidan O'Connell,2023,16,LV,KC,21,9,62.0,0,0.0,-12.968937,157.0,37.0,3.0,0.39490446,-0.05244305,2.0,14.0
00-0038579,Aidan O'Connell,2023,17,LV,IND,47,30,299.0,2,0.0,8.476912,429.0,112.0,19.0,0.6969697,0.10615011,2.0,13.0
00-0038579,Aidan O'Connell,2023,18,LV,DEN,31,20,244.0,2,0.0,11.441886,227.0,83.0,12.0,1.0748899,0.21800737,2.0,14.0
00-0038582,Clayton Tune,2023,7,ARI,SEA,1,1,4.0,0,0.0,-1.9804603,4.0,0.0,0.0,1.0,,0.0,-0.0
00-0038582,Clayton Tune,2023,9,ARI,CLE,20,11,58.0,0,2.0,-32.76908,49.0,43.0,3.0,1.1836735,-0.031238263,7.0,41.0
00-0038583,Dorian Thompson-Robinson,2023,4,CLE,BAL,36,19,121.0,0,3.0,-27.36172,314.0,45.0,6.0,0.38535032,-0.015505294,4.0,48.0
00-0038583,Dorian Thompson-Robinson,2023,8,CLE,SEA,1,1,9.0,0,0.0,0.694567,0.0,9.0,0.0,0.0,,0.0,-0.0
00-0038583,Dorian Thompson-Robinson,2023,11,CLE,PIT,43,24,165.0,0,1.0,-9.681774,146.0,98.0,10.0,1.130137,-0.052591756,1.0,2.0
00-0038583,Dorian Thompson-Robinson,2023,12,CLE,DEN,29,14,134.0,1,0.0,-0.0018359402,211.0,35.0,8.0,0.6350711,0.020565365,0.0,-0.0
00-0038583,Dorian Thompson-Robinson,2023,15,CLE,CHI,1,1,5.0,0,0.0,2.0642242,-5.0,10.0,1.0,0.0,,0.0,-0.0
00-0038583,Dorian Thompson-Robinson,2023,16,CLE,HOU,2,1,6.0,0,0.0,-4.293593,-4.0,7.0,1.0,0.0,,1.0,10.0
00-0038598,Jaren Hall,2023,8,MIN,GB,4,3,23.0,0,0.0,-2.580855,14.0,12.0,1.0,1.6428572,,1.0,-0.0
00-0038598,Jaren Hall,2023,9,MIN,ATL,6,5,78.0,0,0.0,4.896503,29.0,53.0,3.0,2.689655,0.25741598,0.0,-0.0
00-0038598,Jaren Hall,2023,17,MIN,GB,10,5,67.0,0,1.0,-14.991691,113.0,34.0,3.0,0.59292036,0.0040763975,3.0,28.0
00-0039150,Bryce Young,2023,1,CAR,ATL,38,20,146.0,1,2.0,-10.5285635,281.0,92.0,9.0,0.519573,-0.0024003,2.0,19.0
00-0039150,Bryce Young,2023,2,CAR,NO,33,22,153.0,1,0.0,-12.327377,258.0,79.0,8.0,0.59302324,0.042783815,4.0,14.0
00-0039150,Bryce Young,2023,4,CAR,MIN,32,25,204.0,0,0.0,-13.0208235,118.0,141.0,11.0,1.7288135,0.05208748,5.0,55.0
00-0039150,Bryce Young,2023,5,CAR,DET,41,25,247.0,3,2.0,-0.011282131,255.0,81.0,15.0,0.96862745,0.09955682,1.0,4.0
00-0039150,Bryce Young,2023,6,CAR,MIA,38,23,217.0,1,0.0,-10.966094,319.0,83.0,13.0,0.68025076,0.046043675,4.0,36.0
00-0039150,Bryce Young,2023,8,CAR,HOU,31,22,235.0,1,0.0,-0.33406922,196.0,121.0,11.0,1.1989796,0.088136785,6.0,55.0
00-0039150,Bryce Young,2023,9,CAR,IND,39,24,173.0,1,3.0,-24.652828,180.0,86.0,7.0,0.9611111,-0.013682772,4.0,36.0
00-0039150,Bryce Young,2023,10,CAR,CHI,38,21,185.0,0,0.0,-8.250408,257.0,78.0,6.0,0.71984434,-0.016114492,3.0,15.0
00-0039150,Bryce Young,2023,11,CAR,DAL,29,16,123.0,1,1.0,-18.732431,209.0,61.0,7.0,0.5885168,0.013698979,7.0,46.0
00-0039150,Bryce Young,2023,12,CAR,TEN,31,18,194.0,0,0.0,-4.867259,199.0,84.0,7.0,0.9748744,0.082945496,4.0,32.0
00-0039150,Bryce Young,2023,13,CAR,TB,31,15,178.0,0,1.0,-5.070968,313.0,46.0,7.0,0.5686901,0.0088837175,4.0,29.0
00-0039150,Bryce Young,2023,14,CAR,NO,36,13,137.0,0,0.0,-31.291697,490.0,52.0,4.0,0.27959183,-0.074501745,4.0,38.0
00-0039150,Bryce Young,2023,15,CAR,ATL,24,18,167.0,0,0.0,-3.8838832,200.0,57.0,7.0,0.835,0.10924842,3.0,13.0
00-0039150,Bryce Young,2023,16,CAR,GB,36,23,312.0,2,0.0,10.878575,372.0,107.0,14.0,0.83870965,0.23481226,2.0,14.0
00-0039150,Bryce Young,2023,17,CAR,JAX,32,19,112.0,0,1.0,-21.465143,257.0,72.0,5.0,0.43579766,0.020461628,6.0,45.0
00-0039150,Bryce Young,2023,18,CAR,TB,18,11,94.0,0,0.0,-5.8021884,105.0,60.0,2.0,0.8952381,-0.019708432,3.0,26.0
00-0039152,Will Levis,2023,8,TEN,ATL,29,19,238.0,4,0.0,5.936696,323.0,108.0,7.0,0.7368421,0.14608587,2.0,12.0
00-0039152,Will Levis,2023,9,TEN,PIT,39,22,262.0,0,1.0,-3.6523888,393.0,113.0,12.0,0.6666667,0.047547445,4.0,27.0
00-0039152,Will Levis,2023,10,TEN,TB,39,19,199.0,0,1.0,-11.563322,448.0,126.0,10.0,0.44419643,-0.03328656,4.0,32.0
00-0039152,Will Levis,2023,11,TEN,JAX,17,13,158.0,2,0.0,2.9629586,133.0,62.0,6.0,1.1879699,0.10824932,2.0,15.0
00-0039152,Will Levis,2023,12,TEN,CAR,28,18,185.0,0,0.0,-0.05040947,232.0,42.0,9.0,0.79741377,0.055226002,1.0,1.0
00-0039152,Will Levis,2023,13,TEN,IND,33,16,224.0,1,0.0,0.14494959,293.0,117.0,12.0,0.76450515,0.00038527828,6.0,20.0
00-0039152,Will Levis,2023,14,TEN,MIA,38,23,327.0,1,1.0,7.7120724,362.0,126.0,16.0,0.9033149,0.11871974,1.0,7.0
00-0039152,Will Levis,2023,15,TEN,HOU,26,17,199.0,0,1.0,-5.7305026,398.0,47.0,8.0,0.5,0.06927494,7.0,61.0
00-0039152,Will Levis,2023,17,TEN,HOU,6,2,16.0,0,0.0,-9.646544,106.0,5.0,1.0,0.1509434,-0.050108157,1.0,10.0
00-0039163,C.J. Stroud,2023,1,HOU,BAL,44,28,242.0,0,0.0,-11.156192,260.0,133.0,13.0,0.9307692,0.002379039,5.0,46.0
00-0039163,C.J. Stroud,2023,2,HOU,IND,47,30,384.0,2,0.0,7.303066,436.0,123.0,18.0,0.88073397,0.090395115,6.0,47.0
00-0039163,C.J. Stroud,2023,3,HOU,JAX,30,20,280.0,2,0.0,14.348351,252.0,148.0,11.0,1.1111112,0.24049181,0.0,-0.0
00-0039163,C.J. Stroud,2023,4,HOU,PIT,30,16,306.0,2,0.0,9.8403845,253.0,173.0,13.0,1.2094861,0.15211327,0.0,-0.0
00-0039163,C.J. Stroud,2023,5,HOU,ATL,35,20,249.0,1,0.0,3.293357,293.0,83.0,13.0,0.8498294,0.039556388,0.0,-0.0
00-0039163,C.J. Stroud,2023,6,HOU,NO,27,13,199.0,2,1.0,-0.31572804,235.0,89.0,9.0,0.8468085,0.034219462,2.0,22.0
00-0039163,C.J. Stroud,2023,8,HOU,CAR,24,16,140.0,0,0.0,2.4369864,179.0,74.0,10.0,0.7821229,0.10365763,2.0,21.0
00-0039163,C.J. Stroud,2023,9,HOU,TB,42,30,470.0,5,0.0,28.418964,463.0,205.0,22.0,1.0151188,0.30263442,3.0,27.0
00-0039163,C.J. Stroud,2023,10,HOU,CIN,39,23,356.0,1,1.0,5.1378837,466.0,82.0,16.0,0.7639485,0.114349805,1.0,-0.0
00-0039163,C.J. Stroud,2023,11,HOU,ARI,37,27,336.0,2,3.0,3.7957346,373.0,84.0,18.0,0.9008043,0.14392854,3.0,29.0
00-0039163,C.J. Stroud,2023,12,HOU,JAX,36,26,304.0,2,0.0,0.75914097,345.0,144.0,12.0,0.8811594,0.09435377,4.0,43.0
00-0039163,C.J. Stroud,2023,13,HOU,DEN,27,16,274.0,1,0.0,1.2487772,286.0,124.0,7.0,0.95804197,0.0096465545,5.0,28.0
00-0039163,C.J. Stroud,2023,14,HOU,NYJ,23,10,91.0,0,0.0,-16.433462,216.0,47.0,4.0,0.4212963,-0.07498134,4.0,38.0
00-0039163,C.J. Stroud,2023,17,HOU,TEN,32,24,213.0,1,0.0,4.0860534,163.0,138.0,12.0,1.3067485,0.10247692,1.0,12.0
00-0039163,C.J. Stroud,2023,18,HOU,IND,26,20,264.0,2,0.0,12.062858,261.0,115.0,10.0,1.0114943,0.24806435,2.0,18.0
00-0039163,C.J. Stroud,2023,19,HOU,CLE,21,16,274.0,3,0.0,14.460875,206.0,156.0,10.0,1.3300971,0.30864486,0.0,-0.0
00-0039163,C.J. Stroud,2023,20,HOU,BAL,33,19,175.0,0,0.0,-4.3144054,221.0,94.0,8.0,0.7918552,-0.013107051,0.0,-0.0
00-0039164,Anthony Richardson,2023,1,IND,JAX,37,24,223.0,1,1.0,-4.387141,216.0,136.0,12.0,1.0324074,-0.012689224,4.0,8.0
00-0039164,Anthony Richardson,2023,2,IND,HOU,10,6,56.0,0,0.0,1.73292,16.0,61.0,4.0,3.5,0.09188391,0.0,-0.0
00-0039164,Anthony Richardson,2023,4,IND,LA,25,11,200.0,2,0.0,5.105916,311.0,56.0,10.0,0.6430868,0.0024534164,2.0,4.0
00-0039164,Anthony Richardson,2023,5,IND,TEN,12,9,98.0,0,0.0,2.1360965,133.0,44.0,5.0,0.7368421,0.14254634,1.0,17.0
